patient_id,age,gender,bmi,systolic_bp,cholesterol,glucose,smoker,physical_activity,prior_admissions,chronic_conditions,high_risk_outcome
1,24,Male,17.1,135.0,158.0,107.0,0,High,0,1,0
2,73,Male,33.7,139.0,188.0,74.0,0,Low,0,1,1
3,65,Female,34.0,129.0,151.0,129.0,0,Moderate,1,3,0
4,49,Female,24.9,152.0,193.0,99.0,0,Moderate,3,1,0
5,49,Male,30.4,125.0,184.0,112.0,0,Low,0,0,0
6,79,Female,26.3,150.0,279.0,,0,Low,3,1,1
7,24,Female,28.8,147.0,215.0,86.0,0,Moderate,1,2,0
8,68,Male,21.2,145.0,184.0,96.0,1,Low,1,1,0
9,32,Female,30.9,103.0,123.0,118.0,1,Low,0,0,0
10,24,Male,18.5,96.0,100.0,85.0,0,Low,1,1,0
11,55,Female,17.4,122.0,159.0,110.0,0,Moderate,0,0,0
12,88,Male,26.8,150.0,163.0,113.0,0,Moderate,1,3,1
13,70,Female,26.3,139.0,218.0,89.0,0,Moderate,2,0,1
14,72,Female,29.0,168.0,200.0,141.0,0,Moderate,0,2,1
15,69,Female,23.9,139.0,,115.0,0,Moderate,2,3,0
16,74,Female,37.9,128.0,171.0,98.0,1,Moderate,2,2,1
17,54,Female,28.4,108.0,203.0,85.0,0,High,0,1,0
18,27,Female,28.8,136.0,130.0,102.0,0,Low,0,2,0
19,78,Female,28.6,135.0,,119.0,0,Moderate,0,1,0
20,50,Male,33.0,101.0,227.0,60.0,0,Moderate,1,1,0
21,54,Male,30.7,127.0,183.0,89.0,0,Moderate,0,2,0
22,44,Male,29.9,107.0,209.0,94.0,0,Low,0,1,0
23,31,Female,31.5,112.0,110.0,74.0,0,Moderate,1,1,0
24,84,Female,17.5,137.0,134.0,65.0,0,Moderate,3,0,0
25,74,Male,17.7,119.0,219.0,96.0,1,Low,2,2,0
26,64,Male,27.1,122.0,242.0,92.0,0,Moderate,1,3,1
27,46,Female,26.4,112.0,184.0,93.0,0,High,0,0,0
28,77,Female,,123.0,290.0,74.0,1,Moderate,3,2,0
29,57,Female,27.6,111.0,144.0,100.0,0,Low,3,0,0
30,49,Male,30.7,117.0,169.0,71.0,0,Low,2,1,0
31,50,Male,20.6,111.0,200.0,134.0,1,Moderate,1,2,0
32,34,Male,27.4,129.0,205.0,151.0,0,High,0,0,0
33,24,Female,20.1,119.0,160.0,83.0,0,Moderate,0,1,0
34,57,Female,29.6,147.0,158.0,79.0,0,Moderate,2,2,0
35,81,Female,17.2,166.0,234.0,113.0,0,Low,3,0,1
36,22,Male,29.4,126.0,186.0,124.0,1,Low,1,2,0
37,79,Male,19.4,142.0,196.0,143.0,0,Moderate,0,1,1
38,77,Female,25.4,146.0,227.0,158.0,0,Moderate,1,2,1
39,37,Female,32.4,128.0,183.0,60.0,0,Moderate,1,0,0
40,63,Male,28.8,130.0,196.0,138.0,0,Low,1,0,0
41,29,Female,18.4,117.0,178.0,87.0,0,Low,3,0,0
42,72,Female,23.8,116.0,175.0,115.0,0,Low,0,3,0
43,68,Male,19.2,145.0,169.0,114.0,0,High,2,2,0
44,43,Female,18.2,122.0,172.0,112.0,0,Low,1,4,0
45,22,Female,28.1,138.0,182.0,133.0,0,Moderate,2,0,0
46,87,Female,,153.0,142.0,95.0,0,Low,1,2,1
47,50,Male,29.9,115.0,231.0,84.0,0,Low,0,0,0
48,82,Female,30.8,156.0,212.0,141.0,1,Low,0,2,1
49,66,Male,27.4,90.0,163.0,83.0,1,Moderate,1,0,1
50,74,Female,26.0,164.0,,152.0,0,Low,0,2,1
51,72,Male,21.6,111.0,208.0,78.0,1,Low,0,0,0
52,32,Female,25.1,127.0,135.0,92.0,0,Moderate,1,1,0
53,44,Female,20.2,130.0,252.0,91.0,0,High,1,1,0
54,51,Male,22.9,143.0,247.0,60.0,0,Moderate,2,1,0
55,53,Male,28.0,121.0,162.0,66.0,0,Moderate,1,0,0
56,21,Male,26.9,85.0,168.0,129.0,0,Low,0,0,0
57,57,Female,44.4,122.0,181.0,85.0,0,Moderate,2,0,0
58,29,Female,,114.0,113.0,161.0,0,Moderate,5,0,0
59,71,Female,26.8,100.0,218.0,102.0,1,Moderate,1,0,0
60,67,Male,19.7,132.0,236.0,,0,High,2,1,0
61,84,Male,25.4,120.0,237.0,114.0,0,Low,1,3,0
62,71,Male,25.6,143.0,207.0,60.0,0,Moderate,3,2,0
63,44,Female,32.1,119.0,228.0,103.0,0,Low,0,0,0
64,87,Female,25.0,169.0,170.0,97.0,0,Moderate,1,2,0
65,47,Male,26.4,120.0,263.0,71.0,0,Moderate,0,0,0
66,41,Male,25.1,129.0,161.0,86.0,0,High,0,2,0
67,83,Female,19.8,133.0,186.0,135.0,0,Moderate,0,0,0
68,44,Female,23.9,97.0,170.0,105.0,0,Moderate,1,0,0
69,23,Male,25.4,112.0,157.0,113.0,0,Low,0,1,0
70,51,Female,27.9,137.0,188.0,86.0,1,Low,1,0,0
71,75,Male,30.6,143.0,199.0,76.0,1,Moderate,1,1,0
72,31,Male,26.2,114.0,190.0,98.0,0,Low,1,1,0
73,51,Male,26.1,102.0,164.0,60.0,0,Moderate,1,0,0
74,27,Female,18.0,127.0,190.0,64.0,1,Moderate,0,1,0
75,67,Female,30.5,138.0,162.0,77.0,0,Moderate,1,1,0
76,52,Male,23.7,139.0,224.0,60.0,1,Low,0,0,0
77,41,Female,31.6,117.0,218.0,128.0,0,Moderate,1,0,0
78,34,Female,34.7,92.0,187.0,112.0,0,High,1,0,0
79,58,Female,26.5,136.0,174.0,88.0,0,Low,0,0,0
80,66,Female,21.9,130.0,,115.0,1,Low,1,1,1
81,85,Male,27.4,160.0,179.0,63.0,0,Moderate,2,1,0
82,49,Male,29.4,125.0,196.0,73.0,0,Moderate,1,1,0
83,29,Male,25.8,117.0,179.0,132.0,0,Moderate,1,1,0
84,77,Male,,141.0,308.0,161.0,0,High,1,1,0
85,63,Male,30.6,120.0,,128.0,0,Moderate,1,0,1
86,68,Male,30.2,121.0,103.0,122.0,0,High,1,0,0
87,25,Female,25.6,115.0,158.0,88.0,0,High,0,1,0
88,40,Male,18.4,107.0,125.0,78.0,0,Low,0,2,0
89,73,Male,30.0,129.0,179.0,115.0,1,Low,3,2,1
90,77,Male,23.3,165.0,159.0,136.0,1,High,1,1,1
91,49,Male,28.7,141.0,,118.0,0,High,0,1,0
92,75,Female,28.3,139.0,167.0,132.0,1,Moderate,0,1,0
93,78,Female,17.1,160.0,246.0,67.0,0,Low,2,4,0
94,45,Male,27.9,110.0,191.0,122.0,0,Low,0,1,0
95,82,Female,30.3,176.0,252.0,92.0,0,High,3,2,1
96,38,Female,31.0,113.0,191.0,114.0,0,Low,0,2,0
97,35,Female,28.1,152.0,223.0,123.0,1,High,0,0,0
98,67,Male,16.6,163.0,192.0,77.0,0,Low,1,0,1
99,63,Female,34.5,101.0,262.0,89.0,0,High,1,2,0
100,28,Female,29.8,141.0,202.0,118.0,1,Low,0,0,0
101,77,Female,20.9,130.0,179.0,93.0,1,High,1,3,0
102,32,Male,23.2,110.0,210.0,103.0,1,Moderate,0,0,1
103,75,Female,28.8,142.0,209.0,125.0,0,Moderate,2,1,0
104,18,Male,31.2,98.0,171.0,145.0,0,Low,1,1,1
105,75,Male,24.8,142.0,211.0,119.0,0,Low,0,2,1
106,74,Female,32.0,118.0,236.0,126.0,0,Low,3,1,0
107,74,Female,17.6,136.0,127.0,79.0,1,Moderate,2,0,0
108,65,Male,21.8,152.0,189.0,89.0,0,Low,0,0,0
109,51,Female,16.1,132.0,221.0,102.0,1,Moderate,1,1,0
110,68,Female,22.6,126.0,213.0,89.0,0,Low,1,2,0
111,37,Female,35.8,129.0,146.0,129.0,0,Moderate,1,1,0
112,74,Male,38.8,111.0,117.0,100.0,0,Low,1,0,0
113,58,Male,28.8,114.0,264.0,158.0,0,High,0,2,0
114,51,Female,24.0,118.0,188.0,106.0,1,Low,0,0,0
115,54,Female,26.3,139.0,255.0,107.0,0,High,1,3,0
116,58,Female,30.1,134.0,229.0,97.0,1,Moderate,0,1,1
117,20,Female,18.9,123.0,150.0,143.0,1,Low,1,1,0
118,28,Female,24.4,117.0,100.0,69.0,0,High,0,1,0
119,35,Female,35.4,107.0,170.0,98.0,0,Low,1,0,0
120,26,Male,21.7,140.0,182.0,120.0,0,Moderate,1,0,0
121,49,Female,23.4,113.0,212.0,106.0,0,Moderate,1,1,0
122,66,Male,27.6,137.0,,91.0,0,High,3,1,0
123,65,Female,29.1,128.0,209.0,94.0,0,Low,0,1,0
124,51,Male,24.1,134.0,202.0,93.0,1,Low,1,1,1
125,79,Female,27.9,125.0,247.0,109.0,1,High,0,2,1
126,58,Male,30.8,145.0,187.0,151.0,0,Low,1,2,0
127,23,Male,38.3,138.0,198.0,137.0,0,Moderate,2,0,1
128,73,Male,26.8,149.0,217.0,131.0,0,High,1,2,0
129,59,Male,27.3,131.0,233.0,94.0,0,Low,0,1,0
130,63,Female,35.9,123.0,170.0,131.0,0,Low,2,2,1
131,58,Male,24.5,173.0,100.0,61.0,0,Low,1,1,0
132,57,Female,20.2,112.0,189.0,100.0,1,High,2,0,0
133,24,Female,28.9,130.0,173.0,111.0,0,High,0,1,0
134,58,Female,33.4,133.0,155.0,161.0,0,High,0,0,0
135,75,Male,29.5,133.0,150.0,149.0,1,Low,2,3,1
136,39,Male,27.0,124.0,168.0,98.0,0,Moderate,1,0,0
137,61,Male,19.5,121.0,196.0,73.0,0,High,1,0,0
138,20,Male,27.2,121.0,,85.0,0,High,3,0,0
139,43,Male,34.3,128.0,105.0,108.0,0,Low,0,2,0
140,49,Female,20.7,167.0,128.0,130.0,0,Low,1,1,0
141,88,Male,26.2,155.0,257.0,115.0,1,Moderate,1,1,0
142,33,Male,25.4,127.0,179.0,116.0,0,Moderate,1,2,0
143,37,Male,23.7,130.0,188.0,121.0,0,Moderate,1,1,0
144,47,Male,28.9,153.0,,82.0,0,Low,0,0,0
145,89,Male,29.9,123.0,214.0,91.0,1,High,3,0,0
146,79,Male,29.9,132.0,195.0,123.0,0,Low,1,1,0
147,20,Female,22.1,85.0,,78.0,1,Low,1,1,0
148,34,Female,18.4,128.0,131.0,60.0,0,Moderate,1,0,0
149,77,Female,28.9,148.0,175.0,80.0,0,High,0,0,0
150,22,Female,24.7,99.0,256.0,129.0,0,Moderate,0,0,0
151,79,Female,37.6,158.0,,110.0,0,High,2,0,0
152,38,Male,37.9,109.0,219.0,126.0,0,High,1,1,0
153,84,Male,38.4,131.0,205.0,94.0,0,Low,2,1,1
154,39,Male,22.3,123.0,178.0,108.0,0,Low,0,2,0
155,49,Male,30.6,150.0,170.0,103.0,0,Low,0,0,0
156,65,Male,32.3,117.0,254.0,124.0,1,Moderate,1,0,1
157,27,Male,31.7,122.0,198.0,99.0,0,Moderate,1,1,0
158,58,Male,25.6,140.0,169.0,116.0,0,Moderate,1,2,0
159,54,Female,34.5,135.0,182.0,102.0,0,Moderate,1,0,0
160,74,Female,27.5,143.0,,104.0,0,Low,1,2,1
161,89,Female,28.2,151.0,107.0,100.0,1,Low,1,0,0
162,65,Male,,121.0,214.0,94.0,0,Moderate,0,1,0
163,47,Male,31.0,151.0,214.0,118.0,0,Low,2,1,1
164,47,Female,26.1,122.0,165.0,91.0,0,Low,0,4,0
165,48,Male,30.1,120.0,200.0,106.0,1,High,0,0,0
166,76,Male,28.8,156.0,227.0,112.0,0,Moderate,2,0,1
167,41,Male,28.5,112.0,144.0,120.0,0,Moderate,1,0,1
168,30,Male,27.2,123.0,217.0,103.0,0,Low,0,0,0
169,42,Female,31.8,111.0,202.0,89.0,0,High,0,0,0
170,19,Female,26.4,154.0,174.0,106.0,0,High,2,0,0
171,25,Male,19.5,153.0,186.0,112.0,0,Moderate,0,0,0
172,24,Male,30.6,114.0,209.0,75.0,0,Low,0,2,0
173,73,Female,23.1,141.0,295.0,65.0,0,High,1,2,1
174,70,Female,20.2,132.0,228.0,78.0,0,Moderate,3,0,0
175,68,Female,21.9,126.0,,93.0,0,High,1,2,0
176,51,Male,29.1,127.0,203.0,60.0,0,Moderate,0,0,0
177,69,Female,27.0,131.0,277.0,120.0,0,High,0,3,1
178,29,Female,15.8,93.0,129.0,85.0,0,Moderate,0,0,0
179,82,Female,25.4,140.0,145.0,60.0,0,Low,0,1,0
180,54,Male,33.9,126.0,203.0,86.0,0,Moderate,1,0,0
181,85,Female,25.0,142.0,238.0,94.0,1,Low,3,1,0
182,28,Male,26.6,116.0,100.0,60.0,0,Moderate,1,0,0
183,53,Male,33.2,120.0,196.0,139.0,0,Moderate,1,0,0
184,68,Female,31.9,145.0,197.0,117.0,0,Moderate,3,2,0
185,53,Female,33.1,135.0,225.0,131.0,0,Moderate,1,0,0
186,50,Male,15.0,147.0,211.0,61.0,0,Low,0,3,0
187,29,Male,37.0,126.0,116.0,130.0,0,Low,0,1,0
188,45,Male,31.0,120.0,151.0,93.0,0,Moderate,0,0,0
189,35,Male,41.0,130.0,157.0,120.0,1,Low,1,0,1
190,39,Female,23.2,89.0,218.0,109.0,0,Low,2,1,0
191,67,Male,17.8,165.0,218.0,90.0,1,Moderate,2,4,1
192,63,Female,27.5,134.0,178.0,127.0,0,Moderate,0,3,0
193,61,Male,26.0,164.0,206.0,107.0,1,High,0,1,0
194,44,Female,31.1,109.0,152.0,99.0,0,Moderate,0,1,0
195,87,Female,33.4,120.0,291.0,136.0,0,Moderate,3,0,1
196,24,Female,27.0,122.0,,132.0,0,Low,2,0,0
197,42,Female,26.2,128.0,221.0,106.0,0,Low,1,2,0
198,26,Female,30.4,122.0,235.0,144.0,1,Moderate,0,1,0
199,42,Female,26.1,125.0,230.0,98.0,0,Moderate,2,0,0
200,87,Female,25.6,128.0,215.0,100.0,0,Moderate,2,0,0
201,44,Male,33.2,99.0,185.0,114.0,0,Moderate,1,1,0
202,83,Female,34.4,141.0,260.0,112.0,0,Low,1,1,1
203,53,Female,33.5,106.0,198.0,106.0,0,Moderate,1,0,0
204,68,Male,26.6,109.0,,86.0,0,Low,0,0,0
205,50,Female,15.7,119.0,270.0,63.0,1,Moderate,1,1,0
206,37,Male,26.7,127.0,153.0,107.0,0,Moderate,0,0,0
207,73,Female,23.3,165.0,141.0,131.0,0,Moderate,1,3,1
208,87,Female,26.8,154.0,251.0,,0,Moderate,5,2,1
209,36,Female,23.8,143.0,,111.0,0,Moderate,0,1,0
210,74,Female,27.4,144.0,224.0,138.0,1,High,0,1,0
211,36,Male,21.8,126.0,257.0,98.0,0,Low,0,0,0
212,69,Male,20.5,172.0,152.0,70.0,0,High,2,2,1
213,74,Female,34.2,112.0,205.0,106.0,0,Moderate,1,1,0
214,50,Male,22.2,118.0,251.0,97.0,0,Moderate,0,2,0
215,71,Female,27.5,127.0,231.0,92.0,0,Low,2,0,0
216,37,Male,32.7,135.0,182.0,129.0,0,Low,1,1,1
217,23,Female,32.5,100.0,272.0,137.0,1,High,0,0,0
218,24,Female,31.9,128.0,178.0,67.0,0,Low,1,2,0
219,50,Female,29.2,134.0,210.0,104.0,0,Moderate,2,0,0
220,82,Female,31.5,149.0,274.0,60.0,0,Low,4,0,1
221,27,Male,35.1,130.0,221.0,114.0,0,Low,0,1,0
222,50,Male,29.8,150.0,245.0,106.0,0,High,1,0,0
223,68,Male,17.4,131.0,170.0,138.0,0,Moderate,3,2,1
224,32,Female,24.6,127.0,233.0,140.0,0,Moderate,0,1,0
225,69,Female,31.3,120.0,211.0,135.0,0,Low,4,1,1
226,40,Female,24.1,106.0,162.0,76.0,0,Low,0,1,0
227,76,Male,36.4,162.0,216.0,92.0,0,Moderate,1,1,1
228,59,Female,27.2,115.0,207.0,77.0,1,Low,1,2,0
229,57,Male,28.0,138.0,269.0,146.0,0,Low,1,1,0
230,30,Male,33.7,126.0,199.0,91.0,0,Moderate,0,0,0
231,51,Male,26.5,144.0,166.0,94.0,0,Low,0,2,0
232,79,Female,28.5,109.0,171.0,84.0,0,High,1,2,0
233,19,Male,32.4,128.0,178.0,80.0,0,Moderate,1,0,0
234,72,Female,19.4,132.0,155.0,103.0,1,Low,4,0,1
235,53,Female,25.9,116.0,169.0,107.0,0,Moderate,0,0,0
236,69,Female,32.1,128.0,195.0,60.0,0,Moderate,2,3,1
237,65,Female,27.9,147.0,186.0,,1,Low,2,0,0
238,49,Male,,136.0,222.0,124.0,0,High,2,1,0
239,40,Male,18.8,119.0,162.0,92.0,0,Moderate,0,1,0
240,63,Female,18.2,111.0,108.0,82.0,0,Low,0,1,0
241,28,Female,31.7,100.0,120.0,127.0,0,Moderate,1,0,0
242,60,Female,32.3,141.0,199.0,75.0,1,Moderate,0,1,1
243,24,Female,26.4,95.0,160.0,89.0,0,Low,0,0,0
244,64,Male,29.7,128.0,155.0,122.0,0,High,1,1,1
245,63,Male,31.6,172.0,276.0,95.0,0,Low,0,0,0
246,24,Male,23.0,123.0,213.0,108.0,1,Low,1,2,0
247,72,Male,23.6,145.0,204.0,70.0,0,High,2,2,0
248,47,Female,28.5,107.0,202.0,86.0,0,Low,2,1,0
249,74,Female,32.5,114.0,197.0,66.0,1,Low,1,0,0
250,20,Female,21.1,127.0,132.0,60.0,0,Low,1,0,0
251,30,Female,26.4,113.0,224.0,92.0,0,Moderate,0,0,0
252,53,Male,26.2,145.0,229.0,116.0,0,Low,2,2,0
253,31,Female,29.8,121.0,110.0,106.0,1,Moderate,0,1,0
254,41,Male,27.5,179.0,199.0,136.0,0,Moderate,1,1,0
255,65,Male,24.5,123.0,215.0,91.0,1,Moderate,2,2,0
256,28,Male,34.4,124.0,172.0,60.0,0,High,1,0,0
257,66,Female,24.5,118.0,283.0,110.0,0,High,3,0,0
258,25,Female,25.9,134.0,258.0,75.0,0,Low,0,0,0
259,30,Female,18.7,127.0,171.0,97.0,0,High,0,3,0
260,60,Female,23.6,115.0,192.0,60.0,0,Low,1,3,1
261,75,Male,30.3,130.0,195.0,102.0,1,High,1,3,0
262,30,Male,29.3,142.0,162.0,126.0,1,Moderate,1,0,0
263,39,Female,30.8,143.0,155.0,125.0,0,Low,1,3,1
264,84,Male,30.5,116.0,231.0,103.0,0,Moderate,1,2,0
265,89,Female,39.0,133.0,289.0,120.0,0,Moderate,3,0,1
266,59,Male,23.4,159.0,258.0,87.0,0,High,0,0,0
267,50,Male,18.6,124.0,225.0,85.0,0,Moderate,0,0,0
268,42,Male,21.7,127.0,100.0,114.0,0,Moderate,1,1,0
269,62,Male,23.6,147.0,130.0,81.0,0,Moderate,2,1,0
270,60,Female,22.1,109.0,240.0,81.0,0,Moderate,0,1,0
271,39,Female,28.0,108.0,251.0,65.0,0,Low,0,0,0
272,19,Female,34.4,111.0,201.0,,0,Low,0,1,0
273,28,Female,36.0,138.0,172.0,109.0,1,High,1,0,0
274,87,Male,30.3,156.0,265.0,77.0,1,Moderate,2,5,1
275,48,Male,39.3,137.0,223.0,144.0,0,Moderate,0,2,0
276,52,Male,25.5,125.0,239.0,100.0,1,High,2,0,0
277,51,Female,18.5,145.0,125.0,72.0,0,Moderate,0,2,0
278,74,Male,33.3,133.0,220.0,136.0,1,Moderate,0,1,1
279,22,Male,17.4,126.0,248.0,81.0,1,Moderate,0,1,0
280,23,Female,23.3,132.0,202.0,60.0,0,Moderate,1,0,0
281,37,Female,30.4,149.0,225.0,133.0,1,Moderate,0,1,0
282,53,Female,26.9,127.0,198.0,82.0,0,High,0,2,0
283,66,Male,26.4,126.0,207.0,181.0,1,Moderate,2,0,0
284,53,Female,21.0,148.0,250.0,84.0,0,Low,0,1,0
285,49,Female,27.4,148.0,169.0,60.0,0,Low,3,2,0
286,85,Male,33.0,130.0,183.0,,0,Low,4,1,0
287,29,Female,27.6,102.0,166.0,103.0,0,Moderate,0,0,0
288,59,Female,22.9,149.0,200.0,104.0,0,High,1,1,0
289,57,Male,20.6,103.0,137.0,105.0,0,High,1,1,0
290,52,Male,23.0,100.0,224.0,,0,High,0,0,0
291,76,Male,29.7,131.0,202.0,60.0,0,High,0,2,1
292,37,Female,29.4,122.0,221.0,158.0,1,Moderate,0,1,0
293,86,Male,23.1,121.0,132.0,60.0,1,Low,1,0,1
294,41,Female,15.3,125.0,223.0,130.0,0,Moderate,0,1,0
295,57,Female,29.8,132.0,249.0,121.0,1,High,2,3,0
296,55,Male,22.6,119.0,214.0,102.0,0,Moderate,0,2,0
297,79,Female,31.3,168.0,211.0,97.0,1,High,0,0,0
298,49,Female,23.3,132.0,227.0,158.0,0,High,0,0,0
299,38,Female,22.1,139.0,237.0,79.0,0,Low,0,0,0
300,19,Male,28.3,91.0,199.0,88.0,0,Moderate,0,0,0
301,44,Male,40.5,99.0,215.0,140.0,1,Moderate,1,0,1
302,77,Female,31.6,142.0,271.0,93.0,0,Moderate,3,1,1
303,18,Male,28.2,143.0,208.0,79.0,0,Low,2,0,0
304,82,Male,29.5,120.0,181.0,106.0,0,Moderate,0,3,0
305,57,Female,17.9,130.0,247.0,109.0,1,Moderate,1,1,0
306,28,Male,21.3,98.0,179.0,145.0,1,Moderate,0,2,0
307,39,Female,15.0,110.0,191.0,141.0,0,High,0,1,0
308,57,Male,37.0,131.0,203.0,71.0,0,Moderate,0,3,0
309,40,Male,35.9,114.0,227.0,143.0,0,Moderate,1,1,0
310,25,Male,29.7,95.0,249.0,82.0,0,Low,1,1,0
311,65,Male,28.2,109.0,203.0,81.0,1,Low,0,0,0
312,66,Male,19.0,100.0,269.0,78.0,0,Moderate,1,3,0
313,26,Male,26.3,124.0,189.0,,0,Moderate,1,0,0
314,38,Male,37.4,130.0,242.0,90.0,0,Moderate,0,1,0
315,35,Female,28.2,129.0,195.0,60.0,0,High,0,1,0
316,65,Female,24.4,116.0,184.0,138.0,1,Moderate,0,2,1
317,70,Male,17.8,148.0,278.0,114.0,0,Low,1,1,0
318,70,Male,35.1,143.0,183.0,115.0,0,Low,2,1,0
319,85,Male,27.1,137.0,188.0,79.0,0,Moderate,0,0,1
320,73,Male,17.8,131.0,159.0,123.0,0,Moderate,1,1,1
321,41,Female,22.4,111.0,239.0,96.0,0,Low,0,1,0
322,25,Female,20.5,119.0,240.0,80.0,0,Moderate,1,0,0
323,62,Male,26.8,155.0,215.0,61.0,0,Low,0,1,1
324,83,Female,28.6,155.0,174.0,120.0,0,Moderate,0,1,0
325,88,Female,24.7,134.0,214.0,92.0,0,High,3,1,0
326,34,Male,31.8,128.0,176.0,117.0,1,Low,3,1,0
327,35,Female,27.9,102.0,148.0,,0,Moderate,0,2,0
328,20,Male,33.3,126.0,161.0,,0,Moderate,1,0,0
329,28,Female,25.5,104.0,203.0,107.0,0,Moderate,1,0,0
330,57,Female,44.2,138.0,176.0,120.0,0,Low,0,1,0
331,57,Male,24.4,175.0,210.0,,0,Moderate,0,1,0
332,44,Female,22.5,114.0,124.0,122.0,1,High,1,0,0
333,40,Female,21.9,168.0,254.0,137.0,0,High,0,0,0
334,77,Male,26.3,142.0,194.0,74.0,0,Low,3,1,0
335,51,Male,18.0,113.0,229.0,120.0,1,High,1,1,0
336,76,Female,29.1,121.0,215.0,65.0,0,Low,3,2,0
337,87,Male,17.0,176.0,229.0,116.0,0,Low,2,0,0
338,40,Male,28.4,129.0,147.0,90.0,0,Moderate,1,0,1
339,32,Female,20.1,110.0,157.0,116.0,0,High,0,1,0
340,86,Male,25.4,134.0,185.0,140.0,0,Low,0,3,1
341,63,Female,30.8,136.0,202.0,115.0,1,Low,0,1,1
342,38,Female,40.2,121.0,239.0,122.0,0,Low,2,3,0
343,62,Female,21.6,135.0,217.0,95.0,0,Moderate,1,1,0
344,55,Female,26.7,155.0,163.0,92.0,0,Moderate,0,1,0
345,83,Female,23.5,119.0,215.0,129.0,0,Moderate,2,1,1
346,36,Female,22.7,130.0,185.0,96.0,1,Low,0,2,0
347,89,Female,23.6,137.0,201.0,60.0,0,Low,4,1,0
348,85,Male,32.0,129.0,212.0,135.0,1,Moderate,3,1,1
349,31,Female,24.8,136.0,215.0,124.0,0,Low,0,1,0
350,29,Male,39.9,94.0,157.0,124.0,0,Low,1,0,0
351,56,Female,29.8,89.0,185.0,88.0,0,Moderate,1,2,0
352,21,Male,21.9,118.0,218.0,68.0,0,Moderate,1,0,0
353,39,Male,25.5,119.0,207.0,82.0,1,High,1,1,0
354,49,Male,23.1,103.0,243.0,105.0,0,Low,2,1,0
355,87,Female,31.9,111.0,268.0,64.0,1,Low,0,1,1
356,89,Male,18.5,170.0,163.0,104.0,0,High,0,1,0
357,28,Male,20.1,125.0,195.0,97.0,0,Moderate,2,0,0
358,82,Female,24.2,137.0,,135.0,0,Moderate,2,1,0
359,24,Female,31.3,151.0,136.0,129.0,0,Low,0,1,0
360,71,Female,34.3,149.0,176.0,96.0,1,Moderate,1,2,1
361,78,Male,35.1,163.0,198.0,72.0,0,High,3,1,0
362,82,Female,30.4,117.0,200.0,88.0,1,Moderate,2,0,0
363,34,Female,27.0,100.0,164.0,141.0,1,High,2,0,0
364,82,Male,31.9,146.0,210.0,120.0,0,Moderate,0,2,0
365,26,Female,21.2,123.0,276.0,112.0,0,Low,2,2,0
366,55,Male,17.4,147.0,132.0,75.0,1,Low,0,1,0
367,51,Male,29.9,99.0,239.0,122.0,0,High,1,3,0
368,40,Female,22.0,133.0,189.0,60.0,0,Moderate,0,0,0
369,19,Male,27.1,130.0,163.0,129.0,0,Low,0,0,0
370,73,Male,28.2,148.0,130.0,77.0,1,Moderate,1,0,0
371,42,Male,28.9,116.0,220.0,60.0,1,High,0,0,0
372,65,Female,32.7,139.0,148.0,172.0,1,Moderate,1,1,0
373,47,Male,32.1,112.0,225.0,116.0,0,Low,0,0,1
374,44,Male,28.6,118.0,258.0,110.0,0,Moderate,0,1,0
375,81,Female,25.1,119.0,162.0,60.0,0,Moderate,0,3,0
376,24,Female,28.1,104.0,226.0,123.0,1,Moderate,1,0,0
377,71,Male,24.2,128.0,206.0,124.0,1,High,2,0,0
378,71,Female,26.4,124.0,126.0,99.0,0,Moderate,1,2,0
379,45,Male,,111.0,147.0,149.0,0,Low,1,0,0
380,36,Female,28.5,99.0,195.0,138.0,1,High,4,0,0
381,18,Female,30.0,145.0,194.0,123.0,1,Moderate,0,0,0
382,85,Female,23.6,129.0,152.0,60.0,1,Low,0,0,0
383,86,Male,33.1,143.0,214.0,84.0,0,Low,0,0,0
384,35,Female,31.7,92.0,219.0,155.0,0,Moderate,2,1,0
385,20,Female,31.7,136.0,218.0,114.0,0,Low,0,0,0
386,26,Male,28.7,119.0,167.0,110.0,0,Moderate,0,0,0
387,22,Male,,108.0,198.0,92.0,1,Low,1,0,0
388,77,Female,34.5,127.0,,99.0,0,Low,4,1,1
389,82,Male,29.1,150.0,,139.0,0,Low,0,0,0
390,29,Female,26.9,85.0,218.0,144.0,1,High,1,1,0
391,71,Male,32.4,119.0,210.0,133.0,0,Low,2,2,1
392,30,Female,22.5,116.0,181.0,113.0,0,Moderate,2,0,0
393,44,Female,23.6,121.0,202.0,117.0,1,High,0,1,0
394,61,Male,27.2,169.0,171.0,103.0,0,Low,0,0,0
395,69,Male,17.9,126.0,247.0,61.0,0,High,3,3,0
396,80,Male,32.1,151.0,152.0,75.0,0,Moderate,1,1,0
397,21,Female,22.2,144.0,161.0,132.0,0,Low,1,0,0
398,32,Female,24.9,129.0,185.0,101.0,0,High,2,1,0
399,38,Male,26.3,110.0,207.0,116.0,1,High,0,0,0
400,40,Female,27.7,101.0,215.0,111.0,0,Low,0,2,0
401,89,Female,25.6,151.0,271.0,110.0,0,High,1,3,0
402,73,Male,27.1,159.0,209.0,114.0,0,Moderate,2,1,1
403,41,Female,27.2,131.0,163.0,,0,High,0,3,0
404,87,Male,25.0,158.0,208.0,82.0,0,Moderate,1,1,1
405,53,Female,23.2,168.0,184.0,130.0,0,High,0,2,0
406,54,Male,33.4,140.0,217.0,95.0,0,High,0,2,1
407,49,Male,15.9,107.0,154.0,96.0,0,High,0,0,0
408,28,Male,26.4,118.0,177.0,73.0,0,Low,0,0,0
409,85,Male,24.9,159.0,274.0,98.0,1,Moderate,0,2,1
410,19,Male,29.8,110.0,186.0,92.0,0,High,1,0,0
411,30,Female,,142.0,145.0,95.0,1,High,0,0,0
412,34,Male,24.8,118.0,174.0,121.0,0,Moderate,1,1,0
413,38,Female,26.9,126.0,104.0,107.0,0,Low,1,1,0
414,27,Male,33.4,111.0,181.0,165.0,0,High,0,1,0
415,19,Male,29.3,117.0,242.0,129.0,0,Low,0,0,0
416,66,Female,21.0,134.0,158.0,91.0,0,Moderate,0,0,0
417,87,Male,24.8,112.0,158.0,100.0,1,Moderate,0,0,0
418,26,Male,,110.0,158.0,122.0,0,High,0,0,0
419,39,Female,20.9,101.0,225.0,115.0,1,Moderate,1,1,0
420,54,Male,27.1,120.0,262.0,73.0,0,Moderate,0,2,0
421,84,Female,27.4,124.0,229.0,122.0,0,High,2,3,0
422,67,Male,25.4,147.0,155.0,71.0,0,Low,2,2,0
423,73,Female,42.3,149.0,206.0,140.0,0,Moderate,2,3,1
424,59,Male,25.2,137.0,267.0,131.0,0,High,1,1,0
425,48,Male,30.0,104.0,182.0,117.0,0,Low,1,1,0
426,32,Female,23.3,117.0,191.0,60.0,0,Low,0,0,0
427,80,Female,30.4,114.0,219.0,63.0,0,High,0,1,0
428,75,Female,32.3,131.0,149.0,127.0,1,High,0,0,0
429,19,Male,24.3,125.0,217.0,60.0,1,Low,0,1,0
430,69,Male,27.2,148.0,237.0,121.0,1,Moderate,0,2,1
431,24,Female,22.6,123.0,106.0,124.0,0,Low,0,3,0
432,71,Male,21.2,152.0,155.0,126.0,0,High,2,2,0
433,77,Male,33.2,139.0,172.0,107.0,0,Moderate,0,0,0
434,27,Male,24.5,113.0,212.0,113.0,0,Moderate,0,0,0
435,49,Female,15.0,139.0,166.0,94.0,1,High,0,1,0
436,26,Male,37.2,131.0,198.0,81.0,0,Moderate,0,1,0
437,58,Male,23.1,119.0,192.0,119.0,0,Moderate,1,4,0
438,84,Male,26.1,143.0,215.0,140.0,0,Moderate,2,3,1
439,23,Male,36.5,111.0,200.0,136.0,0,Moderate,0,1,0
440,46,Male,26.7,91.0,203.0,92.0,1,Low,0,1,0
441,88,Male,26.6,145.0,213.0,124.0,0,Moderate,1,2,1
442,39,Male,20.7,100.0,202.0,130.0,0,Moderate,0,1,0
443,27,Male,18.5,122.0,192.0,123.0,0,Moderate,0,0,1
444,53,Female,26.6,101.0,189.0,131.0,0,High,1,2,0
445,54,Female,29.5,115.0,181.0,67.0,0,Moderate,0,3,0
446,65,Male,29.2,123.0,274.0,118.0,1,High,0,1,0
447,40,Male,24.9,141.0,173.0,119.0,0,Moderate,0,0,0
448,86,Male,27.6,129.0,265.0,133.0,0,Moderate,3,1,0
449,55,Male,17.4,110.0,171.0,105.0,0,Moderate,1,1,0
450,38,Male,30.0,127.0,220.0,150.0,0,Moderate,2,1,0
451,87,Female,28.4,134.0,281.0,60.0,0,Low,1,3,1
452,84,Male,38.4,150.0,199.0,135.0,0,Moderate,2,1,0
453,53,Female,27.5,110.0,171.0,118.0,1,Low,0,3,1
454,19,Male,22.3,118.0,,122.0,0,Low,0,0,0
455,60,Male,27.2,168.0,199.0,145.0,1,High,3,2,0
456,57,Male,25.7,124.0,,80.0,0,Moderate,0,2,0
457,28,Male,29.9,120.0,182.0,148.0,0,Low,1,0,0
458,63,Male,27.6,103.0,186.0,127.0,1,Moderate,0,1,0
459,78,Male,20.6,121.0,283.0,91.0,0,Moderate,3,1,0
460,25,Male,18.5,124.0,175.0,69.0,1,High,0,0,1
461,70,Female,28.9,127.0,181.0,113.0,0,Low,1,4,1
462,28,Female,35.1,127.0,216.0,124.0,0,High,0,0,0
463,71,Male,27.9,139.0,238.0,115.0,1,Low,2,1,1
464,48,Female,32.0,103.0,248.0,96.0,0,Low,0,1,1
465,18,Male,33.1,130.0,252.0,129.0,0,Low,0,0,0
466,87,Male,29.0,118.0,227.0,97.0,1,Low,1,2,1
467,29,Male,,105.0,174.0,131.0,0,High,1,1,0
468,60,Male,28.6,132.0,128.0,152.0,0,Low,1,2,0
469,31,Female,34.1,143.0,150.0,94.0,0,Moderate,0,2,0
470,85,Female,30.4,121.0,220.0,111.0,1,Moderate,0,0,0
471,71,Female,31.6,135.0,161.0,137.0,0,Low,2,4,0
472,75,Female,25.0,136.0,147.0,109.0,0,Moderate,2,3,1
473,49,Female,26.4,135.0,197.0,69.0,1,High,0,0,0
474,51,Male,26.8,144.0,225.0,,0,Moderate,1,3,0
475,63,Male,27.2,123.0,192.0,90.0,1,Moderate,1,4,0
476,74,Male,33.9,150.0,241.0,120.0,0,Low,0,3,1
477,78,Female,15.0,156.0,232.0,62.0,0,Moderate,2,0,0
478,19,Male,27.7,143.0,223.0,127.0,0,Low,1,0,0
479,65,Female,27.1,138.0,285.0,94.0,0,Low,0,3,1
480,25,Female,20.0,119.0,282.0,119.0,0,Low,1,1,0
481,38,Male,31.2,113.0,217.0,105.0,0,Low,0,0,0
482,77,Male,23.5,111.0,191.0,88.0,0,High,2,1,0
483,36,Female,25.5,116.0,190.0,114.0,1,Low,1,3,0
484,75,Male,37.7,136.0,267.0,92.0,0,Low,0,2,0
485,51,Male,33.1,124.0,162.0,160.0,0,Moderate,0,0,0
486,34,Male,30.7,129.0,242.0,115.0,0,Moderate,1,2,0
487,42,Female,29.6,99.0,185.0,94.0,0,Moderate,1,1,0
488,56,Male,26.6,124.0,207.0,94.0,0,Moderate,2,1,0
489,73,Female,38.5,165.0,176.0,122.0,0,Low,0,1,0
490,61,Male,31.9,145.0,150.0,138.0,0,Moderate,0,1,0
491,85,Female,23.4,147.0,202.0,77.0,1,Low,4,3,1
492,80,Female,19.8,142.0,260.0,85.0,0,High,1,2,0
493,72,Male,30.6,127.0,179.0,109.0,0,Moderate,0,0,0
494,61,Female,27.2,101.0,262.0,145.0,0,Moderate,0,0,0
495,38,Male,19.6,128.0,167.0,121.0,0,Low,0,1,0
496,47,Male,29.9,85.0,153.0,150.0,0,Moderate,2,2,1
497,26,Female,26.0,111.0,193.0,104.0,0,Moderate,0,1,0
498,44,Male,30.4,123.0,218.0,147.0,0,Moderate,2,0,0
499,84,Female,29.9,130.0,219.0,142.0,0,High,1,3,0
500,48,Female,24.2,159.0,200.0,119.0,0,Moderate,0,2,0
501,26,Male,31.0,146.0,244.0,,0,Low,1,0,0
502,64,Male,24.8,146.0,206.0,86.0,0,Moderate,1,3,0
503,87,Female,25.1,123.0,196.0,150.0,0,Low,2,4,1
504,80,Male,24.6,166.0,167.0,,0,Moderate,0,3,0
505,37,Male,33.7,130.0,237.0,129.0,1,High,0,1,0
506,50,Male,26.0,110.0,179.0,121.0,0,Low,0,1,0
507,56,Male,35.0,128.0,186.0,81.0,0,Low,0,1,0
508,35,Female,37.3,135.0,227.0,118.0,1,Low,1,0,0
509,37,Male,23.4,111.0,267.0,105.0,0,Moderate,2,1,0
510,35,Female,15.0,122.0,197.0,85.0,0,Moderate,0,1,0
511,89,Female,33.2,144.0,209.0,113.0,0,Moderate,1,2,0
512,71,Female,25.6,115.0,205.0,142.0,0,Moderate,0,0,0
513,78,Female,22.7,130.0,192.0,77.0,0,High,2,3,0
514,76,Female,24.3,118.0,,68.0,1,High,0,0,0
515,87,Male,25.2,152.0,200.0,87.0,0,Low,1,0,0
516,25,Male,34.6,102.0,217.0,135.0,1,Moderate,2,0,1
517,81,Female,28.4,141.0,207.0,129.0,0,Moderate,2,2,0
518,22,Male,34.6,93.0,233.0,131.0,0,Low,1,0,0
519,52,Female,30.2,108.0,,133.0,0,Moderate,0,0,0
520,60,Male,25.8,110.0,186.0,110.0,0,Moderate,1,1,0
521,43,Female,25.4,118.0,240.0,89.0,0,Low,1,0,0
522,28,Female,30.6,120.0,185.0,85.0,0,Low,1,0,0
523,31,Male,32.0,124.0,181.0,79.0,1,Moderate,1,0,0
524,77,Female,33.0,106.0,210.0,107.0,1,Low,0,0,0
525,40,Male,26.1,119.0,246.0,124.0,0,Moderate,1,0,0
526,40,Male,28.5,109.0,202.0,113.0,0,Low,1,2,0
527,84,Female,30.7,145.0,259.0,111.0,1,High,1,1,1
528,28,Female,25.4,113.0,175.0,75.0,0,Moderate,2,0,0
529,83,Female,21.3,135.0,253.0,,1,Low,0,1,1
530,84,Male,23.1,125.0,221.0,78.0,0,High,1,1,0
531,61,Male,26.2,156.0,234.0,107.0,0,Low,0,1,0
532,29,Male,31.1,97.0,221.0,137.0,0,High,0,0,0
533,29,Female,34.4,111.0,149.0,116.0,0,High,0,1,0
534,38,Male,20.0,123.0,192.0,74.0,0,Moderate,2,2,0
535,59,Female,24.2,124.0,236.0,122.0,0,High,1,1,0
536,29,Female,25.5,105.0,227.0,68.0,1,High,0,0,0
537,50,Male,31.9,96.0,243.0,157.0,0,Moderate,0,1,1
538,26,Female,24.6,106.0,187.0,109.0,0,Low,1,0,0
539,56,Male,25.1,112.0,257.0,96.0,0,Low,0,0,0
540,19,Male,19.7,141.0,155.0,,0,Low,0,3,0
541,69,Male,,168.0,148.0,80.0,1,Moderate,4,1,0
542,21,Female,26.6,114.0,170.0,103.0,0,Low,2,3,0
543,32,Female,23.9,96.0,231.0,150.0,0,Moderate,0,0,0
544,30,Female,26.1,130.0,144.0,110.0,0,Low,0,0,0
545,77,Female,33.7,119.0,153.0,123.0,0,High,1,1,0
546,21,Female,22.0,106.0,115.0,108.0,0,Low,0,0,0
547,48,Female,22.9,114.0,222.0,161.0,0,Moderate,1,0,0
548,60,Female,34.4,120.0,145.0,104.0,1,Low,3,1,0
549,55,Male,27.9,121.0,218.0,147.0,1,Moderate,0,0,1
550,67,Male,31.2,110.0,191.0,101.0,1,Low,1,0,0
551,75,Female,29.7,123.0,178.0,90.0,0,Moderate,3,2,1
552,46,Female,27.3,140.0,155.0,103.0,0,Low,1,1,0
553,77,Female,25.6,134.0,216.0,101.0,1,Moderate,0,3,0
554,40,Female,32.1,124.0,161.0,127.0,0,Moderate,0,1,0
555,88,Female,33.9,103.0,214.0,60.0,1,High,1,1,0
556,54,Female,33.5,142.0,212.0,118.0,0,Low,0,1,1
557,70,Female,21.0,121.0,228.0,81.0,0,Low,3,0,0
558,81,Male,34.7,154.0,246.0,97.0,0,High,1,1,0
559,75,Female,25.5,136.0,214.0,69.0,0,Moderate,0,3,0
560,79,Female,23.3,126.0,170.0,90.0,0,Moderate,1,0,0
561,56,Female,26.6,100.0,216.0,91.0,1,Low,0,2,0
562,21,Female,32.1,150.0,205.0,101.0,0,Moderate,2,1,0
563,53,Male,30.5,139.0,190.0,67.0,0,Moderate,0,1,0
564,31,Male,26.1,132.0,175.0,106.0,1,High,0,0,0
565,82,Female,32.1,165.0,305.0,92.0,1,Moderate,2,0,1
566,35,Female,28.3,123.0,138.0,64.0,0,Moderate,1,0,0
567,34,Male,24.3,141.0,206.0,87.0,0,Low,1,1,0
568,35,Male,23.6,112.0,227.0,80.0,0,Low,2,0,0
569,64,Female,29.8,142.0,189.0,,1,Low,0,1,0
570,59,Male,27.0,118.0,193.0,90.0,0,Moderate,1,2,0
571,86,Female,19.9,130.0,198.0,60.0,0,Moderate,2,1,1
572,47,Male,32.2,126.0,,89.0,0,Moderate,0,2,0
573,38,Male,24.9,101.0,223.0,60.0,0,High,0,0,0
574,21,Female,36.3,120.0,173.0,,0,Low,0,2,0
575,18,Female,19.8,109.0,297.0,129.0,1,High,1,0,0
576,44,Female,26.5,91.0,175.0,141.0,1,High,0,1,0
577,84,Female,23.7,130.0,264.0,85.0,1,Moderate,0,1,0
578,55,Male,22.1,121.0,,132.0,0,Moderate,0,1,1
579,82,Female,24.8,150.0,215.0,113.0,0,High,3,1,1
580,25,Female,37.2,121.0,238.0,98.0,0,High,0,2,0
581,24,Female,28.3,139.0,121.0,90.0,1,Low,1,1,0
582,78,Male,23.1,143.0,225.0,95.0,0,Moderate,2,0,1
583,25,Female,17.4,107.0,155.0,94.0,0,Moderate,0,1,0
584,21,Male,18.0,114.0,164.0,102.0,0,Low,0,0,0
585,47,Female,24.5,118.0,175.0,101.0,0,Low,1,0,0
586,84,Female,24.0,145.0,175.0,92.0,0,Moderate,0,4,1
587,67,Male,26.3,132.0,141.0,139.0,0,Moderate,2,1,0
588,25,Female,15.0,106.0,197.0,85.0,0,Moderate,1,2,0
589,78,Female,27.0,135.0,206.0,101.0,0,High,0,2,0
590,78,Female,33.2,142.0,198.0,108.0,0,High,1,0,0
591,75,Female,36.4,118.0,236.0,115.0,0,Low,0,3,1
592,82,Female,17.1,141.0,228.0,60.0,0,Low,1,2,1
593,35,Male,23.1,94.0,177.0,73.0,0,Moderate,1,1,0
594,88,Female,22.8,156.0,330.0,163.0,0,Low,2,1,1
595,41,Female,28.3,130.0,,64.0,0,High,0,0,1
596,75,Male,20.8,160.0,300.0,103.0,0,Moderate,1,2,0
597,59,Male,36.8,110.0,184.0,128.0,0,Low,1,0,0
598,74,Male,27.7,152.0,216.0,132.0,0,Low,0,1,1
599,63,Female,26.8,145.0,154.0,114.0,0,Moderate,0,2,0
600,64,Male,36.3,127.0,189.0,167.0,0,Low,0,1,0
601,62,Female,27.4,123.0,179.0,112.0,0,Low,0,0,0
602,74,Female,29.7,116.0,321.0,144.0,0,Low,1,0,1
603,71,Male,23.4,111.0,179.0,127.0,0,Moderate,1,2,0
604,27,Female,20.0,105.0,175.0,135.0,0,Moderate,0,0,0
605,77,Female,24.1,114.0,153.0,102.0,0,Low,2,1,0
606,56,Female,39.5,153.0,218.0,133.0,0,Moderate,0,2,0
607,41,Female,31.0,98.0,156.0,101.0,0,Moderate,1,0,0
608,55,Male,29.0,129.0,232.0,112.0,0,High,2,1,1
609,87,Male,22.1,145.0,146.0,104.0,1,Low,0,0,1
610,79,Male,32.5,141.0,205.0,60.0,0,Low,1,0,1
611,78,Male,20.0,142.0,139.0,91.0,0,High,1,1,0
612,51,Female,18.9,140.0,177.0,117.0,0,Moderate,0,1,0
613,74,Male,24.4,126.0,196.0,66.0,0,High,0,0,0
614,45,Female,38.2,125.0,170.0,95.0,0,Moderate,0,1,0
615,67,Female,37.9,126.0,184.0,150.0,0,Low,3,3,1
616,64,Male,25.0,151.0,239.0,137.0,0,Moderate,0,0,0
617,35,Female,23.8,153.0,,84.0,1,Low,0,3,0
618,37,Male,18.5,101.0,201.0,98.0,1,Moderate,0,3,0
619,22,Female,27.9,85.0,148.0,104.0,0,Low,0,1,0
620,28,Male,28.4,126.0,186.0,138.0,1,High,0,0,0
621,49,Male,,142.0,181.0,98.0,0,Moderate,0,1,0
622,52,Male,32.5,157.0,230.0,103.0,0,Moderate,0,0,0
623,29,Female,26.4,129.0,195.0,139.0,0,Moderate,0,2,1
624,48,Male,30.6,147.0,134.0,84.0,0,High,1,1,0
625,61,Female,23.6,155.0,242.0,87.0,0,High,0,1,0
626,34,Male,30.5,143.0,224.0,113.0,1,High,1,1,1
627,42,Male,24.7,136.0,248.0,141.0,1,High,1,2,0
628,44,Female,30.0,102.0,172.0,78.0,0,Low,0,3,0
629,54,Female,29.6,126.0,,90.0,0,Low,0,1,0
630,44,Male,27.9,128.0,147.0,122.0,0,Low,0,2,0
631,71,Male,31.9,131.0,204.0,131.0,0,High,1,2,1
632,41,Male,18.9,121.0,206.0,99.0,0,High,2,0,0
633,49,Female,21.6,150.0,170.0,94.0,0,Low,0,1,0
634,45,Male,26.0,111.0,206.0,107.0,0,Low,0,1,0
635,31,Male,19.6,131.0,192.0,60.0,0,Moderate,2,1,0
636,67,Female,25.3,136.0,186.0,105.0,1,Moderate,1,0,0
637,34,Male,25.4,106.0,240.0,141.0,0,Moderate,1,0,0
638,39,Male,34.7,104.0,181.0,81.0,0,High,1,1,0
639,75,Female,28.3,107.0,213.0,86.0,0,Moderate,1,2,1
640,86,Male,33.2,145.0,157.0,103.0,1,Moderate,0,3,1
641,66,Male,29.2,130.0,223.0,99.0,0,Moderate,0,2,0
642,83,Male,24.6,123.0,193.0,150.0,0,Moderate,1,3,0
643,79,Female,28.2,105.0,246.0,82.0,1,Moderate,1,0,1
644,52,Female,31.5,133.0,146.0,82.0,0,Moderate,1,2,0
645,73,Female,34.1,130.0,223.0,135.0,0,High,2,2,1
646,41,Female,26.8,110.0,108.0,88.0,0,High,1,2,0
647,51,Male,18.4,110.0,219.0,113.0,0,Moderate,1,2,0
648,56,Male,18.1,123.0,191.0,87.0,0,Low,0,0,0
649,87,Male,25.7,145.0,229.0,115.0,1,High,0,4,1
650,79,Male,15.0,130.0,,60.0,0,Moderate,0,3,0
651,53,Female,37.4,107.0,160.0,,0,Low,1,0,1
652,64,Male,30.8,129.0,185.0,116.0,0,Moderate,0,2,0
653,32,Female,24.0,135.0,193.0,94.0,1,Moderate,2,1,0
654,75,Female,21.4,134.0,229.0,65.0,0,High,2,1,0
655,57,Male,33.2,129.0,210.0,119.0,0,Low,0,0,1
656,56,Female,21.4,122.0,162.0,116.0,0,Moderate,0,1,0
657,73,Female,21.9,119.0,276.0,84.0,1,High,2,3,0
658,63,Male,23.3,115.0,214.0,87.0,0,Low,1,1,0
659,23,Male,28.1,89.0,158.0,127.0,0,Moderate,0,0,0
660,38,Male,30.9,140.0,205.0,155.0,0,Moderate,1,0,0
661,30,Female,34.1,125.0,195.0,139.0,1,Low,1,0,1
662,70,Female,33.2,133.0,198.0,120.0,0,Low,1,3,1
663,20,Male,27.5,119.0,169.0,99.0,1,Low,1,0,0
664,32,Female,33.1,124.0,223.0,113.0,0,Moderate,0,0,0
665,61,Male,,117.0,,66.0,0,Moderate,0,3,0
666,68,Male,17.5,126.0,127.0,88.0,0,High,1,0,0
667,54,Male,23.8,119.0,244.0,130.0,0,Low,0,2,0
668,79,Male,23.1,175.0,210.0,101.0,0,Low,1,1,1
669,84,Male,24.0,153.0,221.0,85.0,0,Moderate,2,0,0
670,27,Male,22.2,120.0,235.0,80.0,0,Low,1,2,0
671,86,Male,25.0,159.0,112.0,101.0,0,Low,2,2,1
672,62,Female,30.9,149.0,232.0,78.0,0,Moderate,4,0,1
673,63,Male,36.9,107.0,250.0,95.0,0,Moderate,0,2,1
674,24,Female,18.0,112.0,156.0,132.0,0,Low,2,0,0
675,62,Female,20.4,129.0,148.0,69.0,1,High,0,0,0
676,70,Female,23.1,142.0,267.0,79.0,0,Low,2,0,0
677,59,Male,31.7,125.0,133.0,119.0,0,Low,1,0,0
678,24,Female,26.4,114.0,198.0,93.0,0,Low,4,1,0
679,55,Male,23.5,119.0,236.0,102.0,0,High,0,0,0
680,85,Male,31.4,154.0,228.0,134.0,0,Low,2,1,1
681,70,Female,32.8,109.0,226.0,73.0,0,Low,7,0,0
682,27,Male,27.4,110.0,173.0,125.0,0,Low,1,1,0
683,87,Female,23.0,108.0,,84.0,1,Moderate,3,1,0
684,87,Male,29.0,121.0,187.0,100.0,0,Low,2,1,0
685,30,Female,,123.0,163.0,154.0,0,Low,0,1,0
686,75,Female,26.2,139.0,209.0,67.0,0,Moderate,3,2,1
687,47,Female,24.7,119.0,135.0,117.0,0,Moderate,0,1,0
688,60,Female,32.6,146.0,222.0,142.0,0,Moderate,0,0,1
689,50,Female,28.9,147.0,101.0,90.0,0,Moderate,1,0,0
690,74,Male,33.2,132.0,221.0,96.0,1,High,1,2,1
691,89,Male,34.8,143.0,232.0,106.0,0,Low,3,4,1
692,75,Male,30.0,127.0,177.0,91.0,0,Moderate,2,1,0
693,85,Female,24.7,147.0,166.0,104.0,0,Low,2,6,0
694,86,Female,33.2,118.0,197.0,137.0,0,Moderate,1,2,0
695,24,Female,30.1,145.0,206.0,100.0,0,Moderate,0,0,0
696,36,Female,41.8,138.0,201.0,150.0,0,Moderate,1,3,0
697,69,Male,29.2,112.0,162.0,145.0,0,Moderate,2,1,0
698,60,Female,31.3,116.0,204.0,122.0,0,Low,0,1,0
699,21,Female,29.1,122.0,190.0,122.0,0,High,1,0,0
700,24,Male,27.0,110.0,190.0,90.0,1,Low,0,1,0
701,55,Male,26.1,135.0,160.0,60.0,1,Low,1,0,0
702,62,Female,29.1,123.0,207.0,123.0,0,High,1,0,0
703,30,Male,30.4,142.0,220.0,130.0,0,Moderate,2,0,0
704,30,Female,33.8,118.0,205.0,121.0,0,High,1,0,0
705,27,Female,29.2,156.0,199.0,132.0,0,Low,1,1,0
706,58,Female,25.0,137.0,261.0,88.0,0,Low,1,0,0
707,18,Female,25.7,92.0,185.0,117.0,0,Moderate,1,1,0
708,59,Female,20.2,162.0,168.0,134.0,0,Low,1,0,0
709,52,Female,36.6,143.0,164.0,136.0,0,Moderate,0,3,1
710,51,Female,24.5,131.0,202.0,136.0,0,Low,1,0,0
711,66,Male,32.8,141.0,148.0,148.0,0,Low,0,0,1
712,55,Female,29.0,108.0,186.0,76.0,0,Moderate,0,0,0
713,70,Female,29.2,103.0,223.0,127.0,0,Low,2,4,1
714,73,Female,26.9,132.0,251.0,88.0,0,Low,1,1,0
715,84,Male,23.2,159.0,153.0,71.0,0,Low,2,1,1
716,75,Male,22.2,140.0,211.0,91.0,0,Low,3,2,1
717,55,Female,37.0,154.0,195.0,165.0,0,Moderate,0,0,0
718,53,Male,28.1,147.0,198.0,92.0,0,Moderate,1,1,0
719,34,Male,33.7,120.0,192.0,69.0,1,Moderate,0,1,0
720,61,Female,35.1,148.0,199.0,79.0,0,Moderate,0,1,0
721,28,Male,25.2,142.0,237.0,115.0,1,Low,0,0,1
722,85,Female,29.8,136.0,260.0,,1,Low,3,0,1
723,78,Male,27.7,131.0,290.0,60.0,0,High,2,0,0
724,26,Male,21.1,119.0,183.0,60.0,1,Low,2,3,0
725,74,Female,26.5,95.0,191.0,109.0,0,High,5,3,1
726,26,Male,30.7,121.0,146.0,130.0,0,Low,1,0,0
727,69,Female,24.8,143.0,185.0,90.0,0,Moderate,1,1,0
728,24,Female,25.7,118.0,209.0,120.0,0,Moderate,0,1,0
729,53,Male,26.5,132.0,230.0,128.0,1,Moderate,0,1,0
730,65,Female,39.1,130.0,228.0,102.0,0,Low,2,1,1
731,70,Male,17.4,100.0,180.0,88.0,0,High,2,1,0
732,48,Female,30.3,151.0,169.0,94.0,0,Moderate,0,1,0
733,84,Male,26.1,131.0,286.0,118.0,0,Moderate,1,2,1
734,73,Male,24.0,123.0,175.0,85.0,0,High,0,2,0
735,32,Male,26.0,140.0,240.0,72.0,0,Low,1,0,0
736,66,Female,31.2,146.0,218.0,112.0,1,Moderate,2,0,0
737,70,Male,31.5,136.0,177.0,140.0,0,High,1,0,0
738,42,Female,28.5,135.0,146.0,120.0,0,High,0,0,0
739,71,Male,,114.0,179.0,140.0,0,Low,4,3,1
740,82,Male,34.5,135.0,227.0,139.0,0,High,1,1,1
741,76,Female,32.0,155.0,173.0,113.0,0,Low,2,2,1
742,72,Male,24.5,122.0,265.0,86.0,0,Moderate,1,0,0
743,63,Male,30.2,114.0,194.0,87.0,0,Moderate,0,0,0
744,37,Female,30.2,122.0,215.0,68.0,0,Moderate,0,0,0
745,75,Female,23.0,135.0,231.0,130.0,1,Low,0,3,1
746,44,Male,18.9,133.0,254.0,85.0,0,Low,1,4,0
747,56,Female,16.4,105.0,,60.0,1,Low,1,1,0
748,40,Female,27.9,85.0,194.0,138.0,0,Low,0,0,0
749,40,Male,29.1,136.0,137.0,110.0,0,Low,0,0,1
750,29,Female,21.0,100.0,188.0,122.0,0,Moderate,1,0,1
751,87,Female,33.3,128.0,257.0,107.0,0,Moderate,1,1,0
752,28,Female,28.3,85.0,192.0,86.0,0,Moderate,1,1,0
753,24,Male,34.9,132.0,270.0,128.0,0,Moderate,2,1,0
754,85,Male,29.5,143.0,232.0,122.0,0,Low,3,3,1
755,57,Female,21.6,132.0,178.0,90.0,0,High,2,0,0
756,49,Female,30.0,130.0,212.0,143.0,0,Low,0,1,0
757,71,Male,31.2,99.0,150.0,135.0,0,Low,0,0,0
758,45,Male,24.5,107.0,162.0,116.0,0,Low,0,0,0
759,27,Female,19.6,110.0,137.0,66.0,0,High,1,1,0
760,70,Female,28.1,120.0,206.0,74.0,1,Moderate,0,1,0
761,30,Male,22.0,114.0,183.0,129.0,1,Low,1,0,0
762,57,Male,33.7,131.0,244.0,60.0,0,High,1,2,0
763,86,Female,25.3,154.0,209.0,100.0,1,Moderate,0,1,0
764,85,Female,37.0,114.0,174.0,123.0,0,Moderate,1,1,0
765,43,Female,15.8,122.0,251.0,77.0,0,Low,1,2,0
766,74,Female,28.2,145.0,100.0,106.0,0,Moderate,0,1,0
767,62,Female,35.4,114.0,202.0,128.0,0,Low,0,1,0
768,52,Male,22.6,123.0,204.0,84.0,0,Low,0,2,0
769,28,Male,26.6,125.0,184.0,127.0,1,High,1,0,0
770,45,Male,25.3,123.0,212.0,118.0,1,Low,0,0,0
771,64,Male,23.7,141.0,206.0,96.0,0,Low,1,2,0
772,89,Female,28.8,140.0,233.0,86.0,0,Moderate,3,2,1
773,18,Female,20.4,109.0,156.0,93.0,1,Moderate,1,1,0
774,69,Male,26.9,113.0,149.0,160.0,0,Low,1,3,0
775,78,Male,30.3,139.0,207.0,90.0,0,Low,3,2,1
776,86,Male,26.3,139.0,174.0,144.0,1,Low,1,1,1
777,48,Male,22.0,108.0,166.0,60.0,0,High,0,3,0
778,26,Male,33.2,126.0,227.0,91.0,0,Moderate,0,1,0
779,37,Male,31.5,141.0,248.0,97.0,0,Moderate,0,0,0
780,79,Female,21.8,125.0,253.0,122.0,1,Moderate,2,0,1
781,81,Male,20.4,124.0,247.0,97.0,0,High,2,3,0
782,63,Female,,117.0,204.0,132.0,1,Low,2,4,1
783,26,Male,30.5,90.0,222.0,101.0,1,High,2,2,0
784,26,Male,29.0,149.0,197.0,106.0,0,Low,0,1,0
785,52,Female,31.8,119.0,,103.0,0,High,0,0,0
786,60,Female,25.7,115.0,165.0,156.0,0,Moderate,1,2,0
787,20,Male,22.4,96.0,206.0,69.0,0,Moderate,0,1,1
788,67,Male,32.6,125.0,155.0,100.0,0,Moderate,1,1,0
789,57,Male,24.5,116.0,224.0,76.0,1,Moderate,1,2,0
790,18,Male,28.5,137.0,,122.0,0,Moderate,0,1,0
791,24,Female,19.0,96.0,136.0,64.0,0,Low,0,3,0
792,50,Male,24.4,100.0,146.0,149.0,1,Moderate,0,0,0
793,70,Male,33.1,141.0,215.0,116.0,1,Low,1,1,1
794,77,Male,23.6,133.0,222.0,111.0,1,High,0,2,0
795,49,Male,32.0,121.0,288.0,124.0,0,Low,0,1,0
796,39,Male,15.0,130.0,186.0,88.0,0,Moderate,0,0,0
797,87,Male,24.4,140.0,243.0,105.0,0,High,0,2,1
798,51,Female,26.6,125.0,202.0,107.0,0,Moderate,2,0,0
799,40,Male,37.1,99.0,216.0,133.0,0,Moderate,0,2,1
800,49,Male,21.1,98.0,200.0,75.0,1,Moderate,3,1,1
801,18,Female,31.2,103.0,221.0,85.0,1,Moderate,0,0,0
802,39,Female,33.3,104.0,149.0,135.0,0,Low,1,2,0
803,55,Male,23.5,131.0,104.0,100.0,1,Moderate,0,1,0
804,84,Male,25.4,108.0,228.0,60.0,0,High,1,3,0
805,71,Female,28.3,125.0,137.0,94.0,0,Moderate,2,0,0
806,74,Male,19.4,131.0,257.0,134.0,0,High,1,1,0
807,57,Female,25.0,127.0,178.0,98.0,0,High,2,1,0
808,25,Male,34.5,123.0,143.0,102.0,1,Low,0,1,0
809,46,Male,30.4,118.0,296.0,71.0,0,Low,1,1,0
810,89,Female,26.6,128.0,214.0,90.0,1,Moderate,1,2,0
811,21,Male,28.1,135.0,173.0,76.0,0,Low,0,0,0
812,81,Female,30.7,131.0,239.0,121.0,0,Low,1,0,0
813,67,Female,,154.0,234.0,113.0,0,Low,2,1,1
814,38,Male,24.4,116.0,232.0,92.0,0,Moderate,1,0,0
815,74,Male,35.9,133.0,156.0,98.0,0,Moderate,2,1,0
816,78,Male,34.7,133.0,229.0,155.0,0,Low,0,2,1
817,21,Female,31.2,119.0,169.0,93.0,0,Low,1,0,0
818,25,Male,22.9,110.0,148.0,81.0,0,Moderate,0,2,0
819,65,Female,21.9,132.0,204.0,92.0,0,Moderate,0,2,0
820,89,Female,25.7,163.0,146.0,100.0,0,Moderate,2,3,1
821,19,Female,27.8,131.0,215.0,119.0,1,Low,1,1,1
822,65,Male,17.8,147.0,191.0,116.0,0,Moderate,2,1,0
823,27,Male,30.2,95.0,165.0,132.0,0,Low,2,1,0
824,64,Female,34.6,111.0,197.0,179.0,1,High,0,0,0
825,62,Female,,133.0,195.0,66.0,1,High,0,1,0
826,24,Male,23.8,128.0,225.0,107.0,0,Low,2,2,0
827,67,Female,23.1,123.0,162.0,86.0,0,Low,4,2,0
828,82,Male,29.1,125.0,196.0,160.0,0,Low,1,1,1
829,80,Female,26.7,158.0,202.0,109.0,0,Low,2,1,0
830,20,Female,29.9,125.0,140.0,60.0,0,Moderate,0,1,0
831,35,Male,30.8,137.0,194.0,122.0,0,Low,0,0,0
832,35,Male,33.5,113.0,160.0,121.0,1,Low,0,2,0
833,50,Male,21.3,117.0,142.0,117.0,0,Moderate,1,0,0
834,28,Male,28.7,132.0,204.0,89.0,0,High,1,0,0
835,79,Male,25.5,131.0,268.0,111.0,0,Low,1,2,1
836,73,Female,27.0,123.0,208.0,98.0,0,Low,0,1,0
837,76,Male,32.3,119.0,204.0,95.0,0,Low,2,2,1
838,32,Male,32.9,111.0,181.0,122.0,1,Low,0,2,0
839,19,Male,35.2,128.0,160.0,120.0,0,Low,2,0,0
840,83,Male,29.8,112.0,256.0,136.0,0,High,1,0,1
841,38,Female,26.9,131.0,193.0,106.0,0,High,1,0,0
842,65,Male,26.1,119.0,120.0,119.0,0,Low,1,0,0
843,83,Female,18.0,133.0,257.0,61.0,1,Low,2,0,0
844,20,Male,34.9,112.0,216.0,152.0,0,Low,0,0,0
845,18,Female,25.7,110.0,202.0,83.0,0,Low,0,1,0
846,18,Female,30.3,109.0,100.0,133.0,1,High,1,2,0
847,29,Male,31.2,111.0,184.0,118.0,0,Moderate,0,0,0
848,21,Male,20.7,106.0,214.0,100.0,1,Low,0,2,0
849,77,Female,22.4,156.0,223.0,118.0,0,Low,0,2,0
850,61,Female,36.0,129.0,208.0,62.0,0,Low,1,1,0
851,88,Male,29.1,136.0,248.0,93.0,0,Low,1,2,0
852,75,Female,24.3,123.0,213.0,121.0,0,Moderate,3,2,1
853,87,Female,26.8,131.0,259.0,155.0,0,Moderate,1,4,1
854,35,Female,33.5,109.0,194.0,113.0,0,Low,0,1,0
855,38,Male,32.6,133.0,192.0,,0,Low,0,1,0
856,79,Female,19.4,123.0,243.0,86.0,0,High,0,0,0
857,35,Female,36.5,85.0,172.0,117.0,0,Moderate,1,1,0
858,22,Female,32.8,116.0,139.0,142.0,0,Low,0,0,0
859,66,Male,26.7,126.0,203.0,106.0,0,Moderate,3,2,0
860,75,Female,20.9,124.0,230.0,63.0,1,High,2,2,0
861,87,Male,33.3,153.0,249.0,139.0,0,Low,3,0,1
862,84,Male,30.1,93.0,247.0,124.0,0,Moderate,1,2,1
863,26,Male,19.5,142.0,180.0,76.0,0,High,2,1,1
864,73,Male,26.2,150.0,200.0,123.0,0,Low,4,1,0
865,78,Female,44.7,125.0,186.0,116.0,0,High,0,3,0
866,68,Female,27.6,124.0,213.0,98.0,0,Moderate,0,0,0
867,77,Male,23.4,143.0,146.0,86.0,0,Low,2,1,0
868,78,Male,22.0,143.0,210.0,90.0,0,Moderate,0,2,0
869,50,Male,37.2,115.0,303.0,,1,Low,0,1,0
870,20,Female,32.2,89.0,123.0,66.0,0,Low,2,1,0
871,50,Male,35.2,159.0,201.0,145.0,0,Moderate,1,0,0
872,32,Male,28.9,134.0,,112.0,0,Moderate,0,0,0
873,26,Female,34.4,119.0,202.0,105.0,0,Low,0,2,0
874,26,Female,22.8,119.0,146.0,100.0,0,High,0,1,0
875,68,Male,28.4,141.0,224.0,83.0,0,Low,1,1,1
876,54,Male,29.1,138.0,177.0,66.0,0,Low,0,1,1
877,56,Male,,94.0,144.0,93.0,0,Moderate,1,0,0
878,71,Female,29.3,127.0,242.0,60.0,1,Moderate,0,1,0
879,57,Female,24.1,120.0,224.0,66.0,0,Moderate,0,3,0
880,63,Male,27.9,127.0,165.0,64.0,1,Moderate,0,0,0
881,24,Male,18.3,128.0,161.0,125.0,1,High,0,1,0
882,79,Male,15.0,107.0,187.0,60.0,0,Low,0,1,0
883,50,Male,32.1,103.0,133.0,111.0,0,Moderate,0,2,0
884,29,Female,25.4,107.0,213.0,132.0,1,Moderate,0,0,1
885,76,Male,26.1,137.0,238.0,126.0,0,High,2,2,0
886,70,Female,32.1,145.0,192.0,104.0,0,Moderate,1,3,0
887,21,Male,35.2,141.0,179.0,109.0,0,Low,0,1,0
888,31,Female,30.4,114.0,190.0,114.0,0,Moderate,0,1,0
889,19,Male,38.1,127.0,189.0,175.0,1,Moderate,0,0,1
890,37,Female,30.3,132.0,137.0,120.0,0,Moderate,2,1,0
891,25,Male,29.2,125.0,201.0,125.0,0,Low,0,1,0
892,69,Male,28.8,131.0,160.0,166.0,0,High,2,2,1
893,55,Male,20.4,120.0,223.0,103.0,0,High,0,1,0
894,88,Female,32.8,121.0,174.0,143.0,0,High,2,2,1
895,71,Male,15.0,114.0,156.0,101.0,0,High,2,3,0
896,62,Male,24.3,135.0,200.0,113.0,0,Low,0,1,0
897,54,Female,27.6,126.0,195.0,81.0,1,High,1,1,1
898,21,Female,23.2,108.0,184.0,70.0,0,Moderate,3,0,0
899,23,Female,25.0,126.0,148.0,89.0,0,Moderate,0,0,0
900,62,Male,,126.0,209.0,143.0,1,Moderate,0,2,0
901,18,Male,33.6,99.0,190.0,136.0,0,Low,0,0,0
902,21,Male,23.7,111.0,225.0,135.0,0,Moderate,1,0,0
903,33,Male,24.9,132.0,194.0,102.0,0,Low,0,1,0
904,81,Female,20.5,119.0,188.0,110.0,0,High,0,0,0
905,51,Female,31.4,129.0,144.0,125.0,1,Moderate,1,2,0
906,69,Female,26.1,131.0,146.0,101.0,1,Low,1,0,0
907,47,Female,16.7,112.0,206.0,82.0,0,Low,0,0,0
908,30,Male,28.1,113.0,215.0,68.0,1,Low,1,2,1
909,44,Female,29.9,98.0,158.0,105.0,0,Low,0,1,0
910,24,Female,32.8,118.0,192.0,110.0,0,Low,0,2,0
911,73,Female,27.1,111.0,200.0,135.0,1,Moderate,0,1,1
912,31,Female,25.5,136.0,213.0,135.0,0,Moderate,0,0,0
913,45,Male,38.4,122.0,225.0,125.0,0,High,2,0,0
914,88,Male,27.5,129.0,128.0,159.0,1,Moderate,1,3,1
915,60,Male,31.5,147.0,239.0,116.0,0,Moderate,0,0,0
916,51,Female,24.5,109.0,205.0,128.0,0,Low,0,3,0
917,57,Male,,115.0,178.0,108.0,0,High,0,0,0
918,74,Male,19.5,104.0,188.0,65.0,0,Low,0,3,0
919,36,Male,25.0,141.0,189.0,91.0,1,Moderate,0,2,0
920,63,Male,20.9,160.0,,135.0,0,Moderate,0,2,1
921,80,Female,24.2,109.0,174.0,94.0,0,Low,2,2,0
922,59,Female,34.4,115.0,173.0,103.0,1,Moderate,0,1,0
923,50,Female,24.1,126.0,155.0,101.0,0,High,0,1,0
924,28,Male,31.5,109.0,235.0,101.0,0,Moderate,0,0,0
925,35,Male,35.8,119.0,190.0,148.0,1,Moderate,1,0,1
926,86,Male,27.3,136.0,299.0,154.0,1,Moderate,1,0,1
927,56,Female,33.0,134.0,212.0,114.0,0,Low,0,0,0
928,39,Female,30.4,106.0,212.0,124.0,1,Low,1,1,1
929,48,Male,28.1,127.0,154.0,132.0,0,High,1,2,0
930,59,Male,31.6,110.0,191.0,114.0,0,Moderate,1,1,0
931,56,Male,37.6,121.0,201.0,97.0,0,Low,1,2,0
932,68,Female,24.0,104.0,180.0,90.0,0,Moderate,3,1,0
933,36,Male,22.2,114.0,170.0,109.0,1,Moderate,1,3,0
934,64,Female,21.9,121.0,218.0,108.0,0,Low,0,0,0
935,49,Male,33.0,140.0,211.0,67.0,0,Low,3,1,0
936,85,Male,33.7,136.0,162.0,103.0,0,Low,3,2,1
937,29,Female,24.5,120.0,195.0,82.0,0,High,0,0,0
938,28,Female,15.8,117.0,205.0,112.0,1,Low,1,1,0
939,51,Female,23.8,91.0,173.0,82.0,0,Low,0,1,0
940,54,Male,30.5,94.0,171.0,98.0,0,Moderate,0,0,0
941,67,Male,27.1,126.0,220.0,92.0,0,Low,1,1,1
942,47,Female,28.5,128.0,100.0,128.0,0,High,0,0,0
943,83,Female,24.6,133.0,212.0,127.0,0,Moderate,1,3,1
944,52,Male,33.1,112.0,258.0,126.0,1,Moderate,1,0,0
945,27,Female,29.4,113.0,100.0,137.0,1,Low,0,0,0
946,26,Female,30.7,111.0,214.0,142.0,0,Low,0,0,0
947,88,Female,28.4,151.0,235.0,60.0,0,High,2,0,0
948,27,Male,30.4,129.0,129.0,125.0,0,Low,3,0,0
949,86,Female,30.0,129.0,233.0,100.0,0,Moderate,4,1,1
950,38,Female,22.4,120.0,227.0,66.0,0,Moderate,0,0,0
951,24,Male,29.6,120.0,137.0,100.0,0,Low,0,2,0
952,39,Male,31.9,128.0,163.0,131.0,0,Moderate,2,0,0
953,62,Female,33.9,156.0,202.0,152.0,1,Moderate,0,0,1
954,48,Male,29.8,124.0,231.0,74.0,0,High,0,2,0
955,74,Male,22.2,152.0,,114.0,0,Low,3,0,0
956,61,Male,23.0,110.0,199.0,151.0,0,Low,0,1,0
957,46,Female,25.1,113.0,168.0,150.0,0,Low,0,0,0
958,63,Female,28.5,95.0,202.0,60.0,0,Low,1,1,0
959,87,Female,26.8,140.0,253.0,161.0,1,High,1,2,0
960,47,Female,21.3,134.0,198.0,122.0,0,Moderate,0,3,0
961,29,Female,21.3,85.0,171.0,60.0,0,Low,0,0,0
962,47,Male,16.0,127.0,192.0,70.0,0,Low,0,2,0
963,78,Male,15.0,144.0,179.0,121.0,0,Moderate,2,4,0
964,33,Male,26.8,128.0,149.0,114.0,0,Low,1,0,1
965,86,Male,40.3,118.0,259.0,109.0,1,Low,0,1,1
966,60,Male,37.4,141.0,262.0,121.0,0,Moderate,0,1,0
967,61,Female,22.1,129.0,132.0,112.0,0,Moderate,0,0,0
968,40,Male,28.3,131.0,212.0,92.0,0,Low,1,2,0
969,84,Male,19.4,135.0,245.0,91.0,0,Moderate,1,0,0
970,20,Female,20.3,121.0,134.0,119.0,1,Moderate,1,2,0
971,39,Male,20.9,139.0,172.0,78.0,0,Moderate,1,3,0
972,48,Female,26.3,121.0,172.0,69.0,0,Low,0,1,0
973,52,Female,26.5,130.0,268.0,88.0,0,High,1,2,0
974,52,Female,28.9,146.0,259.0,85.0,0,Moderate,0,3,0
975,28,Female,31.1,115.0,149.0,95.0,1,Moderate,1,1,0
976,34,Male,25.6,101.0,132.0,60.0,0,Moderate,2,2,0
977,24,Female,,127.0,211.0,,0,Moderate,0,1,0
978,59,Male,21.5,151.0,220.0,120.0,0,High,1,1,0
979,43,Female,20.1,143.0,239.0,74.0,1,Moderate,0,1,0
980,58,Female,19.3,139.0,159.0,77.0,1,Low,0,0,0
981,60,Female,31.1,91.0,227.0,106.0,0,Low,1,0,0
982,68,Male,25.6,121.0,176.0,79.0,0,Low,0,1,1
983,57,Female,17.2,118.0,222.0,117.0,0,Low,0,1,0
984,64,Female,27.2,131.0,201.0,82.0,0,Moderate,0,0,0
985,60,Female,20.6,156.0,272.0,82.0,0,Moderate,0,0,0
986,64,Male,36.6,113.0,219.0,99.0,0,Low,1,1,0
987,62,Female,24.3,165.0,189.0,127.0,1,High,2,1,0
988,40,Male,31.2,115.0,195.0,105.0,0,High,0,0,0
989,35,Male,33.5,107.0,184.0,166.0,0,Moderate,0,1,0
990,74,Female,22.2,147.0,163.0,107.0,0,Moderate,1,0,0
991,42,Male,27.9,137.0,264.0,136.0,0,Low,3,0,0
992,57,Male,30.5,138.0,,101.0,0,High,0,3,0
993,32,Female,28.1,106.0,179.0,82.0,0,Low,0,1,0
994,49,Female,29.5,133.0,,108.0,0,Moderate,0,1,0
995,56,Male,20.2,111.0,,78.0,0,Moderate,0,0,1
996,63,Male,30.5,117.0,249.0,60.0,0,Low,0,1,1
997,55,Male,24.8,125.0,186.0,128.0,0,Low,0,0,0
998,43,Male,29.4,109.0,188.0,109.0,1,Moderate,0,0,0
999,87,Female,32.6,155.0,148.0,95.0,0,Low,1,4,1
1000,54,Male,31.2,117.0,226.0,121.0,0,Low,0,2,0
1001,76,Female,29.4,131.0,255.0,110.0,0,High,3,0,1
1002,71,Male,31.0,118.0,253.0,147.0,0,Moderate,2,0,0
1003,58,Female,31.3,144.0,226.0,122.0,1,Moderate,0,2,1
1004,81,Female,35.7,125.0,224.0,113.0,0,Low,0,3,1
1005,27,Female,27.3,135.0,146.0,123.0,1,Low,0,0,0
1006,84,Male,28.4,154.0,224.0,106.0,0,Low,1,1,1
1007,79,Male,32.6,128.0,185.0,118.0,0,Low,2,1,0
1008,54,Female,24.8,127.0,217.0,134.0,1,Low,0,0,1
1009,70,Male,20.2,124.0,176.0,65.0,0,High,1,1,0
1010,55,Female,30.2,135.0,217.0,87.0,0,Low,0,0,0
1011,37,Female,26.4,117.0,239.0,93.0,0,Low,0,1,0
1012,75,Male,20.9,127.0,222.0,89.0,1,High,3,1,0
1013,35,Male,30.3,120.0,200.0,140.0,0,High,0,0,0
1014,40,Male,35.4,96.0,225.0,80.0,1,High,0,0,0
1015,55,Male,18.5,126.0,265.0,92.0,0,Low,0,0,0
1016,78,Male,33.1,145.0,205.0,99.0,0,Low,0,2,0
1017,45,Female,15.0,125.0,212.0,,0,Moderate,1,3,0
1018,53,Female,25.3,141.0,254.0,126.0,0,High,0,1,1
1019,20,Male,37.6,108.0,205.0,126.0,0,Low,0,1,0
1020,26,Female,25.7,109.0,107.0,128.0,0,High,1,1,0
1021,22,Male,28.0,97.0,154.0,72.0,0,Moderate,1,1,0
1022,23,Male,31.7,109.0,210.0,164.0,0,Moderate,2,0,0
1023,80,Female,18.1,167.0,195.0,71.0,0,Moderate,2,2,1
1024,78,Female,27.9,139.0,264.0,139.0,1,Low,2,0,1
1025,77,Male,27.9,125.0,279.0,,0,Low,3,2,1
1026,22,Male,37.7,99.0,159.0,127.0,1,Low,1,0,0
1027,23,Female,20.7,90.0,142.0,128.0,0,Low,0,0,0
1028,38,Male,25.4,108.0,175.0,129.0,1,Low,0,1,0
1029,58,Male,22.4,140.0,183.0,101.0,0,Moderate,0,1,0
1030,42,Male,21.8,115.0,249.0,87.0,0,High,0,0,0
1031,53,Male,33.7,111.0,157.0,118.0,0,Low,0,1,0
1032,30,Female,27.6,104.0,213.0,103.0,1,Moderate,1,1,0
1033,70,Female,24.4,142.0,258.0,111.0,0,Moderate,0,2,0
1034,40,Male,24.7,120.0,221.0,128.0,1,Low,1,2,0
1035,22,Male,24.4,105.0,198.0,114.0,0,Low,1,2,0
1036,71,Male,24.9,127.0,199.0,107.0,1,Low,1,0,0
1037,83,Male,20.5,172.0,282.0,79.0,1,Moderate,0,1,1
1038,19,Male,26.1,134.0,170.0,112.0,1,High,0,0,0
1039,49,Female,25.5,148.0,,60.0,0,Moderate,1,1,0
1040,77,Female,23.3,106.0,202.0,79.0,1,Moderate,3,3,1
1041,68,Female,28.4,129.0,134.0,,0,Moderate,1,1,0
1042,79,Male,28.8,125.0,199.0,131.0,0,High,2,3,1
1043,47,Male,24.4,133.0,188.0,101.0,1,Moderate,1,1,0
1044,44,Male,,140.0,187.0,110.0,0,Low,0,0,0
1045,69,Male,39.4,137.0,179.0,132.0,1,Low,5,1,1
1046,29,Male,39.2,104.0,208.0,140.0,0,Low,1,0,0
1047,35,Male,21.7,109.0,,92.0,0,Low,0,0,0
1048,61,Female,22.5,139.0,189.0,73.0,0,Moderate,1,1,0
1049,66,Male,21.7,142.0,191.0,108.0,0,Moderate,2,1,0
1050,26,Male,33.3,119.0,143.0,165.0,0,Moderate,0,0,0
1051,54,Female,25.3,128.0,207.0,79.0,0,Low,2,2,0
1052,44,Female,28.8,124.0,,104.0,0,High,1,1,0
1053,54,Female,38.5,131.0,249.0,111.0,0,Low,0,0,1
1054,87,Male,27.4,149.0,191.0,168.0,0,Moderate,0,1,1
1055,23,Male,31.4,126.0,257.0,86.0,0,Moderate,0,1,0
1056,89,Male,30.4,139.0,201.0,106.0,0,Moderate,0,1,0
1057,50,Male,24.3,124.0,156.0,92.0,0,Low,0,1,0
1058,73,Female,33.3,132.0,155.0,81.0,0,Moderate,1,1,0
1059,48,Female,22.8,112.0,153.0,65.0,0,High,3,1,0
1060,40,Female,,109.0,203.0,131.0,0,High,0,0,0
1061,73,Female,24.3,142.0,197.0,120.0,0,Low,1,2,0
1062,67,Male,24.9,120.0,179.0,88.0,0,Low,0,1,0
1063,28,Male,21.5,130.0,152.0,134.0,1,High,0,1,0
1064,68,Female,22.4,130.0,163.0,60.0,0,Low,0,1,0
1065,72,Female,25.2,146.0,172.0,70.0,0,Moderate,1,2,1
1066,45,Female,15.0,133.0,231.0,67.0,0,High,0,2,0
1067,84,Female,26.2,150.0,281.0,104.0,0,Low,2,1,1
1068,64,Male,24.7,122.0,273.0,90.0,0,Low,0,0,0
1069,42,Male,31.8,129.0,217.0,106.0,0,Moderate,1,0,1
1070,18,Female,29.8,126.0,160.0,122.0,0,Low,0,0,0
1071,66,Male,23.6,106.0,178.0,138.0,0,Moderate,3,2,0
1072,33,Female,25.0,146.0,215.0,123.0,0,Low,2,2,0
1073,72,Male,26.2,169.0,197.0,105.0,0,Moderate,2,2,0
1074,55,Male,35.7,142.0,213.0,115.0,0,Low,2,1,0
1075,51,Male,23.0,138.0,269.0,128.0,0,Low,0,4,1
1076,29,Female,23.5,127.0,193.0,149.0,0,Moderate,0,0,0
1077,69,Male,21.3,126.0,,114.0,0,Low,0,3,0
1078,29,Male,19.3,116.0,142.0,81.0,0,High,0,1,0
1079,48,Female,29.2,140.0,211.0,115.0,0,Low,0,3,1
1080,78,Male,28.6,119.0,221.0,122.0,0,Low,0,1,0
1081,84,Male,34.6,120.0,175.0,101.0,0,Moderate,0,4,0
1082,89,Female,33.2,132.0,245.0,136.0,0,Moderate,0,1,0
1083,86,Female,40.7,148.0,,131.0,0,High,2,2,0
1084,58,Female,27.1,114.0,283.0,135.0,0,Low,0,0,0
1085,32,Male,26.1,115.0,202.0,78.0,0,Moderate,1,0,0
1086,78,Female,20.3,133.0,137.0,60.0,0,Low,1,4,0
1087,75,Male,31.3,118.0,226.0,101.0,0,Moderate,4,2,1
1088,89,Female,28.2,100.0,243.0,107.0,1,Moderate,1,0,0
1089,64,Male,31.1,113.0,193.0,64.0,0,Low,2,0,0
1090,28,Female,21.2,121.0,192.0,81.0,1,Moderate,1,1,0
1091,54,Female,29.4,134.0,179.0,142.0,1,Moderate,2,0,0
1092,50,Male,28.6,133.0,190.0,121.0,0,High,1,0,0
1093,78,Male,28.3,145.0,248.0,110.0,1,Low,2,1,1
1094,46,Female,23.7,114.0,246.0,73.0,0,Low,1,2,0
1095,41,Female,34.0,108.0,142.0,147.0,1,Moderate,1,0,0
1096,23,Female,38.8,122.0,162.0,111.0,1,Low,0,0,0
1097,78,Female,21.4,131.0,149.0,100.0,0,Moderate,0,2,0
1098,72,Female,31.5,147.0,276.0,122.0,0,Moderate,1,2,1
1099,20,Male,15.0,121.0,213.0,93.0,0,Low,1,0,0
1100,49,Male,31.2,145.0,118.0,150.0,0,Moderate,0,3,0
1101,52,Female,17.2,118.0,194.0,106.0,0,Low,0,2,0
1102,51,Male,24.6,142.0,185.0,110.0,0,Moderate,2,1,0
1103,84,Female,20.3,169.0,183.0,93.0,0,Moderate,1,0,0
1104,28,Male,26.3,118.0,223.0,115.0,0,High,1,0,0
1105,40,Male,32.1,129.0,229.0,107.0,1,Low,0,4,1
1106,31,Male,17.3,103.0,196.0,96.0,0,Moderate,0,0,0
1107,35,Female,25.5,134.0,163.0,94.0,0,Moderate,1,0,0
1108,83,Male,24.7,155.0,187.0,89.0,1,Moderate,4,1,1
1109,85,Male,36.2,129.0,214.0,94.0,1,Moderate,1,1,0
1110,21,Female,29.9,124.0,163.0,102.0,0,Low,3,1,0
1111,63,Male,21.0,134.0,201.0,88.0,0,Low,1,0,0
1112,34,Female,24.9,126.0,208.0,150.0,0,Moderate,0,1,0
1113,31,Female,,131.0,127.0,144.0,0,Moderate,2,1,0
1114,39,Male,31.4,129.0,161.0,108.0,0,Moderate,0,0,0
1115,31,Female,22.4,116.0,184.0,88.0,1,High,0,0,0
1116,53,Male,26.0,139.0,256.0,120.0,0,Low,1,2,0
1117,89,Male,26.2,156.0,247.0,154.0,0,Low,3,1,1
1118,60,Female,24.5,120.0,200.0,122.0,0,Low,1,1,0
1119,70,Male,18.1,132.0,220.0,60.0,0,Low,3,1,0
1120,53,Male,23.8,98.0,193.0,123.0,0,Low,0,0,0
1121,19,Male,35.1,123.0,220.0,143.0,0,Low,2,0,0
1122,24,Female,25.4,135.0,198.0,160.0,1,High,2,0,0
1123,37,Male,26.9,116.0,237.0,98.0,0,Low,2,1,0
1124,35,Male,28.3,122.0,136.0,110.0,1,High,0,0,0
1125,78,Female,39.7,131.0,178.0,134.0,0,Low,1,1,0
1126,78,Male,27.5,129.0,219.0,86.0,0,Moderate,2,1,0
1127,79,Male,33.5,139.0,228.0,92.0,1,Moderate,1,2,1
1128,63,Male,24.2,117.0,293.0,111.0,1,Moderate,0,1,0
1129,58,Female,26.1,124.0,130.0,64.0,0,Low,0,1,0
1130,64,Female,27.6,115.0,201.0,72.0,0,Moderate,1,0,0
1131,47,Female,23.2,133.0,191.0,121.0,0,High,0,0,0
1132,66,Male,26.4,134.0,212.0,117.0,0,Moderate,2,0,0
1133,75,Female,32.4,127.0,273.0,145.0,0,Moderate,0,1,1
1134,72,Female,23.1,133.0,239.0,112.0,0,High,2,0,0
1135,62,Female,27.5,126.0,140.0,106.0,1,Moderate,1,2,0
1136,22,Male,,134.0,239.0,145.0,0,Moderate,0,0,0
1137,70,Female,23.0,125.0,262.0,88.0,0,High,5,2,1
1138,44,Male,33.5,133.0,202.0,105.0,0,Moderate,1,0,0
1139,71,Female,27.9,121.0,144.0,105.0,0,Moderate,0,3,1
1140,56,Female,26.6,140.0,192.0,116.0,1,Moderate,1,1,0
1141,81,Male,16.5,152.0,228.0,89.0,1,Moderate,1,3,1
1142,42,Male,25.4,140.0,229.0,64.0,0,Low,1,1,0
1143,85,Female,29.5,161.0,145.0,102.0,1,Moderate,0,3,0
1144,78,Male,37.1,139.0,180.0,118.0,1,High,2,0,0
1145,41,Female,30.6,142.0,232.0,113.0,0,Moderate,0,0,1
1146,52,Female,33.7,152.0,253.0,103.0,0,High,1,1,0
1147,56,Male,20.8,109.0,214.0,109.0,0,High,0,0,0
1148,73,Female,26.8,123.0,250.0,63.0,0,Moderate,2,1,0
1149,67,Female,34.2,107.0,221.0,126.0,1,Low,1,2,1
1150,79,Male,22.6,152.0,246.0,145.0,1,Moderate,0,4,0
1151,44,Male,32.8,99.0,198.0,97.0,0,High,0,1,0
1152,54,Male,,98.0,215.0,113.0,0,Moderate,0,1,0
1153,49,Male,29.0,107.0,148.0,101.0,0,Low,0,4,0
1154,83,Female,25.7,109.0,239.0,97.0,1,Low,1,1,1
1155,39,Female,,126.0,142.0,71.0,0,Moderate,0,0,0
1156,60,Female,37.3,111.0,227.0,171.0,0,Moderate,0,0,0
1157,26,Male,31.0,90.0,166.0,121.0,0,Moderate,1,1,0
1158,79,Female,29.4,134.0,224.0,91.0,0,Moderate,3,2,0
1159,45,Female,25.2,124.0,,82.0,0,Moderate,1,1,0
1160,42,Female,27.7,92.0,172.0,108.0,1,Low,0,1,0
1161,59,Male,28.4,117.0,213.0,60.0,0,Moderate,2,1,0
1162,53,Female,,125.0,225.0,,0,Moderate,1,0,0
1163,79,Female,31.5,129.0,251.0,98.0,0,Moderate,1,2,1
1164,56,Male,23.2,122.0,154.0,110.0,0,Moderate,1,0,0
1165,55,Female,19.4,146.0,140.0,,0,Moderate,0,1,0
1166,25,Male,28.0,151.0,145.0,131.0,0,Moderate,0,0,0
1167,19,Female,17.9,109.0,139.0,105.0,0,Moderate,1,0,0
1168,46,Female,25.7,102.0,253.0,123.0,0,Moderate,1,0,0
1169,89,Female,24.7,135.0,265.0,128.0,0,High,0,1,0
1170,84,Female,30.2,140.0,174.0,101.0,0,Moderate,1,1,0
1171,63,Male,38.4,129.0,266.0,177.0,0,Moderate,0,1,1
1172,63,Female,16.8,139.0,250.0,100.0,1,Moderate,0,1,0
1173,46,Male,40.0,159.0,131.0,122.0,0,Moderate,1,2,0
1174,30,Female,26.2,91.0,146.0,82.0,1,High,2,1,0
1175,18,Male,29.4,106.0,116.0,103.0,1,Low,1,1,0
1176,42,Male,19.7,147.0,188.0,,0,Low,0,1,0
1177,40,Female,33.0,113.0,191.0,116.0,0,Low,0,0,0
1178,31,Male,27.7,131.0,186.0,153.0,1,Moderate,1,1,0
1179,36,Female,27.2,130.0,111.0,95.0,0,Moderate,0,1,0
1180,19,Female,,134.0,125.0,108.0,0,Low,1,0,0
1181,61,Male,27.9,159.0,210.0,77.0,0,High,0,4,0
1182,84,Male,32.2,142.0,236.0,169.0,1,Moderate,2,1,1
1183,67,Female,26.2,103.0,127.0,73.0,0,High,0,0,0
1184,50,Female,34.0,114.0,146.0,169.0,1,Moderate,1,1,0
1185,48,Male,33.7,159.0,233.0,111.0,0,Moderate,0,1,0
1186,40,Female,24.0,99.0,143.0,60.0,0,High,0,1,1
1187,28,Female,36.3,125.0,183.0,153.0,0,High,0,0,0
1188,61,Male,,89.0,150.0,108.0,0,Moderate,1,0,0
1189,58,Female,27.8,106.0,231.0,94.0,0,Low,0,1,0
1190,18,Female,28.0,128.0,102.0,123.0,0,Low,0,0,0
1191,47,Male,27.9,125.0,182.0,124.0,0,Low,0,3,0
1192,38,Female,15.0,115.0,225.0,99.0,0,Low,2,0,0
1193,30,Female,26.5,105.0,208.0,134.0,0,Moderate,1,0,0
1194,68,Female,20.0,99.0,186.0,102.0,0,Moderate,1,4,0
1195,55,Male,36.4,138.0,,135.0,0,Moderate,1,1,1
1196,63,Male,36.2,125.0,193.0,104.0,1,High,0,2,0
1197,69,Male,32.2,107.0,156.0,132.0,0,Low,1,2,0
1198,88,Female,26.2,139.0,210.0,90.0,1,High,2,1,1
1199,75,Female,22.0,143.0,204.0,69.0,0,High,3,3,0
1200,62,Male,23.9,126.0,185.0,95.0,0,Moderate,0,2,0
1201,81,Female,38.2,138.0,249.0,114.0,0,High,2,3,1
1202,52,Female,23.7,126.0,155.0,125.0,0,High,0,1,0
1203,88,Male,15.0,127.0,149.0,60.0,0,Moderate,3,1,0
1204,72,Male,33.2,134.0,186.0,142.0,0,Moderate,1,3,0
1205,64,Male,35.8,142.0,207.0,101.0,0,Moderate,1,2,0
1206,83,Female,36.6,153.0,207.0,60.0,0,Moderate,1,1,1
1207,55,Male,33.2,139.0,192.0,82.0,0,High,0,2,0
1208,69,Female,34.1,121.0,162.0,107.0,1,Low,2,0,1
1209,38,Female,27.8,131.0,152.0,,1,Low,0,2,0
1210,87,Female,16.1,145.0,195.0,86.0,0,High,1,3,0
1211,62,Male,27.7,118.0,179.0,75.0,0,Moderate,0,1,0
1212,74,Female,30.9,126.0,249.0,90.0,0,Low,3,1,1
1213,51,Male,26.8,136.0,206.0,74.0,1,Moderate,0,0,0
1214,80,Male,26.5,158.0,190.0,111.0,0,Low,2,0,1
1215,23,Male,22.2,87.0,223.0,96.0,1,Moderate,1,1,0
1216,26,Female,22.0,143.0,200.0,114.0,0,High,1,3,0
1217,54,Female,37.6,145.0,145.0,74.0,0,Moderate,1,1,0
1218,70,Male,37.8,135.0,100.0,106.0,0,High,5,0,0
1219,76,Male,27.5,130.0,158.0,158.0,0,Low,0,0,0
1220,49,Female,29.0,131.0,217.0,124.0,1,Moderate,0,1,1
1221,64,Female,22.1,120.0,236.0,90.0,0,Moderate,1,4,1
1222,57,Male,31.0,125.0,135.0,85.0,0,Low,1,0,0
1223,87,Male,,114.0,239.0,148.0,1,High,3,1,0
1224,65,Female,19.1,102.0,226.0,134.0,1,Low,1,1,1
1225,48,Female,30.1,162.0,247.0,79.0,0,High,0,2,0
1226,87,Male,30.5,139.0,250.0,82.0,0,Low,1,3,1
1227,25,Female,30.4,120.0,234.0,117.0,0,High,2,0,0
1228,88,Female,36.5,138.0,233.0,128.0,0,High,3,2,1
1229,29,Male,38.7,104.0,202.0,134.0,0,High,1,0,0
1230,38,Female,26.2,116.0,176.0,152.0,0,Moderate,0,1,0
1231,77,Female,31.2,136.0,240.0,86.0,0,Moderate,4,3,0
1232,70,Male,28.0,129.0,154.0,107.0,1,Moderate,1,1,0
1233,87,Male,24.0,126.0,208.0,120.0,0,Moderate,3,2,1
1234,71,Male,29.0,140.0,,126.0,0,Low,4,2,0
1235,63,Male,31.2,133.0,255.0,94.0,0,Low,1,1,0
1236,42,Female,28.7,128.0,173.0,92.0,0,Moderate,0,0,0
1237,18,Female,22.7,125.0,216.0,87.0,1,Moderate,0,0,0
1238,26,Female,25.0,114.0,176.0,146.0,0,High,1,0,0
1239,39,Female,25.0,118.0,227.0,77.0,0,Moderate,1,1,0
1240,20,Male,22.9,138.0,150.0,91.0,0,Moderate,0,2,1
1241,54,Female,29.2,111.0,225.0,128.0,0,Moderate,2,2,0
1242,73,Male,29.8,103.0,203.0,81.0,0,High,4,1,1
1243,87,Male,32.9,147.0,168.0,120.0,0,Low,1,2,1
1244,53,Male,22.8,116.0,191.0,60.0,1,Moderate,1,0,0
1245,81,Female,24.3,119.0,261.0,106.0,0,Low,0,3,0
1246,88,Female,36.1,152.0,175.0,119.0,1,Low,1,1,0
1247,79,Male,26.6,133.0,153.0,109.0,1,Moderate,1,1,0
1248,51,Female,27.7,105.0,211.0,83.0,0,Moderate,0,5,0
1249,41,Female,26.5,153.0,,110.0,0,Moderate,0,2,0
1250,88,Male,33.7,113.0,273.0,113.0,0,High,2,1,1
1251,35,Female,33.9,118.0,246.0,148.0,0,High,0,1,0
1252,47,Female,33.6,94.0,233.0,131.0,0,Moderate,0,0,0
1253,23,Male,27.6,120.0,181.0,68.0,0,Low,2,1,0
1254,75,Female,22.7,123.0,271.0,77.0,0,Low,3,3,0
1255,64,Female,38.1,143.0,253.0,105.0,0,Low,4,2,1
1256,24,Female,32.2,116.0,162.0,117.0,0,Low,1,1,0
1257,33,Male,25.0,141.0,241.0,98.0,0,Moderate,0,0,0
1258,57,Male,35.3,121.0,164.0,112.0,0,Moderate,2,2,0
1259,56,Female,24.6,101.0,191.0,175.0,0,Low,1,1,1
1260,75,Male,35.3,138.0,139.0,103.0,0,Low,1,1,1
1261,37,Male,35.6,116.0,194.0,153.0,0,Low,1,3,0
1262,84,Male,22.4,108.0,201.0,95.0,1,Low,0,3,1
1263,50,Female,30.7,108.0,,60.0,0,Low,0,2,0
1264,77,Male,31.8,123.0,202.0,117.0,1,Low,2,2,1
1265,35,Female,41.9,145.0,165.0,,0,Moderate,0,1,0
1266,20,Male,23.4,126.0,182.0,116.0,1,Moderate,0,1,0
1267,21,Male,35.4,109.0,229.0,123.0,0,Moderate,1,0,0
1268,44,Male,27.6,130.0,152.0,106.0,1,Low,0,1,0
1269,86,Female,20.7,105.0,246.0,83.0,0,Moderate,0,1,0
1270,21,Male,26.8,106.0,189.0,128.0,1,Moderate,2,1,0
1271,44,Male,27.5,129.0,206.0,94.0,0,Moderate,2,1,0
1272,25,Female,21.7,119.0,181.0,81.0,0,Low,0,2,0
1273,85,Female,29.2,129.0,185.0,119.0,0,High,1,2,0
1274,66,Male,32.8,130.0,220.0,105.0,0,Low,0,2,0
1275,72,Male,28.8,138.0,226.0,141.0,1,High,0,1,0
1276,69,Female,24.5,132.0,174.0,114.0,1,Moderate,2,1,0
1277,65,Male,26.7,144.0,152.0,84.0,0,Low,2,1,0
1278,73,Male,27.5,138.0,210.0,76.0,0,Low,2,1,1
1279,18,Male,28.7,122.0,208.0,92.0,0,Low,1,0,0
1280,80,Female,33.6,163.0,248.0,175.0,0,Moderate,2,4,1
1281,71,Male,29.0,146.0,251.0,102.0,0,High,0,3,0
1282,71,Male,19.8,160.0,220.0,115.0,0,High,2,4,1
1283,46,Male,24.4,113.0,183.0,67.0,0,High,0,1,0
1284,75,Female,28.4,108.0,207.0,79.0,0,Low,1,5,0
1285,45,Female,33.7,121.0,145.0,109.0,0,Moderate,0,0,0
1286,21,Female,34.6,111.0,155.0,160.0,0,Moderate,0,2,0
1287,83,Male,37.3,160.0,209.0,86.0,0,Low,1,3,1
1288,34,Male,28.2,101.0,177.0,90.0,1,Low,0,0,0
1289,25,Male,31.7,115.0,186.0,135.0,0,Low,0,0,0
1290,62,Female,19.5,136.0,149.0,136.0,0,Moderate,2,2,1
1291,34,Female,29.9,121.0,143.0,120.0,0,Moderate,0,0,0
1292,79,Male,21.6,132.0,239.0,115.0,0,Low,0,4,0
1293,49,Female,27.2,130.0,163.0,82.0,0,Low,0,1,0
1294,18,Female,44.2,131.0,153.0,95.0,0,Low,0,0,0
1295,86,Female,29.2,162.0,217.0,78.0,0,Moderate,3,1,1
1296,55,Male,22.7,127.0,162.0,76.0,0,Low,0,1,0
1297,36,Female,29.7,107.0,230.0,115.0,1,Moderate,1,1,0
1298,66,Male,24.7,155.0,155.0,70.0,1,Moderate,2,0,0
1299,56,Male,22.2,110.0,198.0,105.0,0,Low,0,2,0
1300,20,Male,39.1,143.0,,114.0,0,High,1,0,0
1301,72,Female,33.4,154.0,212.0,99.0,0,Low,1,0,1
1302,46,Female,29.4,147.0,174.0,131.0,0,Moderate,2,0,0
1303,68,Male,25.3,142.0,203.0,78.0,0,Moderate,2,0,0
1304,82,Male,25.8,102.0,257.0,141.0,1,Low,1,3,1
1305,61,Female,36.0,112.0,174.0,139.0,0,Moderate,0,0,0
1306,66,Female,29.2,136.0,177.0,82.0,0,Low,0,0,0
1307,36,Male,15.0,109.0,176.0,119.0,0,Moderate,0,0,0
1308,35,Male,40.8,115.0,244.0,96.0,0,Moderate,0,1,0
1309,47,Male,28.5,134.0,190.0,141.0,0,Low,0,0,0
1310,79,Male,29.4,132.0,256.0,117.0,1,Moderate,1,0,0
1311,55,Female,33.5,107.0,,73.0,0,Low,0,1,0
1312,43,Male,30.1,137.0,237.0,76.0,0,Low,1,0,0
1313,74,Female,31.6,142.0,222.0,101.0,0,Low,2,2,0
1314,79,Female,25.2,131.0,231.0,125.0,0,Low,1,2,1
1315,82,Female,20.7,148.0,156.0,92.0,0,Low,2,2,0
1316,39,Female,29.0,123.0,129.0,103.0,1,Low,0,2,0
1317,69,Male,35.4,153.0,245.0,118.0,0,Moderate,0,0,0
1318,60,Male,23.9,131.0,240.0,60.0,0,High,0,1,0
1319,50,Female,,146.0,287.0,122.0,1,High,0,1,0
1320,46,Female,34.2,94.0,137.0,150.0,0,High,1,1,0
1321,26,Female,25.0,124.0,201.0,123.0,0,Moderate,1,0,0
1322,37,Male,25.2,114.0,150.0,91.0,1,Moderate,0,2,0
1323,57,Female,25.4,114.0,170.0,80.0,0,Low,1,3,0
1324,81,Male,27.1,154.0,191.0,77.0,1,High,0,1,0
1325,80,Male,18.8,150.0,225.0,64.0,1,Low,3,3,0
1326,31,Female,24.5,86.0,160.0,160.0,0,Moderate,1,2,0
1327,66,Male,28.8,142.0,,105.0,0,High,1,2,1
1328,24,Male,28.7,125.0,214.0,131.0,0,High,0,0,0
1329,66,Male,33.9,119.0,246.0,137.0,0,Low,1,2,1
1330,42,Male,37.6,109.0,217.0,124.0,1,Low,0,0,0
1331,50,Female,35.8,100.0,212.0,93.0,1,Moderate,0,1,0
1332,69,Female,32.5,126.0,199.0,126.0,0,High,1,3,0
1333,48,Female,26.7,121.0,172.0,76.0,0,Moderate,1,0,0
1334,76,Male,24.1,147.0,228.0,117.0,0,Low,3,0,1
1335,56,Female,27.6,131.0,158.0,79.0,0,High,0,1,0
1336,89,Female,30.7,122.0,219.0,99.0,0,Moderate,0,1,0
1337,63,Male,32.0,133.0,161.0,101.0,0,High,0,0,0
1338,39,Female,30.9,117.0,188.0,147.0,0,High,0,1,0
1339,73,Female,26.8,118.0,166.0,60.0,0,High,1,0,0
1340,47,Female,31.8,99.0,178.0,172.0,0,High,1,1,0
1341,56,Female,34.4,137.0,172.0,94.0,1,Moderate,1,1,0
1342,27,Female,32.3,124.0,153.0,109.0,1,Moderate,0,1,0
1343,26,Female,27.3,126.0,180.0,116.0,0,Moderate,1,0,0
1344,59,Female,22.9,116.0,107.0,108.0,0,Moderate,1,1,0
1345,31,Female,22.8,121.0,117.0,121.0,1,Moderate,0,1,0
1346,89,Male,23.8,117.0,245.0,116.0,0,Low,1,4,1
1347,79,Female,28.9,119.0,215.0,161.0,1,Low,2,1,0
1348,68,Female,30.4,132.0,177.0,129.0,0,Low,1,1,0
1349,70,Male,19.7,136.0,242.0,92.0,0,Moderate,1,1,0
1350,60,Female,24.7,102.0,176.0,87.0,0,Moderate,1,0,0
1351,22,Female,28.8,98.0,159.0,92.0,0,Low,1,1,0
1352,46,Female,22.6,118.0,163.0,132.0,1,High,1,0,0
1353,53,Female,29.9,141.0,269.0,155.0,1,High,2,0,1
1354,83,Male,25.8,124.0,220.0,129.0,0,Low,1,1,0
1355,33,Female,23.5,121.0,194.0,60.0,0,High,1,1,0
1356,53,Female,27.8,130.0,214.0,60.0,0,Low,2,0,0
1357,42,Male,29.7,118.0,121.0,109.0,0,Moderate,0,0,0
1358,27,Female,22.8,121.0,161.0,95.0,0,High,2,0,0
1359,25,Male,26.2,95.0,200.0,104.0,0,Low,1,0,0
1360,44,Male,30.1,112.0,192.0,142.0,0,High,1,0,0
1361,23,Female,23.3,138.0,265.0,131.0,0,Moderate,0,0,0
1362,22,Female,18.4,139.0,161.0,98.0,0,High,1,1,0
1363,43,Female,19.0,136.0,227.0,60.0,1,Low,2,0,0
1364,32,Male,25.2,136.0,217.0,71.0,1,Low,0,0,0
1365,57,Female,20.2,98.0,204.0,97.0,0,Moderate,3,2,0
1366,19,Male,25.6,99.0,192.0,114.0,1,Moderate,0,0,0
1367,39,Female,36.7,116.0,178.0,87.0,0,High,1,0,0
1368,50,Female,19.9,164.0,120.0,112.0,0,Moderate,0,2,0
1369,87,Female,25.9,133.0,227.0,60.0,0,Low,4,5,1
1370,63,Male,39.2,141.0,218.0,60.0,0,Moderate,2,2,1
1371,81,Female,29.7,142.0,233.0,86.0,1,Moderate,1,0,1
1372,42,Male,25.5,128.0,193.0,139.0,1,Low,0,2,0
1373,50,Female,26.6,125.0,232.0,,0,Moderate,0,0,0
1374,48,Male,29.9,105.0,161.0,68.0,0,Moderate,0,3,0
1375,81,Female,36.8,93.0,266.0,79.0,0,Moderate,0,2,1
1376,87,Male,24.6,158.0,176.0,121.0,0,Low,1,2,0
1377,87,Female,23.3,128.0,209.0,88.0,0,Low,1,2,0
1378,72,Female,19.9,103.0,232.0,131.0,1,Moderate,1,0,1
1379,54,Male,28.1,133.0,177.0,126.0,0,Low,1,0,0
1380,56,Female,19.8,134.0,226.0,119.0,1,Moderate,0,2,0
1381,88,Male,24.9,151.0,201.0,81.0,0,Low,2,1,0
1382,38,Female,22.5,139.0,193.0,110.0,0,Moderate,2,2,0
1383,42,Male,33.4,107.0,184.0,166.0,0,Low,2,0,0
1384,82,Male,24.7,122.0,189.0,105.0,0,Moderate,2,2,1
1385,45,Male,29.7,118.0,278.0,108.0,0,Low,0,1,1
1386,34,Female,18.7,133.0,155.0,82.0,1,Moderate,0,1,0
1387,58,Female,28.2,94.0,112.0,65.0,0,Moderate,0,2,0
1388,41,Female,20.9,124.0,,68.0,0,Moderate,0,3,0
1389,82,Male,25.2,151.0,216.0,79.0,0,Low,1,2,1
1390,83,Female,39.7,151.0,197.0,80.0,0,High,1,1,0
1391,40,Male,32.6,133.0,229.0,73.0,0,Low,0,0,0
1392,56,Male,,144.0,235.0,60.0,1,Moderate,1,5,1
1393,88,Male,45.1,94.0,202.0,110.0,0,Moderate,3,5,1
1394,71,Male,22.5,158.0,142.0,116.0,1,High,1,0,0
1395,33,Female,33.9,124.0,138.0,106.0,0,High,0,0,0
1396,60,Female,19.1,150.0,199.0,86.0,0,Low,2,0,1
1397,62,Female,26.2,110.0,142.0,124.0,0,High,0,0,0
1398,65,Female,20.1,102.0,189.0,139.0,0,Low,1,1,1
1399,19,Female,28.9,143.0,234.0,167.0,0,Moderate,1,0,0
1400,39,Male,27.8,106.0,203.0,110.0,0,Low,1,0,0
1401,79,Male,25.8,130.0,211.0,96.0,0,Low,3,3,0
1402,35,Female,33.5,128.0,148.0,103.0,0,High,1,1,0
1403,39,Male,24.4,134.0,196.0,117.0,0,High,0,0,0
1404,41,Male,29.3,139.0,181.0,104.0,0,Low,1,1,0
1405,30,Female,32.0,122.0,194.0,108.0,0,Moderate,0,0,0
1406,29,Male,19.3,101.0,212.0,92.0,0,High,0,1,0
1407,42,Female,23.4,134.0,225.0,75.0,0,Moderate,0,2,0
1408,80,Female,27.8,147.0,215.0,60.0,0,High,2,0,1
1409,18,Female,31.0,85.0,198.0,93.0,1,Low,0,0,0
1410,38,Female,35.3,143.0,170.0,155.0,0,Low,1,1,0
1411,22,Male,26.3,85.0,224.0,141.0,0,Moderate,0,0,0
1412,58,Male,25.8,144.0,165.0,,0,Moderate,0,2,0
1413,36,Female,22.7,110.0,180.0,86.0,0,High,2,0,0
1414,75,Female,29.3,145.0,254.0,88.0,0,Low,1,1,0
1415,60,Male,25.9,137.0,182.0,146.0,0,Low,0,0,0
1416,74,Female,26.0,133.0,156.0,75.0,0,Low,1,0,0
1417,63,Female,27.0,137.0,186.0,106.0,0,Moderate,1,1,0
1418,49,Male,30.5,123.0,247.0,154.0,0,Low,0,2,0
1419,79,Female,24.4,147.0,123.0,105.0,0,Low,2,1,0
1420,52,Female,23.3,161.0,200.0,92.0,0,High,0,1,0
1421,86,Female,29.9,116.0,189.0,139.0,0,Moderate,2,2,0
1422,89,Female,15.0,88.0,208.0,90.0,1,High,1,1,0
1423,60,Female,24.2,122.0,187.0,106.0,0,Low,0,2,0
1424,66,Female,21.2,123.0,239.0,136.0,0,Low,1,2,0
1425,36,Male,34.1,114.0,190.0,60.0,0,Moderate,1,0,0
1426,76,Female,25.1,119.0,246.0,112.0,0,Low,2,0,0
1427,66,Female,24.4,145.0,252.0,81.0,0,High,0,1,0
1428,82,Female,27.2,114.0,212.0,100.0,0,High,1,0,0
1429,37,Female,24.2,128.0,175.0,104.0,0,Moderate,1,1,0
1430,74,Male,25.3,144.0,221.0,85.0,0,High,1,1,0
1431,51,Male,28.0,130.0,217.0,112.0,0,High,1,2,0
1432,31,Male,25.2,126.0,142.0,112.0,0,Moderate,2,1,0
1433,30,Female,25.1,133.0,194.0,108.0,0,Low,1,1,0
1434,58,Female,21.9,129.0,189.0,101.0,0,Low,2,1,0
1435,41,Male,21.2,116.0,175.0,94.0,1,Low,0,1,0
1436,25,Female,27.8,124.0,156.0,104.0,0,High,1,0,0
1437,48,Male,29.2,134.0,170.0,110.0,0,Moderate,1,1,0
1438,65,Male,19.6,144.0,250.0,70.0,0,High,0,1,0
1439,40,Female,31.7,94.0,176.0,145.0,0,Moderate,1,1,0
1440,86,Male,31.7,135.0,256.0,109.0,0,High,3,2,0
1441,74,Female,32.9,116.0,,103.0,0,Low,3,0,0
1442,54,Female,29.1,135.0,154.0,118.0,1,Moderate,0,0,0
1443,85,Male,31.0,149.0,220.0,108.0,0,Low,2,1,0
1444,49,Male,39.5,120.0,149.0,155.0,0,Moderate,0,2,0
1445,28,Male,25.8,106.0,207.0,127.0,0,Moderate,0,0,0
1446,20,Male,21.7,124.0,172.0,100.0,0,Low,1,0,0
1447,85,Female,19.1,135.0,245.0,118.0,0,Moderate,0,3,0
1448,87,Female,37.2,161.0,268.0,125.0,1,Low,3,4,1
1449,71,Female,37.2,161.0,140.0,89.0,0,Moderate,0,1,0
1450,25,Female,22.4,132.0,165.0,122.0,0,Moderate,2,1,0
1451,39,Female,23.5,125.0,144.0,60.0,0,Moderate,0,0,0
1452,20,Female,25.7,144.0,262.0,60.0,0,Moderate,0,0,0
1453,21,Female,34.2,119.0,164.0,133.0,0,Low,1,1,0
1454,35,Female,20.4,112.0,138.0,107.0,0,Moderate,0,0,0
1455,59,Female,16.7,117.0,285.0,100.0,0,Low,1,2,0
1456,22,Male,39.4,104.0,153.0,158.0,0,High,1,0,0
1457,88,Male,29.2,138.0,152.0,107.0,0,Moderate,1,1,1
1458,50,Female,30.0,132.0,151.0,99.0,0,High,0,0,0
1459,36,Male,26.4,97.0,193.0,125.0,0,Moderate,0,2,0
1460,55,Male,30.1,120.0,199.0,91.0,1,Low,0,1,0
1461,74,Male,19.2,137.0,175.0,88.0,0,Moderate,1,2,0
1462,40,Male,22.9,132.0,172.0,106.0,0,Moderate,1,0,0
1463,21,Female,28.1,114.0,183.0,115.0,1,Moderate,0,1,0
1464,21,Female,15.0,119.0,231.0,80.0,1,Moderate,1,1,0
1465,79,Male,25.8,115.0,222.0,91.0,0,Moderate,2,1,0
1466,26,Female,25.5,102.0,162.0,74.0,1,Moderate,0,0,0
1467,63,Female,25.8,129.0,193.0,83.0,1,Moderate,0,1,0
1468,45,Female,24.5,131.0,222.0,149.0,0,Low,1,5,1
1469,73,Female,22.0,137.0,270.0,91.0,0,Moderate,1,1,0
1470,22,Male,17.5,102.0,139.0,97.0,0,Moderate,0,1,0
1471,82,Male,28.3,132.0,253.0,68.0,0,Moderate,1,0,0
1472,68,Female,25.8,155.0,192.0,170.0,1,Low,1,3,1
1473,50,Female,19.9,134.0,133.0,73.0,0,High,0,3,0
1474,32,Female,27.8,116.0,117.0,76.0,0,High,1,0,0
1475,88,Female,25.9,122.0,265.0,102.0,0,Low,1,2,0
1476,39,Female,25.0,110.0,245.0,79.0,0,High,1,0,0
1477,53,Male,15.6,126.0,175.0,99.0,0,High,0,1,0
1478,46,Female,31.3,128.0,185.0,72.0,0,Moderate,0,3,0
1479,34,Male,20.7,128.0,119.0,126.0,0,High,0,1,0
1480,47,Male,27.8,130.0,222.0,131.0,0,Moderate,0,1,0
1481,28,Male,23.1,111.0,183.0,96.0,0,Low,2,0,0
1482,18,Female,25.4,106.0,120.0,60.0,0,Low,0,0,0
1483,38,Male,33.8,154.0,197.0,93.0,0,Low,0,1,0
1484,26,Female,30.4,108.0,130.0,,1,Moderate,0,1,0
1485,47,Female,33.7,103.0,215.0,83.0,0,Low,1,1,0
1486,80,Female,29.3,109.0,169.0,81.0,0,Low,1,1,0
1487,29,Male,29.7,112.0,197.0,136.0,0,Moderate,2,0,1
1488,18,Female,17.7,129.0,154.0,96.0,0,Low,1,1,0
1489,25,Male,25.8,107.0,100.0,107.0,0,Low,1,0,0
1490,54,Female,26.3,150.0,235.0,118.0,0,Moderate,0,0,0
1491,37,Female,34.2,120.0,228.0,111.0,1,Moderate,3,2,0
1492,53,Male,24.7,144.0,177.0,100.0,0,Moderate,0,1,1
1493,20,Male,29.0,102.0,190.0,120.0,0,Low,1,1,0
1494,41,Male,28.7,110.0,207.0,128.0,0,Moderate,0,0,0
1495,47,Female,33.9,125.0,211.0,128.0,1,Low,0,1,0
1496,49,Female,26.8,132.0,260.0,143.0,0,Moderate,1,1,0
1497,57,Male,32.1,125.0,214.0,113.0,1,Moderate,0,1,0
1498,74,Female,18.1,138.0,193.0,60.0,0,High,1,0,0
1499,51,Male,18.6,135.0,212.0,122.0,0,Low,0,1,0
1500,78,Female,15.0,112.0,193.0,82.0,0,High,1,3,0
1501,56,Male,31.8,122.0,158.0,92.0,0,Low,0,0,0
1502,36,Male,31.2,112.0,234.0,129.0,1,Moderate,1,0,0
1503,34,Female,32.4,112.0,207.0,122.0,0,Moderate,0,1,0
1504,41,Male,23.8,128.0,120.0,67.0,0,Moderate,0,2,0
1505,61,Male,24.4,121.0,175.0,119.0,0,High,4,2,0
1506,35,Female,26.8,88.0,216.0,153.0,1,Moderate,0,2,0
1507,83,Male,35.4,133.0,152.0,125.0,0,Moderate,3,0,0
1508,52,Female,36.8,109.0,,112.0,0,High,0,1,0
1509,80,Male,31.9,143.0,311.0,68.0,0,Low,0,3,1
1510,67,Male,29.3,144.0,191.0,162.0,0,Moderate,0,2,0
1511,42,Male,34.8,87.0,232.0,102.0,1,Moderate,2,2,0
1512,34,Female,26.1,107.0,244.0,67.0,0,Moderate,0,0,0
1513,71,Male,25.3,138.0,171.0,106.0,0,High,2,1,0
1514,41,Male,26.8,99.0,201.0,131.0,0,Moderate,1,2,0
1515,35,Female,22.1,132.0,266.0,130.0,0,Low,0,2,0
1516,84,Male,26.5,154.0,229.0,87.0,0,Moderate,2,1,1
1517,52,Male,21.4,123.0,286.0,95.0,0,High,1,0,0
1518,21,Male,33.1,102.0,156.0,114.0,0,Low,0,0,0
1519,53,Male,30.5,89.0,265.0,135.0,0,Low,1,2,1
1520,51,Male,35.4,138.0,196.0,132.0,0,Low,2,1,1
1521,80,Female,18.5,168.0,198.0,100.0,1,Low,1,1,1
1522,69,Male,38.0,160.0,229.0,144.0,1,Low,1,0,0
1523,31,Male,18.9,115.0,181.0,60.0,0,Moderate,2,2,0
1524,28,Female,20.9,100.0,181.0,107.0,0,Low,0,1,0
1525,61,Male,24.1,142.0,219.0,107.0,0,High,1,2,0
1526,21,Female,34.7,113.0,112.0,114.0,0,Low,2,0,0
1527,40,Male,28.7,129.0,160.0,101.0,0,Moderate,1,0,0
1528,27,Female,26.2,122.0,211.0,107.0,0,Low,0,0,0
1529,19,Female,23.1,116.0,217.0,85.0,0,Low,1,1,0
1530,84,Male,19.9,153.0,226.0,166.0,1,Low,0,2,0
1531,24,Female,33.7,133.0,192.0,150.0,1,Moderate,0,1,0
1532,18,Male,31.9,105.0,194.0,140.0,0,Moderate,0,2,0
1533,85,Female,34.9,122.0,249.0,102.0,0,Moderate,0,0,0
1534,31,Male,29.7,85.0,131.0,84.0,0,Moderate,0,2,0
1535,76,Female,15.0,129.0,189.0,83.0,0,Moderate,1,1,0
1536,20,Female,20.7,97.0,177.0,99.0,0,High,0,2,0
1537,29,Female,30.1,124.0,192.0,72.0,0,Low,0,1,0
1538,25,Male,25.5,111.0,102.0,115.0,1,Low,2,0,0
1539,68,Female,24.4,128.0,156.0,129.0,0,Moderate,0,1,0
1540,62,Female,21.4,142.0,200.0,60.0,1,High,1,1,0
1541,52,Female,32.7,132.0,234.0,90.0,0,High,0,1,0
1542,35,Female,30.0,118.0,172.0,141.0,0,Moderate,1,1,0
1543,24,Male,30.3,143.0,157.0,,0,Low,1,0,1
1544,58,Female,24.0,140.0,219.0,78.0,0,Moderate,1,1,0
1545,34,Female,28.5,113.0,175.0,126.0,0,Low,1,1,1
1546,60,Male,20.1,123.0,233.0,80.0,0,Low,0,3,0
1547,67,Female,26.8,144.0,195.0,99.0,0,Low,0,1,0
1548,79,Female,15.0,138.0,167.0,60.0,0,High,4,1,0
1549,53,Male,18.9,108.0,250.0,94.0,0,Moderate,1,1,0
1550,18,Male,25.7,128.0,226.0,130.0,1,Low,1,0,0
1551,38,Male,40.6,141.0,153.0,,0,Low,3,1,0
1552,79,Male,17.6,154.0,,109.0,0,High,2,1,1
1553,56,Female,20.7,152.0,186.0,95.0,1,Moderate,1,1,0
1554,62,Female,28.7,162.0,225.0,135.0,0,Low,1,2,1
1555,50,Female,37.2,153.0,162.0,107.0,0,High,1,0,0
1556,29,Female,28.6,123.0,218.0,148.0,0,Moderate,0,1,0
1557,82,Male,31.4,133.0,256.0,129.0,0,Moderate,3,3,0
1558,73,Female,25.6,104.0,171.0,109.0,0,Moderate,1,2,0
1559,89,Female,24.7,139.0,217.0,109.0,0,Moderate,1,3,1
1560,79,Male,28.0,143.0,256.0,94.0,1,Low,0,0,0
1561,38,Male,23.9,121.0,151.0,87.0,0,Low,1,1,0
1562,36,Female,31.5,90.0,163.0,118.0,0,Moderate,1,0,0
1563,35,Female,18.7,115.0,213.0,62.0,1,Moderate,0,1,0
1564,84,Female,32.4,147.0,206.0,97.0,0,High,1,2,0
1565,58,Male,27.7,111.0,139.0,82.0,0,High,3,2,0
1566,50,Male,26.3,128.0,183.0,119.0,0,Moderate,1,1,0
1567,87,Male,18.5,145.0,280.0,108.0,1,Moderate,3,1,0
1568,61,Female,22.1,147.0,279.0,131.0,0,Moderate,0,4,0
1569,83,Female,34.1,164.0,187.0,106.0,0,Low,1,1,1
1570,88,Male,26.4,132.0,179.0,,0,Low,0,2,0
1571,23,Male,29.0,118.0,164.0,70.0,0,Moderate,0,1,0
1572,44,Female,22.7,126.0,260.0,106.0,0,Moderate,2,0,1
1573,70,Female,27.3,142.0,,142.0,0,High,2,0,1
1574,76,Female,20.0,143.0,264.0,,0,Low,3,2,0
1575,28,Female,28.0,140.0,222.0,107.0,0,Moderate,0,1,0
1576,40,Female,29.5,85.0,140.0,108.0,0,High,1,0,0
1577,57,Female,29.3,134.0,162.0,115.0,0,Moderate,1,2,0
1578,75,Female,22.5,142.0,181.0,125.0,1,Low,1,0,0
1579,26,Female,25.6,113.0,163.0,153.0,0,Moderate,0,0,0
1580,61,Male,30.5,93.0,175.0,123.0,1,High,1,0,0
1581,39,Female,26.3,120.0,168.0,119.0,0,Low,0,0,0
1582,33,Female,25.9,108.0,211.0,97.0,0,Moderate,2,1,0
1583,55,Male,38.0,154.0,203.0,118.0,1,Moderate,0,0,0
1584,47,Female,22.3,130.0,240.0,95.0,0,Low,1,0,0
1585,63,Male,33.4,117.0,211.0,104.0,1,Moderate,1,2,1
1586,40,Male,21.1,89.0,164.0,100.0,0,Moderate,2,0,0
1587,77,Male,31.1,144.0,216.0,127.0,0,Moderate,1,2,1
1588,23,Male,31.4,127.0,124.0,113.0,0,Moderate,0,1,0
1589,80,Female,24.7,132.0,122.0,94.0,0,Low,1,2,0
1590,20,Female,20.8,124.0,204.0,100.0,0,Low,1,0,0
1591,70,Male,,126.0,244.0,66.0,0,Moderate,0,2,0
1592,42,Female,24.1,139.0,194.0,122.0,0,Low,0,2,1
1593,45,Female,30.4,139.0,178.0,99.0,0,Moderate,0,0,0
1594,19,Female,21.6,88.0,129.0,67.0,0,Moderate,1,0,0
1595,68,Female,28.0,109.0,248.0,118.0,1,Low,3,1,1
1596,29,Female,19.4,150.0,203.0,108.0,0,High,1,0,0
1597,65,Female,26.2,145.0,214.0,82.0,0,Moderate,0,0,0
1598,70,Female,21.2,112.0,205.0,113.0,0,High,0,1,0
1599,78,Female,27.1,110.0,191.0,122.0,0,Low,2,4,1
1600,68,Male,24.7,135.0,162.0,153.0,0,High,2,2,1
1601,39,Female,21.0,103.0,199.0,90.0,0,Moderate,0,0,0
1602,71,Male,23.9,127.0,185.0,99.0,0,High,2,3,0
1603,77,Female,22.4,134.0,,83.0,0,Moderate,0,2,0
1604,40,Female,,120.0,255.0,108.0,0,High,0,1,1
1605,26,Female,33.5,135.0,181.0,114.0,1,Low,0,0,0
1606,82,Female,25.5,166.0,118.0,129.0,0,Moderate,2,2,1
1607,28,Female,15.4,110.0,164.0,77.0,0,Low,0,0,0
1608,60,Female,,110.0,162.0,113.0,0,Moderate,2,1,0
1609,35,Female,32.5,126.0,182.0,107.0,1,Low,0,0,0
1610,27,Female,23.3,143.0,129.0,,0,High,1,0,0
1611,73,Male,35.7,127.0,223.0,,1,Moderate,2,2,1
1612,28,Female,22.8,131.0,173.0,60.0,0,Moderate,0,1,0
1613,66,Female,30.3,117.0,185.0,105.0,0,High,1,3,0
1614,67,Female,,131.0,209.0,110.0,0,High,1,1,0
1615,22,Female,30.0,97.0,178.0,109.0,0,High,2,0,0
1616,30,Female,19.9,118.0,180.0,96.0,1,Low,1,0,0
1617,75,Male,22.3,132.0,199.0,99.0,0,High,0,1,0
1618,54,Male,33.9,136.0,196.0,124.0,1,Moderate,0,0,0
1619,26,Male,23.1,145.0,196.0,97.0,0,High,0,0,0
1620,89,Female,32.9,132.0,223.0,181.0,0,Moderate,0,0,0
1621,37,Female,25.1,88.0,231.0,93.0,1,Moderate,1,0,0
1622,18,Female,28.3,111.0,158.0,75.0,0,Low,2,1,0
1623,84,Female,19.9,142.0,221.0,60.0,0,Low,0,2,0
1624,19,Male,24.2,117.0,272.0,118.0,0,Moderate,1,0,0
1625,57,Female,22.7,125.0,197.0,60.0,0,Low,1,5,1
1626,89,Female,28.7,162.0,214.0,76.0,0,Moderate,1,3,0
1627,59,Female,28.0,130.0,151.0,71.0,1,Low,0,1,0
1628,60,Female,30.0,127.0,173.0,121.0,1,Low,1,0,0
1629,45,Male,24.8,111.0,188.0,137.0,1,Low,1,0,1
1630,27,Female,22.4,89.0,204.0,74.0,0,Low,1,3,0
1631,59,Female,28.5,133.0,224.0,118.0,0,Low,1,0,1
1632,82,Female,21.8,140.0,223.0,60.0,0,Moderate,1,1,0
1633,24,Male,33.4,99.0,213.0,95.0,0,Moderate,0,2,0
1634,81,Male,26.9,135.0,173.0,121.0,0,Low,3,2,0
1635,47,Male,25.7,122.0,212.0,95.0,0,Low,2,3,0
1636,56,Male,30.0,117.0,199.0,135.0,0,High,1,3,0
1637,29,Male,27.1,105.0,189.0,,0,Low,0,2,0
1638,62,Male,18.4,136.0,187.0,74.0,0,Moderate,1,4,1
1639,31,Male,21.7,115.0,149.0,109.0,0,Moderate,1,3,0
1640,37,Male,33.3,111.0,142.0,125.0,1,Low,1,0,0
1641,69,Female,28.0,118.0,,120.0,0,High,0,3,0
1642,21,Female,18.3,113.0,199.0,98.0,0,Moderate,0,0,1
1643,50,Male,29.4,140.0,190.0,79.0,0,High,0,1,0
1644,60,Female,24.4,132.0,199.0,81.0,0,Low,0,1,0
1645,27,Male,22.7,113.0,156.0,159.0,0,Moderate,1,0,0
1646,39,Female,21.2,126.0,209.0,64.0,1,Moderate,1,0,0
1647,42,Male,33.0,144.0,193.0,77.0,0,Low,1,1,0
1648,65,Male,16.7,138.0,189.0,,0,High,0,1,0
1649,88,Male,22.9,142.0,247.0,72.0,0,High,3,4,0
1650,78,Male,28.2,145.0,234.0,153.0,1,Moderate,2,1,0
1651,31,Male,36.2,116.0,127.0,189.0,0,High,0,4,0
1652,19,Male,30.5,117.0,181.0,104.0,0,Low,1,1,0
1653,21,Male,22.8,107.0,144.0,107.0,0,Moderate,2,0,0
1654,60,Female,35.9,104.0,205.0,70.0,0,Low,2,1,1
1655,29,Female,20.0,123.0,100.0,122.0,0,High,0,0,0
1656,34,Male,29.0,125.0,,60.0,0,Moderate,0,0,0
1657,79,Male,30.2,131.0,237.0,75.0,0,High,1,3,0
1658,80,Female,22.7,152.0,206.0,102.0,0,Low,2,0,0
1659,78,Female,31.3,123.0,165.0,125.0,1,Low,0,2,0
1660,36,Female,24.7,92.0,262.0,63.0,0,Moderate,0,1,0
1661,62,Male,31.3,118.0,245.0,97.0,0,Low,0,1,0
1662,61,Female,17.4,104.0,180.0,60.0,0,Low,1,1,0
1663,31,Female,29.3,124.0,176.0,100.0,0,Moderate,0,0,0
1664,57,Male,25.2,115.0,123.0,82.0,0,Low,1,0,0
1665,55,Female,33.8,143.0,215.0,98.0,1,Moderate,1,1,0
1666,46,Male,27.3,139.0,141.0,122.0,0,High,1,1,0
1667,72,Male,34.4,118.0,231.0,123.0,0,Moderate,1,1,1
1668,66,Female,30.3,118.0,242.0,124.0,0,Moderate,1,2,1
1669,56,Female,26.8,136.0,195.0,101.0,0,Low,0,0,0
1670,70,Female,31.8,148.0,165.0,130.0,0,Low,3,6,1
1671,72,Male,31.9,100.0,253.0,111.0,0,Low,2,2,1
1672,58,Male,30.1,132.0,199.0,97.0,1,High,2,2,1
1673,37,Female,15.0,85.0,192.0,103.0,0,Low,1,0,0
1674,72,Female,22.1,124.0,171.0,87.0,0,High,1,0,0
1675,69,Female,35.1,149.0,212.0,108.0,0,Moderate,2,2,0
1676,88,Female,20.6,186.0,206.0,124.0,0,High,3,2,0
1677,28,Female,32.4,113.0,134.0,138.0,0,Low,0,0,0
1678,48,Male,31.4,104.0,245.0,103.0,0,High,0,0,0
1679,84,Male,23.5,129.0,279.0,123.0,0,High,0,2,0
1680,55,Male,16.5,128.0,236.0,60.0,1,Moderate,0,2,0
1681,85,Male,24.4,127.0,246.0,94.0,1,High,2,2,0
1682,18,Male,38.9,99.0,246.0,102.0,0,Low,0,0,0
1683,20,Female,22.8,108.0,140.0,99.0,1,Low,0,0,0
1684,75,Male,23.1,140.0,167.0,119.0,0,High,3,0,0
1685,43,Female,22.0,120.0,176.0,112.0,0,Low,0,2,1
1686,55,Male,34.2,113.0,209.0,126.0,0,Low,1,0,0
1687,48,Female,26.2,114.0,183.0,107.0,0,Moderate,0,2,1
1688,47,Female,24.1,117.0,155.0,97.0,1,High,1,1,0
1689,85,Male,35.3,121.0,213.0,148.0,1,High,2,2,1
1690,24,Male,30.7,105.0,178.0,70.0,0,Low,0,0,0
1691,73,Male,22.4,143.0,238.0,81.0,0,Low,0,1,1
1692,82,Female,20.8,133.0,213.0,107.0,0,Moderate,0,2,0
1693,65,Female,33.9,102.0,130.0,154.0,0,High,2,0,1
1694,46,Female,27.6,140.0,208.0,97.0,0,Low,0,0,0
1695,29,Female,19.0,124.0,245.0,87.0,0,Low,0,0,0
1696,67,Male,17.7,109.0,205.0,60.0,0,Moderate,0,3,0
1697,51,Female,21.4,120.0,233.0,83.0,0,Low,0,2,0
1698,28,Male,20.7,105.0,165.0,115.0,0,Moderate,0,0,0
1699,43,Female,16.2,133.0,213.0,131.0,0,Moderate,1,1,0
1700,87,Female,21.5,132.0,185.0,90.0,0,Moderate,0,3,0
1701,37,Female,22.4,119.0,179.0,78.0,1,Moderate,0,2,0
1702,30,Female,25.0,115.0,176.0,104.0,1,High,0,0,0
1703,67,Female,36.8,107.0,222.0,77.0,0,Moderate,0,1,0
1704,32,Female,26.0,141.0,155.0,136.0,0,High,2,1,0
1705,84,Male,26.6,147.0,156.0,72.0,0,Moderate,1,5,0
1706,79,Male,30.3,123.0,227.0,118.0,0,Moderate,1,4,1
1707,88,Female,26.2,141.0,230.0,112.0,0,Moderate,0,1,0
1708,83,Male,29.7,152.0,,,0,Moderate,1,5,1
1709,35,Male,29.0,121.0,223.0,114.0,0,Low,0,1,0
1710,33,Male,28.2,144.0,179.0,107.0,1,Moderate,1,0,0
1711,42,Female,42.7,169.0,202.0,138.0,1,High,1,0,0
1712,51,Female,32.5,123.0,182.0,134.0,1,Moderate,0,0,0
1713,81,Female,21.6,127.0,201.0,144.0,0,Moderate,5,2,1
1714,70,Female,29.5,116.0,218.0,80.0,0,Moderate,1,2,0
1715,64,Female,23.1,94.0,288.0,60.0,0,Moderate,0,0,0
1716,81,Female,30.0,156.0,239.0,69.0,0,Moderate,0,0,1
1717,64,Male,19.9,124.0,223.0,60.0,0,Low,0,1,0
1718,45,Female,21.4,137.0,222.0,66.0,0,Low,1,0,0
1719,47,Female,29.4,141.0,104.0,74.0,0,High,2,1,0
1720,55,Male,33.0,109.0,210.0,103.0,0,Low,1,0,0
1721,24,Male,,101.0,217.0,132.0,0,Moderate,0,1,0
1722,71,Female,32.2,160.0,209.0,129.0,0,Moderate,3,1,0
1723,64,Female,29.6,129.0,200.0,92.0,0,Low,0,2,0
1724,70,Male,28.4,121.0,169.0,93.0,1,Low,3,3,1
1725,56,Male,24.7,110.0,182.0,154.0,0,High,1,0,0
1726,74,Female,32.0,131.0,175.0,127.0,0,Low,1,2,1
1727,86,Female,33.1,162.0,251.0,118.0,1,Low,1,0,1
1728,59,Female,27.2,139.0,257.0,108.0,1,Low,1,0,1
1729,49,Female,26.9,128.0,268.0,97.0,0,Low,1,2,1
1730,25,Female,36.3,142.0,150.0,170.0,1,Moderate,0,0,0
1731,74,Female,27.4,156.0,182.0,101.0,0,High,0,0,1
1732,83,Male,27.9,142.0,183.0,110.0,0,Low,1,1,0
1733,68,Male,30.2,176.0,165.0,67.0,1,Moderate,1,1,0
1734,80,Female,27.0,132.0,172.0,88.0,0,Moderate,4,3,1
1735,80,Male,23.0,153.0,190.0,85.0,0,Low,4,3,1
1736,75,Female,29.6,127.0,241.0,121.0,0,Low,1,1,1
1737,54,Male,27.3,141.0,170.0,85.0,0,Moderate,0,0,0
1738,25,Male,37.6,112.0,223.0,121.0,1,Moderate,1,2,0
1739,18,Male,31.8,121.0,,96.0,0,High,0,1,0
1740,32,Male,24.2,157.0,197.0,72.0,0,Moderate,1,0,0
1741,49,Female,31.5,140.0,241.0,82.0,0,Low,1,0,0
1742,71,Female,29.2,140.0,154.0,104.0,0,Moderate,4,2,0
1743,50,Female,34.7,113.0,174.0,118.0,0,Low,0,1,0
1744,19,Male,24.6,117.0,187.0,97.0,0,Low,0,0,0
1745,33,Female,28.5,103.0,195.0,85.0,0,Low,2,0,0
1746,88,Male,27.0,152.0,268.0,101.0,0,Low,2,3,1
1747,89,Male,27.8,152.0,177.0,98.0,0,Moderate,0,1,0
1748,45,Male,22.6,120.0,172.0,72.0,0,Low,2,1,1
1749,75,Male,30.7,160.0,204.0,112.0,0,High,2,0,0
1750,69,Male,29.8,156.0,,156.0,0,Low,0,4,0
1751,85,Male,,140.0,173.0,112.0,0,Moderate,2,3,1
1752,81,Male,27.4,145.0,192.0,68.0,1,Moderate,1,2,1
1753,63,Female,25.2,120.0,192.0,141.0,1,High,0,0,0
1754,46,Female,31.8,119.0,248.0,144.0,0,Moderate,1,1,0
1755,63,Male,23.1,112.0,163.0,137.0,1,High,0,2,0
1756,40,Male,33.5,114.0,,113.0,1,Low,1,2,1
1757,43,Male,33.5,121.0,240.0,94.0,0,Low,0,1,0
1758,61,Female,34.4,102.0,181.0,92.0,1,Moderate,2,1,0
1759,59,Female,29.6,137.0,,138.0,0,Moderate,0,0,0
1760,59,Male,24.8,145.0,221.0,144.0,1,Low,0,3,0
1761,45,Male,28.1,123.0,208.0,83.0,0,Low,0,3,0
1762,47,Male,29.6,85.0,197.0,60.0,1,Low,0,3,1
1763,18,Male,24.4,110.0,153.0,101.0,0,Moderate,0,0,0
1764,61,Male,34.8,107.0,226.0,92.0,0,Low,1,1,1
1765,59,Male,30.7,118.0,185.0,92.0,0,Moderate,1,1,0
1766,85,Female,22.6,160.0,214.0,,1,Moderate,0,0,0
1767,54,Female,37.9,87.0,204.0,131.0,0,High,0,0,0
1768,51,Female,28.0,112.0,228.0,86.0,0,High,0,1,0
1769,22,Male,21.5,128.0,254.0,101.0,1,Low,0,1,0
1770,32,Male,22.9,107.0,158.0,96.0,0,Low,1,0,0
1771,42,Male,35.7,110.0,193.0,60.0,0,Low,1,0,1
1772,45,Male,37.5,156.0,136.0,134.0,0,High,1,0,0
1773,44,Male,33.1,129.0,248.0,102.0,0,Low,1,0,0
1774,46,Male,34.8,139.0,195.0,83.0,1,Moderate,0,2,0
1775,73,Male,34.2,141.0,195.0,96.0,1,Low,3,0,0
1776,27,Male,30.6,120.0,185.0,115.0,0,Moderate,1,1,0
1777,41,Female,29.3,142.0,194.0,109.0,0,Low,1,2,0
1778,29,Female,30.5,148.0,157.0,127.0,0,Moderate,0,1,0
1779,40,Female,31.5,95.0,235.0,123.0,1,Moderate,0,2,1
1780,67,Male,23.4,130.0,228.0,69.0,0,High,2,1,0
1781,21,Male,31.5,114.0,210.0,60.0,0,High,3,0,0
1782,42,Female,35.5,115.0,165.0,120.0,0,High,2,0,0
1783,19,Female,26.4,130.0,,121.0,0,Low,1,0,0
1784,86,Female,25.8,142.0,209.0,98.0,1,Low,1,1,0
1785,70,Male,30.1,163.0,235.0,127.0,0,Low,2,2,0
1786,35,Female,23.9,137.0,207.0,75.0,0,Moderate,1,2,0
1787,32,Female,20.3,141.0,156.0,,0,Low,0,0,0
1788,25,Female,33.8,97.0,208.0,91.0,0,Low,0,0,0
1789,52,Female,25.0,113.0,159.0,120.0,0,Low,2,1,0
1790,72,Male,27.6,121.0,181.0,82.0,0,Low,0,2,1
1791,60,Female,24.1,150.0,206.0,154.0,0,Moderate,0,0,0
1792,81,Female,34.5,120.0,166.0,102.0,0,Moderate,1,0,1
1793,42,Male,32.2,107.0,154.0,133.0,0,Low,0,0,0
1794,38,Male,26.2,103.0,248.0,91.0,1,High,0,2,0
1795,52,Male,21.0,170.0,248.0,131.0,1,Moderate,1,2,0
1796,32,Female,25.6,116.0,273.0,137.0,0,Low,0,0,0
1797,88,Male,30.6,147.0,,102.0,0,High,1,1,0
1798,31,Female,28.5,100.0,210.0,114.0,0,Moderate,1,1,0
1799,52,Female,28.1,141.0,190.0,140.0,1,Moderate,1,3,0
1800,55,Male,28.7,98.0,184.0,115.0,0,Moderate,1,2,0
1801,22,Male,31.7,100.0,214.0,88.0,0,Low,2,0,0
1802,51,Female,27.3,114.0,247.0,107.0,0,High,1,2,0
1803,50,Female,30.0,129.0,225.0,90.0,0,Low,0,1,0
1804,36,Male,22.1,107.0,156.0,,0,Low,0,1,0
1805,27,Female,41.5,141.0,198.0,105.0,1,Moderate,0,1,1
1806,21,Male,25.9,123.0,151.0,113.0,0,High,1,0,0
1807,18,Female,28.6,103.0,167.0,61.0,1,Moderate,0,1,0
1808,52,Female,,142.0,258.0,81.0,1,High,0,1,0
1809,24,Female,25.2,110.0,136.0,,0,Low,2,0,0
1810,87,Male,27.5,129.0,296.0,102.0,0,High,0,2,0
1811,35,Male,27.5,134.0,208.0,66.0,0,Low,0,1,0
1812,64,Female,22.5,91.0,184.0,76.0,0,Low,2,2,0
1813,66,Female,29.9,142.0,206.0,129.0,0,Moderate,1,0,0
1814,53,Female,18.4,115.0,170.0,116.0,1,Low,0,1,0
1815,81,Male,37.1,124.0,190.0,60.0,0,Low,0,0,1
1816,25,Female,31.9,148.0,185.0,97.0,1,Moderate,1,0,0
1817,34,Female,,111.0,,144.0,0,Moderate,0,0,0
1818,36,Male,17.9,135.0,153.0,102.0,0,High,1,1,0
1819,27,Female,23.1,121.0,175.0,110.0,0,High,1,1,0
1820,39,Male,35.1,127.0,140.0,,0,High,0,0,0
1821,40,Female,50.0,117.0,142.0,112.0,0,Moderate,0,1,0
1822,73,Female,34.1,128.0,158.0,121.0,0,Low,0,2,0
1823,39,Female,33.2,146.0,253.0,126.0,0,High,1,1,0
1824,81,Male,30.4,151.0,226.0,113.0,0,Low,3,1,0
1825,73,Female,22.8,125.0,229.0,89.0,0,Low,0,4,0
1826,82,Female,33.0,119.0,211.0,,0,Moderate,1,1,0
1827,25,Female,21.4,107.0,202.0,68.0,1,Moderate,0,1,0
1828,88,Male,20.8,154.0,259.0,112.0,0,Low,1,1,1
1829,62,Female,20.5,148.0,216.0,60.0,0,Low,0,3,0
1830,88,Male,32.9,147.0,276.0,92.0,0,Low,1,3,1
1831,43,Female,27.2,97.0,190.0,123.0,0,Low,0,0,0
1832,86,Female,28.1,150.0,236.0,114.0,1,Low,1,5,1
1833,60,Female,27.4,149.0,227.0,93.0,0,High,0,2,0
1834,23,Female,21.3,118.0,146.0,60.0,0,High,0,1,0
1835,47,Female,23.8,156.0,195.0,99.0,0,Low,1,0,0
1836,27,Female,24.1,96.0,114.0,85.0,0,Low,0,0,0
1837,85,Female,19.8,148.0,208.0,107.0,0,High,3,4,1
1838,39,Female,24.7,105.0,179.0,88.0,0,Moderate,0,0,0
1839,34,Male,21.6,136.0,174.0,60.0,1,Moderate,0,0,0
1840,57,Male,30.7,137.0,183.0,74.0,0,High,0,2,0
1841,48,Female,31.1,153.0,213.0,100.0,0,High,0,1,0
1842,24,Male,20.4,124.0,148.0,99.0,0,Low,0,0,0
1843,76,Female,25.9,128.0,279.0,73.0,0,Moderate,0,2,0
1844,78,Male,37.7,127.0,231.0,100.0,0,Moderate,2,2,1
1845,71,Male,22.1,128.0,175.0,119.0,0,High,0,3,0
1846,62,Female,29.8,121.0,226.0,138.0,0,Moderate,0,0,0
1847,46,Female,28.1,145.0,231.0,114.0,0,Moderate,0,0,0
1848,57,Male,,148.0,213.0,107.0,1,Low,1,1,1
1849,55,Male,29.1,103.0,159.0,92.0,0,Moderate,1,0,0
1850,29,Female,25.1,118.0,270.0,116.0,0,Moderate,2,1,0
1851,23,Male,27.9,117.0,206.0,98.0,0,Low,1,0,0
1852,36,Male,27.9,108.0,141.0,130.0,1,High,2,1,0
1853,50,Female,27.0,132.0,203.0,130.0,0,Moderate,0,2,1
1854,29,Female,20.2,141.0,176.0,,0,High,1,1,0
1855,25,Female,34.3,131.0,183.0,102.0,1,High,2,1,0
1856,79,Female,33.4,157.0,164.0,103.0,0,Moderate,0,5,1
1857,44,Female,21.8,111.0,194.0,60.0,0,Moderate,2,1,0
1858,60,Female,25.8,129.0,168.0,102.0,0,High,0,0,0
1859,55,Male,26.3,114.0,184.0,102.0,0,Low,0,1,0
1860,70,Male,21.1,136.0,220.0,61.0,0,Moderate,0,2,0
1861,71,Male,17.2,138.0,187.0,153.0,1,High,0,4,0
1862,39,Female,23.8,137.0,178.0,115.0,0,Low,0,0,0
1863,79,Female,,156.0,241.0,81.0,0,Moderate,3,1,0
1864,44,Male,19.6,134.0,158.0,148.0,1,Low,0,1,0
1865,78,Female,28.5,121.0,184.0,94.0,0,Moderate,0,4,1
1866,47,Male,33.9,102.0,146.0,136.0,0,High,0,2,0
1867,25,Female,32.1,125.0,151.0,114.0,0,Low,0,0,0
1868,72,Male,26.8,157.0,211.0,93.0,0,Low,2,0,0
1869,20,Male,17.4,114.0,204.0,83.0,1,Low,1,1,0
1870,73,Male,31.4,109.0,176.0,149.0,0,Moderate,0,1,0
1871,21,Male,28.3,148.0,204.0,130.0,0,Low,2,0,0
1872,32,Female,29.8,127.0,190.0,106.0,0,Moderate,1,1,0
1873,61,Male,38.1,132.0,148.0,67.0,0,Moderate,2,0,0
1874,85,Male,23.0,119.0,219.0,107.0,1,Moderate,3,1,1
1875,47,Female,15.0,124.0,,60.0,0,High,0,0,0
1876,26,Male,21.7,128.0,111.0,112.0,0,Moderate,0,0,0
1877,34,Female,30.2,127.0,263.0,91.0,0,Low,1,0,0
1878,82,Female,27.6,125.0,188.0,90.0,0,High,5,1,1
1879,70,Female,20.8,131.0,142.0,80.0,0,Moderate,1,0,0
1880,25,Female,19.7,106.0,188.0,121.0,0,High,0,0,0
1881,45,Male,25.5,150.0,224.0,60.0,1,High,0,2,0
1882,37,Female,20.6,135.0,178.0,115.0,0,Low,0,0,0
1883,30,Female,30.4,110.0,197.0,119.0,1,Low,2,0,0
1884,78,Female,25.2,116.0,290.0,101.0,0,Moderate,3,3,1
1885,62,Female,24.1,134.0,209.0,89.0,0,Low,1,0,0
1886,30,Male,23.3,110.0,298.0,112.0,0,Moderate,1,2,0
1887,64,Male,,123.0,250.0,96.0,0,High,1,0,0
1888,47,Female,27.7,106.0,195.0,94.0,0,Moderate,0,1,1
1889,22,Female,28.6,99.0,192.0,109.0,0,Low,2,0,0
1890,50,Male,28.5,128.0,183.0,152.0,0,Low,0,1,0
1891,31,Male,27.1,114.0,195.0,66.0,0,Moderate,1,0,0
1892,35,Male,21.8,160.0,209.0,111.0,0,High,0,0,0
1893,81,Male,23.5,145.0,195.0,96.0,0,High,0,1,0
1894,69,Male,25.3,113.0,152.0,97.0,1,Low,1,1,1
1895,27,Female,38.9,92.0,234.0,82.0,0,Low,0,3,0
1896,79,Female,20.1,142.0,246.0,60.0,0,High,1,1,0
1897,59,Female,25.2,122.0,146.0,111.0,0,High,2,3,0
1898,80,Male,28.0,157.0,216.0,73.0,0,Low,2,0,0
1899,71,Female,25.8,137.0,245.0,130.0,0,Low,2,5,1
1900,42,Female,33.4,90.0,,88.0,1,Moderate,3,0,0
1901,56,Female,25.8,111.0,172.0,118.0,0,Low,2,0,0
1902,56,Male,26.2,116.0,235.0,89.0,0,Moderate,4,2,0
1903,69,Male,32.0,139.0,205.0,96.0,0,Low,2,4,1
1904,35,Male,37.5,103.0,202.0,96.0,0,High,0,0,0
1905,41,Female,35.2,124.0,156.0,128.0,0,Low,0,1,0
1906,35,Male,26.7,98.0,100.0,123.0,0,Low,0,1,0
1907,39,Female,27.2,121.0,160.0,97.0,0,Low,0,0,0
1908,29,Male,27.8,124.0,205.0,121.0,0,Low,0,2,0
1909,20,Female,28.3,138.0,172.0,107.0,1,Moderate,0,1,1
1910,85,Male,22.8,141.0,237.0,64.0,1,Low,5,2,0
1911,23,Male,32.7,102.0,224.0,123.0,1,Low,1,1,0
1912,81,Female,28.6,160.0,198.0,99.0,0,High,2,1,0
1913,18,Female,27.3,111.0,163.0,60.0,1,Moderate,1,1,0
1914,73,Female,20.5,145.0,123.0,86.0,1,Moderate,1,2,0
1915,41,Male,27.8,112.0,132.0,62.0,0,Low,0,2,0
1916,55,Male,17.1,128.0,147.0,60.0,0,High,1,0,0
1917,38,Male,24.3,108.0,210.0,95.0,1,High,0,1,0
1918,53,Female,24.4,131.0,184.0,99.0,0,Low,1,0,0
1919,50,Male,29.1,138.0,,86.0,1,High,0,1,0
1920,56,Male,37.8,119.0,173.0,134.0,0,High,0,0,0
1921,46,Female,30.6,115.0,163.0,107.0,0,High,2,0,0
1922,56,Male,35.5,133.0,233.0,106.0,0,High,1,3,0
1923,77,Male,31.0,121.0,212.0,112.0,0,Moderate,3,3,1
1924,49,Male,33.7,100.0,232.0,146.0,0,Low,1,0,0
1925,44,Female,37.7,129.0,109.0,64.0,0,High,0,0,0
1926,27,Male,23.5,115.0,204.0,134.0,0,Moderate,0,0,0
1927,43,Male,23.1,120.0,173.0,84.0,1,Moderate,1,1,0
1928,27,Male,31.2,125.0,173.0,91.0,0,Low,0,0,0
1929,31,Female,27.5,129.0,237.0,95.0,0,Low,1,1,0
1930,86,Female,28.7,135.0,198.0,84.0,1,Low,3,3,1
1931,24,Male,26.1,98.0,201.0,77.0,1,Low,1,0,0
1932,52,Male,24.2,115.0,157.0,123.0,1,Low,1,1,0
1933,78,Male,36.4,144.0,210.0,122.0,0,Moderate,4,4,1
1934,86,Female,21.5,140.0,,60.0,0,Moderate,1,3,0
1935,28,Male,31.3,109.0,182.0,129.0,1,Moderate,1,0,0
1936,29,Male,30.4,105.0,199.0,123.0,1,High,1,1,0
1937,44,Male,18.8,133.0,234.0,60.0,0,Low,0,3,0
1938,57,Female,22.9,124.0,167.0,104.0,0,High,0,1,0
1939,87,Female,23.9,150.0,193.0,117.0,0,Low,0,1,0
1940,32,Female,30.6,133.0,162.0,68.0,0,Low,0,1,0
1941,29,Male,25.5,113.0,175.0,110.0,1,Moderate,0,0,0
1942,36,Male,27.0,135.0,151.0,87.0,0,High,0,3,0
1943,80,Male,19.5,138.0,128.0,109.0,0,Low,3,0,0
1944,20,Male,40.3,119.0,140.0,99.0,0,Low,0,0,0
1945,45,Female,27.9,88.0,191.0,133.0,1,Low,1,2,0
1946,26,Female,,101.0,177.0,103.0,1,Moderate,1,0,0
1947,29,Male,24.5,103.0,205.0,86.0,0,Low,0,1,0
1948,84,Female,23.9,132.0,244.0,82.0,0,Low,1,1,0
1949,18,Male,38.0,116.0,162.0,143.0,0,Moderate,0,0,0
1950,41,Female,17.0,124.0,130.0,72.0,0,Moderate,1,0,0
1951,83,Female,29.0,141.0,227.0,135.0,1,Moderate,0,1,0
1952,61,Male,20.8,118.0,200.0,102.0,0,High,0,0,0
1953,23,Female,25.3,127.0,172.0,67.0,1,High,0,0,0
1954,51,Female,24.0,154.0,242.0,101.0,0,Low,0,1,0
1955,87,Male,22.1,132.0,231.0,99.0,1,Low,2,1,1
1956,46,Male,27.7,113.0,198.0,69.0,0,High,0,1,0
1957,56,Female,15.0,116.0,204.0,88.0,0,Moderate,2,1,0
1958,56,Male,25.8,128.0,230.0,117.0,0,Moderate,1,2,0
1959,65,Male,27.0,122.0,176.0,,0,Moderate,0,1,0
1960,31,Female,20.0,91.0,152.0,123.0,0,High,2,1,0
1961,78,Female,35.8,111.0,200.0,179.0,0,High,1,1,1
1962,89,Female,24.2,155.0,170.0,101.0,0,Low,1,1,0
1963,28,Male,26.2,138.0,182.0,118.0,1,Low,2,2,1
1964,76,Female,24.2,160.0,212.0,85.0,0,Moderate,4,1,0
1965,76,Male,27.1,138.0,,154.0,0,Low,1,0,0
1966,71,Female,34.7,116.0,192.0,93.0,0,High,4,2,1
1967,44,Female,41.1,116.0,255.0,173.0,1,Low,0,2,0
1968,51,Male,31.6,101.0,231.0,156.0,0,Moderate,1,1,1
1969,78,Female,33.5,110.0,205.0,94.0,0,High,2,2,1
1970,29,Female,36.9,122.0,188.0,146.0,0,High,0,1,0
1971,77,Female,28.9,143.0,261.0,120.0,0,Moderate,4,2,1
1972,84,Male,36.1,168.0,190.0,107.0,0,Moderate,2,0,1
1973,67,Female,31.9,130.0,167.0,108.0,0,Moderate,1,3,1
1974,42,Male,,100.0,200.0,114.0,0,High,0,0,0
1975,58,Male,29.4,126.0,215.0,118.0,0,Low,0,1,1
1976,21,Male,17.5,110.0,199.0,131.0,0,Moderate,1,2,0
1977,85,Female,29.1,129.0,244.0,123.0,0,Moderate,1,1,0
1978,42,Female,19.0,128.0,163.0,74.0,0,High,1,0,0
1979,22,Female,18.6,96.0,127.0,113.0,0,Moderate,2,1,0
1980,75,Male,28.6,136.0,185.0,62.0,0,High,1,2,0
1981,65,Female,21.4,141.0,225.0,87.0,0,Moderate,0,1,0
1982,62,Male,27.5,152.0,166.0,98.0,0,Low,0,1,0
1983,21,Male,28.3,120.0,,124.0,0,High,0,1,0
1984,72,Female,28.5,149.0,211.0,153.0,1,Low,0,2,0
1985,63,Female,22.5,122.0,180.0,104.0,0,High,1,2,0
1986,75,Female,32.4,129.0,142.0,103.0,0,Moderate,1,1,0
1987,77,Male,27.0,156.0,211.0,87.0,0,Moderate,1,0,0
1988,33,Female,29.9,97.0,172.0,131.0,1,High,1,1,0
1989,33,Female,20.9,113.0,250.0,91.0,0,High,0,1,0
1990,84,Female,26.5,155.0,215.0,91.0,0,High,0,0,0
1991,56,Male,33.5,124.0,220.0,139.0,0,Moderate,0,1,0
1992,49,Male,32.8,120.0,194.0,144.0,0,Moderate,1,1,0
1993,38,Female,23.1,117.0,166.0,75.0,0,Moderate,2,1,0
1994,64,Female,,132.0,183.0,63.0,1,Low,0,0,1
1995,72,Female,22.1,150.0,247.0,96.0,0,Low,2,0,1
1996,18,Female,23.9,129.0,207.0,71.0,0,High,0,3,0
1997,57,Male,19.8,128.0,142.0,62.0,0,Moderate,1,1,0
1998,89,Female,26.7,156.0,167.0,78.0,0,Low,1,2,1
1999,38,Male,31.0,126.0,144.0,138.0,0,High,1,0,0
2000,38,Female,23.2,135.0,229.0,117.0,0,Moderate,1,0,0
2001,81,Female,27.0,119.0,145.0,169.0,0,High,1,3,0
2002,22,Male,26.3,143.0,211.0,87.0,0,Low,2,1,0
2003,46,Male,33.3,127.0,208.0,148.0,0,High,1,2,1
2004,50,Male,24.1,85.0,201.0,114.0,0,Moderate,0,0,0
2005,75,Female,24.3,160.0,190.0,87.0,0,Low,0,1,1
2006,27,Female,22.8,117.0,229.0,95.0,0,Low,0,0,0
2007,49,Female,21.2,118.0,199.0,82.0,0,Moderate,0,1,0
2008,28,Male,30.4,108.0,129.0,116.0,0,Low,0,0,0
2009,74,Female,26.8,140.0,161.0,130.0,0,Moderate,0,3,0
2010,63,Male,27.8,115.0,139.0,97.0,0,Moderate,1,1,0
2011,53,Male,34.5,117.0,242.0,138.0,0,Moderate,0,2,1
2012,46,Male,34.8,115.0,247.0,149.0,0,Low,1,2,0
2013,29,Female,18.4,113.0,226.0,132.0,0,Low,0,1,1
2014,84,Female,31.1,129.0,207.0,80.0,0,Moderate,4,4,0
2015,64,Female,28.7,144.0,148.0,106.0,0,Moderate,0,1,0
2016,40,Female,25.0,126.0,150.0,121.0,0,Low,1,2,1
2017,47,Male,29.3,130.0,156.0,80.0,0,Moderate,0,2,0
2018,70,Female,18.0,142.0,203.0,60.0,0,Low,3,4,1
2019,69,Male,35.5,130.0,257.0,116.0,0,Low,2,1,1
2020,51,Female,30.3,109.0,248.0,99.0,0,High,0,0,0
2021,39,Male,22.7,150.0,171.0,94.0,0,Low,1,0,0
2022,65,Female,24.3,145.0,118.0,89.0,1,Moderate,0,1,0
2023,65,Female,18.1,156.0,158.0,149.0,1,Low,0,4,0
2024,61,Female,25.8,145.0,,91.0,1,Moderate,1,1,0
2025,23,Female,24.8,108.0,190.0,117.0,0,High,0,1,0
2026,52,Male,20.2,88.0,182.0,109.0,1,Moderate,0,1,0
2027,62,Male,31.8,110.0,185.0,68.0,0,High,0,1,0
2028,86,Female,34.5,148.0,184.0,154.0,0,Moderate,0,0,1
2029,55,Female,27.3,125.0,152.0,122.0,0,Low,0,2,0
2030,42,Male,25.8,115.0,270.0,107.0,0,Moderate,0,1,0
2031,58,Female,,88.0,264.0,137.0,1,Low,0,4,0
2032,30,Male,27.4,118.0,154.0,104.0,0,Moderate,2,2,0
2033,24,Female,21.5,99.0,115.0,120.0,0,Low,1,1,0
2034,66,Male,23.9,119.0,209.0,60.0,0,Low,3,1,0
2035,89,Male,25.9,152.0,,125.0,1,Low,1,0,1
2036,78,Female,28.9,118.0,233.0,112.0,0,Moderate,2,3,1
2037,60,Female,27.6,114.0,232.0,111.0,1,High,0,1,0
2038,20,Female,28.7,117.0,136.0,85.0,0,Moderate,2,0,0
2039,89,Female,19.1,153.0,263.0,88.0,1,Low,0,2,1
2040,50,Female,31.2,119.0,182.0,104.0,0,Moderate,2,1,0
2041,38,Male,27.5,144.0,212.0,76.0,0,Low,0,0,0
2042,82,Female,41.5,116.0,,135.0,1,Low,0,4,1
2043,71,Female,25.4,109.0,241.0,144.0,0,Moderate,3,2,1
2044,71,Female,29.3,108.0,116.0,71.0,0,Moderate,3,2,0
2045,37,Female,43.1,94.0,217.0,140.0,0,Low,2,1,0
2046,89,Male,28.6,144.0,183.0,96.0,0,Low,2,4,0
2047,50,Female,27.1,109.0,198.0,91.0,0,Moderate,0,0,0
2048,56,Female,22.1,105.0,245.0,100.0,0,Moderate,0,0,0
2049,72,Male,35.9,139.0,175.0,120.0,0,Moderate,3,2,0
2050,65,Female,21.1,143.0,,102.0,1,Low,0,0,1
2051,30,Male,29.8,135.0,171.0,80.0,1,Low,0,2,0
2052,39,Female,24.9,135.0,173.0,130.0,1,Moderate,0,0,0
2053,44,Female,26.5,108.0,152.0,106.0,1,High,0,0,0
2054,86,Male,19.7,142.0,217.0,110.0,0,Moderate,2,3,0
2055,69,Female,34.9,140.0,211.0,148.0,0,Low,1,0,0
2056,44,Male,26.0,115.0,,60.0,0,Low,1,1,0
2057,70,Female,20.8,135.0,174.0,113.0,1,Low,0,5,1
2058,71,Female,34.4,112.0,170.0,111.0,0,High,2,3,0
2059,46,Male,24.7,114.0,188.0,128.0,0,High,0,0,0
2060,47,Male,,130.0,184.0,87.0,0,Low,0,0,0
2061,82,Male,32.1,160.0,202.0,136.0,1,Moderate,1,3,1
2062,58,Male,30.1,146.0,172.0,82.0,0,Low,0,1,0
2063,28,Male,15.4,128.0,197.0,99.0,0,Low,0,0,0
2064,69,Male,31.3,133.0,169.0,118.0,0,Moderate,1,3,0
2065,60,Male,,127.0,195.0,101.0,0,Moderate,0,3,1
2066,54,Male,25.7,103.0,185.0,76.0,0,Moderate,0,0,0
2067,70,Male,26.9,119.0,204.0,95.0,0,Moderate,3,0,1
2068,83,Male,18.6,124.0,257.0,117.0,0,Moderate,3,3,0
2069,41,Female,28.6,131.0,141.0,146.0,0,Moderate,0,1,0
2070,48,Female,20.0,139.0,103.0,146.0,0,Moderate,0,0,0
2071,31,Male,25.9,130.0,163.0,117.0,1,Low,0,2,0
2072,64,Female,28.4,149.0,158.0,113.0,0,Low,1,0,0
2073,46,Male,33.4,125.0,100.0,126.0,0,Moderate,0,0,0
2074,42,Female,23.0,106.0,257.0,150.0,0,High,0,0,0
2075,68,Male,35.5,131.0,225.0,130.0,0,Low,2,1,0
2076,47,Male,32.7,112.0,219.0,115.0,0,Moderate,0,0,0
2077,51,Female,,136.0,185.0,95.0,0,Moderate,1,2,0
2078,49,Male,21.4,119.0,210.0,93.0,0,Moderate,0,0,0
2079,36,Female,19.6,119.0,172.0,105.0,0,Low,1,1,0
2080,27,Male,29.0,128.0,214.0,88.0,0,Moderate,1,0,0
2081,77,Male,23.4,123.0,216.0,84.0,0,Moderate,4,1,0
2082,24,Male,34.1,131.0,181.0,113.0,0,Low,0,0,0
2083,41,Female,23.8,100.0,192.0,89.0,0,Low,0,0,1
2084,66,Male,22.5,136.0,259.0,114.0,0,Moderate,0,0,0
2085,27,Female,28.8,115.0,190.0,125.0,0,Low,0,0,0
2086,65,Female,,143.0,163.0,107.0,0,High,0,2,0
2087,70,Female,27.5,110.0,218.0,118.0,0,Moderate,3,1,0
2088,65,Female,32.9,106.0,221.0,116.0,0,Low,1,0,0
2089,39,Female,28.1,133.0,184.0,60.0,1,Low,0,1,0
2090,19,Female,28.2,108.0,178.0,,0,Low,1,1,0
2091,81,Male,28.6,134.0,170.0,126.0,0,Moderate,2,1,1
2092,41,Male,18.2,111.0,194.0,71.0,0,Moderate,2,0,0
2093,75,Female,29.7,148.0,161.0,131.0,0,Low,1,0,0
2094,32,Male,28.4,123.0,176.0,131.0,0,Low,0,1,0
2095,29,Female,32.4,122.0,159.0,106.0,0,Moderate,0,0,0
2096,74,Male,30.8,115.0,,95.0,0,Low,1,0,0
2097,85,Male,26.4,145.0,271.0,104.0,0,Low,2,1,1
2098,79,Male,33.2,119.0,166.0,113.0,0,High,3,2,0
2099,72,Male,25.9,122.0,206.0,120.0,0,High,2,1,0
2100,35,Female,28.9,98.0,176.0,60.0,0,Moderate,1,0,0
2101,83,Female,25.8,134.0,229.0,84.0,0,Low,0,0,0
2102,66,Male,30.0,148.0,207.0,83.0,1,High,1,2,1
2103,30,Male,25.4,122.0,170.0,60.0,0,Moderate,0,1,0
2104,27,Female,36.6,110.0,187.0,106.0,0,Low,1,1,0
2105,80,Male,38.6,137.0,202.0,82.0,0,Moderate,2,1,0
2106,37,Female,32.3,122.0,249.0,102.0,1,Low,0,0,1
2107,73,Female,36.0,134.0,176.0,105.0,0,Low,2,2,1
2108,27,Male,19.0,120.0,193.0,106.0,0,Moderate,0,1,0
2109,38,Male,19.7,104.0,208.0,88.0,0,Low,2,0,0
2110,38,Male,,123.0,206.0,60.0,1,Moderate,2,1,1
2111,38,Male,27.7,93.0,178.0,115.0,0,Moderate,0,0,0
2112,66,Male,26.4,140.0,255.0,167.0,0,High,3,5,1
2113,83,Female,18.5,119.0,,121.0,0,Low,0,2,0
2114,83,Male,33.8,155.0,170.0,132.0,0,Low,0,1,0
2115,71,Female,,93.0,231.0,117.0,0,Moderate,2,1,0
2116,32,Female,34.5,145.0,153.0,103.0,0,Moderate,1,1,0
2117,87,Male,33.5,112.0,178.0,100.0,0,Moderate,2,0,0
2118,57,Female,28.7,108.0,181.0,114.0,1,High,1,2,0
2119,57,Male,22.9,132.0,169.0,70.0,0,Moderate,2,1,0
2120,68,Female,27.9,141.0,228.0,112.0,0,High,2,0,0
2121,73,Female,39.1,129.0,241.0,105.0,0,Moderate,3,0,0
2122,86,Female,25.6,152.0,216.0,60.0,0,Moderate,0,0,0
2123,59,Female,25.0,115.0,240.0,85.0,0,High,0,0,0
2124,61,Male,33.6,122.0,148.0,147.0,1,Low,0,2,1
2125,71,Male,34.0,128.0,208.0,118.0,0,Moderate,2,0,0
2126,36,Male,22.8,111.0,239.0,60.0,0,Moderate,0,0,0
2127,40,Female,26.1,91.0,227.0,86.0,0,Moderate,0,1,0
2128,63,Male,24.7,129.0,256.0,125.0,1,Moderate,0,1,0
2129,22,Female,27.9,113.0,159.0,99.0,0,High,0,0,0
2130,41,Male,33.6,139.0,225.0,128.0,0,Low,1,2,0
2131,69,Female,23.1,111.0,188.0,89.0,0,High,2,3,0
2132,88,Female,33.5,128.0,237.0,119.0,0,High,2,0,0
2133,55,Male,28.1,146.0,247.0,107.0,1,Low,0,3,1
2134,46,Male,40.3,128.0,163.0,107.0,0,Low,0,1,0
2135,49,Female,29.3,133.0,124.0,123.0,0,Moderate,0,2,0
2136,67,Male,27.0,138.0,274.0,145.0,0,Low,2,0,0
2137,57,Male,,135.0,217.0,120.0,0,Moderate,0,0,0
2138,19,Male,25.6,143.0,175.0,106.0,0,Moderate,0,0,0
2139,56,Female,17.6,129.0,192.0,70.0,0,High,0,1,0
2140,46,Male,26.2,107.0,113.0,128.0,1,Low,1,3,0
2141,68,Male,26.1,142.0,212.0,90.0,0,Moderate,0,1,0
2142,81,Female,18.7,127.0,190.0,108.0,0,High,2,1,0
2143,87,Male,27.1,136.0,215.0,125.0,1,Moderate,1,4,1
2144,61,Male,16.1,135.0,202.0,115.0,0,Low,0,0,0
2145,44,Male,25.6,110.0,100.0,129.0,0,Low,0,0,0
2146,49,Male,28.8,116.0,,133.0,0,Moderate,1,3,0
2147,30,Male,28.0,126.0,192.0,74.0,0,Low,0,0,0
2148,85,Male,25.2,128.0,225.0,80.0,0,Low,2,1,1
2149,79,Male,27.0,151.0,203.0,69.0,0,Moderate,1,2,0
2150,79,Female,23.2,119.0,211.0,62.0,0,Moderate,3,3,0
2151,41,Male,27.6,106.0,197.0,145.0,0,Low,0,1,0
2152,41,Female,27.8,152.0,,80.0,0,Moderate,0,0,0
2153,79,Female,22.5,111.0,228.0,69.0,0,Moderate,0,1,0
2154,57,Female,29.0,127.0,209.0,106.0,0,Moderate,0,1,0
2155,68,Female,28.9,161.0,274.0,,0,Moderate,3,1,1
2156,53,Male,26.6,126.0,169.0,163.0,1,Low,0,2,1
2157,49,Female,40.8,146.0,180.0,117.0,0,Low,2,2,1
2158,63,Male,26.7,140.0,266.0,116.0,0,Moderate,1,2,1
2159,76,Male,26.0,134.0,202.0,83.0,0,High,3,1,0
2160,42,Female,25.2,120.0,226.0,60.0,0,Moderate,0,0,0
2161,76,Male,22.2,100.0,213.0,79.0,0,Low,0,1,0
2162,35,Male,31.3,115.0,179.0,92.0,0,Low,0,3,0
2163,47,Male,23.7,128.0,231.0,82.0,0,Moderate,0,0,0
2164,83,Male,24.4,140.0,231.0,60.0,0,High,1,2,0
2165,86,Male,24.5,177.0,155.0,105.0,0,Moderate,1,0,0
2166,84,Female,22.1,141.0,219.0,89.0,0,Moderate,2,0,0
2167,40,Female,17.9,132.0,152.0,60.0,0,Low,0,0,0
2168,78,Male,25.0,153.0,257.0,105.0,1,Low,0,0,1
2169,85,Female,32.3,146.0,279.0,132.0,1,Moderate,2,0,1
2170,88,Male,28.6,137.0,285.0,138.0,0,Low,1,1,1
2171,19,Female,36.1,113.0,193.0,60.0,0,Low,1,1,1
2172,71,Female,31.6,127.0,188.0,92.0,0,Low,2,3,0
2173,89,Female,30.4,146.0,227.0,74.0,1,High,2,3,0
2174,73,Male,37.9,130.0,171.0,103.0,0,Low,3,4,0
2175,34,Male,27.0,129.0,276.0,141.0,1,Low,1,0,0
2176,72,Male,27.8,117.0,251.0,87.0,0,Low,1,0,0
2177,25,Female,27.4,119.0,194.0,93.0,1,Moderate,1,0,0
2178,52,Male,36.0,151.0,234.0,96.0,0,Moderate,1,0,1
2179,63,Male,27.5,126.0,,148.0,0,Moderate,2,1,0
2180,50,Female,23.9,154.0,153.0,60.0,0,Moderate,1,2,0
2181,68,Female,30.7,134.0,120.0,96.0,0,Low,0,1,0
2182,35,Male,23.0,119.0,191.0,77.0,0,High,1,0,0
2183,61,Male,30.4,131.0,193.0,65.0,1,Low,2,1,1
2184,64,Male,29.8,125.0,222.0,138.0,0,Moderate,0,0,0
2185,63,Male,26.5,98.0,202.0,60.0,1,Moderate,2,1,1
2186,38,Female,30.6,135.0,207.0,98.0,0,Low,4,1,1
2187,39,Male,19.3,156.0,220.0,92.0,0,Moderate,0,0,0
2188,36,Female,,128.0,133.0,87.0,0,Moderate,0,0,0
2189,51,Male,25.0,134.0,229.0,60.0,0,Low,0,0,0
2190,60,Female,43.2,126.0,185.0,123.0,0,Moderate,1,1,0
2191,44,Female,28.4,141.0,212.0,87.0,0,Moderate,0,1,0
2192,47,Male,24.2,123.0,232.0,122.0,0,Moderate,0,0,1
2193,38,Male,19.9,125.0,228.0,108.0,0,Low,0,0,0
2194,33,Male,34.7,94.0,191.0,166.0,0,Low,2,2,0
2195,65,Male,25.6,122.0,209.0,106.0,0,Moderate,1,1,0
2196,76,Female,23.1,140.0,242.0,115.0,0,Moderate,1,1,0
2197,38,Male,29.3,135.0,132.0,99.0,1,Low,0,0,0
2198,79,Female,31.1,150.0,173.0,155.0,0,Low,0,1,0
2199,59,Male,31.0,103.0,189.0,111.0,0,High,1,3,0
2200,30,Male,27.6,94.0,134.0,103.0,1,Low,1,1,0
2201,44,Female,28.4,132.0,182.0,121.0,1,Moderate,1,2,0
2202,18,Female,28.8,102.0,167.0,91.0,0,High,0,0,0
2203,20,Female,29.4,129.0,183.0,95.0,0,Low,1,0,0
2204,42,Male,29.8,96.0,189.0,123.0,1,Moderate,0,0,0
2205,50,Female,33.5,123.0,236.0,133.0,1,Moderate,2,1,0
2206,75,Female,27.8,133.0,229.0,122.0,1,Moderate,2,1,0
2207,27,Male,23.0,125.0,181.0,97.0,0,High,0,0,0
2208,78,Female,26.7,118.0,196.0,112.0,0,Moderate,2,3,0
2209,34,Female,31.6,88.0,185.0,136.0,0,Low,0,0,0
2210,27,Male,17.7,120.0,182.0,64.0,0,Low,0,1,0
2211,68,Female,17.7,140.0,300.0,92.0,0,Low,1,1,1
2212,73,Female,32.6,149.0,151.0,60.0,0,Low,1,0,1
2213,61,Male,35.9,123.0,165.0,137.0,1,High,1,0,0
2214,26,Female,20.5,129.0,142.0,76.0,0,Low,0,1,0
2215,26,Male,28.1,124.0,193.0,87.0,0,Low,0,1,0
2216,46,Male,25.3,145.0,202.0,99.0,0,Low,0,0,0
2217,50,Male,26.1,124.0,173.0,120.0,1,High,1,2,0
2218,89,Male,29.2,111.0,249.0,170.0,1,Low,1,2,1
2219,38,Female,20.4,120.0,203.0,60.0,0,Moderate,0,0,0
2220,31,Female,21.4,120.0,221.0,75.0,0,High,0,2,0
2221,86,Female,25.8,146.0,259.0,109.0,1,Moderate,2,2,1
2222,29,Male,26.7,93.0,104.0,86.0,0,Low,1,2,0
2223,19,Female,21.3,109.0,206.0,119.0,0,Moderate,0,0,0
2224,48,Male,31.8,138.0,145.0,107.0,0,Low,1,0,0
2225,46,Male,25.2,122.0,202.0,125.0,0,Moderate,0,2,0
2226,62,Male,25.2,124.0,198.0,96.0,0,High,1,3,0
2227,81,Male,29.1,166.0,209.0,122.0,0,Moderate,1,0,0
2228,85,Female,26.8,120.0,167.0,80.0,0,Moderate,2,2,0
2229,38,Female,32.1,141.0,228.0,163.0,1,Moderate,2,0,0
2230,88,Male,22.4,155.0,165.0,60.0,0,Moderate,1,5,1
2231,63,Male,19.8,126.0,230.0,77.0,0,High,0,0,0
2232,23,Female,25.8,115.0,127.0,66.0,0,Moderate,0,1,0
2233,85,Male,27.8,137.0,212.0,127.0,0,Moderate,2,1,0
2234,27,Male,20.7,120.0,252.0,110.0,0,Low,1,1,0
2235,60,Female,19.9,119.0,290.0,63.0,1,Moderate,0,1,0
2236,74,Male,28.5,127.0,145.0,133.0,1,Moderate,2,2,1
2237,35,Female,23.3,114.0,161.0,82.0,0,Moderate,0,0,0
2238,37,Female,19.5,115.0,169.0,105.0,0,Moderate,0,2,0
2239,52,Male,32.8,121.0,282.0,129.0,0,Low,1,0,1
2240,81,Male,24.0,100.0,,94.0,0,High,0,1,0
2241,34,Male,33.8,121.0,228.0,138.0,0,Moderate,1,0,0
2242,65,Male,27.7,122.0,214.0,102.0,0,High,1,0,0
2243,50,Female,29.1,95.0,149.0,117.0,1,Low,0,1,1
2244,26,Male,26.3,111.0,112.0,97.0,0,Moderate,2,0,0
2245,69,Male,15.0,126.0,181.0,60.0,0,Moderate,2,0,0
2246,77,Female,21.2,155.0,297.0,94.0,1,Moderate,0,2,1
2247,59,Male,,120.0,209.0,82.0,1,Low,0,1,1
2248,30,Male,29.5,129.0,225.0,145.0,0,High,0,2,0
2249,29,Female,17.7,140.0,131.0,60.0,1,Low,1,0,0
2250,48,Male,27.2,114.0,182.0,137.0,0,Low,0,0,0
2251,54,Male,21.3,126.0,227.0,92.0,0,High,1,1,0
2252,57,Male,28.8,155.0,157.0,118.0,0,Moderate,0,0,0
2253,35,Female,27.4,123.0,185.0,70.0,0,High,1,2,1
2254,54,Male,31.6,132.0,164.0,103.0,0,High,0,2,0
2255,39,Female,33.4,115.0,221.0,97.0,1,Low,2,0,1
2256,67,Male,30.0,142.0,219.0,164.0,0,High,2,2,0
2257,75,Female,32.2,133.0,233.0,94.0,0,Low,3,2,1
2258,64,Female,25.6,101.0,235.0,,0,High,0,1,0
2259,18,Male,43.0,108.0,170.0,158.0,0,Moderate,0,0,0
2260,89,Male,20.8,120.0,253.0,126.0,0,High,1,2,0
2261,19,Male,24.6,116.0,,86.0,0,Moderate,1,0,0
2262,89,Male,32.5,124.0,238.0,160.0,1,Moderate,0,0,1
2263,20,Male,31.6,122.0,105.0,164.0,0,High,1,1,0
2264,55,Female,30.2,127.0,169.0,119.0,0,Low,0,1,0
2265,25,Male,31.2,96.0,271.0,99.0,0,Low,0,1,0
2266,24,Female,16.0,108.0,205.0,67.0,0,High,1,1,0
2267,67,Male,36.2,141.0,227.0,130.0,0,High,0,4,0
2268,70,Male,,150.0,174.0,106.0,0,Moderate,3,1,0
2269,26,Male,,102.0,141.0,120.0,0,Moderate,1,0,0
2270,88,Male,16.3,121.0,204.0,60.0,0,Low,2,3,0
2271,41,Female,28.9,153.0,188.0,109.0,0,Moderate,0,0,0
2272,40,Male,24.4,121.0,263.0,131.0,0,High,0,2,0
2273,39,Male,30.6,123.0,228.0,131.0,0,Low,1,1,0
2274,51,Female,29.2,114.0,200.0,97.0,1,Low,1,0,0
2275,30,Female,29.5,121.0,187.0,106.0,0,Low,0,2,0
2276,48,Male,21.7,152.0,223.0,60.0,1,Low,0,0,0
2277,33,Female,27.2,123.0,136.0,88.0,0,Moderate,0,1,0
2278,21,Male,26.5,132.0,107.0,95.0,1,Low,0,0,0
2279,44,Male,30.2,123.0,220.0,126.0,1,Moderate,0,0,0
2280,66,Male,32.9,114.0,206.0,95.0,0,Low,0,1,1
2281,72,Female,28.3,122.0,156.0,80.0,1,High,0,3,0
2282,43,Male,,105.0,112.0,116.0,0,Moderate,0,0,0
2283,41,Female,28.1,125.0,224.0,96.0,0,Moderate,2,3,0
2284,74,Male,41.9,153.0,187.0,104.0,1,High,3,1,0
2285,67,Female,36.6,134.0,219.0,140.0,0,Low,0,1,1
2286,77,Male,15.0,130.0,198.0,100.0,0,High,1,2,0
2287,83,Male,27.8,124.0,210.0,101.0,0,Low,1,0,0
2288,77,Female,32.6,140.0,186.0,104.0,0,Moderate,1,2,0
2289,85,Male,26.5,117.0,210.0,114.0,0,Low,5,2,1
2290,47,Female,25.0,106.0,215.0,116.0,0,High,0,3,0
2291,46,Female,26.0,138.0,183.0,,0,Moderate,0,0,0
2292,41,Female,30.5,117.0,178.0,113.0,1,Low,0,2,0
2293,34,Male,21.2,115.0,210.0,81.0,0,Moderate,0,2,0
2294,71,Female,34.0,130.0,231.0,101.0,1,High,1,3,0
2295,69,Female,27.2,143.0,161.0,101.0,0,Low,3,4,1
2296,75,Male,22.4,136.0,206.0,74.0,0,Low,1,3,0
2297,30,Female,33.7,106.0,165.0,86.0,0,Low,0,1,0
2298,53,Female,19.0,115.0,197.0,91.0,0,Low,1,2,0
2299,33,Female,24.4,116.0,241.0,127.0,1,High,2,1,0
2300,82,Female,24.4,141.0,225.0,60.0,0,Moderate,3,2,1
2301,37,Female,39.3,120.0,271.0,112.0,1,Low,0,0,0
2302,28,Female,23.7,115.0,192.0,107.0,0,High,0,2,0
2303,59,Male,15.6,129.0,193.0,117.0,0,High,2,2,0
2304,81,Female,24.3,135.0,,148.0,0,High,0,1,1
2305,83,Male,30.0,124.0,217.0,102.0,0,Low,2,0,1
2306,24,Male,31.8,134.0,194.0,163.0,0,Moderate,2,0,0
2307,41,Female,40.0,114.0,153.0,135.0,0,High,1,2,1
2308,29,Male,35.2,120.0,176.0,138.0,0,Low,0,0,0
2309,40,Female,28.5,89.0,162.0,79.0,0,Low,1,1,0
2310,56,Male,22.6,124.0,237.0,111.0,1,High,1,1,0
2311,38,Male,36.4,103.0,116.0,142.0,0,Low,0,0,0
2312,22,Male,25.5,100.0,,85.0,0,Moderate,1,1,0
2313,54,Female,23.9,165.0,139.0,60.0,0,High,0,1,0
2314,21,Male,25.2,119.0,197.0,106.0,1,Moderate,0,2,0
2315,34,Female,20.6,139.0,,90.0,0,High,1,0,0
2316,18,Male,24.9,127.0,110.0,137.0,0,High,1,0,0
2317,24,Male,26.2,132.0,218.0,90.0,0,High,0,0,0
2318,49,Male,31.5,121.0,100.0,93.0,1,Moderate,0,0,0
2319,79,Male,25.4,161.0,208.0,72.0,0,Low,0,0,1
2320,73,Female,20.5,147.0,233.0,,1,Moderate,3,0,0
2321,25,Male,18.7,117.0,235.0,163.0,0,High,4,1,0
2322,20,Female,28.7,119.0,119.0,66.0,1,Low,1,0,0
2323,42,Male,27.9,120.0,171.0,72.0,0,Low,0,2,0
2324,64,Female,24.5,131.0,243.0,,0,Moderate,0,0,1
2325,71,Female,24.9,132.0,249.0,153.0,1,Moderate,0,2,0
2326,77,Male,29.6,141.0,257.0,128.0,0,High,1,0,1
2327,42,Male,35.1,150.0,288.0,157.0,0,High,0,0,0
2328,30,Female,23.2,99.0,166.0,90.0,1,Low,0,2,0
2329,19,Male,28.0,132.0,194.0,70.0,0,Low,0,2,0
2330,28,Female,32.8,111.0,171.0,101.0,1,Moderate,1,3,1
2331,22,Female,23.2,136.0,106.0,96.0,0,Low,0,0,0
2332,79,Female,27.4,130.0,206.0,106.0,0,Low,1,2,0
2333,37,Female,27.3,127.0,,100.0,0,Low,0,2,0
2334,77,Female,20.3,132.0,189.0,111.0,0,Low,2,1,1
2335,57,Female,28.4,100.0,143.0,88.0,0,Moderate,1,1,0
2336,56,Male,27.7,155.0,215.0,82.0,0,Low,0,0,1
2337,50,Female,,110.0,165.0,79.0,0,Moderate,0,0,0
2338,76,Male,21.0,135.0,140.0,102.0,0,Moderate,0,4,0
2339,21,Male,27.6,98.0,213.0,109.0,0,Low,1,1,0
2340,24,Female,35.1,95.0,159.0,145.0,0,Low,0,0,0
2341,48,Female,38.9,121.0,178.0,162.0,0,Low,1,0,0
2342,46,Female,34.5,114.0,156.0,84.0,0,Moderate,2,1,0
2343,57,Male,21.0,109.0,242.0,97.0,0,Low,0,0,0
2344,71,Male,30.0,132.0,216.0,104.0,1,High,0,1,0
2345,60,Female,24.8,105.0,177.0,62.0,0,High,0,1,0
2346,36,Male,29.1,122.0,115.0,94.0,1,Moderate,1,1,0
2347,41,Female,23.3,120.0,286.0,141.0,0,High,0,0,0
2348,72,Male,18.1,93.0,281.0,76.0,1,Low,2,0,0
2349,32,Female,25.6,110.0,241.0,82.0,0,Low,0,0,0
2350,54,Male,31.5,134.0,170.0,110.0,0,Low,0,1,0
2351,56,Male,29.1,110.0,179.0,132.0,0,Moderate,0,1,1
2352,72,Female,29.7,141.0,,101.0,0,Moderate,1,2,1
2353,69,Female,28.7,139.0,171.0,111.0,1,High,2,3,0
2354,51,Female,29.7,109.0,158.0,60.0,0,High,1,1,0
2355,40,Female,30.4,121.0,245.0,125.0,1,Moderate,0,1,1
2356,44,Male,26.0,136.0,190.0,109.0,0,Moderate,2,0,0
2357,47,Female,28.0,110.0,151.0,129.0,0,Low,1,2,1
2358,33,Male,37.1,116.0,223.0,71.0,0,Low,1,0,0
2359,63,Female,28.3,148.0,180.0,99.0,0,Low,0,0,0
2360,33,Male,27.7,105.0,111.0,131.0,1,Moderate,1,1,0
2361,64,Male,28.1,137.0,159.0,92.0,0,Low,0,1,0
2362,72,Male,26.3,115.0,186.0,,0,High,3,2,0
2363,87,Female,25.1,135.0,222.0,92.0,0,High,1,2,0
2364,26,Female,28.6,124.0,190.0,97.0,0,Low,0,2,1
2365,72,Male,24.7,94.0,253.0,132.0,0,Moderate,4,0,0
2366,24,Female,26.7,107.0,173.0,68.0,0,Moderate,0,1,0
2367,42,Female,23.2,129.0,,98.0,0,Moderate,2,1,0
2368,30,Female,28.1,122.0,232.0,113.0,0,Moderate,3,1,0
2369,29,Female,30.7,109.0,222.0,135.0,0,Moderate,0,2,0
2370,30,Male,26.3,100.0,177.0,101.0,0,Moderate,2,3,0
2371,21,Male,16.5,125.0,,115.0,0,Low,0,2,0
2372,77,Female,30.7,129.0,190.0,109.0,0,Low,2,1,0
2373,22,Male,28.2,124.0,137.0,110.0,0,High,0,0,0
2374,46,Female,22.0,130.0,276.0,100.0,1,High,2,1,0
2375,68,Male,31.8,124.0,183.0,129.0,1,Moderate,2,3,0
2376,89,Male,19.8,156.0,226.0,109.0,0,Low,0,1,0
2377,79,Female,33.2,126.0,152.0,85.0,0,Moderate,2,0,0
2378,27,Female,,136.0,211.0,111.0,1,Moderate,0,0,0
2379,89,Female,15.0,160.0,169.0,102.0,0,Moderate,0,2,0
2380,65,Female,28.5,147.0,266.0,145.0,0,Low,1,0,1
2381,30,Male,25.3,115.0,253.0,76.0,0,High,1,1,0
2382,50,Female,24.4,166.0,216.0,115.0,0,High,0,1,0
2383,84,Male,23.4,139.0,216.0,91.0,1,High,0,0,1
2384,46,Male,26.8,127.0,186.0,110.0,0,High,1,2,0
2385,31,Female,24.8,118.0,184.0,74.0,0,Low,0,1,0
2386,81,Male,17.3,118.0,226.0,91.0,0,Low,0,6,0
2387,86,Female,34.5,158.0,216.0,124.0,1,Moderate,1,3,1
2388,88,Male,26.2,129.0,251.0,79.0,0,Moderate,2,3,0
2389,86,Female,23.5,152.0,178.0,138.0,0,High,0,3,0
2390,80,Male,21.3,154.0,268.0,60.0,0,Low,1,1,1
2391,50,Male,31.7,135.0,179.0,126.0,0,Low,2,2,0
2392,31,Male,20.4,107.0,157.0,60.0,0,Moderate,1,3,0
2393,62,Male,28.2,124.0,215.0,100.0,0,Moderate,0,6,0
2394,33,Female,24.3,85.0,203.0,114.0,0,Low,0,2,0
2395,52,Female,24.6,124.0,130.0,120.0,0,Moderate,0,1,0
2396,65,Male,21.4,143.0,184.0,94.0,1,High,0,1,0
2397,86,Female,,134.0,130.0,95.0,1,Moderate,4,2,1
2398,38,Male,27.5,111.0,163.0,120.0,0,Low,1,1,0
2399,36,Female,,115.0,164.0,132.0,0,High,2,1,0
2400,70,Female,23.2,151.0,216.0,136.0,0,Moderate,0,1,0
2401,18,Male,27.0,113.0,149.0,71.0,0,Moderate,0,1,0
2402,58,Female,32.4,158.0,178.0,107.0,0,Moderate,0,2,0
2403,71,Male,18.4,123.0,255.0,60.0,0,Low,4,0,0
2404,57,Male,27.5,131.0,277.0,70.0,0,Low,1,1,0
2405,45,Male,22.3,116.0,158.0,80.0,0,High,1,1,0
2406,77,Female,21.7,168.0,247.0,120.0,0,Moderate,1,0,0
2407,44,Male,28.9,126.0,207.0,95.0,0,High,1,0,0
2408,69,Male,24.5,166.0,138.0,94.0,0,High,2,1,0
2409,51,Male,20.8,119.0,165.0,104.0,0,Low,0,2,0
2410,19,Male,34.8,139.0,100.0,98.0,0,Low,1,0,0
2411,56,Female,32.6,129.0,210.0,61.0,0,Moderate,0,1,0
2412,21,Female,16.9,128.0,140.0,71.0,0,Moderate,0,1,0
2413,85,Male,19.4,118.0,218.0,91.0,0,Low,1,0,1
2414,61,Male,30.8,134.0,298.0,123.0,0,Moderate,0,1,0
2415,44,Male,25.9,106.0,253.0,98.0,0,Low,0,1,0
2416,53,Male,35.8,130.0,167.0,129.0,0,Low,0,1,0
2417,62,Female,30.9,105.0,163.0,135.0,1,Moderate,0,2,0
2418,36,Male,29.1,119.0,237.0,137.0,1,Low,1,2,0
2419,38,Male,21.9,138.0,151.0,102.0,0,Low,0,1,0
2420,48,Female,30.2,133.0,232.0,80.0,0,Moderate,1,1,0
2421,36,Female,20.5,100.0,,64.0,0,Low,0,1,0
2422,72,Male,34.7,102.0,232.0,86.0,1,Low,2,0,0
2423,25,Male,29.8,124.0,227.0,81.0,0,Moderate,0,2,0
2424,77,Female,23.0,160.0,249.0,102.0,0,High,0,2,0
2425,43,Male,31.9,107.0,170.0,161.0,0,Moderate,0,1,0
2426,58,Male,39.8,161.0,210.0,128.0,0,Moderate,0,2,0
2427,29,Female,26.3,118.0,148.0,102.0,0,Low,1,0,0
2428,45,Female,30.5,92.0,242.0,135.0,0,High,1,0,0
2429,72,Female,25.1,108.0,165.0,81.0,0,Low,1,1,0
2430,37,Male,28.0,133.0,215.0,133.0,0,Low,1,0,0
2431,27,Male,19.2,119.0,227.0,119.0,0,Low,2,1,0
2432,55,Male,27.5,150.0,179.0,107.0,0,Low,2,0,0
2433,29,Female,27.7,98.0,157.0,160.0,0,Moderate,1,1,0
2434,40,Female,37.4,123.0,184.0,,1,High,1,1,1
2435,50,Male,17.6,125.0,161.0,93.0,0,Moderate,1,1,0
2436,58,Female,26.0,126.0,205.0,100.0,0,Low,0,1,0
2437,64,Male,,124.0,167.0,104.0,0,High,1,2,0
2438,66,Male,26.2,125.0,171.0,,0,Low,1,1,0
2439,78,Female,26.6,138.0,230.0,102.0,1,Moderate,3,1,0
2440,22,Male,22.9,120.0,204.0,91.0,1,Moderate,0,0,0
2441,44,Male,22.4,127.0,181.0,93.0,0,Moderate,0,0,0
2442,18,Male,17.5,133.0,116.0,61.0,0,Low,0,0,0
2443,18,Female,24.0,95.0,223.0,86.0,1,High,1,1,0
2444,33,Male,22.1,90.0,169.0,60.0,0,Low,1,0,0
2445,61,Male,28.1,145.0,279.0,117.0,0,Moderate,0,0,0
2446,82,Female,23.2,121.0,206.0,102.0,0,Low,1,3,0
2447,73,Male,24.9,127.0,212.0,99.0,0,Moderate,0,3,0
2448,64,Male,25.0,120.0,186.0,125.0,0,Moderate,0,0,0
2449,74,Female,,123.0,216.0,83.0,0,Moderate,1,0,0
2450,30,Female,24.6,95.0,,83.0,0,Low,1,1,0
2451,78,Female,21.7,126.0,196.0,60.0,1,Moderate,1,0,0
2452,82,Male,28.0,147.0,260.0,133.0,0,High,2,2,0
2453,24,Female,33.4,116.0,185.0,130.0,0,Low,1,1,0
2454,51,Male,28.2,133.0,240.0,141.0,1,Low,0,0,0
2455,77,Male,24.1,127.0,135.0,142.0,0,Moderate,2,1,0
2456,52,Male,,140.0,270.0,94.0,0,Moderate,1,0,0
2457,78,Male,16.2,127.0,222.0,71.0,0,Low,2,1,0
2458,85,Male,26.7,104.0,202.0,60.0,1,Moderate,1,0,0
2459,52,Male,25.3,131.0,230.0,74.0,0,Moderate,0,0,0
2460,22,Male,22.4,127.0,186.0,90.0,1,Low,0,0,0
2461,42,Male,23.4,113.0,147.0,60.0,0,Low,1,2,0
2462,33,Female,25.2,138.0,100.0,74.0,0,Low,1,1,0
2463,52,Female,33.0,112.0,265.0,111.0,0,Low,0,1,0
2464,60,Male,33.5,139.0,192.0,137.0,0,High,1,0,0
2465,51,Female,22.4,153.0,172.0,80.0,0,Low,2,1,0
2466,32,Female,24.7,119.0,166.0,105.0,0,Low,0,0,0
2467,39,Female,24.8,118.0,245.0,150.0,0,High,1,1,0
2468,66,Male,32.0,129.0,184.0,65.0,1,Moderate,0,2,1
2469,19,Male,28.3,140.0,204.0,135.0,0,High,1,0,0
2470,33,Male,28.0,125.0,174.0,116.0,0,Moderate,0,0,0
2471,82,Male,30.4,171.0,163.0,143.0,0,High,1,1,1
2472,25,Male,24.2,121.0,217.0,126.0,0,Low,1,0,1
2473,47,Female,35.0,113.0,235.0,99.0,0,Moderate,1,1,0
2474,32,Male,27.5,109.0,160.0,106.0,0,Low,0,1,0
2475,25,Female,22.8,117.0,181.0,61.0,0,Moderate,0,1,0
2476,48,Female,26.2,92.0,198.0,90.0,0,Low,2,1,0
2477,55,Male,34.3,119.0,214.0,116.0,0,Moderate,2,0,0
2478,30,Female,25.2,111.0,260.0,110.0,0,Moderate,0,2,0
2479,23,Male,32.7,119.0,169.0,134.0,1,Low,0,0,0
2480,27,Female,24.1,148.0,171.0,142.0,0,Low,0,2,0
2481,64,Female,23.3,131.0,195.0,88.0,0,Moderate,0,0,0
2482,79,Female,31.1,104.0,174.0,141.0,0,Moderate,4,2,1
2483,30,Male,22.7,103.0,120.0,106.0,0,Moderate,2,0,0
2484,41,Male,32.0,126.0,196.0,78.0,0,Moderate,0,1,0
2485,42,Male,29.4,124.0,211.0,104.0,0,Moderate,0,1,0
2486,43,Male,22.7,149.0,192.0,102.0,0,Low,2,2,0
2487,35,Male,27.1,135.0,185.0,83.0,0,Moderate,0,0,0
2488,21,Female,24.5,130.0,146.0,74.0,0,Low,1,0,0
2489,55,Male,29.4,123.0,207.0,80.0,0,Moderate,1,2,0
2490,43,Male,37.9,140.0,198.0,106.0,0,Low,1,0,0
2491,42,Female,25.5,108.0,209.0,80.0,0,Moderate,1,0,0
2492,37,Male,30.4,136.0,201.0,142.0,0,Moderate,0,1,0
2493,84,Male,27.6,132.0,227.0,60.0,0,Low,1,3,0
2494,61,Female,27.6,106.0,251.0,109.0,0,High,1,1,0
2495,48,Female,26.6,134.0,216.0,118.0,1,Low,4,2,0
2496,32,Female,22.8,141.0,204.0,74.0,1,Low,1,1,0
2497,75,Male,29.3,127.0,141.0,102.0,0,Moderate,1,2,0
2498,81,Female,,161.0,251.0,95.0,0,High,1,3,1
2499,20,Male,22.5,88.0,169.0,97.0,0,Low,0,2,0
2500,84,Male,33.1,118.0,215.0,131.0,0,Low,2,1,0
2501,68,Male,28.0,129.0,156.0,121.0,0,Moderate,1,1,0
2502,25,Female,26.2,110.0,262.0,88.0,0,Low,1,1,0
2503,72,Male,34.9,122.0,112.0,77.0,0,Moderate,2,5,1
2504,25,Male,17.4,118.0,239.0,96.0,0,High,0,0,0
2505,21,Male,34.5,106.0,197.0,98.0,0,Low,0,0,0
2506,26,Male,22.7,111.0,111.0,85.0,0,Low,0,0,0
2507,51,Male,28.7,130.0,273.0,113.0,1,Moderate,1,0,0
2508,62,Male,24.3,119.0,,90.0,0,Moderate,2,0,0
2509,47,Male,22.4,122.0,104.0,107.0,0,Moderate,0,1,0
2510,26,Female,34.7,106.0,167.0,181.0,0,High,0,2,0
2511,32,Female,37.7,99.0,206.0,138.0,0,High,1,2,1
2512,79,Female,26.3,147.0,275.0,139.0,0,Low,3,5,1
2513,87,Female,29.3,165.0,198.0,122.0,0,High,0,1,1
2514,72,Female,27.8,150.0,105.0,108.0,0,Moderate,0,1,0
2515,25,Female,37.0,122.0,238.0,133.0,1,High,0,2,0
2516,77,Male,15.9,124.0,227.0,102.0,0,Moderate,1,0,0
2517,67,Female,29.6,126.0,119.0,131.0,1,High,0,2,1
2518,55,Male,23.5,144.0,211.0,102.0,0,High,1,1,0
2519,28,Female,15.0,85.0,201.0,60.0,0,Low,0,2,0
2520,89,Male,25.5,133.0,202.0,65.0,0,Moderate,1,2,1
2521,49,Male,37.7,136.0,163.0,132.0,0,Moderate,1,1,0
2522,21,Female,23.9,97.0,157.0,71.0,1,Moderate,1,1,0
2523,33,Male,31.8,126.0,174.0,130.0,0,Low,1,0,0
2524,46,Male,34.1,130.0,206.0,150.0,0,Low,1,1,0
2525,22,Female,27.4,92.0,211.0,100.0,0,Low,1,2,0
2526,41,Male,28.2,123.0,109.0,138.0,0,Moderate,0,0,0
2527,51,Male,18.1,115.0,205.0,99.0,0,Moderate,0,3,0
2528,86,Female,23.6,144.0,232.0,101.0,1,Moderate,1,2,0
2529,24,Female,32.5,127.0,,115.0,0,Low,0,1,0
2530,59,Male,27.8,135.0,184.0,85.0,0,High,0,1,0
2531,83,Male,29.5,138.0,265.0,,0,Moderate,1,2,1
2532,76,Female,28.2,139.0,259.0,64.0,1,High,3,2,1
2533,84,Male,39.6,118.0,198.0,104.0,1,High,2,5,1
2534,30,Male,25.1,118.0,182.0,158.0,1,High,0,0,0
2535,75,Male,36.3,121.0,237.0,79.0,0,Moderate,0,3,0
2536,88,Female,28.2,155.0,263.0,76.0,0,Moderate,3,1,0
2537,41,Male,36.8,133.0,160.0,98.0,1,Moderate,0,1,0
2538,53,Male,20.8,137.0,157.0,77.0,0,Low,0,0,0
2539,56,Male,28.5,155.0,208.0,114.0,0,High,0,1,0
2540,53,Male,25.3,121.0,154.0,87.0,0,Moderate,1,0,0
2541,38,Female,28.3,112.0,115.0,102.0,1,Moderate,0,0,0
2542,87,Male,34.2,132.0,182.0,93.0,1,Moderate,1,0,0
2543,86,Male,29.6,112.0,229.0,96.0,0,Moderate,1,1,0
2544,45,Male,34.2,99.0,252.0,114.0,0,Moderate,0,1,0
2545,75,Female,23.8,144.0,181.0,97.0,1,Low,0,1,0
2546,46,Female,23.0,101.0,188.0,151.0,0,Moderate,0,1,0
2547,75,Female,27.6,117.0,213.0,105.0,0,High,1,1,0
2548,60,Male,27.3,127.0,175.0,100.0,1,Moderate,0,0,0
2549,51,Male,26.5,119.0,,60.0,0,Low,1,3,0
2550,27,Male,22.2,131.0,196.0,105.0,1,Moderate,0,1,0
2551,65,Male,34.1,131.0,157.0,64.0,0,Moderate,1,2,1
2552,41,Female,25.5,109.0,161.0,117.0,0,High,2,0,0
2553,33,Female,35.3,135.0,179.0,120.0,0,High,0,0,0
2554,31,Male,27.6,130.0,198.0,127.0,0,Low,1,1,1
2555,88,Female,31.1,116.0,156.0,94.0,0,Low,0,2,0
2556,25,Female,30.6,120.0,178.0,111.0,0,Low,0,2,1
2557,75,Male,23.0,122.0,158.0,117.0,0,Low,0,2,0
2558,80,Female,29.5,124.0,184.0,84.0,0,Moderate,3,0,0
2559,20,Male,38.1,144.0,210.0,136.0,0,Moderate,0,1,0
2560,60,Male,28.9,130.0,197.0,122.0,0,High,2,3,0
2561,59,Male,32.5,125.0,263.0,109.0,0,Low,2,1,0
2562,43,Female,31.3,124.0,189.0,152.0,0,Low,0,1,0
2563,66,Female,29.2,145.0,240.0,121.0,0,Moderate,2,1,0
2564,47,Male,28.5,113.0,224.0,64.0,1,Moderate,1,0,0
2565,49,Female,30.5,116.0,194.0,136.0,0,Low,0,0,0
2566,49,Male,31.7,135.0,145.0,94.0,0,Low,1,1,0
2567,75,Male,20.1,109.0,,116.0,0,Moderate,0,3,0
2568,63,Male,28.9,145.0,,115.0,0,Low,0,0,0
2569,45,Female,,98.0,171.0,60.0,0,Moderate,0,2,1
2570,84,Female,25.3,133.0,218.0,118.0,1,High,0,2,0
2571,75,Male,34.6,108.0,152.0,110.0,0,Low,2,1,0
2572,85,Female,23.5,120.0,179.0,88.0,0,Moderate,0,2,0
2573,70,Female,19.8,153.0,167.0,84.0,0,High,3,1,1
2574,46,Female,31.9,140.0,183.0,132.0,0,Moderate,0,1,0
2575,73,Male,19.7,151.0,177.0,71.0,0,Low,2,1,0
2576,41,Female,16.9,99.0,164.0,120.0,0,Low,1,3,0
2577,37,Male,32.5,104.0,194.0,73.0,1,High,0,2,0
2578,50,Male,28.4,130.0,178.0,115.0,0,Low,1,0,0
2579,87,Male,30.1,149.0,214.0,129.0,0,High,1,0,1
2580,58,Female,25.1,115.0,157.0,122.0,0,High,0,0,0
2581,45,Female,19.9,114.0,161.0,,0,High,0,1,0
2582,51,Female,21.0,107.0,273.0,91.0,0,High,0,2,0
2583,38,Female,26.0,147.0,162.0,89.0,0,High,0,1,0
2584,65,Female,20.5,123.0,122.0,64.0,0,High,1,0,0
2585,43,Female,29.2,123.0,205.0,90.0,0,Moderate,3,2,0
2586,57,Female,25.0,129.0,172.0,77.0,0,Low,1,2,0
2587,44,Female,28.5,141.0,201.0,78.0,1,Low,0,0,1
2588,41,Female,28.4,107.0,187.0,154.0,0,Moderate,0,0,0
2589,87,Female,29.6,157.0,234.0,64.0,0,Low,3,1,0
2590,42,Male,30.2,102.0,187.0,139.0,0,High,0,0,0
2591,23,Male,25.6,134.0,173.0,71.0,0,High,0,1,0
2592,45,Female,28.5,96.0,236.0,81.0,0,Moderate,1,0,0
2593,56,Male,28.8,125.0,114.0,81.0,0,High,2,1,0
2594,24,Female,15.0,142.0,132.0,60.0,0,Moderate,0,0,0
2595,40,Female,31.1,133.0,159.0,135.0,0,Moderate,0,1,0
2596,29,Female,28.3,124.0,120.0,122.0,0,High,2,1,0
2597,54,Female,30.6,110.0,179.0,104.0,0,High,2,0,0
2598,70,Male,20.4,120.0,183.0,166.0,0,High,0,2,0
2599,87,Male,25.8,159.0,251.0,103.0,0,Moderate,0,0,0
2600,46,Female,21.5,131.0,,99.0,0,Low,0,1,0
2601,80,Female,31.6,150.0,202.0,94.0,1,Moderate,0,3,1
2602,33,Male,19.8,120.0,,74.0,0,Moderate,1,1,0
2603,74,Female,22.4,129.0,167.0,85.0,1,High,4,2,0
2604,58,Male,30.4,140.0,233.0,132.0,0,Moderate,0,0,0
2605,72,Female,24.0,137.0,252.0,116.0,0,High,0,1,0
2606,72,Female,22.4,130.0,160.0,132.0,0,Low,0,2,0
2607,56,Female,32.5,104.0,260.0,94.0,1,Moderate,2,1,0
2608,36,Male,32.7,135.0,163.0,128.0,1,Moderate,0,0,0
2609,55,Male,31.5,134.0,169.0,119.0,0,High,0,2,0
2610,77,Female,32.2,125.0,226.0,124.0,0,Moderate,1,0,0
2611,87,Female,26.2,157.0,235.0,81.0,0,Low,0,2,0
2612,84,Male,26.4,141.0,209.0,77.0,1,High,2,0,1
2613,31,Male,23.9,123.0,172.0,115.0,0,Low,0,0,0
2614,61,Female,28.4,143.0,245.0,130.0,0,Moderate,0,1,1
2615,25,Male,24.6,127.0,159.0,86.0,0,Moderate,2,1,0
2616,66,Female,25.1,135.0,200.0,118.0,0,High,1,1,0
2617,89,Male,30.8,136.0,279.0,142.0,0,Low,1,1,1
2618,21,Male,34.0,147.0,130.0,105.0,0,Moderate,2,0,0
2619,65,Male,29.7,119.0,185.0,71.0,1,Low,3,1,1
2620,86,Female,37.4,150.0,252.0,85.0,0,Moderate,0,3,1
2621,78,Female,23.6,133.0,,83.0,0,Moderate,1,1,0
2622,46,Male,17.4,131.0,227.0,80.0,0,Low,1,1,0
2623,25,Male,31.4,136.0,132.0,110.0,0,High,0,1,0
2624,84,Female,23.3,132.0,224.0,99.0,1,Moderate,1,1,1
2625,84,Male,26.0,147.0,201.0,97.0,0,High,0,2,0
2626,59,Female,17.8,132.0,286.0,110.0,1,High,1,0,0
2627,88,Female,22.6,128.0,245.0,79.0,0,Moderate,1,0,0
2628,18,Male,19.2,134.0,178.0,127.0,0,Low,0,1,0
2629,62,Male,25.1,141.0,212.0,127.0,0,Low,0,3,0
2630,20,Female,25.3,108.0,182.0,125.0,0,Low,0,1,0
2631,85,Male,28.0,155.0,239.0,89.0,0,Low,2,2,1
2632,66,Female,34.3,117.0,170.0,112.0,0,Low,0,1,0
2633,83,Male,31.2,136.0,263.0,130.0,0,Low,1,3,1
2634,58,Female,18.6,121.0,149.0,88.0,1,Moderate,0,2,0
2635,23,Male,30.8,128.0,189.0,92.0,0,Low,0,4,0
2636,19,Female,28.1,106.0,148.0,87.0,0,Low,1,1,0
2637,42,Female,27.0,134.0,193.0,87.0,0,Moderate,1,0,0
2638,71,Male,27.4,142.0,243.0,75.0,0,Low,1,2,0
2639,28,Female,28.6,111.0,119.0,182.0,0,Low,0,0,0
2640,79,Female,23.7,164.0,203.0,60.0,1,Moderate,2,1,0
2641,35,Female,26.5,108.0,133.0,79.0,0,High,1,0,0
2642,53,Male,34.0,104.0,,130.0,0,Low,0,2,1
2643,32,Male,23.6,132.0,131.0,83.0,0,Moderate,0,1,0
2644,51,Male,21.8,91.0,202.0,89.0,1,Low,1,1,0
2645,50,Female,27.2,149.0,179.0,116.0,0,Moderate,1,0,0
2646,18,Female,21.3,115.0,207.0,124.0,0,Low,0,0,0
2647,58,Male,18.0,105.0,246.0,85.0,0,Moderate,2,1,0
2648,74,Male,25.6,118.0,207.0,127.0,0,Moderate,2,2,1
2649,85,Female,35.5,111.0,246.0,73.0,0,Low,0,0,0
2650,41,Female,27.3,128.0,,90.0,0,High,0,1,0
2651,81,Male,28.5,115.0,175.0,120.0,1,Moderate,2,0,0
2652,81,Male,15.8,144.0,265.0,141.0,0,Low,1,1,1
2653,89,Female,29.9,134.0,213.0,84.0,0,Moderate,0,2,1
2654,44,Female,28.0,115.0,155.0,77.0,0,Low,0,2,0
2655,79,Female,23.8,143.0,221.0,109.0,0,Low,0,2,0
2656,58,Female,28.5,138.0,196.0,108.0,0,Low,0,2,0
2657,22,Male,28.4,134.0,128.0,88.0,0,High,0,0,0
2658,37,Male,21.7,110.0,147.0,66.0,0,High,0,1,0
2659,66,Male,29.3,130.0,265.0,95.0,0,Moderate,1,2,0
2660,29,Male,34.1,107.0,195.0,128.0,0,High,1,0,0
2661,49,Male,26.2,127.0,251.0,95.0,0,Moderate,1,2,0
2662,73,Male,22.7,121.0,191.0,129.0,0,Low,1,1,0
2663,28,Male,26.5,111.0,154.0,101.0,0,Moderate,1,1,0
2664,53,Female,32.2,119.0,133.0,128.0,1,Moderate,1,3,0
2665,33,Male,20.8,124.0,223.0,104.0,0,Low,0,0,0
2666,56,Female,30.7,127.0,214.0,100.0,0,Moderate,0,1,0
2667,35,Male,23.8,128.0,172.0,122.0,1,Low,0,1,0
2668,87,Male,28.8,136.0,183.0,76.0,1,Moderate,0,0,0
2669,23,Female,,106.0,224.0,87.0,1,Moderate,3,1,0
2670,87,Female,24.4,141.0,207.0,91.0,0,Moderate,0,3,0
2671,75,Female,35.9,119.0,201.0,127.0,1,Low,5,1,1
2672,79,Male,19.8,144.0,187.0,111.0,1,Low,2,1,0
2673,79,Male,30.2,131.0,194.0,88.0,0,Moderate,2,2,0
2674,31,Male,37.0,122.0,206.0,94.0,0,Low,0,0,0
2675,85,Female,31.3,141.0,159.0,113.0,0,Low,0,2,0
2676,60,Male,20.2,154.0,203.0,60.0,0,Moderate,0,1,0
2677,87,Male,20.5,144.0,250.0,122.0,0,Moderate,3,0,1
2678,81,Male,23.4,137.0,207.0,,0,Moderate,1,1,0
2679,59,Female,28.4,117.0,240.0,77.0,1,Low,0,1,1
2680,44,Female,28.7,136.0,243.0,76.0,1,High,2,0,0
2681,26,Female,20.5,112.0,217.0,104.0,1,High,1,0,0
2682,25,Female,22.7,92.0,162.0,106.0,0,High,0,0,0
2683,46,Female,23.0,120.0,192.0,79.0,0,Low,0,2,0
2684,76,Female,26.5,137.0,221.0,101.0,1,Low,6,2,1
2685,54,Male,38.4,113.0,179.0,92.0,0,Moderate,1,1,0
2686,52,Female,22.4,124.0,177.0,92.0,0,Low,1,3,0
2687,35,Male,22.1,119.0,166.0,137.0,0,Low,3,0,0
2688,58,Male,21.3,127.0,296.0,152.0,0,Moderate,0,0,0
2689,63,Male,31.0,149.0,,105.0,0,High,2,3,0
2690,88,Male,27.3,117.0,255.0,117.0,1,Moderate,1,2,1
2691,70,Female,22.6,165.0,172.0,109.0,0,Low,2,0,0
2692,61,Female,25.5,128.0,265.0,60.0,0,Low,0,0,0
2693,83,Female,23.1,146.0,197.0,70.0,0,Low,0,3,1
2694,48,Female,29.1,126.0,196.0,60.0,0,Low,2,1,0
2695,85,Male,42.3,110.0,143.0,138.0,1,Low,0,2,1
2696,44,Female,30.5,106.0,234.0,160.0,0,Low,2,0,0
2697,27,Female,27.0,109.0,234.0,133.0,1,Low,2,2,0
2698,48,Male,,140.0,149.0,102.0,0,Low,1,2,1
2699,27,Female,20.1,95.0,228.0,93.0,0,High,0,2,0
2700,26,Female,31.5,103.0,132.0,102.0,1,Moderate,2,0,0
2701,81,Female,31.2,138.0,235.0,138.0,0,High,4,0,0
2702,75,Female,24.9,141.0,197.0,108.0,0,Moderate,2,0,0
2703,33,Female,34.2,126.0,237.0,117.0,0,Moderate,2,0,0
2704,78,Female,27.6,119.0,218.0,77.0,1,Moderate,1,1,1
2705,22,Male,31.8,90.0,216.0,127.0,0,Moderate,1,0,0
2706,38,Female,29.1,129.0,236.0,104.0,0,Low,2,0,0
2707,68,Male,26.5,154.0,193.0,115.0,0,Moderate,0,2,1
2708,39,Male,22.2,116.0,188.0,124.0,1,Low,0,0,0
2709,70,Female,26.7,114.0,163.0,62.0,0,High,1,0,0
2710,80,Male,32.1,129.0,199.0,104.0,0,Low,2,3,1
2711,22,Female,24.7,122.0,254.0,90.0,0,Low,0,1,0
2712,19,Male,29.9,110.0,208.0,95.0,0,Moderate,2,1,0
2713,85,Male,21.5,160.0,173.0,68.0,0,Low,1,4,1
2714,55,Male,31.8,142.0,259.0,93.0,0,High,0,1,0
2715,54,Male,29.2,129.0,212.0,80.0,0,Moderate,0,1,0
2716,51,Female,20.9,94.0,227.0,118.0,0,Moderate,0,1,0
2717,49,Male,26.3,114.0,213.0,114.0,0,Low,2,4,1
2718,67,Female,32.6,122.0,219.0,121.0,1,Moderate,2,0,0
2719,59,Female,20.6,116.0,124.0,60.0,0,Low,0,1,0
2720,29,Male,21.6,121.0,227.0,148.0,0,Low,0,1,0
2721,63,Female,27.1,133.0,116.0,95.0,0,Moderate,0,0,0
2722,66,Male,39.2,104.0,242.0,167.0,1,Low,1,0,0
2723,26,Male,23.8,129.0,187.0,120.0,1,Moderate,1,0,0
2724,45,Female,30.2,124.0,224.0,103.0,1,Moderate,0,0,0
2725,74,Female,28.9,139.0,213.0,161.0,1,High,2,1,0
2726,62,Female,24.3,141.0,241.0,116.0,0,Moderate,0,2,0
2727,27,Male,28.4,105.0,184.0,101.0,0,Low,1,0,0
2728,20,Male,25.0,135.0,191.0,92.0,1,High,0,1,0
2729,59,Female,25.5,126.0,215.0,130.0,0,Moderate,0,2,0
2730,51,Female,18.4,150.0,267.0,79.0,0,Low,2,1,0
2731,87,Female,27.4,124.0,,96.0,0,Moderate,3,1,1
2732,55,Male,32.4,150.0,147.0,97.0,0,Moderate,0,0,0
2733,85,Female,27.8,123.0,191.0,86.0,0,Low,1,3,1
2734,33,Male,33.5,160.0,209.0,96.0,0,High,0,2,0
2735,50,Male,30.7,110.0,243.0,156.0,0,High,1,1,0
2736,28,Male,27.2,134.0,157.0,131.0,0,Moderate,0,0,0
2737,59,Male,24.0,122.0,285.0,107.0,0,Low,2,1,0
2738,31,Female,24.8,130.0,192.0,88.0,0,Low,0,1,0
2739,53,Male,19.4,125.0,212.0,,0,Moderate,1,0,0
2740,42,Female,26.0,105.0,143.0,94.0,0,Low,0,0,0
2741,31,Male,28.3,85.0,228.0,153.0,1,Low,0,0,0
2742,24,Female,36.9,156.0,165.0,126.0,0,Moderate,0,1,0
2743,54,Male,30.4,128.0,169.0,129.0,0,Moderate,0,2,0
2744,86,Male,22.7,91.0,201.0,104.0,0,Low,2,0,0
2745,32,Male,19.6,124.0,239.0,72.0,0,Moderate,0,0,0
2746,47,Female,26.4,135.0,211.0,107.0,1,Low,0,0,1
2747,34,Male,32.0,108.0,153.0,84.0,0,Moderate,2,2,0
2748,76,Female,26.3,123.0,188.0,135.0,0,Moderate,2,0,1
2749,47,Female,30.5,124.0,247.0,90.0,1,Low,0,2,0
2750,88,Male,26.5,158.0,205.0,89.0,0,High,3,1,0
2751,35,Female,31.4,121.0,209.0,132.0,0,High,0,1,0
2752,23,Male,18.7,139.0,212.0,75.0,0,High,1,0,0
2753,59,Male,36.3,146.0,100.0,112.0,0,Low,0,2,0
2754,64,Male,,126.0,250.0,60.0,0,High,0,0,0
2755,89,Female,31.9,114.0,,103.0,0,Moderate,4,2,0
2756,80,Female,26.0,132.0,196.0,119.0,0,Low,1,1,0
2757,81,Male,26.9,144.0,269.0,89.0,0,Moderate,1,1,0
2758,63,Male,26.2,131.0,256.0,118.0,0,High,0,1,0
2759,43,Female,28.9,133.0,210.0,107.0,1,High,1,0,0
2760,48,Male,30.0,138.0,222.0,137.0,0,Low,2,0,0
2761,27,Female,33.3,125.0,221.0,95.0,1,Low,1,1,0
2762,49,Female,35.2,120.0,249.0,110.0,0,Moderate,2,0,0
2763,44,Male,29.3,131.0,251.0,70.0,0,High,1,0,0
2764,20,Female,36.9,150.0,184.0,116.0,0,High,0,1,0
2765,32,Male,28.0,95.0,158.0,95.0,0,Low,1,1,0
2766,56,Female,33.4,135.0,188.0,139.0,1,Low,0,0,1
2767,44,Male,29.9,152.0,197.0,93.0,0,Moderate,2,2,0
2768,89,Female,24.5,120.0,212.0,90.0,0,Low,1,2,0
2769,52,Female,28.5,142.0,158.0,90.0,1,Low,0,1,0
2770,87,Male,30.3,156.0,230.0,110.0,0,Moderate,1,2,1
2771,65,Male,27.3,107.0,143.0,157.0,0,Low,0,0,1
2772,20,Female,29.8,126.0,183.0,60.0,0,High,1,0,0
2773,32,Female,32.3,114.0,,111.0,0,High,1,0,0
2774,68,Male,27.4,130.0,208.0,136.0,0,Low,0,3,0
2775,57,Male,15.0,122.0,231.0,75.0,0,Moderate,1,0,0
2776,39,Male,36.7,142.0,217.0,132.0,0,Moderate,0,2,0
2777,55,Female,25.9,125.0,282.0,134.0,0,Moderate,0,2,0
2778,83,Female,23.0,129.0,192.0,92.0,0,High,2,1,0
2779,45,Male,21.3,116.0,203.0,80.0,1,Low,1,0,0
2780,21,Male,25.6,109.0,189.0,127.0,1,High,2,0,0
2781,40,Male,24.4,104.0,196.0,114.0,0,Moderate,0,4,1
2782,85,Male,23.4,130.0,164.0,98.0,1,Low,0,2,1
2783,72,Female,23.7,135.0,161.0,116.0,0,Moderate,2,0,0
2784,78,Female,30.4,141.0,209.0,135.0,1,Moderate,2,4,1
2785,83,Female,38.7,156.0,152.0,120.0,0,Low,1,1,1
2786,26,Male,32.0,120.0,170.0,120.0,0,High,0,0,0
2787,38,Male,33.7,113.0,164.0,128.0,0,Low,2,1,0
2788,22,Male,25.4,99.0,170.0,91.0,0,Low,0,2,0
2789,18,Male,28.1,119.0,222.0,137.0,0,Moderate,1,0,0
2790,78,Female,29.8,133.0,168.0,82.0,0,Moderate,1,1,0
2791,85,Male,23.9,136.0,246.0,97.0,0,Moderate,1,1,1
2792,29,Female,25.2,122.0,163.0,122.0,0,Moderate,1,0,0
2793,69,Male,32.2,140.0,188.0,85.0,0,Moderate,0,2,0
2794,56,Female,33.5,131.0,216.0,137.0,0,Moderate,0,2,0
2795,22,Male,27.9,112.0,171.0,111.0,0,Moderate,1,0,0
2796,83,Male,20.9,124.0,178.0,131.0,0,Low,2,1,0
2797,80,Male,25.9,126.0,196.0,119.0,0,Low,0,2,0
2798,58,Female,19.6,141.0,131.0,90.0,0,High,0,0,0
2799,68,Female,27.9,125.0,218.0,112.0,0,Moderate,1,1,0
2800,46,Female,28.9,102.0,,115.0,0,Moderate,1,1,0
2801,75,Female,26.0,152.0,241.0,156.0,0,Moderate,5,1,1
2802,50,Male,28.8,110.0,218.0,110.0,1,Low,1,0,0
2803,89,Male,29.8,139.0,275.0,105.0,1,Low,0,3,1
2804,22,Male,28.9,123.0,264.0,103.0,0,Low,0,0,0
2805,30,Male,20.9,118.0,221.0,101.0,0,Moderate,0,0,0
2806,87,Male,26.1,98.0,190.0,74.0,1,Low,3,1,1
2807,38,Male,29.8,127.0,272.0,99.0,0,Low,1,0,0
2808,40,Female,36.2,143.0,145.0,92.0,1,High,1,0,0
2809,74,Male,26.0,146.0,135.0,81.0,0,Moderate,3,3,0
2810,31,Male,30.5,85.0,256.0,131.0,0,Low,0,0,0
2811,54,Male,32.3,160.0,,113.0,0,Low,0,1,0
2812,38,Female,26.4,100.0,118.0,85.0,0,Moderate,4,3,0
2813,32,Female,33.8,101.0,134.0,111.0,0,Low,0,1,0
2814,87,Female,34.1,150.0,234.0,109.0,0,Low,1,2,1
2815,32,Male,35.1,126.0,153.0,118.0,0,High,2,1,0
2816,24,Male,30.0,117.0,154.0,70.0,0,Moderate,1,1,0
2817,66,Male,40.5,121.0,278.0,96.0,0,High,1,2,0
2818,80,Female,24.1,157.0,292.0,63.0,1,Moderate,2,2,1
2819,27,Male,39.2,116.0,189.0,99.0,0,Low,0,2,0
2820,68,Male,31.7,106.0,198.0,93.0,0,Moderate,3,1,0
2821,56,Male,34.9,147.0,232.0,89.0,0,Low,0,1,0
2822,77,Male,25.7,138.0,187.0,123.0,0,Low,3,1,1
2823,27,Male,32.1,135.0,100.0,160.0,0,Low,4,1,0
2824,88,Female,35.3,147.0,109.0,138.0,0,High,0,1,0
2825,62,Female,21.5,167.0,198.0,83.0,0,Moderate,0,3,0
2826,78,Male,26.6,130.0,243.0,110.0,0,Moderate,2,1,0
2827,44,Male,15.7,123.0,193.0,87.0,0,Moderate,0,1,0
2828,85,Female,26.5,149.0,243.0,88.0,1,Low,2,1,0
2829,63,Female,23.0,125.0,236.0,134.0,0,Moderate,0,0,0
2830,27,Female,26.3,130.0,236.0,156.0,0,Low,0,2,0
2831,84,Female,43.6,90.0,219.0,90.0,0,Low,0,2,0
2832,75,Male,36.9,133.0,218.0,156.0,0,Low,0,1,1
2833,39,Male,19.6,120.0,188.0,79.0,0,Low,0,0,0
2834,57,Male,30.6,125.0,189.0,103.0,0,Moderate,1,1,0
2835,45,Male,31.9,109.0,133.0,119.0,0,Moderate,1,1,0
2836,57,Male,25.6,142.0,243.0,,0,Moderate,1,3,0
2837,87,Male,28.5,130.0,199.0,114.0,0,High,3,3,1
2838,82,Female,29.0,139.0,194.0,119.0,0,Low,1,3,0
2839,33,Female,20.1,118.0,166.0,118.0,1,Moderate,2,1,0
2840,87,Female,21.8,146.0,163.0,124.0,0,Low,1,0,0
2841,49,Male,28.4,148.0,191.0,120.0,0,Low,0,0,0
2842,68,Male,28.0,134.0,224.0,133.0,0,High,1,2,0
2843,73,Female,23.6,147.0,180.0,85.0,1,Moderate,1,0,0
2844,52,Female,23.1,128.0,235.0,60.0,0,Moderate,1,0,0
2845,50,Female,27.0,117.0,181.0,152.0,1,Low,1,3,0
2846,50,Female,32.4,123.0,137.0,86.0,0,High,0,1,0
2847,80,Male,27.1,131.0,262.0,91.0,0,Moderate,1,1,0
2848,45,Female,36.4,132.0,200.0,110.0,0,Low,3,0,0
2849,38,Male,23.7,123.0,222.0,87.0,0,Low,1,0,0
2850,44,Male,28.6,110.0,226.0,88.0,0,Moderate,0,0,0
2851,32,Female,25.6,115.0,150.0,115.0,0,Low,0,1,1
2852,46,Male,30.7,99.0,173.0,123.0,1,Low,1,1,1
2853,26,Male,23.2,114.0,222.0,,0,Low,0,0,0
2854,24,Male,,116.0,252.0,135.0,1,Low,2,2,0
2855,70,Male,18.2,161.0,207.0,82.0,1,Low,0,2,1
2856,23,Male,36.9,137.0,158.0,108.0,0,Moderate,3,2,0
2857,58,Male,28.0,111.0,263.0,135.0,0,Moderate,0,0,0
2858,74,Male,30.5,137.0,183.0,96.0,0,Low,3,1,1
2859,70,Female,34.8,136.0,218.0,102.0,0,High,1,2,1
2860,50,Male,32.2,121.0,179.0,136.0,0,Low,0,1,0
2861,31,Female,23.5,116.0,196.0,,0,Moderate,2,0,0
2862,85,Male,30.8,132.0,177.0,97.0,0,Moderate,2,3,0
2863,78,Female,37.8,165.0,195.0,107.0,0,Moderate,0,2,0
2864,62,Male,22.6,123.0,177.0,128.0,1,Low,1,1,0
2865,24,Male,39.2,121.0,207.0,137.0,0,Moderate,0,0,0
2866,20,Male,29.6,85.0,186.0,115.0,0,Moderate,0,0,0
2867,40,Female,25.1,135.0,223.0,72.0,0,Low,0,0,0
2868,29,Female,22.6,137.0,153.0,105.0,0,Low,0,1,1
2869,79,Female,26.3,118.0,202.0,98.0,0,Moderate,0,2,0
2870,32,Female,16.7,111.0,210.0,67.0,1,Low,2,0,0
2871,38,Female,25.2,128.0,222.0,87.0,0,Low,1,2,0
2872,88,Male,26.1,139.0,159.0,122.0,1,Low,2,1,1
2873,76,Male,21.6,142.0,220.0,130.0,0,Moderate,1,1,0
2874,33,Female,31.6,114.0,156.0,84.0,0,Moderate,1,1,0
2875,45,Female,26.3,153.0,227.0,80.0,0,Moderate,0,0,0
2876,55,Male,24.0,116.0,268.0,119.0,0,Moderate,1,0,0
2877,65,Female,25.7,173.0,103.0,,0,Low,1,2,1
2878,85,Female,29.5,157.0,188.0,123.0,0,Low,1,1,0
2879,80,Male,27.9,149.0,220.0,95.0,0,Moderate,1,1,0
2880,88,Female,23.6,122.0,214.0,115.0,1,Low,0,1,0
2881,20,Female,28.2,129.0,216.0,71.0,0,Moderate,0,0,0
2882,35,Male,27.2,129.0,191.0,120.0,0,Moderate,1,3,0
2883,58,Female,21.2,94.0,179.0,60.0,1,Moderate,1,0,0
2884,21,Female,25.9,92.0,142.0,128.0,1,Low,1,0,0
2885,43,Female,30.7,128.0,146.0,109.0,0,Low,0,1,0
2886,29,Female,30.6,116.0,156.0,,0,Moderate,3,1,0
2887,85,Female,,129.0,191.0,110.0,0,Low,2,2,1
2888,22,Female,31.2,132.0,196.0,67.0,0,Low,0,1,0
2889,28,Female,22.1,103.0,,134.0,0,Low,1,0,0
2890,32,Male,22.3,111.0,161.0,107.0,0,Moderate,0,2,0
2891,28,Male,26.1,107.0,146.0,123.0,0,High,1,0,0
2892,58,Male,35.7,136.0,172.0,96.0,1,Moderate,3,0,1
2893,44,Male,28.4,95.0,171.0,113.0,0,Low,0,0,0
2894,83,Female,26.0,129.0,183.0,70.0,0,Moderate,0,0,0
2895,36,Female,36.0,93.0,214.0,121.0,0,Moderate,1,4,1
2896,56,Male,25.9,122.0,250.0,79.0,1,Low,1,1,0
2897,65,Male,39.8,142.0,158.0,253.0,0,High,0,2,0
2898,63,Female,24.7,141.0,244.0,118.0,0,High,1,2,0
2899,75,Male,21.9,122.0,234.0,132.0,0,Moderate,1,0,0
2900,32,Female,26.6,127.0,193.0,98.0,0,Low,2,0,0
2901,54,Male,26.1,123.0,255.0,114.0,0,Low,2,0,1
2902,75,Male,23.1,156.0,201.0,123.0,0,Low,0,0,0
2903,80,Male,41.8,133.0,225.0,98.0,0,Moderate,1,1,0
2904,62,Male,29.3,85.0,206.0,91.0,1,Moderate,0,0,0
2905,64,Female,30.1,144.0,204.0,135.0,0,Moderate,1,1,0
2906,80,Male,25.0,128.0,227.0,97.0,1,High,0,2,0
2907,62,Male,24.3,125.0,,82.0,0,High,0,0,0
2908,86,Male,33.1,143.0,231.0,97.0,0,Low,4,0,0
2909,27,Male,18.3,94.0,158.0,61.0,0,Moderate,3,0,0
2910,43,Female,21.2,124.0,167.0,60.0,1,High,0,0,1
2911,26,Female,26.1,125.0,157.0,60.0,0,High,0,0,0
2912,24,Female,,122.0,168.0,117.0,1,Moderate,0,0,0
2913,51,Female,25.4,116.0,234.0,120.0,0,Low,0,1,0
2914,34,Male,29.8,135.0,169.0,174.0,0,Moderate,1,0,0
2915,47,Male,27.7,108.0,218.0,105.0,0,Moderate,2,1,0
2916,49,Female,34.6,115.0,205.0,82.0,0,Low,0,2,0
2917,62,Female,18.8,127.0,184.0,93.0,0,High,0,1,0
2918,86,Female,,142.0,263.0,130.0,0,Moderate,2,1,1
2919,79,Male,,130.0,237.0,131.0,0,High,2,3,0
2920,45,Female,32.6,143.0,193.0,137.0,0,Low,0,1,0
2921,41,Female,23.0,127.0,187.0,114.0,0,High,0,1,0
2922,73,Male,27.6,134.0,210.0,108.0,0,Moderate,2,3,0
2923,26,Male,26.9,121.0,125.0,124.0,0,Low,0,0,0
2924,56,Female,22.0,139.0,167.0,67.0,0,High,0,1,0
2925,48,Male,20.5,128.0,212.0,60.0,0,High,0,1,0
2926,31,Female,24.3,89.0,125.0,156.0,0,Moderate,1,0,0
2927,62,Female,28.2,147.0,173.0,105.0,1,High,0,1,1
2928,41,Male,23.3,124.0,176.0,114.0,1,High,0,3,0
2929,31,Male,25.7,129.0,296.0,60.0,0,Moderate,0,0,0
2930,65,Female,17.1,124.0,228.0,131.0,0,Low,0,1,0
2931,30,Male,25.5,89.0,227.0,133.0,0,Moderate,0,1,0
2932,66,Female,33.1,94.0,172.0,73.0,0,Moderate,1,1,0
2933,29,Male,31.4,103.0,198.0,103.0,0,Moderate,3,1,0
2934,49,Male,27.0,133.0,128.0,112.0,1,Low,0,0,0
2935,76,Female,28.8,155.0,195.0,75.0,0,High,2,5,1
2936,34,Female,22.9,124.0,206.0,112.0,0,High,2,1,0
2937,73,Female,36.4,116.0,153.0,145.0,0,Moderate,4,0,1
2938,69,Female,38.9,119.0,219.0,130.0,1,High,1,1,0
2939,82,Female,28.4,158.0,229.0,66.0,1,Low,1,0,0
2940,30,Female,41.7,97.0,162.0,99.0,1,Moderate,0,0,0
2941,69,Female,23.8,165.0,173.0,97.0,0,Moderate,1,1,0
2942,85,Male,20.6,167.0,185.0,90.0,0,Moderate,2,4,1
2943,72,Male,23.6,167.0,193.0,94.0,0,Moderate,1,1,1
2944,31,Female,26.3,124.0,173.0,97.0,1,Low,0,1,0
2945,77,Female,40.2,129.0,228.0,77.0,0,Moderate,1,1,0
2946,25,Female,26.0,122.0,162.0,125.0,0,Low,0,0,0
2947,60,Female,22.8,143.0,261.0,115.0,1,Low,0,2,0
2948,53,Female,22.6,116.0,257.0,112.0,0,Moderate,0,1,0
2949,56,Female,33.8,109.0,207.0,126.0,0,Moderate,1,4,1
2950,55,Male,33.0,122.0,184.0,106.0,0,Low,2,2,0
2951,20,Male,24.8,102.0,160.0,86.0,0,Moderate,1,1,0
2952,54,Male,17.2,146.0,209.0,65.0,0,High,0,2,0
2953,85,Female,21.3,127.0,231.0,137.0,0,Low,1,2,0
2954,49,Female,37.0,126.0,187.0,118.0,0,Moderate,2,2,0
2955,37,Male,31.3,136.0,174.0,68.0,0,High,0,3,0
2956,89,Male,27.9,159.0,228.0,106.0,0,High,1,1,0
2957,25,Male,37.8,120.0,185.0,66.0,1,Moderate,0,0,0
2958,53,Male,38.3,132.0,,127.0,0,Moderate,1,1,0
2959,54,Male,,110.0,201.0,109.0,1,Low,1,0,0
2960,52,Male,27.4,142.0,173.0,91.0,0,High,0,1,0
2961,84,Female,24.3,157.0,183.0,77.0,1,High,2,2,1
2962,48,Female,25.9,94.0,194.0,118.0,1,Low,0,0,1
2963,88,Male,,167.0,192.0,92.0,0,Low,1,1,1
2964,22,Male,19.3,104.0,153.0,60.0,1,Low,0,1,0
2965,70,Female,18.0,142.0,245.0,124.0,0,Moderate,5,1,0
2966,60,Female,33.5,130.0,185.0,90.0,1,Low,1,1,1
2967,35,Female,18.9,119.0,258.0,60.0,0,Moderate,1,0,0
2968,34,Female,38.2,116.0,211.0,156.0,1,Moderate,0,3,0
2969,69,Male,23.5,116.0,173.0,128.0,0,High,2,3,0
2970,63,Female,37.1,138.0,246.0,108.0,0,High,0,0,0
2971,62,Female,25.5,125.0,174.0,70.0,0,Moderate,0,0,0
2972,21,Female,18.9,94.0,255.0,70.0,0,Moderate,3,0,0
2973,61,Female,34.6,112.0,209.0,104.0,0,Moderate,2,0,0
2974,88,Male,35.2,118.0,235.0,148.0,0,Moderate,1,3,0
2975,19,Male,22.5,106.0,181.0,132.0,0,Moderate,1,1,1
2976,51,Female,25.7,133.0,206.0,107.0,1,High,0,2,0
2977,53,Male,22.5,115.0,188.0,116.0,0,Low,2,0,0
2978,82,Male,,152.0,176.0,99.0,0,High,0,2,0
2979,38,Male,28.1,119.0,202.0,84.0,0,Low,0,1,1
2980,52,Female,25.6,121.0,235.0,64.0,1,Moderate,0,1,0
2981,69,Male,,132.0,,100.0,0,High,1,1,0
2982,22,Male,24.3,138.0,240.0,125.0,0,Moderate,1,1,0
2983,75,Female,31.4,112.0,230.0,98.0,1,High,2,1,0
2984,77,Female,26.4,161.0,192.0,135.0,1,High,3,3,0
2985,69,Male,25.7,147.0,187.0,93.0,0,Moderate,5,1,1
2986,64,Female,22.4,130.0,273.0,101.0,0,Low,1,0,0
2987,71,Female,24.1,151.0,241.0,95.0,1,Low,1,1,0
2988,74,Male,35.2,128.0,250.0,149.0,0,High,1,0,0
2989,83,Male,21.2,141.0,202.0,110.0,0,Moderate,1,0,1
2990,48,Female,31.5,116.0,215.0,110.0,0,Moderate,1,1,0
2991,50,Male,27.8,140.0,208.0,108.0,0,Low,0,0,0
2992,63,Male,28.8,118.0,195.0,77.0,0,Low,0,1,0
2993,31,Female,23.5,118.0,190.0,60.0,0,Moderate,0,0,0
2994,79,Male,25.6,146.0,252.0,89.0,0,Low,1,1,0
2995,73,Male,27.5,150.0,267.0,101.0,0,Low,1,1,0
2996,63,Male,24.6,116.0,192.0,115.0,0,High,1,1,0
2997,39,Male,29.3,133.0,140.0,104.0,0,Low,1,1,0
2998,43,Male,30.0,107.0,254.0,97.0,1,Moderate,1,1,0
2999,49,Male,39.4,90.0,257.0,60.0,1,Low,1,1,0
3000,65,Female,29.0,118.0,218.0,122.0,1,Moderate,0,1,1
3001,74,Female,17.0,147.0,,96.0,0,Moderate,2,1,1
3002,66,Female,33.9,130.0,215.0,136.0,0,Low,1,0,1
3003,84,Male,,128.0,177.0,105.0,0,Moderate,0,0,0
3004,87,Male,38.6,139.0,164.0,151.0,0,Moderate,3,0,0
3005,68,Male,35.6,132.0,154.0,103.0,1,High,2,3,1
3006,44,Female,24.7,133.0,192.0,101.0,0,Low,0,0,0
3007,61,Female,31.5,103.0,183.0,118.0,0,High,0,0,1
3008,48,Female,24.2,123.0,172.0,118.0,1,Moderate,2,0,0
3009,63,Female,27.5,132.0,197.0,117.0,0,Low,0,3,0
3010,76,Female,31.2,112.0,241.0,123.0,0,Low,1,2,1
3011,44,Male,33.6,101.0,171.0,121.0,1,High,0,0,0
3012,54,Male,32.4,121.0,170.0,108.0,0,Low,1,4,0
3013,21,Female,27.9,115.0,162.0,130.0,0,High,0,0,0
3014,71,Female,41.2,133.0,240.0,81.0,1,High,0,3,0
3015,53,Male,25.5,117.0,194.0,87.0,1,High,0,2,0
3016,51,Male,18.7,116.0,206.0,135.0,0,Moderate,2,0,0
3017,56,Female,19.7,121.0,257.0,77.0,1,Low,3,4,1
3018,33,Female,35.6,124.0,295.0,115.0,0,Low,0,1,1
3019,61,Female,27.1,149.0,225.0,141.0,1,Low,1,0,0
3020,71,Female,28.4,97.0,226.0,104.0,1,Moderate,0,1,1
3021,43,Female,24.5,133.0,146.0,80.0,0,Moderate,1,2,0
3022,27,Female,25.0,115.0,198.0,133.0,1,Moderate,2,2,0
3023,45,Male,23.2,132.0,195.0,92.0,0,High,3,0,0
3024,32,Male,30.1,138.0,220.0,104.0,1,Low,1,1,0
3025,44,Female,27.0,111.0,177.0,60.0,0,Low,0,0,0
3026,63,Male,29.9,145.0,209.0,106.0,0,Moderate,0,4,1
3027,26,Male,29.4,97.0,206.0,126.0,1,High,0,1,0
3028,71,Female,25.2,134.0,278.0,91.0,0,High,1,1,0
3029,34,Male,19.5,116.0,246.0,61.0,0,High,0,0,0
3030,82,Male,19.0,137.0,259.0,81.0,0,High,2,1,1
3031,70,Male,44.1,116.0,233.0,113.0,0,High,2,1,0
3032,37,Male,35.6,127.0,172.0,110.0,0,High,0,3,0
3033,58,Female,34.9,153.0,227.0,103.0,0,Moderate,1,0,0
3034,25,Female,23.8,101.0,153.0,144.0,0,Moderate,1,0,0
3035,25,Female,27.6,119.0,175.0,114.0,0,Low,0,1,0
3036,86,Female,23.0,151.0,281.0,60.0,0,High,0,0,0
3037,75,Female,20.3,129.0,228.0,97.0,0,Moderate,1,2,0
3038,29,Male,24.3,139.0,193.0,100.0,0,High,4,0,1
3039,38,Male,34.8,114.0,203.0,147.0,0,Low,1,1,0
3040,32,Male,32.1,117.0,182.0,108.0,0,Low,0,0,0
3041,46,Male,22.2,108.0,111.0,93.0,0,Low,0,3,0
3042,38,Female,25.8,123.0,141.0,152.0,0,High,0,0,0
3043,41,Male,31.6,122.0,214.0,84.0,1,High,3,1,0
3044,56,Male,24.4,137.0,163.0,122.0,0,Moderate,0,0,0
3045,31,Male,27.9,108.0,181.0,108.0,0,Moderate,0,1,0
3046,81,Male,29.7,125.0,164.0,96.0,1,Low,3,1,0
3047,70,Female,29.7,139.0,178.0,92.0,0,High,1,0,1
3048,72,Male,28.9,155.0,206.0,143.0,0,Moderate,2,0,1
3049,30,Male,23.9,128.0,220.0,113.0,0,Low,0,2,0
3050,68,Male,24.5,161.0,247.0,117.0,1,High,3,1,0
3051,78,Male,21.3,144.0,181.0,120.0,0,Low,1,3,1
3052,30,Female,18.9,126.0,197.0,103.0,0,Low,2,1,0
3053,72,Male,26.9,144.0,152.0,77.0,0,Moderate,2,0,1
3054,43,Male,32.0,146.0,194.0,71.0,0,Moderate,2,1,0
3055,74,Male,19.9,153.0,243.0,135.0,1,High,1,1,1
3056,52,Male,29.0,108.0,193.0,113.0,1,High,0,2,0
3057,75,Male,31.8,147.0,257.0,114.0,1,Low,1,1,0
3058,28,Female,17.4,122.0,216.0,138.0,0,Low,0,0,0
3059,46,Male,26.0,120.0,202.0,76.0,0,Moderate,1,0,0
3060,37,Male,36.6,92.0,179.0,60.0,0,Moderate,0,0,0
3061,35,Male,30.5,95.0,167.0,63.0,0,High,0,2,0
3062,40,Male,17.2,116.0,135.0,77.0,0,Low,0,0,0
3063,45,Male,31.1,100.0,143.0,114.0,0,Low,1,1,0
3064,27,Female,23.4,111.0,221.0,136.0,0,Low,0,1,0
3065,68,Male,31.3,143.0,262.0,133.0,0,Low,2,4,1
3066,57,Female,23.7,118.0,157.0,60.0,0,Low,3,0,0
3067,77,Female,27.2,136.0,211.0,178.0,0,Moderate,1,2,1
3068,68,Male,24.5,114.0,144.0,91.0,0,High,0,3,0
3069,28,Female,27.5,122.0,147.0,138.0,0,High,3,2,0
3070,23,Male,24.4,124.0,191.0,116.0,0,Low,1,0,0
3071,48,Female,26.3,102.0,174.0,104.0,0,Low,0,0,0
3072,52,Male,21.0,114.0,123.0,90.0,0,Moderate,2,0,0
3073,35,Male,30.2,99.0,253.0,81.0,1,Low,0,1,0
3074,74,Male,28.5,142.0,205.0,74.0,0,Moderate,4,1,1
3075,59,Female,18.6,131.0,158.0,89.0,1,Moderate,0,1,0
3076,71,Female,33.0,132.0,210.0,77.0,1,High,1,2,0
3077,25,Male,26.5,114.0,179.0,147.0,1,Low,1,2,0
3078,76,Female,28.4,139.0,,109.0,0,Low,3,1,0
3079,32,Female,31.7,124.0,173.0,166.0,0,Low,2,1,0
3080,50,Female,29.3,117.0,207.0,97.0,0,Moderate,0,3,1
3081,49,Male,33.9,114.0,230.0,99.0,0,Low,2,2,0
3082,77,Female,25.9,134.0,158.0,119.0,0,Low,2,1,0
3083,37,Male,33.2,117.0,162.0,107.0,0,Low,0,1,0
3084,35,Male,28.2,153.0,219.0,,0,Low,0,0,0
3085,42,Male,30.3,116.0,170.0,,0,High,1,2,0
3086,43,Female,29.7,127.0,188.0,137.0,0,High,1,0,1
3087,31,Female,34.3,126.0,,151.0,1,Moderate,0,0,1
3088,30,Female,31.5,140.0,169.0,133.0,0,High,0,0,0
3089,34,Female,25.1,106.0,168.0,88.0,0,Low,0,0,0
3090,51,Male,,147.0,148.0,130.0,1,High,0,0,0
3091,42,Male,27.2,120.0,208.0,123.0,0,Moderate,1,1,0
3092,46,Female,23.3,164.0,233.0,84.0,0,Low,0,0,0
3093,69,Female,21.7,137.0,198.0,85.0,0,Moderate,3,2,0
3094,35,Male,15.8,100.0,224.0,87.0,0,Moderate,1,2,0
3095,83,Male,19.0,133.0,193.0,123.0,0,Moderate,1,3,0
3096,72,Female,38.4,154.0,185.0,124.0,1,High,3,1,0
3097,30,Male,23.9,119.0,201.0,101.0,0,Moderate,0,0,0
3098,40,Female,38.0,121.0,206.0,116.0,0,High,1,1,1
3099,31,Female,29.7,130.0,181.0,100.0,0,High,0,0,0
3100,37,Male,27.2,115.0,214.0,75.0,1,Moderate,0,0,0
3101,44,Male,19.2,120.0,143.0,115.0,0,Moderate,2,1,0
3102,27,Female,27.5,102.0,172.0,79.0,0,Low,0,2,0
3103,19,Male,37.9,142.0,216.0,122.0,0,Moderate,2,0,0
3104,49,Male,36.1,105.0,231.0,107.0,0,Low,0,2,0
3105,68,Male,29.0,134.0,236.0,128.0,0,Low,0,1,0
3106,39,Female,21.2,129.0,228.0,88.0,0,Low,1,3,0
3107,79,Female,22.2,135.0,195.0,72.0,1,Low,1,0,0
3108,44,Male,22.8,103.0,127.0,125.0,0,High,1,1,0
3109,82,Female,34.5,120.0,201.0,94.0,0,High,1,1,0
3110,34,Male,36.5,128.0,211.0,122.0,1,Low,0,3,0
3111,56,Male,28.6,115.0,228.0,140.0,0,Low,0,1,0
3112,72,Male,25.8,100.0,186.0,84.0,0,High,0,0,0
3113,22,Male,36.0,121.0,144.0,115.0,0,Low,0,2,0
3114,84,Female,22.1,123.0,179.0,87.0,0,High,1,2,0
3115,44,Female,27.8,133.0,171.0,110.0,0,Moderate,1,2,0
3116,53,Male,30.0,123.0,124.0,107.0,0,Moderate,1,0,0
3117,63,Female,22.8,126.0,181.0,123.0,0,Low,0,0,1
3118,64,Female,24.0,131.0,204.0,85.0,0,Low,0,0,0
3119,19,Female,23.6,96.0,176.0,133.0,0,High,0,1,0
3120,80,Male,35.3,122.0,197.0,158.0,0,Low,2,0,1
3121,62,Male,38.0,125.0,175.0,127.0,0,High,2,2,1
3122,89,Male,28.1,120.0,,86.0,0,Moderate,3,1,0
3123,51,Male,26.0,137.0,174.0,103.0,0,High,3,1,0
3124,62,Male,24.2,124.0,228.0,98.0,0,High,0,0,0
3125,49,Male,27.5,101.0,194.0,152.0,0,Moderate,0,0,1
3126,82,Male,24.5,127.0,331.0,99.0,0,High,1,5,0
3127,77,Female,27.0,136.0,196.0,141.0,1,High,2,6,1
3128,83,Female,29.8,129.0,228.0,112.0,0,High,2,1,0
3129,54,Female,25.3,133.0,185.0,104.0,1,Low,1,2,0
3130,74,Male,26.5,143.0,194.0,95.0,0,High,1,2,0
3131,43,Female,26.5,161.0,251.0,98.0,0,Moderate,1,1,1
3132,51,Female,25.8,144.0,233.0,126.0,0,Moderate,0,2,0
3133,72,Female,25.1,107.0,,83.0,0,High,1,0,0
3134,23,Female,31.7,110.0,143.0,137.0,1,Low,0,0,0
3135,69,Female,17.8,127.0,199.0,130.0,0,Moderate,2,2,1
3136,19,Female,36.2,123.0,160.0,102.0,0,Low,0,1,1
3137,59,Female,28.2,113.0,142.0,138.0,0,Moderate,0,1,1
3138,52,Female,30.9,117.0,200.0,138.0,0,Low,2,0,0
3139,51,Female,31.5,105.0,124.0,134.0,0,Low,1,2,0
3140,53,Female,23.6,116.0,201.0,84.0,0,Moderate,0,0,0
3141,53,Male,22.5,117.0,224.0,96.0,0,Low,2,1,0
3142,47,Female,21.8,119.0,227.0,95.0,0,Low,0,0,0
3143,50,Male,26.1,106.0,190.0,158.0,0,Low,2,2,1
3144,58,Female,31.3,144.0,256.0,111.0,1,Low,0,0,0
3145,72,Female,24.3,140.0,219.0,96.0,0,Moderate,2,2,0
3146,57,Female,30.8,104.0,231.0,80.0,0,Moderate,1,0,0
3147,64,Male,15.0,130.0,174.0,63.0,0,Low,0,1,0
3148,78,Female,25.4,110.0,267.0,85.0,0,Low,2,2,0
3149,89,Male,33.9,160.0,214.0,124.0,0,Low,1,1,1
3150,25,Male,26.6,142.0,242.0,67.0,0,Low,0,0,0
3151,69,Male,22.9,131.0,256.0,82.0,0,Low,1,2,0
3152,34,Female,23.9,106.0,197.0,60.0,0,Low,0,2,0
3153,32,Male,15.0,108.0,201.0,125.0,1,Moderate,0,0,0
3154,75,Male,21.9,126.0,201.0,101.0,0,Moderate,1,0,0
3155,22,Female,33.3,113.0,150.0,122.0,0,Low,0,0,0
3156,79,Female,,157.0,232.0,73.0,0,Low,3,1,0
3157,73,Male,24.9,148.0,227.0,132.0,0,High,1,1,1
3158,89,Female,15.0,154.0,153.0,127.0,1,High,0,0,0
3159,66,Male,18.5,133.0,200.0,95.0,0,Moderate,0,1,1
3160,80,Female,34.0,117.0,243.0,102.0,1,Moderate,3,0,1
3161,26,Male,30.9,104.0,239.0,125.0,0,High,0,0,0
3162,82,Female,20.4,137.0,239.0,115.0,0,Low,2,1,0
3163,29,Female,24.0,98.0,127.0,123.0,1,Low,3,0,0
3164,40,Female,27.3,126.0,150.0,123.0,0,Moderate,1,0,0
3165,27,Female,20.9,130.0,170.0,122.0,0,Low,2,2,0
3166,46,Female,16.5,132.0,246.0,72.0,1,High,1,3,0
3167,71,Male,26.6,140.0,182.0,128.0,1,Moderate,2,2,1
3168,37,Male,30.6,91.0,229.0,98.0,1,High,0,2,0
3169,77,Male,30.8,156.0,185.0,60.0,0,Low,0,2,1
3170,61,Male,32.3,104.0,221.0,100.0,0,Low,1,3,1
3171,63,Female,19.0,127.0,166.0,79.0,0,High,1,1,0
3172,85,Male,27.8,147.0,205.0,112.0,0,Moderate,0,0,0
3173,49,Female,,130.0,151.0,125.0,0,High,2,2,0
3174,42,Male,27.0,102.0,246.0,110.0,1,Low,2,0,0
3175,89,Male,26.3,121.0,,156.0,0,Low,1,0,1
3176,58,Female,23.9,132.0,140.0,87.0,1,Moderate,0,1,0
3177,62,Female,15.0,137.0,139.0,60.0,0,Low,1,1,0
3178,39,Female,33.9,103.0,186.0,122.0,0,High,0,2,0
3179,33,Male,29.3,125.0,169.0,94.0,0,Low,0,0,0
3180,30,Female,19.3,94.0,210.0,66.0,0,Low,1,1,0
3181,34,Female,30.1,129.0,178.0,102.0,0,Moderate,0,0,0
3182,32,Male,25.0,105.0,230.0,82.0,0,Low,0,0,0
3183,71,Female,25.2,134.0,191.0,85.0,0,Low,2,1,0
3184,22,Female,23.3,114.0,220.0,139.0,0,Low,1,1,0
3185,63,Male,30.5,148.0,165.0,113.0,0,Moderate,1,6,1
3186,86,Male,23.1,141.0,,93.0,0,Low,4,6,1
3187,73,Male,21.5,123.0,175.0,139.0,0,Moderate,1,0,0
3188,47,Female,33.7,130.0,151.0,107.0,1,High,0,1,0
3189,22,Female,26.5,149.0,134.0,72.0,1,Low,2,0,0
3190,78,Female,26.7,147.0,225.0,70.0,0,Low,1,0,0
3191,18,Female,31.3,113.0,169.0,109.0,0,Low,0,0,0
3192,67,Male,23.8,118.0,209.0,60.0,0,Moderate,4,1,0
3193,66,Female,,121.0,223.0,72.0,0,Moderate,1,1,0
3194,31,Male,29.2,129.0,121.0,98.0,0,High,0,0,0
3195,71,Female,19.0,118.0,227.0,123.0,0,High,1,3,0
3196,30,Male,28.7,118.0,139.0,141.0,0,Low,0,0,1
3197,34,Male,23.3,142.0,165.0,117.0,0,Low,0,0,0
3198,76,Male,32.2,137.0,136.0,112.0,0,Low,1,4,0
3199,88,Male,30.5,121.0,239.0,95.0,0,Moderate,1,1,0
3200,37,Male,29.8,155.0,,119.0,0,Low,0,0,0
3201,84,Female,18.7,165.0,166.0,140.0,0,High,1,1,1
3202,83,Male,26.9,145.0,169.0,109.0,0,Moderate,1,0,0
3203,73,Female,21.0,153.0,202.0,85.0,0,Low,0,1,0
3204,28,Male,27.3,113.0,178.0,101.0,0,High,0,0,0
3205,39,Female,15.0,133.0,220.0,81.0,0,Moderate,0,1,0
3206,66,Male,19.0,124.0,199.0,108.0,0,High,0,3,0
3207,89,Male,34.0,117.0,251.0,95.0,0,Moderate,1,3,0
3208,76,Male,29.5,176.0,222.0,119.0,1,Moderate,1,2,1
3209,48,Female,25.6,102.0,158.0,118.0,0,Low,0,1,0
3210,34,Female,22.5,124.0,162.0,108.0,1,Moderate,0,1,0
3211,87,Male,21.5,143.0,271.0,69.0,1,Moderate,0,3,1
3212,37,Male,28.6,129.0,235.0,103.0,1,High,1,1,0
3213,42,Female,25.6,121.0,222.0,89.0,0,High,0,1,0
3214,87,Female,36.0,137.0,250.0,116.0,1,High,0,1,1
3215,58,Male,26.5,130.0,217.0,87.0,0,Moderate,0,2,1
3216,37,Male,27.8,128.0,201.0,138.0,0,Moderate,0,0,0
3217,18,Female,19.9,114.0,181.0,100.0,0,Moderate,0,1,0
3218,48,Male,25.5,123.0,259.0,61.0,0,Moderate,1,2,0
3219,88,Male,28.5,117.0,196.0,73.0,0,Low,0,1,0
3220,49,Male,25.4,157.0,204.0,134.0,1,Low,0,0,1
3221,68,Male,24.8,140.0,139.0,97.0,0,Low,2,1,0
3222,36,Female,29.3,123.0,134.0,98.0,0,Moderate,0,0,0
3223,73,Male,35.8,123.0,275.0,147.0,1,Low,3,1,1
3224,73,Male,28.3,117.0,230.0,103.0,0,Moderate,0,0,0
3225,61,Male,33.8,143.0,192.0,83.0,1,Low,1,0,0
3226,73,Female,30.9,130.0,209.0,81.0,1,Moderate,3,3,1
3227,59,Male,33.5,138.0,148.0,130.0,0,Low,1,2,1
3228,45,Male,24.1,102.0,176.0,154.0,0,Moderate,0,1,0
3229,71,Male,26.4,157.0,150.0,126.0,0,High,2,3,0
3230,78,Female,,149.0,198.0,94.0,1,Moderate,0,1,1
3231,78,Female,30.5,134.0,235.0,104.0,0,Low,0,1,0
3232,33,Male,31.9,127.0,204.0,113.0,0,Moderate,0,0,0
3233,66,Male,28.2,142.0,263.0,60.0,0,High,0,0,0
3234,18,Male,32.3,92.0,190.0,113.0,0,Moderate,1,1,0
3235,59,Male,24.4,155.0,105.0,117.0,0,Low,0,4,1
3236,59,Female,32.4,136.0,274.0,159.0,0,Moderate,0,1,0
3237,44,Female,33.1,112.0,160.0,142.0,0,Moderate,1,0,0
3238,89,Male,31.2,121.0,221.0,161.0,0,High,3,0,0
3239,81,Male,28.2,152.0,214.0,150.0,0,Low,2,1,0
3240,20,Male,,118.0,189.0,147.0,0,High,2,1,0
3241,33,Female,22.6,127.0,188.0,100.0,0,Moderate,0,2,0
3242,32,Female,28.6,119.0,188.0,116.0,0,Moderate,0,1,0
3243,82,Male,29.2,120.0,161.0,65.0,0,Moderate,2,0,0
3244,55,Male,20.2,135.0,296.0,99.0,0,Low,0,1,0
3245,70,Male,30.1,129.0,230.0,124.0,0,Low,2,1,1
3246,76,Male,20.6,134.0,210.0,89.0,0,Low,1,0,0
3247,73,Male,25.1,171.0,276.0,62.0,0,Moderate,1,0,0
3248,24,Male,27.7,130.0,141.0,147.0,0,Moderate,0,1,0
3249,28,Female,23.5,132.0,217.0,111.0,0,High,0,0,0
3250,46,Male,28.0,167.0,172.0,151.0,1,Moderate,0,0,1
3251,42,Male,27.9,128.0,206.0,126.0,0,Moderate,2,1,0
3252,71,Female,23.0,134.0,222.0,135.0,0,Moderate,3,1,0
3253,29,Female,,107.0,100.0,140.0,0,High,0,1,0
3254,44,Female,23.3,116.0,138.0,82.0,0,Low,0,1,0
3255,35,Female,40.1,87.0,248.0,110.0,0,Low,0,0,0
3256,31,Female,26.9,131.0,176.0,94.0,0,Low,2,1,0
3257,30,Male,21.1,98.0,261.0,72.0,0,High,0,0,0
3258,32,Male,22.1,133.0,236.0,144.0,0,Moderate,2,0,0
3259,58,Male,33.8,127.0,191.0,116.0,0,Moderate,0,1,0
3260,47,Female,25.2,126.0,182.0,114.0,0,Low,0,0,0
3261,49,Female,20.0,124.0,257.0,61.0,0,Moderate,2,2,0
3262,52,Female,32.2,148.0,276.0,134.0,0,High,0,3,0
3263,71,Female,25.2,152.0,195.0,92.0,1,Moderate,2,1,1
3264,80,Male,31.1,135.0,268.0,144.0,0,Low,1,5,1
3265,55,Female,32.6,112.0,237.0,95.0,0,High,2,2,1
3266,64,Female,29.0,145.0,248.0,142.0,1,Low,0,0,0
3267,71,Female,40.7,117.0,209.0,149.0,0,Moderate,0,0,0
3268,67,Female,18.0,106.0,178.0,80.0,1,Low,0,2,0
3269,27,Male,23.0,125.0,143.0,136.0,0,High,2,1,0
3270,88,Female,26.1,158.0,164.0,134.0,0,High,3,2,0
3271,29,Male,39.9,111.0,257.0,136.0,1,Low,1,0,1
3272,47,Male,37.4,130.0,,94.0,0,High,1,0,0
3273,64,Male,34.6,123.0,158.0,136.0,0,High,0,2,0
3274,47,Male,23.1,136.0,232.0,101.0,0,Moderate,0,2,0
3275,35,Female,23.8,137.0,169.0,102.0,0,Moderate,0,1,0
3276,84,Female,22.9,133.0,187.0,101.0,0,Moderate,1,4,0
3277,23,Male,23.2,99.0,260.0,99.0,0,Low,1,0,0
3278,35,Female,35.7,96.0,137.0,95.0,0,Low,1,0,0
3279,89,Male,26.2,153.0,223.0,64.0,0,Low,2,2,1
3280,70,Male,26.9,114.0,183.0,60.0,0,Low,1,3,1
3281,24,Female,31.8,122.0,153.0,120.0,1,Moderate,0,0,0
3282,72,Male,18.4,145.0,150.0,60.0,1,Low,2,1,0
3283,87,Female,27.8,130.0,216.0,125.0,1,Moderate,2,1,0
3284,25,Female,21.5,114.0,149.0,110.0,0,Moderate,1,0,0
3285,47,Female,25.9,140.0,216.0,96.0,0,Low,0,1,0
3286,51,Male,24.3,112.0,194.0,128.0,0,Low,1,2,0
3287,27,Female,24.0,102.0,172.0,94.0,0,Moderate,0,1,0
3288,32,Male,28.7,115.0,153.0,118.0,0,High,1,0,0
3289,30,Female,28.7,138.0,239.0,60.0,1,Moderate,0,2,0
3290,31,Female,26.3,144.0,,60.0,0,High,0,0,0
3291,47,Male,29.5,122.0,168.0,102.0,0,High,1,2,0
3292,51,Male,22.7,114.0,144.0,110.0,0,Moderate,2,1,0
3293,35,Male,31.2,137.0,116.0,136.0,0,Moderate,1,0,0
3294,38,Male,26.4,94.0,232.0,100.0,0,Moderate,1,1,0
3295,31,Male,24.8,122.0,220.0,108.0,1,Low,1,0,0
3296,75,Male,23.1,133.0,247.0,120.0,0,Low,0,0,0
3297,33,Female,26.2,140.0,182.0,101.0,0,Low,0,1,0
3298,83,Female,37.8,159.0,242.0,135.0,0,Low,3,1,0
3299,56,Male,27.2,112.0,237.0,76.0,0,Low,1,0,0
3300,75,Male,21.2,136.0,,60.0,0,Low,0,1,0
3301,63,Female,32.6,120.0,188.0,99.0,0,Moderate,0,0,0
3302,37,Female,24.9,116.0,151.0,122.0,0,Low,0,1,0
3303,61,Female,29.1,139.0,217.0,89.0,0,Moderate,0,2,0
3304,37,Female,24.2,115.0,210.0,118.0,0,Moderate,0,1,0
3305,26,Female,34.5,120.0,168.0,89.0,0,Moderate,0,0,0
3306,36,Female,24.3,135.0,177.0,86.0,0,Moderate,0,2,0
3307,37,Female,35.2,145.0,,123.0,0,Moderate,0,0,0
3308,27,Female,21.7,122.0,214.0,80.0,0,Low,0,1,0
3309,19,Male,25.9,116.0,127.0,91.0,0,High,0,1,0
3310,85,Female,35.2,120.0,171.0,60.0,0,Moderate,3,0,0
3311,54,Female,28.4,152.0,156.0,129.0,0,Moderate,0,0,0
3312,46,Male,40.0,132.0,187.0,120.0,0,Low,1,2,0
3313,84,Male,26.0,139.0,224.0,79.0,0,High,0,0,0
3314,34,Female,28.9,121.0,146.0,155.0,0,Low,0,0,0
3315,47,Female,38.0,130.0,228.0,100.0,0,High,1,0,0
3316,78,Female,19.2,147.0,265.0,81.0,0,Low,1,3,0
3317,63,Female,18.5,144.0,217.0,68.0,0,High,0,0,0
3318,46,Female,23.1,149.0,236.0,128.0,1,High,1,1,0
3319,36,Male,32.0,124.0,153.0,149.0,0,Low,2,2,0
3320,20,Male,18.6,143.0,146.0,128.0,0,Low,0,0,0
3321,24,Male,30.8,133.0,202.0,145.0,0,High,0,1,0
3322,29,Male,30.4,117.0,183.0,94.0,1,Moderate,1,0,0
3323,74,Female,38.6,107.0,173.0,165.0,0,Low,1,1,0
3324,64,Female,33.3,131.0,256.0,109.0,0,Moderate,0,1,0
3325,49,Male,29.5,150.0,206.0,68.0,0,High,0,1,0
3326,74,Male,35.0,121.0,,105.0,1,High,1,1,0
3327,29,Female,30.5,119.0,159.0,118.0,0,Low,1,0,0
3328,33,Female,25.0,122.0,250.0,85.0,0,Moderate,1,2,0
3329,46,Female,21.2,139.0,187.0,101.0,0,Moderate,1,0,0
3330,84,Male,24.4,131.0,251.0,115.0,0,Low,1,1,1
3331,62,Female,27.3,115.0,179.0,116.0,0,Low,1,2,0
3332,79,Female,28.5,144.0,216.0,124.0,1,Low,3,1,1
3333,35,Female,15.8,108.0,209.0,85.0,0,Low,3,1,0
3334,79,Female,26.3,106.0,285.0,85.0,0,Moderate,1,0,0
3335,23,Female,27.7,145.0,165.0,68.0,1,Low,0,1,1
3336,34,Male,30.5,134.0,195.0,108.0,0,Moderate,1,0,0
3337,55,Male,36.4,157.0,220.0,,0,Moderate,0,3,1
3338,21,Male,28.5,129.0,127.0,104.0,0,Low,0,1,0
3339,79,Female,22.5,146.0,127.0,60.0,0,Moderate,1,1,0
3340,80,Female,17.5,141.0,172.0,60.0,0,Low,2,1,0
3341,56,Male,31.3,124.0,235.0,124.0,0,Moderate,1,1,0
3342,40,Male,22.7,130.0,255.0,60.0,0,Low,1,2,1
3343,25,Male,32.3,107.0,147.0,107.0,0,Moderate,0,0,0
3344,62,Male,35.2,112.0,155.0,95.0,0,Moderate,1,1,0
3345,56,Female,19.0,122.0,256.0,71.0,0,Moderate,1,1,0
3346,72,Female,30.5,153.0,185.0,112.0,0,Low,2,0,0
3347,61,Male,34.6,109.0,186.0,116.0,1,High,2,3,0
3348,27,Male,33.1,97.0,239.0,128.0,0,Moderate,2,0,0
3349,26,Female,16.0,126.0,232.0,61.0,0,Moderate,1,1,0
3350,74,Female,22.8,127.0,242.0,76.0,0,Moderate,1,1,0
3351,29,Male,20.5,125.0,119.0,125.0,0,High,1,0,0
3352,85,Male,30.4,153.0,165.0,104.0,0,Moderate,1,1,0
3353,25,Male,29.8,124.0,225.0,118.0,0,Moderate,1,0,0
3354,70,Male,15.0,122.0,217.0,75.0,0,Moderate,1,1,0
3355,88,Female,25.8,159.0,184.0,115.0,0,Moderate,1,1,1
3356,49,Female,31.9,137.0,181.0,60.0,0,Moderate,0,0,0
3357,22,Female,28.3,116.0,223.0,137.0,0,Moderate,0,0,1
3358,81,Male,28.3,136.0,269.0,95.0,1,Moderate,1,1,0
3359,31,Male,25.5,124.0,185.0,70.0,0,Moderate,0,1,0
3360,55,Male,21.7,122.0,171.0,70.0,0,Moderate,2,0,0
3361,88,Female,27.4,112.0,204.0,99.0,0,Low,2,0,0
3362,71,Female,27.8,144.0,257.0,103.0,0,Moderate,1,3,1
3363,21,Male,30.9,126.0,231.0,114.0,0,Moderate,1,0,0
3364,77,Female,31.3,98.0,216.0,80.0,0,Moderate,2,0,0
3365,29,Male,28.0,126.0,164.0,129.0,0,Moderate,0,1,0
3366,71,Female,33.5,160.0,247.0,100.0,0,Moderate,1,1,1
3367,62,Male,25.4,111.0,263.0,88.0,0,Low,0,1,0
3368,38,Female,19.6,120.0,,89.0,0,Moderate,0,1,0
3369,48,Female,30.1,121.0,,127.0,0,Low,1,2,1
3370,26,Male,28.2,143.0,227.0,106.0,0,Low,1,0,0
3371,89,Male,30.2,157.0,217.0,95.0,0,High,1,1,0
3372,35,Male,20.5,106.0,169.0,87.0,0,Low,1,0,0
3373,40,Male,37.3,127.0,197.0,151.0,0,Low,0,2,0
3374,54,Female,31.4,163.0,211.0,139.0,0,Low,1,1,0
3375,66,Female,25.9,121.0,160.0,113.0,0,Low,1,0,0
3376,54,Female,22.4,126.0,200.0,102.0,0,Low,0,1,0
3377,54,Male,33.4,135.0,211.0,174.0,1,Low,0,0,1
3378,59,Female,21.4,118.0,181.0,109.0,1,Low,0,1,0
3379,79,Male,39.9,163.0,180.0,128.0,0,High,1,2,0
3380,46,Male,24.1,116.0,173.0,96.0,1,Moderate,1,0,0
3381,77,Female,37.0,112.0,172.0,128.0,0,Low,1,1,1
3382,74,Male,26.5,125.0,239.0,60.0,1,High,4,1,1
3383,87,Female,36.2,148.0,176.0,145.0,0,High,2,1,0
3384,83,Male,23.5,124.0,219.0,67.0,0,Low,1,0,1
3385,75,Male,27.6,139.0,193.0,87.0,0,Low,4,1,1
3386,35,Female,31.9,129.0,161.0,75.0,0,Low,1,2,0
3387,73,Female,31.1,114.0,259.0,92.0,0,Moderate,1,1,0
3388,71,Female,33.6,123.0,201.0,105.0,0,Moderate,1,1,0
3389,38,Male,24.8,126.0,164.0,125.0,1,Moderate,1,1,0
3390,66,Male,28.0,142.0,174.0,140.0,1,Moderate,0,0,0
3391,36,Male,34.4,111.0,201.0,166.0,0,Low,1,3,0
3392,55,Male,23.6,129.0,229.0,103.0,0,Low,1,0,0
3393,75,Female,30.6,129.0,256.0,104.0,0,Moderate,0,3,0
3394,31,Male,26.3,130.0,179.0,124.0,0,Low,0,0,0
3395,42,Male,28.6,131.0,182.0,85.0,0,Moderate,0,1,0
3396,75,Male,28.0,128.0,212.0,81.0,0,Low,2,2,0
3397,50,Male,23.2,133.0,201.0,90.0,0,High,1,1,0
3398,87,Female,26.1,131.0,184.0,103.0,0,Moderate,0,0,0
3399,18,Female,28.3,121.0,235.0,60.0,0,Low,0,1,0
3400,69,Female,26.9,139.0,205.0,133.0,0,Moderate,2,2,0
3401,76,Female,36.2,172.0,228.0,124.0,0,Moderate,0,2,0
3402,84,Male,33.1,132.0,228.0,134.0,1,Moderate,1,0,0
3403,29,Male,29.1,115.0,200.0,67.0,1,Moderate,1,3,0
3404,88,Female,23.3,128.0,176.0,83.0,0,Moderate,1,1,0
3405,46,Male,23.0,107.0,193.0,81.0,1,Moderate,0,1,0
3406,43,Female,38.4,115.0,,116.0,0,Low,0,2,0
3407,43,Male,21.9,133.0,252.0,97.0,0,Moderate,0,0,0
3408,63,Male,28.1,141.0,207.0,129.0,0,Low,0,1,0
3409,65,Male,29.5,135.0,189.0,111.0,0,High,0,1,0
3410,52,Male,25.8,121.0,112.0,84.0,0,High,0,0,0
3411,23,Female,22.0,108.0,163.0,155.0,1,Low,4,0,0
3412,89,Male,23.2,124.0,212.0,93.0,0,Low,1,2,1
3413,33,Male,24.5,110.0,,78.0,0,High,1,0,0
3414,24,Male,,95.0,173.0,60.0,0,Moderate,1,1,0
3415,61,Male,34.8,151.0,224.0,118.0,1,Moderate,0,2,1
3416,47,Female,27.4,153.0,155.0,124.0,0,Low,0,2,0
3417,62,Female,24.6,98.0,211.0,72.0,0,Low,0,1,0
3418,81,Female,28.1,140.0,206.0,123.0,0,Low,1,2,0
3419,25,Male,31.2,121.0,149.0,113.0,0,High,1,0,0
3420,38,Male,25.6,124.0,253.0,60.0,0,Moderate,1,1,0
3421,55,Male,,117.0,226.0,129.0,1,Moderate,0,1,0
3422,74,Male,20.5,150.0,177.0,89.0,1,High,3,3,1
3423,61,Female,33.9,135.0,220.0,85.0,0,Low,0,0,0
3424,45,Female,27.5,140.0,140.0,131.0,1,High,1,0,0
3425,61,Female,27.2,117.0,175.0,130.0,0,High,1,1,1
3426,88,Male,23.7,116.0,264.0,71.0,0,Low,0,0,1
3427,52,Male,20.7,133.0,209.0,104.0,0,High,1,0,0
3428,81,Female,18.3,120.0,221.0,98.0,0,Moderate,2,1,1
3429,74,Male,23.3,150.0,245.0,98.0,0,Low,3,1,0
3430,39,Female,30.7,87.0,213.0,97.0,0,Moderate,1,0,0
3431,35,Male,22.2,112.0,177.0,,0,Low,1,0,1
3432,73,Female,19.0,123.0,242.0,118.0,0,High,1,4,0
3433,32,Female,22.5,113.0,,109.0,0,Low,0,1,0
3434,42,Female,25.4,126.0,166.0,60.0,0,Low,2,0,0
3435,34,Male,25.6,126.0,183.0,60.0,1,Moderate,0,2,0
3436,61,Female,26.8,139.0,221.0,60.0,1,Moderate,0,1,0
3437,39,Female,33.2,133.0,177.0,78.0,1,Low,1,3,1
3438,65,Female,34.4,128.0,135.0,96.0,0,Low,0,1,0
3439,85,Male,38.5,171.0,139.0,109.0,0,Moderate,0,1,0
3440,77,Male,18.6,157.0,206.0,92.0,0,Moderate,1,3,0
3441,86,Female,22.8,133.0,,98.0,1,Moderate,1,3,1
3442,19,Male,31.3,112.0,145.0,110.0,0,Moderate,1,0,0
3443,50,Male,25.0,120.0,154.0,132.0,0,Low,0,4,0
3444,33,Male,32.2,125.0,192.0,69.0,1,High,1,0,0
3445,84,Male,28.6,121.0,261.0,,0,Low,0,2,0
3446,69,Male,36.2,119.0,210.0,126.0,0,Moderate,1,1,0
3447,41,Male,33.2,87.0,240.0,81.0,0,Low,0,1,0
3448,58,Male,33.3,121.0,185.0,128.0,0,Low,0,0,0
3449,61,Male,25.2,146.0,217.0,112.0,0,Low,0,2,0
3450,53,Male,27.0,124.0,248.0,104.0,0,High,0,2,0
3451,52,Male,25.8,124.0,190.0,60.0,0,Low,1,1,0
3452,21,Male,19.2,119.0,181.0,119.0,0,Moderate,1,0,0
3453,50,Male,,109.0,181.0,123.0,0,Low,0,0,0
3454,43,Male,31.6,123.0,214.0,122.0,1,Low,0,2,0
3455,76,Male,25.6,148.0,242.0,60.0,1,Moderate,1,1,1
3456,80,Male,34.7,140.0,,102.0,0,Moderate,0,2,1
3457,72,Male,24.0,148.0,197.0,64.0,0,Low,1,1,0
3458,20,Female,17.4,135.0,123.0,125.0,0,Low,1,2,0
3459,78,Male,33.0,145.0,207.0,85.0,0,Moderate,0,1,0
3460,46,Female,,112.0,186.0,134.0,0,High,1,1,0
3461,47,Female,26.4,118.0,202.0,129.0,0,Moderate,0,1,0
3462,86,Female,28.6,169.0,217.0,113.0,0,High,2,3,1
3463,80,Female,29.6,141.0,270.0,138.0,0,Low,1,5,1
3464,21,Female,32.2,118.0,154.0,88.0,1,Moderate,0,0,0
3465,43,Female,30.7,109.0,132.0,90.0,0,Moderate,1,0,0
3466,71,Female,30.5,131.0,162.0,134.0,1,High,0,2,0
3467,56,Male,23.2,139.0,174.0,75.0,0,Moderate,1,3,1
3468,36,Female,29.1,120.0,229.0,73.0,0,Low,0,1,0
3469,55,Male,19.2,118.0,148.0,86.0,0,Moderate,0,0,0
3470,80,Male,36.1,131.0,166.0,95.0,0,High,1,0,0
3471,34,Female,19.8,138.0,203.0,143.0,0,High,0,0,0
3472,71,Female,25.6,143.0,238.0,123.0,0,High,1,3,0
3473,70,Male,20.2,141.0,146.0,81.0,0,Moderate,2,1,0
3474,81,Male,23.5,143.0,143.0,74.0,0,Low,2,2,0
3475,39,Female,27.6,102.0,160.0,115.0,0,Low,0,2,0
3476,33,Female,24.6,123.0,211.0,133.0,0,Low,0,2,0
3477,57,Male,33.8,145.0,204.0,122.0,0,Low,1,3,0
3478,56,Female,28.7,123.0,170.0,83.0,0,Moderate,0,0,0
3479,47,Male,,140.0,222.0,65.0,0,Low,0,1,0
3480,74,Male,26.8,142.0,212.0,95.0,0,Low,2,1,0
3481,75,Male,34.2,147.0,203.0,123.0,1,Low,3,2,1
3482,35,Female,32.5,121.0,126.0,100.0,0,High,1,0,0
3483,75,Male,21.2,148.0,178.0,123.0,1,Moderate,3,0,1
3484,34,Male,23.8,96.0,261.0,114.0,0,Low,0,0,0
3485,47,Male,30.1,124.0,181.0,116.0,1,High,0,0,0
3486,19,Male,29.4,126.0,143.0,122.0,0,High,1,2,0
3487,42,Female,21.7,127.0,176.0,61.0,1,Moderate,1,0,0
3488,87,Male,31.6,155.0,218.0,98.0,1,Moderate,1,5,1
3489,49,Female,22.6,122.0,,72.0,0,Low,0,1,0
3490,69,Male,34.7,123.0,228.0,126.0,0,High,0,1,0
3491,25,Male,30.4,90.0,157.0,83.0,0,Low,1,1,0
3492,63,Male,21.3,125.0,250.0,99.0,0,Low,1,1,0
3493,44,Male,24.6,131.0,223.0,97.0,0,Low,1,2,0
3494,71,Female,24.5,145.0,189.0,117.0,0,Low,2,1,0
3495,84,Male,28.4,115.0,207.0,76.0,0,Low,1,0,0
3496,56,Female,26.4,146.0,221.0,116.0,0,Low,0,3,0
3497,25,Female,21.2,101.0,223.0,69.0,0,Low,0,0,0
3498,52,Male,19.8,124.0,138.0,70.0,0,Moderate,2,1,0
3499,26,Male,30.5,107.0,186.0,106.0,0,High,0,1,0
3500,50,Female,,132.0,194.0,139.0,0,Low,0,1,0
3501,22,Male,28.1,117.0,159.0,85.0,0,Moderate,1,0,0
3502,64,Male,29.0,141.0,180.0,62.0,1,Low,1,0,1
3503,40,Male,24.1,151.0,230.0,76.0,0,Moderate,0,2,1
3504,32,Male,28.5,125.0,206.0,97.0,1,Low,0,0,0
3505,19,Male,41.5,105.0,260.0,174.0,0,High,1,0,0
3506,81,Female,34.0,143.0,189.0,125.0,0,Low,2,1,1
3507,78,Female,25.9,166.0,214.0,84.0,0,Low,2,0,0
3508,76,Female,24.6,145.0,220.0,98.0,0,Moderate,1,0,0
3509,22,Male,15.0,130.0,215.0,129.0,1,Moderate,3,0,0
3510,43,Male,33.4,97.0,243.0,108.0,0,Moderate,1,1,0
3511,87,Female,31.8,144.0,217.0,106.0,1,Low,1,1,0
3512,59,Male,24.5,124.0,158.0,91.0,1,Moderate,1,3,0
3513,27,Male,19.6,106.0,156.0,113.0,0,High,0,1,0
3514,28,Female,21.1,117.0,189.0,83.0,0,Moderate,0,0,0
3515,36,Male,29.9,122.0,231.0,132.0,0,Low,0,0,0
3516,88,Female,27.0,128.0,159.0,133.0,0,High,3,3,1
3517,30,Male,31.3,121.0,141.0,127.0,0,Moderate,0,0,0
3518,83,Male,28.0,134.0,240.0,101.0,0,Moderate,1,2,0
3519,66,Female,32.8,142.0,154.0,77.0,1,Low,0,0,0
3520,84,Male,29.5,141.0,169.0,103.0,1,Low,2,1,0
3521,77,Female,32.1,140.0,252.0,95.0,1,Moderate,3,0,0
3522,41,Male,16.0,138.0,182.0,69.0,0,Moderate,0,0,0
3523,77,Male,20.7,143.0,197.0,90.0,0,Low,1,2,0
3524,30,Female,25.5,118.0,237.0,115.0,0,Moderate,0,1,0
3525,38,Female,33.4,87.0,149.0,98.0,0,Low,3,1,0
3526,33,Female,37.8,127.0,138.0,84.0,0,High,0,2,1
3527,27,Female,26.6,102.0,245.0,80.0,0,Low,1,0,0
3528,24,Female,24.1,115.0,191.0,145.0,0,High,1,0,0
3529,31,Female,16.7,124.0,211.0,105.0,0,Moderate,1,0,0
3530,26,Male,32.2,138.0,171.0,87.0,1,Moderate,0,0,0
3531,45,Female,24.5,153.0,188.0,135.0,1,Low,0,0,0
3532,23,Female,43.8,101.0,155.0,122.0,0,Low,0,1,0
3533,22,Male,23.4,94.0,193.0,159.0,0,High,0,0,0
3534,89,Female,39.1,144.0,246.0,129.0,0,High,2,0,1
3535,24,Male,31.6,120.0,,126.0,0,Moderate,2,1,0
3536,23,Male,21.8,96.0,222.0,119.0,1,Moderate,0,0,0
3537,20,Male,28.8,114.0,205.0,146.0,1,Moderate,0,0,0
3538,27,Female,31.7,127.0,,100.0,1,Moderate,0,0,0
3539,56,Male,26.3,107.0,192.0,140.0,0,High,1,1,0
3540,77,Male,32.1,119.0,191.0,96.0,0,Moderate,0,3,1
3541,70,Male,32.0,122.0,234.0,103.0,0,High,1,1,0
3542,59,Male,30.8,125.0,217.0,111.0,0,Moderate,1,1,0
3543,24,Male,27.4,127.0,187.0,129.0,0,High,0,0,0
3544,73,Female,21.0,128.0,245.0,88.0,0,High,2,2,0
3545,20,Female,27.1,115.0,109.0,148.0,1,Moderate,1,1,0
3546,63,Male,28.5,165.0,,142.0,0,Moderate,0,0,0
3547,47,Female,17.2,109.0,174.0,92.0,1,Moderate,0,0,0
3548,81,Female,28.4,125.0,220.0,82.0,0,Moderate,2,4,0
3549,40,Male,27.0,132.0,211.0,131.0,1,Low,0,0,1
3550,63,Female,20.4,145.0,201.0,60.0,1,Moderate,0,1,0
3551,49,Female,25.7,131.0,145.0,122.0,0,Low,2,1,0
3552,55,Male,25.8,156.0,213.0,82.0,0,Low,1,2,1
3553,85,Female,38.1,142.0,217.0,153.0,1,Low,1,2,1
3554,69,Male,28.7,100.0,149.0,71.0,0,Moderate,0,0,0
3555,47,Male,33.2,126.0,182.0,96.0,0,Moderate,0,0,0
3556,50,Female,26.9,116.0,209.0,116.0,0,Moderate,1,0,0
3557,68,Male,17.2,153.0,267.0,107.0,0,High,1,1,0
3558,42,Male,31.2,138.0,150.0,95.0,0,Moderate,0,1,0
3559,30,Female,23.9,93.0,215.0,92.0,0,High,0,1,0
3560,51,Female,25.7,147.0,155.0,128.0,0,Low,0,4,0
3561,22,Male,21.7,130.0,133.0,124.0,1,Low,0,0,0
3562,30,Male,27.9,113.0,139.0,97.0,0,Low,0,1,0
3563,48,Male,33.4,123.0,217.0,98.0,0,High,1,2,0
3564,75,Male,32.6,156.0,212.0,77.0,1,Moderate,1,1,0
3565,74,Female,36.2,102.0,195.0,124.0,0,Moderate,1,0,0
3566,36,Female,37.0,127.0,205.0,140.0,0,High,2,1,0
3567,48,Male,16.2,142.0,,94.0,0,Moderate,0,5,1
3568,29,Male,20.9,116.0,189.0,72.0,0,High,0,1,0
3569,72,Female,17.6,143.0,194.0,138.0,1,Low,0,1,1
3570,35,Female,31.0,121.0,148.0,60.0,1,High,0,1,0
3571,75,Male,23.7,121.0,272.0,123.0,0,Moderate,0,0,0
3572,78,Female,24.8,122.0,262.0,108.0,0,Low,0,1,0
3573,67,Male,26.3,142.0,264.0,116.0,0,Low,0,4,0
3574,41,Male,29.6,112.0,170.0,88.0,1,Moderate,1,1,0
3575,86,Female,,113.0,187.0,90.0,0,Moderate,2,4,1
3576,67,Female,20.6,133.0,188.0,104.0,1,Low,1,4,0
3577,64,Female,27.5,122.0,243.0,103.0,1,Low,0,2,0
3578,79,Female,34.1,116.0,209.0,68.0,0,Moderate,1,1,1
3579,81,Male,27.4,137.0,190.0,150.0,0,Low,1,1,1
3580,23,Female,23.1,128.0,195.0,116.0,0,High,0,1,0
3581,81,Male,15.7,136.0,183.0,90.0,1,High,2,0,0
3582,73,Male,32.7,116.0,155.0,116.0,0,Low,3,2,1
3583,32,Female,23.5,126.0,191.0,144.0,1,High,0,3,0
3584,40,Male,21.2,138.0,170.0,78.0,1,Moderate,0,2,0
3585,72,Male,18.1,168.0,205.0,67.0,0,Low,2,0,1
3586,33,Female,19.6,142.0,100.0,117.0,0,High,1,2,0
3587,50,Female,22.2,109.0,161.0,110.0,0,Low,0,0,0
3588,67,Female,26.2,145.0,202.0,78.0,0,Moderate,0,2,0
3589,64,Male,20.9,134.0,144.0,125.0,0,Moderate,0,2,0
3590,83,Female,28.5,118.0,155.0,115.0,0,High,1,2,0
3591,26,Male,26.1,121.0,184.0,80.0,0,Low,0,0,1
3592,39,Female,39.7,152.0,216.0,136.0,0,Moderate,1,0,0
3593,88,Female,18.1,157.0,,101.0,0,High,1,4,1
3594,58,Female,,112.0,189.0,105.0,0,High,2,0,0
3595,35,Female,28.5,120.0,178.0,117.0,1,Low,0,3,1
3596,38,Male,21.8,129.0,130.0,,0,Low,0,0,0
3597,42,Male,,95.0,236.0,130.0,0,Low,2,2,0
3598,57,Female,31.7,100.0,192.0,,1,Low,1,3,1
3599,38,Female,28.0,123.0,182.0,99.0,0,High,0,1,0
3600,62,Male,,132.0,215.0,123.0,0,Low,1,0,0
3601,50,Male,15.5,96.0,136.0,120.0,0,High,0,1,0
3602,61,Male,22.9,135.0,235.0,116.0,0,Low,0,2,0
3603,29,Male,35.6,135.0,224.0,109.0,1,Low,1,1,0
3604,62,Female,32.5,126.0,206.0,114.0,1,Low,0,1,1
3605,84,Male,30.5,138.0,230.0,153.0,1,Moderate,6,1,0
3606,27,Male,34.3,126.0,171.0,135.0,0,Low,0,0,0
3607,41,Female,17.0,129.0,223.0,95.0,0,High,1,2,0
3608,67,Male,31.9,104.0,172.0,142.0,0,Low,0,1,0
3609,62,Male,33.4,115.0,200.0,,0,High,1,3,0
3610,66,Female,23.9,124.0,204.0,109.0,1,Low,0,1,0
3611,58,Male,42.0,114.0,198.0,175.0,0,Moderate,2,2,1
3612,67,Female,28.6,154.0,244.0,124.0,0,Moderate,2,0,0
3613,61,Female,15.4,139.0,284.0,131.0,0,Moderate,1,1,0
3614,23,Female,29.6,98.0,177.0,106.0,0,Moderate,1,0,0
3615,72,Male,23.5,129.0,224.0,88.0,1,Low,2,2,1
3616,50,Female,33.9,143.0,165.0,145.0,1,Low,1,1,0
3617,21,Female,30.5,105.0,220.0,62.0,0,Moderate,0,0,0
3618,47,Male,24.2,138.0,174.0,106.0,1,Moderate,0,0,0
3619,49,Female,,147.0,314.0,144.0,1,High,1,1,0
3620,24,Female,32.7,135.0,119.0,128.0,1,Low,0,0,0
3621,89,Female,22.9,142.0,296.0,60.0,1,Low,3,4,1
3622,34,Male,26.7,139.0,225.0,70.0,0,Low,0,1,0
3623,41,Female,30.3,113.0,148.0,107.0,0,Moderate,2,0,0
3624,49,Male,25.5,164.0,283.0,115.0,1,Low,0,0,0
3625,77,Male,25.7,138.0,173.0,117.0,0,Moderate,1,3,0
3626,71,Male,27.7,151.0,194.0,106.0,1,Moderate,2,1,0
3627,73,Male,21.6,127.0,157.0,116.0,0,Moderate,3,0,0
3628,35,Male,15.2,128.0,182.0,100.0,0,Moderate,1,0,0
3629,78,Female,28.8,143.0,207.0,104.0,1,Moderate,1,2,1
3630,77,Female,16.6,120.0,240.0,104.0,0,High,1,3,0
3631,51,Male,22.0,110.0,288.0,81.0,0,Moderate,0,2,0
3632,57,Male,,124.0,179.0,109.0,1,High,0,0,0
3633,20,Female,18.4,132.0,100.0,71.0,0,Moderate,4,0,0
3634,72,Female,29.8,103.0,231.0,122.0,1,Moderate,2,0,0
3635,87,Female,26.3,132.0,193.0,116.0,1,High,3,0,1
3636,52,Male,26.1,147.0,265.0,96.0,0,High,0,1,1
3637,56,Male,20.3,107.0,197.0,112.0,0,Low,0,1,1
3638,53,Male,23.9,146.0,168.0,141.0,0,Moderate,0,2,0
3639,23,Male,29.6,98.0,143.0,82.0,1,Low,1,0,0
3640,62,Female,27.2,115.0,225.0,130.0,0,Low,0,2,0
3641,69,Male,32.0,129.0,194.0,140.0,0,High,1,0,1
3642,84,Female,32.8,167.0,268.0,108.0,1,High,1,3,0
3643,84,Female,26.1,127.0,204.0,125.0,0,Moderate,3,1,0
3644,53,Female,17.3,98.0,250.0,85.0,1,Moderate,0,0,0
3645,87,Male,23.3,116.0,161.0,132.0,0,Moderate,3,2,0
3646,56,Male,27.0,142.0,132.0,60.0,1,High,1,1,0
3647,64,Male,23.2,108.0,234.0,137.0,0,High,0,0,0
3648,61,Male,21.7,148.0,183.0,69.0,0,High,2,0,0
3649,89,Female,27.9,140.0,,109.0,0,Moderate,0,4,1
3650,71,Female,40.9,132.0,167.0,103.0,0,Low,3,1,0
3651,26,Male,24.8,121.0,,141.0,0,Low,2,0,0
3652,23,Female,27.5,103.0,,100.0,0,Low,0,1,0
3653,47,Female,,126.0,193.0,82.0,1,Low,1,2,1
3654,55,Male,34.3,108.0,157.0,144.0,0,Low,1,1,1
3655,66,Female,32.3,152.0,233.0,131.0,0,Moderate,1,1,0
3656,52,Female,31.9,109.0,241.0,103.0,1,High,1,1,0
3657,55,Female,35.0,134.0,193.0,90.0,0,High,1,1,0
3658,84,Female,25.1,120.0,250.0,73.0,0,Low,1,1,0
3659,42,Male,25.8,114.0,153.0,136.0,1,Low,1,2,0
3660,53,Female,36.9,120.0,218.0,130.0,0,High,0,1,0
3661,58,Female,31.0,176.0,205.0,115.0,0,High,3,0,0
3662,51,Male,15.3,125.0,165.0,101.0,0,High,2,1,0
3663,87,Female,30.0,125.0,292.0,60.0,0,High,1,1,0
3664,87,Female,24.3,131.0,222.0,93.0,0,Low,4,3,0
3665,54,Male,32.4,102.0,175.0,105.0,0,High,1,0,0
3666,50,Male,29.7,122.0,196.0,134.0,0,Low,0,0,0
3667,60,Female,17.9,158.0,167.0,60.0,0,Low,0,3,0
3668,31,Female,29.0,124.0,142.0,135.0,0,Moderate,2,1,0
3669,48,Male,28.7,139.0,177.0,154.0,0,High,1,1,0
3670,33,Male,29.5,104.0,172.0,64.0,0,Moderate,2,0,0
3671,28,Female,30.7,114.0,153.0,111.0,0,Low,0,1,0
3672,24,Male,35.7,119.0,230.0,130.0,0,High,0,1,0
3673,60,Male,29.8,117.0,171.0,132.0,0,Low,2,0,0
3674,18,Male,27.6,120.0,144.0,60.0,0,Moderate,1,0,0
3675,64,Male,33.8,140.0,157.0,123.0,0,Moderate,1,5,1
3676,49,Female,39.8,133.0,146.0,117.0,0,Low,1,1,0
3677,44,Male,32.5,120.0,231.0,105.0,0,Moderate,2,1,0
3678,73,Female,,151.0,216.0,161.0,1,Low,2,1,1
3679,56,Female,29.9,123.0,224.0,103.0,1,Moderate,0,0,0
3680,70,Female,28.9,126.0,244.0,119.0,0,Moderate,2,3,0
3681,69,Female,27.6,155.0,192.0,103.0,0,Low,2,1,1
3682,20,Female,39.4,97.0,236.0,129.0,0,Moderate,2,1,0
3683,33,Female,23.4,92.0,163.0,114.0,1,Moderate,0,2,0
3684,59,Female,33.9,114.0,158.0,138.0,0,Moderate,0,0,0
3685,88,Male,26.8,144.0,228.0,85.0,1,Moderate,1,2,1
3686,29,Female,19.4,138.0,190.0,98.0,0,High,1,1,0
3687,25,Male,26.5,106.0,188.0,109.0,0,Moderate,1,1,0
3688,85,Male,24.5,166.0,251.0,60.0,0,Moderate,3,2,0
3689,87,Male,30.7,138.0,218.0,85.0,0,Low,1,1,1
3690,30,Female,28.0,116.0,197.0,130.0,0,Moderate,1,1,0
3691,46,Female,21.9,110.0,245.0,86.0,0,Low,0,1,0
3692,63,Male,35.6,161.0,212.0,185.0,0,Moderate,1,0,1
3693,32,Female,33.5,116.0,205.0,139.0,0,Low,0,0,0
3694,41,Male,36.2,101.0,137.0,130.0,0,High,2,0,0
3695,46,Male,28.8,163.0,334.0,147.0,0,Low,0,0,0
3696,64,Male,27.3,136.0,142.0,126.0,0,High,0,1,0
3697,40,Female,31.4,134.0,170.0,116.0,0,Low,1,1,0
3698,47,Male,24.3,151.0,172.0,64.0,0,Moderate,1,0,0
3699,38,Male,28.2,131.0,269.0,124.0,1,Low,2,0,0
3700,72,Female,26.5,148.0,183.0,141.0,0,High,0,1,0
3701,29,Male,19.5,119.0,201.0,79.0,0,Moderate,1,1,0
3702,34,Female,28.2,131.0,,60.0,1,Low,0,0,1
3703,35,Female,25.1,119.0,148.0,,0,Low,3,1,0
3704,83,Male,26.2,136.0,233.0,150.0,0,Moderate,1,1,0
3705,86,Female,29.5,140.0,186.0,111.0,0,High,0,3,0
3706,54,Female,34.5,120.0,205.0,153.0,1,Moderate,0,1,1
3707,29,Male,22.8,126.0,208.0,100.0,0,Moderate,1,0,0
3708,72,Male,25.6,141.0,278.0,90.0,0,High,0,1,0
3709,53,Male,23.3,139.0,149.0,155.0,1,Moderate,2,2,0
3710,79,Male,22.9,145.0,204.0,90.0,0,Low,3,0,0
3711,43,Male,24.2,155.0,187.0,95.0,1,Low,1,1,0
3712,89,Male,26.4,155.0,215.0,116.0,0,Moderate,4,4,1
3713,76,Female,30.7,131.0,306.0,103.0,1,High,4,0,0
3714,34,Male,29.3,127.0,180.0,128.0,0,Moderate,0,0,0
3715,70,Male,21.7,155.0,109.0,109.0,1,Low,0,2,0
3716,38,Male,34.6,106.0,181.0,128.0,1,Moderate,1,1,0
3717,43,Female,32.7,155.0,187.0,97.0,1,Low,0,0,0
3718,36,Male,22.5,108.0,179.0,60.0,0,High,0,1,0
3719,67,Male,34.2,145.0,,93.0,0,Low,0,0,0
3720,36,Male,29.3,120.0,138.0,89.0,0,High,1,0,0
3721,63,Male,26.6,129.0,284.0,,1,Low,0,3,1
3722,59,Male,29.5,107.0,212.0,87.0,0,Moderate,1,1,0
3723,72,Female,27.4,147.0,199.0,67.0,0,Moderate,0,2,0
3724,89,Female,30.5,118.0,295.0,80.0,0,High,0,1,1
3725,18,Male,28.5,91.0,146.0,117.0,0,Moderate,0,1,0
3726,89,Male,25.6,157.0,237.0,121.0,0,Moderate,0,3,0
3727,25,Male,16.4,145.0,135.0,77.0,0,Low,1,0,0
3728,55,Male,30.4,116.0,226.0,99.0,0,Low,0,2,0
3729,42,Male,25.4,138.0,148.0,119.0,0,Moderate,0,1,0
3730,64,Female,31.8,143.0,220.0,116.0,1,Moderate,1,0,0
3731,69,Male,30.1,130.0,279.0,140.0,1,Moderate,1,2,1
3732,79,Male,25.6,157.0,213.0,99.0,0,High,2,0,0
3733,46,Male,33.1,121.0,110.0,92.0,0,Low,0,0,0
3734,85,Female,28.6,146.0,214.0,135.0,0,Low,2,3,1
3735,41,Female,28.4,102.0,209.0,99.0,1,Moderate,1,3,0
3736,32,Male,26.7,99.0,220.0,84.0,1,Low,0,1,0
3737,45,Male,36.8,142.0,248.0,142.0,0,Low,0,1,1
3738,56,Female,23.6,136.0,256.0,138.0,0,Moderate,2,1,0
3739,66,Female,25.7,128.0,198.0,108.0,0,Moderate,2,2,0
3740,77,Female,20.7,165.0,183.0,70.0,0,Low,2,1,0
3741,34,Female,31.5,150.0,144.0,151.0,1,Low,1,0,0
3742,39,Female,24.3,128.0,169.0,111.0,1,Low,0,0,0
3743,85,Male,24.9,114.0,231.0,108.0,0,High,1,2,0
3744,49,Female,24.7,123.0,143.0,91.0,0,Moderate,0,1,0
3745,35,Male,27.8,106.0,,135.0,0,Low,0,2,0
3746,88,Male,20.6,140.0,235.0,67.0,0,Moderate,1,3,1
3747,50,Male,15.2,110.0,170.0,60.0,0,Moderate,2,0,0
3748,88,Male,30.0,119.0,228.0,158.0,0,Moderate,0,3,0
3749,84,Male,15.9,101.0,181.0,67.0,0,Moderate,0,1,0
3750,83,Male,32.2,139.0,222.0,137.0,0,High,2,1,0
3751,59,Male,36.1,91.0,170.0,154.0,0,High,0,2,0
3752,75,Female,26.6,129.0,135.0,110.0,0,Low,1,0,0
3753,87,Female,34.6,149.0,250.0,93.0,0,Moderate,2,1,1
3754,37,Male,27.4,109.0,162.0,122.0,0,Moderate,0,0,0
3755,20,Female,36.3,97.0,171.0,154.0,1,Low,0,0,0
3756,41,Male,25.0,121.0,164.0,111.0,0,High,0,0,0
3757,63,Female,15.0,116.0,,69.0,0,High,0,0,0
3758,57,Female,27.1,130.0,211.0,113.0,0,Moderate,1,0,0
3759,23,Female,36.9,99.0,202.0,83.0,0,Low,2,0,0
3760,58,Male,30.4,126.0,178.0,84.0,0,Low,1,3,0
3761,30,Female,24.7,112.0,,95.0,0,Low,0,1,0
3762,54,Male,29.3,126.0,213.0,110.0,0,Moderate,0,2,1
3763,59,Female,32.8,154.0,258.0,82.0,1,Low,1,2,1
3764,63,Female,27.0,133.0,213.0,111.0,0,Moderate,0,1,0
3765,47,Male,41.9,132.0,155.0,139.0,0,High,1,0,0
3766,47,Male,24.7,114.0,204.0,96.0,0,Low,0,1,0
3767,66,Male,33.0,134.0,197.0,60.0,0,High,1,1,0
3768,71,Female,31.7,128.0,130.0,114.0,1,Moderate,0,0,0
3769,76,Female,23.7,135.0,138.0,148.0,1,Moderate,2,1,0
3770,42,Female,25.2,133.0,188.0,114.0,1,Low,0,1,0
3771,48,Female,33.1,116.0,195.0,114.0,0,Low,1,3,0
3772,41,Female,28.3,115.0,179.0,97.0,1,Moderate,0,2,0
3773,55,Female,29.4,119.0,231.0,123.0,0,Moderate,0,0,1
3774,27,Male,18.5,109.0,148.0,99.0,0,Moderate,0,0,0
3775,48,Female,31.1,127.0,141.0,129.0,0,Low,0,1,0
3776,31,Male,29.1,113.0,154.0,79.0,0,Moderate,0,0,0
3777,56,Female,27.1,151.0,175.0,108.0,0,Moderate,0,0,0
3778,79,Female,29.5,178.0,207.0,97.0,0,Moderate,4,3,0
3779,88,Male,25.2,129.0,184.0,112.0,1,Low,2,2,0
3780,50,Female,24.2,130.0,114.0,60.0,0,Moderate,0,1,0
3781,22,Male,26.2,132.0,100.0,94.0,1,High,0,1,0
3782,34,Female,24.9,115.0,192.0,116.0,0,High,1,0,0
3783,25,Male,39.5,100.0,140.0,141.0,0,High,0,0,0
3784,72,Male,32.5,161.0,130.0,112.0,0,Low,1,2,1
3785,88,Female,22.2,149.0,238.0,60.0,0,Moderate,3,2,1
3786,57,Male,38.7,133.0,,138.0,0,Low,0,2,0
3787,30,Female,25.1,141.0,181.0,144.0,0,Low,1,1,0
3788,19,Male,27.7,126.0,190.0,84.0,0,Low,2,1,0
3789,88,Male,32.4,138.0,225.0,101.0,0,Moderate,2,0,0
3790,40,Male,16.7,106.0,102.0,112.0,0,High,0,1,0
3791,26,Male,26.2,109.0,217.0,126.0,0,Moderate,0,1,0
3792,30,Male,24.3,137.0,232.0,130.0,1,Moderate,3,0,0
3793,36,Female,28.6,131.0,258.0,134.0,1,Low,1,0,0
3794,65,Female,29.5,127.0,186.0,69.0,1,Moderate,1,1,0
3795,82,Female,27.1,164.0,168.0,93.0,0,Low,2,2,1
3796,37,Male,26.8,118.0,240.0,121.0,1,Low,1,0,0
3797,67,Female,33.4,147.0,222.0,112.0,0,Moderate,0,2,0
3798,22,Female,29.2,119.0,214.0,118.0,0,High,1,0,0
3799,18,Female,27.7,145.0,154.0,103.0,0,High,0,0,0
3800,21,Female,28.3,127.0,191.0,95.0,1,High,1,1,0
3801,84,Male,37.6,138.0,172.0,114.0,0,Low,5,0,0
3802,59,Male,28.4,125.0,199.0,78.0,0,Moderate,0,2,0
3803,75,Female,24.7,134.0,194.0,83.0,0,High,2,3,0
3804,19,Female,17.0,103.0,269.0,89.0,0,Low,0,0,0
3805,19,Female,19.6,92.0,,93.0,1,Moderate,1,0,0
3806,79,Female,24.9,140.0,128.0,117.0,0,Low,1,2,0
3807,25,Female,26.9,108.0,182.0,97.0,0,High,0,0,0
3808,29,Male,24.4,109.0,198.0,145.0,1,Moderate,1,1,0
3809,55,Male,29.4,125.0,179.0,140.0,1,High,0,1,0
3810,61,Male,24.4,130.0,159.0,88.0,1,Low,0,0,0
3811,34,Female,22.5,120.0,212.0,104.0,0,Low,0,0,0
3812,50,Female,30.9,153.0,158.0,142.0,1,Moderate,0,0,0
3813,66,Male,35.0,141.0,225.0,100.0,0,Low,0,1,0
3814,49,Female,21.4,158.0,155.0,78.0,0,High,0,1,0
3815,45,Female,28.8,116.0,172.0,141.0,0,Moderate,1,1,0
3816,23,Female,17.0,128.0,218.0,109.0,1,Moderate,0,0,0
3817,50,Female,19.4,119.0,,122.0,0,Low,1,0,0
3818,75,Female,24.3,125.0,209.0,109.0,1,High,0,0,0
3819,63,Female,33.7,164.0,200.0,108.0,1,High,0,0,0
3820,82,Male,23.2,124.0,214.0,65.0,1,High,0,1,0
3821,27,Male,23.0,85.0,153.0,103.0,0,Moderate,2,0,0
3822,18,Female,27.7,102.0,121.0,138.0,0,Moderate,0,0,0
3823,57,Male,27.7,95.0,220.0,138.0,0,Moderate,0,0,0
3824,30,Female,23.2,103.0,243.0,128.0,0,Low,0,2,0
3825,60,Female,38.4,115.0,223.0,141.0,0,High,0,1,0
3826,83,Female,26.0,137.0,221.0,161.0,0,Low,0,1,1
3827,42,Male,28.1,89.0,145.0,66.0,1,Low,1,1,0
3828,57,Female,25.3,147.0,232.0,109.0,1,High,3,1,1
3829,67,Male,29.9,101.0,222.0,85.0,0,Moderate,4,1,0
3830,28,Female,34.3,115.0,213.0,156.0,0,Moderate,0,0,0
3831,82,Female,36.7,131.0,250.0,104.0,0,Low,1,2,1
3832,32,Female,23.3,132.0,246.0,126.0,1,High,0,2,0
3833,76,Female,33.6,140.0,166.0,103.0,0,Moderate,4,3,1
3834,65,Male,30.5,149.0,154.0,121.0,0,Moderate,0,1,1
3835,28,Male,32.9,112.0,190.0,110.0,0,Low,1,0,0
3836,70,Female,27.0,125.0,170.0,105.0,0,Moderate,1,2,0
3837,32,Male,26.5,125.0,144.0,113.0,0,Low,1,0,0
3838,61,Male,,145.0,247.0,137.0,1,Low,0,1,0
3839,87,Female,32.8,151.0,175.0,110.0,1,Moderate,3,6,1
3840,86,Female,36.1,143.0,213.0,141.0,1,High,2,0,1
3841,80,Female,28.6,139.0,148.0,134.0,0,Low,0,1,1
3842,53,Female,26.9,125.0,199.0,94.0,1,Low,0,2,0
3843,58,Male,15.0,134.0,244.0,137.0,0,High,1,0,0
3844,39,Female,,154.0,236.0,113.0,0,Moderate,1,2,0
3845,84,Female,25.3,133.0,252.0,91.0,0,Moderate,2,2,1
3846,52,Male,21.4,120.0,193.0,113.0,0,Moderate,0,1,0
3847,73,Male,32.0,126.0,249.0,139.0,0,Low,1,3,0
3848,43,Female,20.3,129.0,208.0,111.0,0,Moderate,0,1,1
3849,71,Female,24.7,98.0,189.0,107.0,1,High,1,2,0
3850,34,Male,25.0,117.0,202.0,60.0,0,Moderate,0,3,0
3851,70,Male,34.1,146.0,239.0,90.0,0,High,0,3,0
3852,21,Male,24.2,106.0,130.0,119.0,1,Moderate,0,1,0
3853,25,Male,30.0,119.0,142.0,84.0,1,Low,0,0,0
3854,43,Male,28.6,156.0,186.0,121.0,0,Low,1,1,0
3855,52,Female,32.5,131.0,150.0,136.0,0,Low,1,0,1
3856,69,Female,32.2,96.0,158.0,109.0,0,High,2,3,1
3857,43,Male,27.3,100.0,176.0,60.0,0,High,0,0,0
3858,19,Male,18.2,110.0,217.0,74.0,0,Low,0,0,0
3859,41,Male,26.2,109.0,227.0,122.0,0,Low,0,1,0
3860,49,Female,27.4,126.0,207.0,138.0,0,High,2,1,0
3861,57,Female,29.1,123.0,205.0,60.0,0,Moderate,0,1,0
3862,64,Male,23.4,149.0,281.0,102.0,0,High,0,1,0
3863,35,Male,33.8,102.0,167.0,76.0,0,Low,0,0,0
3864,61,Female,27.6,126.0,210.0,108.0,0,Low,0,0,0
3865,63,Female,22.4,133.0,179.0,94.0,0,Low,3,0,0
3866,73,Female,25.0,139.0,158.0,164.0,0,Moderate,2,2,0
3867,55,Male,38.1,129.0,243.0,107.0,1,High,1,2,1
3868,76,Female,31.2,96.0,196.0,138.0,0,High,2,1,1
3869,33,Female,33.3,120.0,,140.0,0,Moderate,1,0,0
3870,69,Female,21.8,129.0,195.0,93.0,0,Low,1,0,0
3871,21,Male,23.7,129.0,228.0,103.0,0,High,3,0,0
3872,25,Female,23.8,128.0,145.0,101.0,0,Moderate,0,0,0
3873,80,Male,28.5,139.0,254.0,88.0,0,Moderate,0,3,0
3874,52,Female,26.5,131.0,230.0,83.0,0,Low,0,0,1
3875,62,Female,24.8,151.0,133.0,91.0,0,Moderate,3,3,0
3876,61,Female,25.5,147.0,181.0,73.0,0,Low,0,0,1
3877,68,Female,23.1,136.0,243.0,87.0,0,Moderate,1,4,1
3878,35,Male,26.5,154.0,250.0,99.0,0,Moderate,0,2,0
3879,30,Female,33.6,108.0,212.0,118.0,0,Moderate,0,0,0
3880,21,Male,19.2,96.0,165.0,106.0,0,Low,0,0,0
3881,80,Male,29.4,135.0,173.0,103.0,0,Low,0,1,0
3882,34,Female,35.1,113.0,209.0,96.0,0,Moderate,1,1,1
3883,59,Female,26.5,89.0,183.0,115.0,0,Low,0,0,0
3884,50,Male,24.6,115.0,180.0,122.0,0,Low,1,1,1
3885,29,Female,32.6,123.0,176.0,100.0,0,Moderate,2,0,0
3886,47,Female,22.1,123.0,227.0,73.0,1,Low,0,0,0
3887,23,Male,27.4,103.0,250.0,94.0,0,Moderate,0,0,0
3888,30,Female,21.8,119.0,224.0,93.0,1,Moderate,1,1,0
3889,28,Female,17.2,119.0,184.0,121.0,1,High,3,1,0
3890,77,Male,26.7,146.0,174.0,123.0,0,Moderate,2,1,0
3891,58,Female,20.6,118.0,224.0,96.0,0,High,0,1,0
3892,84,Female,27.4,151.0,275.0,155.0,0,High,3,1,1
3893,49,Female,33.6,107.0,233.0,113.0,1,Moderate,0,4,1
3894,32,Female,37.7,111.0,194.0,157.0,1,Low,0,0,0
3895,61,Female,28.0,156.0,182.0,138.0,0,Low,0,1,0
3896,84,Female,33.1,121.0,225.0,143.0,1,Moderate,1,2,0
3897,56,Female,29.7,117.0,242.0,117.0,0,Low,1,2,0
3898,19,Female,25.4,94.0,188.0,106.0,0,Low,0,0,0
3899,39,Female,16.9,108.0,186.0,91.0,1,Low,1,1,0
3900,84,Female,36.4,139.0,186.0,,0,Low,3,1,1
3901,55,Female,21.7,138.0,296.0,77.0,0,Low,2,2,0
3902,86,Female,35.1,137.0,179.0,110.0,0,High,1,0,0
3903,54,Female,30.5,121.0,160.0,153.0,0,Low,0,1,0
3904,18,Female,22.1,94.0,185.0,114.0,0,Low,1,0,1
3905,80,Male,,124.0,202.0,133.0,0,High,2,0,0
3906,72,Male,39.2,108.0,245.0,90.0,0,High,2,1,1
3907,69,Female,35.9,143.0,245.0,106.0,0,High,2,0,0
3908,87,Female,24.7,151.0,167.0,110.0,0,High,2,2,0
3909,32,Male,23.6,118.0,157.0,99.0,0,Moderate,0,1,0
3910,83,Female,28.1,144.0,178.0,75.0,0,Low,1,2,0
3911,34,Male,26.6,133.0,217.0,124.0,0,High,0,0,0
3912,87,Male,34.1,140.0,230.0,143.0,0,Low,0,3,1
3913,31,Male,31.6,141.0,171.0,104.0,1,Low,1,2,1
3914,57,Male,18.2,111.0,,113.0,0,Moderate,1,1,0
3915,74,Female,30.0,128.0,164.0,162.0,0,Low,0,2,0
3916,23,Female,,108.0,153.0,144.0,0,Low,2,0,0
3917,22,Male,27.7,126.0,132.0,100.0,0,Moderate,0,1,0
3918,79,Male,28.9,112.0,215.0,79.0,0,Low,2,4,1
3919,22,Male,34.1,138.0,186.0,121.0,1,Low,0,0,0
3920,62,Female,32.9,138.0,164.0,174.0,0,Moderate,1,0,0
3921,85,Male,23.4,165.0,229.0,135.0,0,Low,3,3,1
3922,62,Male,27.2,129.0,241.0,105.0,1,High,0,1,0
3923,52,Male,25.0,117.0,157.0,143.0,0,Low,1,1,0
3924,48,Male,18.2,135.0,182.0,123.0,1,Low,0,0,0
3925,63,Female,26.9,146.0,221.0,60.0,1,High,1,0,0
3926,59,Female,37.6,117.0,199.0,147.0,0,Low,1,0,0
3927,54,Male,18.1,94.0,145.0,96.0,0,High,0,0,0
3928,29,Male,27.4,88.0,168.0,83.0,1,High,0,0,0
3929,65,Female,27.2,134.0,184.0,108.0,1,Low,1,2,1
3930,71,Male,29.1,157.0,199.0,119.0,0,Moderate,4,2,0
3931,69,Female,22.2,111.0,200.0,78.0,0,Low,3,2,0
3932,23,Female,19.7,111.0,241.0,92.0,0,High,0,2,0
3933,68,Male,19.9,126.0,196.0,86.0,0,High,0,2,0
3934,70,Female,34.8,163.0,140.0,137.0,0,Low,1,0,0
3935,31,Female,22.1,154.0,189.0,90.0,0,High,1,0,0
3936,79,Male,24.8,142.0,276.0,60.0,0,Low,1,0,0
3937,55,Female,39.1,141.0,191.0,110.0,0,Moderate,1,0,0
3938,52,Female,23.5,140.0,179.0,75.0,0,Low,0,1,0
3939,70,Female,29.4,112.0,193.0,75.0,0,Low,1,4,1
3940,54,Female,33.4,138.0,219.0,145.0,0,Low,1,0,0
3941,57,Female,33.1,111.0,187.0,134.0,0,Moderate,2,2,0
3942,40,Female,20.2,119.0,132.0,70.0,0,Low,0,0,0
3943,84,Female,23.6,155.0,186.0,67.0,0,Moderate,1,0,0
3944,87,Male,,139.0,,105.0,0,High,0,1,0
3945,27,Female,38.1,135.0,204.0,86.0,0,High,1,1,0
3946,70,Male,23.3,153.0,183.0,94.0,0,Moderate,3,3,0
3947,19,Female,24.8,86.0,168.0,104.0,0,Moderate,1,1,0
3948,44,Female,29.8,88.0,194.0,117.0,0,High,1,1,0
3949,87,Male,30.9,157.0,184.0,119.0,0,Moderate,2,1,1
3950,30,Female,31.2,137.0,182.0,91.0,1,Moderate,2,0,0
3951,45,Female,22.8,127.0,210.0,101.0,1,Low,0,1,0
3952,33,Male,24.6,125.0,141.0,135.0,1,High,0,2,0
3953,70,Female,28.7,146.0,217.0,60.0,0,Moderate,1,1,0
3954,51,Female,34.4,139.0,154.0,124.0,0,Low,2,1,0
3955,60,Female,26.2,124.0,,73.0,0,High,3,1,0
3956,85,Male,27.4,153.0,187.0,142.0,0,Moderate,2,4,1
3957,55,Female,21.9,121.0,249.0,119.0,0,High,0,1,0
3958,70,Female,37.7,136.0,140.0,140.0,0,Low,1,2,0
3959,25,Male,28.3,119.0,165.0,85.0,0,High,1,1,0
3960,33,Female,33.4,105.0,185.0,121.0,1,High,2,0,0
3961,86,Female,27.7,126.0,257.0,116.0,0,Moderate,0,2,0
3962,79,Female,28.0,171.0,284.0,60.0,0,High,3,1,1
3963,65,Male,19.2,116.0,186.0,98.0,0,Moderate,1,3,0
3964,45,Female,15.7,129.0,213.0,105.0,0,Moderate,0,0,0
3965,32,Female,34.4,128.0,182.0,79.0,0,Moderate,1,0,0
3966,79,Male,27.9,134.0,206.0,122.0,0,High,3,3,0
3967,74,Male,,144.0,,110.0,0,Moderate,0,2,0
3968,35,Female,20.6,125.0,127.0,132.0,0,High,1,1,0
3969,60,Female,22.5,115.0,198.0,88.0,0,Moderate,0,3,0
3970,62,Male,,138.0,218.0,118.0,0,Moderate,0,1,1
3971,52,Female,37.1,117.0,163.0,,0,Moderate,0,1,0
3972,84,Female,24.1,165.0,229.0,60.0,0,High,1,2,0
3973,26,Male,31.2,123.0,117.0,102.0,0,Moderate,1,0,0
3974,36,Female,28.5,109.0,192.0,109.0,0,High,0,1,0
3975,24,Female,26.8,121.0,233.0,60.0,0,High,1,0,0
3976,67,Male,37.7,116.0,195.0,138.0,0,Moderate,0,1,1
3977,64,Male,25.0,134.0,165.0,104.0,0,Low,1,3,1
3978,89,Male,34.3,135.0,160.0,117.0,0,Moderate,1,1,1
3979,57,Female,29.6,114.0,213.0,127.0,0,Moderate,1,1,0
3980,28,Male,27.4,104.0,219.0,95.0,0,Low,0,0,0
3981,50,Female,35.0,164.0,193.0,117.0,0,Low,0,4,0
3982,24,Male,29.1,117.0,164.0,130.0,0,High,1,0,0
3983,66,Male,27.0,124.0,130.0,106.0,0,Moderate,2,3,1
3984,66,Male,35.1,121.0,208.0,68.0,0,High,1,0,0
3985,79,Female,34.4,143.0,183.0,117.0,0,Low,1,2,1
3986,42,Female,34.1,112.0,167.0,117.0,1,High,0,2,0
3987,40,Male,15.0,104.0,251.0,112.0,0,Moderate,2,0,0
3988,23,Female,29.9,115.0,113.0,100.0,0,Moderate,1,1,0
3989,47,Female,28.7,123.0,130.0,82.0,0,Moderate,0,0,0
3990,52,Female,27.3,119.0,205.0,80.0,0,Moderate,0,0,0
3991,72,Male,30.9,118.0,191.0,148.0,0,Moderate,2,1,0
3992,72,Female,28.9,126.0,186.0,115.0,1,Low,3,0,1
3993,28,Female,31.2,110.0,194.0,147.0,0,Moderate,2,2,0
3994,38,Female,26.0,111.0,199.0,144.0,1,High,1,2,0
3995,54,Female,35.7,131.0,160.0,98.0,0,High,0,1,0
3996,42,Male,31.8,158.0,169.0,90.0,0,High,0,1,0
3997,19,Female,30.5,135.0,181.0,107.0,0,High,3,0,0
3998,78,Female,30.2,166.0,215.0,125.0,0,High,2,3,0
3999,70,Female,33.9,123.0,223.0,78.0,0,High,1,1,0
4000,55,Female,33.1,154.0,175.0,125.0,0,Moderate,0,2,0
4001,40,Male,26.9,125.0,203.0,115.0,0,Low,0,0,0
4002,78,Female,32.9,151.0,245.0,84.0,0,Moderate,2,1,1
4003,20,Male,28.5,122.0,182.0,79.0,0,Low,2,0,0
4004,50,Female,38.0,120.0,191.0,132.0,0,Low,1,3,1
4005,75,Female,33.5,145.0,199.0,168.0,0,Moderate,0,1,1
4006,86,Female,24.1,145.0,190.0,93.0,1,High,0,0,0
4007,36,Male,40.3,92.0,152.0,132.0,1,Low,0,0,0
4008,64,Female,15.9,128.0,191.0,74.0,0,Moderate,0,2,0
4009,31,Male,31.0,132.0,203.0,117.0,1,Moderate,0,0,0
4010,26,Female,23.7,121.0,149.0,84.0,0,High,1,0,0
4011,43,Female,37.9,130.0,189.0,114.0,0,Moderate,1,4,1
4012,81,Male,28.9,124.0,203.0,171.0,1,Moderate,4,1,1
4013,67,Female,23.1,135.0,271.0,102.0,0,Moderate,1,3,0
4014,53,Female,26.0,125.0,224.0,63.0,0,Low,0,1,0
4015,38,Male,23.6,118.0,216.0,117.0,0,Moderate,1,0,0
4016,28,Male,25.8,106.0,219.0,133.0,1,Moderate,0,0,0
4017,37,Male,25.7,135.0,168.0,121.0,0,Low,1,1,0
4018,28,Male,,123.0,236.0,95.0,0,Moderate,1,0,0
4019,31,Female,29.0,122.0,192.0,84.0,0,Moderate,0,3,0
4020,67,Female,29.7,164.0,202.0,86.0,0,Low,1,2,1
4021,27,Female,22.0,125.0,137.0,93.0,0,Low,0,0,0
4022,21,Male,18.4,134.0,165.0,83.0,0,Low,1,1,0
4023,57,Female,29.2,132.0,131.0,94.0,0,High,0,0,0
4024,38,Female,30.4,115.0,,141.0,0,High,0,0,0
4025,50,Female,31.5,108.0,,135.0,0,Low,0,1,0
4026,28,Male,30.5,121.0,169.0,143.0,0,Moderate,0,0,0
4027,33,Male,36.1,85.0,134.0,97.0,0,Moderate,0,0,0
4028,49,Female,33.0,129.0,221.0,89.0,0,Moderate,2,0,0
4029,67,Female,42.2,136.0,226.0,128.0,0,Moderate,0,2,1
4030,47,Male,44.6,120.0,258.0,140.0,0,Moderate,1,2,0
4031,57,Female,17.8,126.0,262.0,94.0,0,Moderate,1,1,0
4032,55,Female,15.4,107.0,203.0,98.0,1,Low,1,2,0
4033,37,Female,27.5,143.0,227.0,147.0,0,Low,0,1,1
4034,38,Male,30.3,115.0,199.0,104.0,0,Moderate,0,1,1
4035,48,Female,27.1,109.0,178.0,126.0,0,Low,0,0,0
4036,20,Male,31.4,123.0,169.0,125.0,1,High,0,1,0
4037,67,Female,26.0,133.0,228.0,106.0,1,Low,1,1,0
4038,62,Male,23.7,123.0,350.0,120.0,0,Low,0,0,1
4039,40,Male,24.5,114.0,234.0,82.0,0,Moderate,0,1,0
4040,44,Female,26.4,123.0,201.0,79.0,0,Low,1,0,0
4041,41,Female,32.1,143.0,209.0,123.0,1,Moderate,2,2,0
4042,64,Female,24.8,137.0,220.0,60.0,1,Moderate,2,0,0
4043,72,Female,25.9,132.0,203.0,117.0,0,Moderate,0,1,0
4044,25,Female,30.6,130.0,211.0,81.0,0,Moderate,0,0,0
4045,47,Female,26.4,124.0,188.0,144.0,0,High,0,1,0
4046,18,Male,33.6,120.0,141.0,104.0,0,Low,0,2,1
4047,50,Female,22.4,127.0,213.0,136.0,0,Moderate,0,0,0
4048,35,Male,21.2,129.0,211.0,91.0,0,High,2,1,0
4049,42,Female,29.2,115.0,185.0,101.0,1,Moderate,0,0,0
4050,50,Male,29.7,107.0,207.0,131.0,0,High,1,2,0
4051,41,Male,22.7,136.0,227.0,107.0,0,Moderate,0,0,0
4052,46,Female,34.9,148.0,191.0,114.0,0,Moderate,2,0,0
4053,73,Male,38.1,116.0,190.0,110.0,1,Moderate,1,1,1
4054,76,Female,24.0,137.0,181.0,91.0,0,High,2,0,0
4055,18,Male,35.7,107.0,169.0,178.0,0,High,0,3,0
4056,45,Male,15.0,137.0,251.0,60.0,0,Low,0,0,0
4057,78,Female,33.4,139.0,201.0,83.0,0,High,1,2,0
4058,56,Female,22.8,180.0,212.0,,0,Low,1,1,0
4059,32,Female,32.9,114.0,174.0,142.0,0,Low,0,2,1
4060,60,Female,22.2,153.0,184.0,74.0,0,Moderate,0,0,0
4061,28,Female,27.1,143.0,151.0,60.0,0,Moderate,0,0,0
4062,19,Male,23.0,123.0,183.0,132.0,0,Low,0,0,0
4063,63,Female,26.3,130.0,182.0,77.0,0,High,0,2,0
4064,55,Male,,128.0,246.0,,0,Low,1,1,0
4065,72,Male,26.9,133.0,202.0,107.0,0,Low,3,1,0
4066,42,Male,,140.0,189.0,94.0,0,Moderate,2,1,0
4067,79,Male,25.4,121.0,203.0,127.0,1,Moderate,0,0,0
4068,48,Male,,122.0,208.0,118.0,0,Low,0,3,1
4069,71,Female,18.6,128.0,262.0,70.0,0,High,1,2,0
4070,25,Male,25.9,89.0,143.0,83.0,0,Low,1,2,0
4071,24,Female,24.6,130.0,193.0,,1,Moderate,0,0,0
4072,74,Female,36.0,150.0,147.0,110.0,1,High,1,1,0
4073,78,Male,28.5,125.0,255.0,123.0,0,High,1,4,0
4074,85,Male,16.0,154.0,208.0,89.0,0,Moderate,0,4,0
4075,41,Female,20.3,97.0,134.0,60.0,0,Low,1,3,0
4076,19,Female,21.9,115.0,131.0,117.0,0,Low,0,0,0
4077,88,Male,32.6,136.0,245.0,141.0,0,Moderate,2,0,0
4078,61,Female,31.9,130.0,137.0,160.0,0,High,1,3,0
4079,35,Male,25.8,121.0,198.0,60.0,0,Low,0,0,0
4080,72,Female,24.5,131.0,190.0,60.0,0,High,3,2,0
4081,83,Male,31.4,130.0,204.0,128.0,0,High,1,1,0
4082,38,Female,21.3,119.0,163.0,,0,High,0,1,0
4083,73,Male,30.0,155.0,170.0,72.0,1,Low,0,0,1
4084,74,Male,,124.0,188.0,111.0,0,Low,2,0,1
4085,54,Male,26.0,162.0,219.0,92.0,0,Low,1,1,0
4086,63,Male,29.7,119.0,190.0,76.0,1,Moderate,0,3,0
4087,37,Male,28.1,124.0,205.0,104.0,0,High,1,1,0
4088,84,Male,30.2,146.0,203.0,124.0,0,High,2,1,0
4089,88,Male,20.2,134.0,237.0,100.0,0,Low,2,6,1
4090,88,Female,30.9,160.0,230.0,115.0,0,High,2,1,1
4091,71,Female,33.1,141.0,185.0,125.0,0,High,1,1,1
4092,21,Female,29.3,112.0,144.0,64.0,0,Moderate,2,2,0
4093,44,Male,30.8,145.0,228.0,109.0,1,Moderate,0,0,0
4094,50,Male,26.9,109.0,164.0,111.0,0,High,0,1,1
4095,87,Male,32.4,129.0,233.0,103.0,0,High,1,2,1
4096,57,Male,27.9,136.0,200.0,85.0,0,High,2,0,0
4097,56,Male,21.2,140.0,180.0,77.0,0,Moderate,1,2,0
4098,28,Female,32.0,122.0,200.0,104.0,0,Moderate,0,0,0
4099,75,Male,18.5,132.0,259.0,117.0,0,High,0,4,0
4100,42,Male,29.1,118.0,215.0,148.0,0,Low,1,0,0
4101,24,Female,25.4,134.0,187.0,137.0,0,High,0,0,0
4102,89,Female,25.0,142.0,276.0,62.0,1,Low,0,0,0
4103,31,Male,28.4,104.0,122.0,83.0,1,Moderate,2,1,0
4104,19,Male,23.6,99.0,137.0,117.0,0,Moderate,0,2,0
4105,23,Female,30.3,140.0,164.0,143.0,0,Low,0,1,0
4106,50,Male,27.8,113.0,249.0,81.0,0,Moderate,2,0,0
4107,25,Female,24.1,121.0,218.0,106.0,0,Low,1,0,0
4108,78,Male,34.9,156.0,144.0,87.0,0,Low,2,1,0
4109,54,Male,,135.0,180.0,114.0,0,Low,0,1,0
4110,41,Male,31.0,110.0,140.0,94.0,0,Low,3,2,0
4111,18,Male,35.3,98.0,177.0,121.0,0,Moderate,0,1,0
4112,52,Male,35.2,156.0,,85.0,1,Moderate,1,0,1
4113,28,Male,30.7,101.0,221.0,68.0,0,Low,0,1,0
4114,88,Female,25.8,129.0,224.0,184.0,0,Low,1,0,1
4115,38,Female,19.6,127.0,,96.0,0,Moderate,0,2,0
4116,52,Male,28.6,122.0,,163.0,0,Low,1,0,0
4117,19,Female,33.5,123.0,205.0,153.0,0,Moderate,1,1,0
4118,27,Female,29.4,93.0,273.0,66.0,0,Moderate,1,1,0
4119,32,Male,15.0,115.0,141.0,98.0,0,High,0,0,0
4120,21,Male,32.3,126.0,241.0,79.0,0,Low,2,0,0
4121,70,Male,32.6,143.0,214.0,105.0,1,Low,0,1,0
4122,86,Male,25.8,128.0,244.0,60.0,0,Low,0,3,0
4123,88,Female,32.9,122.0,221.0,72.0,0,High,2,5,1
4124,37,Male,31.0,124.0,242.0,88.0,1,Moderate,1,0,0
4125,74,Male,23.7,112.0,,86.0,1,Moderate,1,3,1
4126,54,Male,34.5,147.0,172.0,117.0,0,Moderate,1,0,1
4127,21,Male,20.5,117.0,198.0,69.0,0,Moderate,1,1,0
4128,24,Male,27.2,105.0,225.0,109.0,0,High,0,1,0
4129,57,Male,26.6,111.0,199.0,134.0,0,Low,0,3,1
4130,48,Male,23.0,114.0,115.0,107.0,0,Moderate,1,1,0
4131,18,Male,29.2,89.0,175.0,106.0,0,High,0,0,0
4132,84,Female,34.7,145.0,216.0,125.0,0,Low,1,1,1
4133,70,Female,34.4,119.0,203.0,78.0,0,Low,1,0,1
4134,54,Female,31.5,133.0,178.0,136.0,0,Low,0,2,0
4135,89,Female,18.2,147.0,265.0,62.0,0,High,3,1,0
4136,87,Female,20.2,153.0,123.0,136.0,0,High,2,2,0
4137,88,Male,28.4,142.0,218.0,127.0,1,Moderate,2,4,1
4138,36,Male,27.3,138.0,192.0,120.0,0,High,0,1,0
4139,81,Male,24.8,158.0,290.0,118.0,0,Low,1,0,0
4140,54,Female,38.0,131.0,196.0,120.0,1,Moderate,0,0,0
4141,70,Male,,137.0,222.0,86.0,1,Moderate,3,0,1
4142,79,Female,30.5,126.0,214.0,85.0,0,Low,2,3,0
4143,29,Female,32.9,102.0,188.0,159.0,1,Moderate,1,0,0
4144,50,Male,27.8,146.0,262.0,109.0,0,Moderate,0,1,0
4145,27,Female,,127.0,141.0,97.0,0,Moderate,0,0,0
4146,38,Male,22.3,132.0,164.0,112.0,0,High,1,1,0
4147,47,Male,24.2,114.0,222.0,110.0,0,Low,0,0,0
4148,79,Female,22.3,161.0,219.0,90.0,1,Low,1,1,1
4149,80,Male,36.1,132.0,199.0,94.0,0,High,0,1,0
4150,46,Female,31.9,111.0,190.0,131.0,0,Moderate,1,1,1
4151,41,Male,24.5,113.0,225.0,126.0,1,Low,0,0,0
4152,56,Male,22.7,152.0,216.0,107.0,0,Moderate,0,2,0
4153,83,Female,35.1,119.0,184.0,118.0,0,High,2,0,0
4154,88,Male,29.5,126.0,223.0,88.0,0,Low,2,1,1
4155,34,Male,35.3,166.0,185.0,129.0,0,Low,0,0,0
4156,31,Female,27.2,133.0,203.0,89.0,0,Moderate,1,0,0
4157,68,Male,30.3,120.0,,77.0,1,Low,3,4,1
4158,39,Male,29.2,104.0,144.0,137.0,0,High,1,1,0
4159,32,Male,24.1,92.0,212.0,74.0,0,Low,1,0,0
4160,20,Female,26.7,116.0,201.0,60.0,0,Moderate,1,1,0
4161,47,Female,21.0,136.0,247.0,131.0,0,Moderate,0,3,0
4162,46,Female,30.2,148.0,143.0,64.0,0,Low,0,0,0
4163,58,Male,31.7,97.0,,101.0,1,Low,0,2,1
4164,32,Female,32.9,97.0,177.0,85.0,1,Low,0,3,0
4165,69,Male,31.2,130.0,189.0,92.0,0,Moderate,1,3,0
4166,66,Female,26.8,175.0,144.0,163.0,1,Low,3,3,1
4167,51,Female,36.0,140.0,155.0,115.0,1,High,0,1,0
4168,31,Male,32.4,124.0,,122.0,0,High,0,0,1
4169,54,Female,35.1,107.0,178.0,137.0,0,Low,1,0,0
4170,66,Female,35.5,97.0,172.0,100.0,0,Low,0,1,0
4171,44,Female,26.8,124.0,246.0,133.0,0,Low,0,0,0
4172,36,Female,29.6,119.0,278.0,118.0,0,High,2,1,0
4173,54,Male,31.8,122.0,195.0,131.0,0,High,0,0,0
4174,43,Female,21.2,116.0,134.0,78.0,0,Moderate,0,2,0
4175,46,Male,21.3,112.0,208.0,109.0,1,Moderate,0,0,0
4176,43,Male,20.4,107.0,112.0,,0,Moderate,0,2,0
4177,39,Male,26.9,143.0,138.0,134.0,0,High,0,1,0
4178,69,Male,25.7,117.0,220.0,89.0,0,High,2,0,0
4179,51,Female,19.6,121.0,143.0,147.0,0,Low,0,1,0
4180,51,Male,28.3,125.0,184.0,116.0,0,High,0,1,0
4181,65,Male,27.0,142.0,146.0,102.0,0,Low,0,1,0
4182,44,Male,34.0,109.0,194.0,109.0,0,Low,0,1,0
4183,25,Female,38.6,132.0,225.0,121.0,1,High,0,0,0
4184,79,Female,30.0,126.0,,93.0,0,Moderate,0,0,0
4185,22,Female,23.7,113.0,180.0,118.0,0,Low,0,1,0
4186,59,Female,31.1,154.0,168.0,110.0,0,Low,0,1,0
4187,37,Male,27.6,105.0,160.0,156.0,1,Low,0,0,1
4188,33,Female,26.2,131.0,155.0,93.0,0,Low,0,1,0
4189,21,Female,22.8,131.0,210.0,96.0,0,High,1,1,0
4190,82,Female,24.9,141.0,157.0,91.0,0,Moderate,2,2,0
4191,48,Male,26.5,122.0,181.0,153.0,0,Moderate,0,0,0
4192,42,Male,31.9,156.0,207.0,74.0,0,High,1,2,0
4193,71,Female,30.3,132.0,240.0,112.0,1,Low,1,2,1
4194,20,Male,37.5,118.0,197.0,128.0,0,Low,0,1,0
4195,58,Male,31.2,122.0,196.0,82.0,0,Low,3,0,1
4196,53,Male,29.8,128.0,175.0,178.0,0,Low,0,0,0
4197,57,Male,25.8,143.0,234.0,79.0,1,Low,0,3,1
4198,26,Male,21.8,112.0,150.0,,0,Moderate,1,2,0
4199,86,Female,24.4,104.0,181.0,145.0,0,Moderate,1,1,1
4200,35,Male,23.7,128.0,239.0,91.0,0,Low,3,2,0
4201,66,Female,15.0,113.0,217.0,92.0,0,Moderate,1,1,0
4202,71,Male,22.0,144.0,221.0,89.0,0,Moderate,1,0,0
4203,42,Female,36.3,122.0,214.0,117.0,0,High,0,0,0
4204,27,Male,29.5,132.0,180.0,137.0,0,High,1,0,0
4205,39,Female,25.4,106.0,135.0,92.0,0,Low,1,2,0
4206,76,Female,29.7,126.0,218.0,60.0,0,Low,0,0,0
4207,83,Female,16.8,131.0,211.0,90.0,0,Moderate,0,0,1
4208,85,Male,29.1,114.0,180.0,110.0,0,Moderate,3,2,0
4209,34,Female,34.5,137.0,146.0,121.0,1,High,1,0,0
4210,61,Male,26.8,103.0,199.0,100.0,0,High,0,2,1
4211,28,Male,17.8,135.0,132.0,70.0,1,Moderate,0,0,0
4212,69,Male,25.2,138.0,,96.0,0,High,2,1,0
4213,47,Female,34.5,121.0,183.0,161.0,0,Low,0,1,0
4214,69,Female,28.9,137.0,200.0,107.0,1,Moderate,2,2,0
4215,67,Female,,136.0,219.0,112.0,0,Moderate,0,2,0
4216,89,Female,40.5,132.0,238.0,97.0,0,Moderate,1,2,1
4217,53,Male,20.6,131.0,169.0,88.0,0,Low,3,1,0
4218,42,Male,26.2,134.0,224.0,78.0,0,Low,0,1,0
4219,55,Male,21.8,112.0,189.0,131.0,1,Low,1,1,0
4220,29,Male,21.8,123.0,251.0,60.0,0,Moderate,1,2,0
4221,26,Female,25.0,85.0,161.0,112.0,0,Moderate,0,0,0
4222,55,Female,31.0,96.0,136.0,119.0,1,Low,2,1,0
4223,77,Female,34.6,143.0,240.0,,0,High,2,1,0
4224,56,Female,25.4,120.0,214.0,60.0,0,Moderate,2,0,0
4225,74,Female,21.9,120.0,253.0,60.0,0,Moderate,0,3,0
4226,30,Female,30.1,117.0,197.0,112.0,0,Low,0,0,0
4227,50,Male,30.3,119.0,284.0,86.0,0,Low,0,2,0
4228,62,Female,28.8,113.0,194.0,91.0,0,Moderate,0,1,0
4229,43,Female,29.0,96.0,231.0,97.0,0,Low,1,1,0
4230,19,Female,26.9,85.0,160.0,77.0,0,High,0,0,0
4231,23,Female,28.0,127.0,,75.0,0,Moderate,0,1,0
4232,84,Female,26.5,130.0,238.0,104.0,0,Low,1,2,0
4233,61,Female,33.4,144.0,232.0,64.0,0,Moderate,0,1,0
4234,37,Male,39.8,114.0,,110.0,0,High,1,0,0
4235,36,Male,28.5,126.0,100.0,90.0,0,High,1,0,0
4236,20,Female,27.5,112.0,177.0,105.0,1,High,4,0,0
4237,86,Female,28.9,138.0,191.0,170.0,0,High,1,2,1
4238,25,Male,23.9,118.0,168.0,75.0,1,Low,0,0,0
4239,72,Male,31.7,126.0,195.0,122.0,1,Moderate,1,2,0
4240,35,Female,29.9,100.0,225.0,115.0,0,Moderate,0,0,0
4241,42,Female,25.2,134.0,199.0,117.0,0,High,0,1,0
4242,37,Male,32.5,146.0,169.0,107.0,0,High,3,0,0
4243,77,Female,27.6,161.0,153.0,143.0,0,Moderate,1,0,0
4244,20,Male,22.2,106.0,238.0,116.0,0,Low,0,1,0
4245,43,Male,29.4,111.0,167.0,127.0,0,Moderate,0,2,0
4246,38,Female,28.8,112.0,184.0,71.0,1,High,0,0,0
4247,37,Female,32.8,118.0,270.0,116.0,0,Moderate,0,1,0
4248,31,Female,32.1,118.0,162.0,99.0,1,Low,2,0,0
4249,83,Male,26.9,121.0,201.0,82.0,0,Moderate,1,0,0
4250,45,Male,24.9,100.0,201.0,86.0,0,Moderate,0,3,0
4251,48,Female,27.5,125.0,133.0,104.0,0,High,1,0,0
4252,45,Female,29.5,85.0,,120.0,0,Moderate,0,3,0
4253,88,Female,30.2,137.0,196.0,135.0,0,High,1,2,0
4254,42,Male,,107.0,174.0,132.0,1,Low,1,0,0
4255,42,Female,27.0,135.0,196.0,113.0,0,Low,0,1,0
4256,41,Male,33.0,139.0,153.0,115.0,0,Low,0,1,0
4257,41,Female,23.8,139.0,207.0,92.0,0,Moderate,0,0,0
4258,24,Female,41.1,110.0,100.0,118.0,0,High,1,3,0
4259,61,Male,31.7,111.0,198.0,91.0,1,High,0,1,0
4260,19,Male,21.3,101.0,193.0,86.0,0,Moderate,0,0,0
4261,34,Female,28.5,124.0,199.0,116.0,1,Moderate,0,0,0
4262,32,Male,31.7,92.0,180.0,152.0,0,High,1,0,0
4263,38,Male,25.6,143.0,164.0,99.0,0,High,0,1,0
4264,72,Female,19.3,127.0,199.0,73.0,1,Moderate,1,3,0
4265,61,Female,21.8,137.0,247.0,123.0,1,Moderate,0,2,0
4266,89,Male,30.5,110.0,192.0,60.0,0,High,1,0,0
4267,43,Female,17.8,108.0,229.0,119.0,0,Moderate,0,0,0
4268,84,Male,,106.0,255.0,60.0,1,Moderate,0,1,0
4269,21,Male,30.5,131.0,115.0,127.0,0,High,0,0,0
4270,54,Male,26.3,124.0,192.0,92.0,0,Moderate,0,1,0
4271,75,Male,23.7,143.0,170.0,109.0,0,Moderate,1,4,1
4272,56,Female,24.8,128.0,141.0,156.0,0,Low,0,1,0
4273,85,Female,19.4,145.0,243.0,73.0,0,Moderate,1,1,1
4274,40,Male,30.2,116.0,208.0,83.0,0,Low,0,1,0
4275,20,Male,23.1,111.0,190.0,102.0,0,Low,2,1,0
4276,73,Male,24.6,132.0,165.0,141.0,0,High,0,0,0
4277,22,Male,29.4,122.0,189.0,113.0,0,High,1,1,0
4278,73,Female,26.1,140.0,157.0,105.0,0,High,2,4,0
4279,70,Female,23.6,177.0,208.0,105.0,0,Low,1,2,0
4280,78,Male,16.6,162.0,184.0,64.0,0,Moderate,1,0,0
4281,52,Female,29.5,97.0,236.0,113.0,0,Low,1,1,0
4282,82,Male,27.9,134.0,197.0,96.0,0,Moderate,4,0,1
4283,30,Male,24.7,112.0,194.0,136.0,0,Low,0,2,0
4284,49,Female,21.8,145.0,203.0,118.0,0,Moderate,0,1,0
4285,26,Male,27.6,112.0,180.0,71.0,0,Low,1,0,0
4286,73,Female,30.1,140.0,211.0,102.0,0,Low,0,1,0
4287,69,Male,28.0,94.0,216.0,120.0,0,Moderate,1,1,0
4288,76,Male,36.5,110.0,174.0,93.0,0,Low,1,3,1
4289,73,Female,31.4,167.0,222.0,83.0,0,High,1,1,0
4290,40,Female,26.9,122.0,223.0,93.0,0,Low,0,0,0
4291,22,Female,31.6,99.0,196.0,120.0,1,Moderate,0,0,0
4292,84,Female,27.8,141.0,199.0,133.0,0,Low,2,3,0
4293,53,Male,,109.0,203.0,112.0,0,Moderate,1,2,0
4294,24,Male,34.6,111.0,168.0,180.0,0,Low,0,1,0
4295,84,Male,22.6,114.0,207.0,81.0,1,High,1,1,0
4296,89,Female,27.6,126.0,169.0,125.0,0,High,1,2,0
4297,50,Male,34.0,118.0,247.0,86.0,1,High,1,3,0
4298,73,Female,29.2,151.0,280.0,150.0,0,Low,1,1,1
4299,20,Male,25.5,122.0,153.0,138.0,1,Moderate,1,0,0
4300,24,Female,18.1,126.0,212.0,111.0,0,High,2,0,0
4301,37,Male,15.0,120.0,244.0,60.0,0,Low,0,0,0
4302,65,Female,38.9,143.0,166.0,140.0,0,Low,1,1,0
4303,27,Male,29.2,103.0,101.0,87.0,0,Moderate,0,0,0
4304,20,Female,24.3,103.0,,113.0,0,High,0,0,0
4305,66,Male,29.4,137.0,203.0,71.0,0,Low,2,2,0
4306,73,Female,22.3,129.0,187.0,105.0,0,Low,0,0,0
4307,71,Female,25.7,132.0,207.0,94.0,0,Moderate,1,0,0
4308,75,Female,22.3,131.0,193.0,78.0,0,Low,2,0,0
4309,75,Female,19.7,154.0,320.0,110.0,0,Moderate,1,2,0
4310,61,Female,15.9,150.0,180.0,88.0,0,Moderate,1,2,0
4311,55,Male,18.7,117.0,210.0,88.0,0,Moderate,0,1,0
4312,79,Female,33.1,107.0,259.0,133.0,0,Low,0,1,0
4313,43,Male,22.1,111.0,240.0,148.0,0,Moderate,0,0,0
4314,25,Female,30.4,102.0,224.0,117.0,0,Moderate,1,0,0
4315,72,Female,32.8,146.0,190.0,66.0,0,Moderate,1,2,0
4316,37,Female,27.6,135.0,183.0,65.0,0,Moderate,1,0,0
4317,88,Male,25.9,122.0,131.0,,0,Moderate,1,1,0
4318,47,Male,28.2,112.0,,133.0,0,Moderate,3,2,0
4319,79,Male,25.2,111.0,211.0,106.0,1,Low,2,2,0
4320,21,Male,34.1,117.0,209.0,128.0,0,High,2,0,0
4321,65,Female,37.8,130.0,271.0,119.0,1,Moderate,0,1,1
4322,50,Female,35.5,138.0,222.0,142.0,0,Moderate,0,0,0
4323,51,Male,15.7,133.0,,105.0,0,Moderate,2,2,0
4324,37,Male,25.1,130.0,188.0,76.0,0,Low,0,0,0
4325,87,Male,27.5,113.0,262.0,117.0,0,High,1,1,0
4326,46,Female,30.0,114.0,193.0,69.0,0,Low,2,0,0
4327,79,Male,18.0,150.0,253.0,104.0,0,Moderate,1,1,0
4328,48,Female,,116.0,225.0,85.0,0,High,0,0,0
4329,21,Male,34.7,89.0,195.0,120.0,0,Moderate,0,1,0
4330,81,Female,24.4,149.0,152.0,110.0,0,Low,2,1,1
4331,31,Male,19.3,109.0,227.0,102.0,0,High,1,0,0
4332,37,Male,21.4,137.0,203.0,134.0,0,Moderate,2,0,0
4333,79,Male,29.6,135.0,236.0,110.0,0,Low,0,1,0
4334,82,Female,23.0,132.0,223.0,104.0,0,Moderate,0,0,0
4335,84,Female,28.8,159.0,230.0,142.0,1,Low,3,2,1
4336,48,Male,22.1,103.0,243.0,147.0,0,Moderate,0,1,0
4337,72,Male,17.9,156.0,,92.0,0,Moderate,1,0,0
4338,41,Female,35.3,112.0,208.0,103.0,0,High,1,1,0
4339,71,Male,29.7,135.0,,97.0,0,Low,1,1,0
4340,54,Male,25.7,129.0,219.0,115.0,0,Moderate,1,4,1
4341,21,Male,24.6,108.0,190.0,96.0,0,Moderate,0,0,0
4342,48,Female,35.6,112.0,170.0,72.0,0,High,1,0,0
4343,51,Male,30.8,119.0,199.0,140.0,0,Low,2,1,0
4344,36,Female,33.8,104.0,166.0,136.0,0,Low,2,1,0
4345,44,Male,24.3,154.0,178.0,131.0,1,High,0,1,0
4346,54,Female,27.8,119.0,210.0,141.0,0,High,0,2,0
4347,21,Male,29.7,133.0,191.0,114.0,0,Moderate,1,0,0
4348,28,Female,24.5,134.0,111.0,108.0,0,Moderate,0,0,0
4349,73,Female,27.0,139.0,221.0,131.0,0,High,2,0,0
4350,43,Male,24.3,120.0,180.0,70.0,1,Moderate,0,3,0
4351,61,Male,29.7,132.0,185.0,100.0,0,Low,0,0,0
4352,58,Male,20.2,137.0,156.0,94.0,0,High,0,3,0
4353,57,Male,30.6,129.0,197.0,134.0,0,Moderate,2,3,0
4354,47,Male,29.2,99.0,174.0,94.0,0,Low,0,1,0
4355,52,Female,26.4,97.0,244.0,86.0,0,Moderate,0,0,1
4356,77,Female,30.0,159.0,142.0,98.0,0,High,1,1,0
4357,87,Female,25.5,96.0,177.0,115.0,0,High,0,5,0
4358,36,Female,23.8,123.0,149.0,99.0,0,Low,1,2,0
4359,66,Female,30.5,127.0,213.0,72.0,0,Low,0,0,0
4360,87,Male,30.7,141.0,258.0,78.0,0,High,1,3,0
4361,18,Male,24.7,96.0,198.0,105.0,0,Moderate,0,1,0
4362,74,Male,24.2,139.0,165.0,105.0,0,High,2,0,0
4363,53,Female,26.5,129.0,180.0,105.0,1,Moderate,2,0,0
4364,87,Male,24.5,182.0,183.0,89.0,0,Low,2,1,1
4365,59,Male,35.9,130.0,219.0,138.0,1,Moderate,1,1,1
4366,78,Female,29.2,156.0,192.0,118.0,1,Low,0,1,1
4367,29,Male,27.6,94.0,131.0,115.0,0,Moderate,0,1,1
4368,28,Male,22.4,134.0,206.0,108.0,1,Moderate,1,1,0
4369,84,Male,31.6,141.0,260.0,153.0,0,Moderate,0,4,1
4370,55,Male,24.1,131.0,191.0,74.0,0,Moderate,0,0,0
4371,58,Male,23.9,132.0,204.0,90.0,0,Low,0,1,0
4372,30,Male,31.7,145.0,128.0,103.0,0,High,2,2,0
4373,34,Female,29.6,123.0,109.0,141.0,0,Low,0,0,0
4374,76,Male,15.0,122.0,138.0,78.0,1,Low,1,0,1
4375,39,Female,26.6,111.0,188.0,84.0,1,Low,0,2,0
4376,60,Male,28.2,142.0,188.0,104.0,0,Moderate,0,1,0
4377,40,Male,25.6,129.0,211.0,106.0,0,High,0,2,0
4378,36,Male,28.4,96.0,180.0,138.0,0,High,2,1,0
4379,29,Female,17.5,126.0,222.0,82.0,0,Moderate,1,0,0
4380,84,Female,15.0,120.0,245.0,70.0,0,Moderate,0,2,0
4381,85,Male,22.1,144.0,200.0,74.0,0,Low,1,4,1
4382,26,Female,29.1,104.0,145.0,99.0,0,Moderate,3,0,0
4383,43,Male,15.0,118.0,119.0,155.0,0,Low,0,2,0
4384,58,Male,22.9,119.0,253.0,109.0,0,Low,0,1,0
4385,45,Female,16.9,148.0,157.0,106.0,0,High,2,0,0
4386,69,Female,,138.0,148.0,104.0,0,Moderate,0,1,0
4387,36,Male,38.3,140.0,193.0,124.0,0,High,0,1,0
4388,22,Male,26.3,162.0,124.0,124.0,1,Moderate,1,0,0
4389,42,Male,26.9,123.0,196.0,119.0,0,Moderate,0,2,0
4390,61,Female,32.1,153.0,188.0,121.0,0,Moderate,0,0,0
4391,31,Male,27.6,107.0,,106.0,0,High,0,0,0
4392,76,Female,26.3,154.0,240.0,95.0,0,Low,3,1,1
4393,18,Female,32.6,101.0,221.0,124.0,1,Low,0,0,0
4394,22,Male,30.1,115.0,189.0,112.0,0,Moderate,0,0,0
4395,54,Male,29.1,135.0,164.0,163.0,0,Moderate,0,1,0
4396,54,Female,26.7,138.0,158.0,132.0,0,Moderate,1,2,0
4397,39,Male,25.6,101.0,169.0,86.0,0,High,0,0,0
4398,36,Female,32.5,106.0,264.0,82.0,1,High,0,2,0
4399,23,Female,25.6,125.0,172.0,93.0,0,Low,2,1,0
4400,65,Female,34.3,124.0,209.0,87.0,0,Moderate,2,1,0
4401,45,Male,21.7,101.0,250.0,86.0,0,Moderate,0,1,0
4402,26,Male,35.4,115.0,193.0,92.0,0,Moderate,0,2,0
4403,46,Male,30.1,122.0,165.0,101.0,0,High,1,1,0
4404,85,Male,22.2,140.0,240.0,90.0,0,Low,0,3,1
4405,36,Female,30.3,129.0,172.0,113.0,0,Low,2,0,0
4406,82,Male,23.9,144.0,222.0,95.0,0,Moderate,1,2,0
4407,36,Female,27.7,108.0,,83.0,0,Low,1,1,0
4408,31,Female,24.8,112.0,167.0,134.0,1,Low,0,1,0
4409,36,Female,26.8,135.0,195.0,115.0,0,Low,0,0,0
4410,41,Female,32.7,113.0,251.0,99.0,0,High,1,1,0
4411,26,Female,30.4,110.0,159.0,87.0,0,High,0,0,0
4412,60,Male,21.3,104.0,250.0,60.0,0,Moderate,1,1,0
4413,42,Female,21.6,122.0,169.0,60.0,0,Moderate,1,0,0
4414,69,Female,29.0,137.0,273.0,135.0,0,Low,0,3,1
4415,53,Male,29.4,94.0,164.0,133.0,1,High,0,2,0
4416,49,Male,23.8,108.0,,85.0,0,Low,0,0,0
4417,51,Female,36.3,103.0,253.0,154.0,0,Moderate,2,0,1
4418,29,Male,32.0,130.0,243.0,128.0,0,Moderate,2,2,0
4419,69,Male,24.1,101.0,236.0,106.0,1,Low,2,3,1
4420,25,Female,23.5,115.0,141.0,123.0,0,Moderate,1,1,0
4421,69,Female,26.2,143.0,208.0,120.0,0,Moderate,1,0,0
4422,89,Female,25.7,142.0,215.0,107.0,0,Moderate,1,3,1
4423,73,Female,34.4,126.0,,109.0,1,Moderate,1,2,0
4424,50,Female,32.9,131.0,,110.0,0,Low,3,1,0
4425,40,Female,27.7,138.0,160.0,64.0,0,High,2,0,0
4426,80,Female,31.2,134.0,161.0,90.0,1,Moderate,3,3,1
4427,36,Female,32.0,85.0,126.0,159.0,0,High,0,0,0
4428,52,Female,27.8,144.0,261.0,85.0,1,Low,1,1,0
4429,73,Female,29.7,139.0,187.0,61.0,0,Moderate,2,3,1
4430,84,Female,30.8,136.0,193.0,134.0,0,Moderate,2,0,1
4431,84,Female,30.2,105.0,173.0,116.0,0,Low,2,3,0
4432,24,Male,23.2,111.0,234.0,108.0,0,Low,1,1,0
4433,82,Female,23.8,122.0,159.0,96.0,0,Moderate,1,1,0
4434,26,Female,25.9,97.0,137.0,,0,Moderate,0,0,0
4435,60,Female,23.6,126.0,188.0,140.0,0,Low,0,1,0
4436,84,Female,19.4,128.0,211.0,81.0,0,High,5,2,0
4437,65,Female,31.2,123.0,228.0,127.0,0,High,1,2,1
4438,86,Male,29.4,149.0,187.0,137.0,1,Moderate,4,0,1
4439,42,Male,20.1,126.0,250.0,80.0,1,Low,1,0,0
4440,40,Male,26.2,114.0,165.0,143.0,0,Moderate,1,1,0
4441,41,Male,26.5,112.0,152.0,133.0,0,High,2,4,0
4442,43,Male,28.5,115.0,150.0,75.0,1,Low,1,1,0
4443,67,Male,21.5,127.0,174.0,139.0,0,Low,2,1,0
4444,50,Male,20.1,134.0,151.0,64.0,0,Moderate,0,0,0
4445,71,Male,30.4,116.0,234.0,92.0,0,Low,3,2,0
4446,47,Female,19.1,147.0,155.0,112.0,0,Moderate,1,0,0
4447,40,Female,26.2,131.0,185.0,131.0,0,High,0,1,0
4448,31,Male,25.7,85.0,146.0,106.0,0,Moderate,0,0,0
4449,57,Female,26.8,129.0,154.0,88.0,0,High,0,1,0
4450,82,Female,,153.0,253.0,101.0,0,Moderate,0,2,0
4451,79,Female,36.3,141.0,270.0,108.0,1,Moderate,0,1,1
4452,36,Male,18.7,114.0,236.0,115.0,1,Low,1,0,0
4453,52,Female,32.3,125.0,140.0,102.0,0,Moderate,0,1,0
4454,68,Male,15.0,134.0,153.0,71.0,0,Moderate,1,1,0
4455,62,Male,35.2,142.0,276.0,78.0,1,Low,1,3,1
4456,22,Male,16.3,93.0,171.0,75.0,0,High,1,0,0
4457,60,Female,40.9,119.0,148.0,121.0,0,Moderate,2,1,0
4458,20,Male,25.4,141.0,,73.0,1,Moderate,1,0,0
4459,26,Female,34.6,117.0,186.0,70.0,0,Moderate,0,1,0
4460,65,Female,33.5,155.0,224.0,140.0,0,High,0,2,1
4461,25,Female,25.1,164.0,100.0,76.0,0,Low,0,1,1
4462,42,Male,25.5,114.0,179.0,69.0,0,Moderate,0,1,0
4463,60,Male,22.9,109.0,236.0,140.0,1,Low,0,1,0
4464,65,Male,31.8,126.0,178.0,134.0,0,Low,1,1,0
4465,50,Female,25.2,143.0,242.0,129.0,0,Low,1,0,0
4466,24,Male,23.0,136.0,132.0,113.0,0,Moderate,1,0,0
4467,75,Female,30.5,170.0,203.0,144.0,0,Moderate,3,2,0
4468,86,Male,22.6,137.0,276.0,122.0,0,Low,3,0,0
4469,81,Female,25.7,144.0,167.0,94.0,0,Low,3,1,1
4470,71,Female,28.1,121.0,216.0,79.0,0,High,3,0,0
4471,46,Female,24.0,85.0,215.0,67.0,0,Low,1,1,0
4472,81,Female,24.8,135.0,214.0,98.0,0,Low,1,2,0
4473,53,Female,35.9,108.0,187.0,89.0,1,High,0,0,0
4474,27,Male,26.4,127.0,150.0,83.0,0,Moderate,1,1,0
4475,79,Female,25.5,105.0,217.0,99.0,1,Low,2,1,1
4476,41,Female,26.5,110.0,187.0,141.0,1,Low,0,2,0
4477,85,Female,30.0,142.0,158.0,70.0,0,High,1,1,0
4478,44,Male,21.8,129.0,234.0,98.0,0,Moderate,1,1,0
4479,80,Male,29.8,135.0,175.0,76.0,0,Low,2,1,0
4480,56,Female,28.9,157.0,144.0,93.0,0,Moderate,2,0,0
4481,51,Female,17.7,150.0,173.0,116.0,1,Low,0,0,1
4482,39,Female,37.4,110.0,156.0,98.0,1,Low,1,0,0
4483,78,Male,35.5,161.0,199.0,110.0,0,High,2,1,0
4484,22,Male,23.1,143.0,134.0,103.0,0,High,0,0,0
4485,51,Male,21.3,123.0,213.0,115.0,0,Moderate,0,1,0
4486,44,Female,28.8,124.0,244.0,93.0,0,Moderate,1,1,0
4487,57,Female,19.7,127.0,203.0,128.0,0,Moderate,0,1,0
4488,36,Female,35.0,110.0,133.0,105.0,0,Low,0,0,0
4489,65,Male,24.9,122.0,168.0,115.0,0,Moderate,0,0,0
4490,45,Male,36.4,144.0,201.0,113.0,0,Moderate,0,0,0
4491,31,Female,23.0,125.0,111.0,119.0,0,Moderate,2,1,0
4492,32,Female,26.9,110.0,139.0,158.0,0,Moderate,0,1,0
4493,68,Male,34.5,116.0,141.0,108.0,0,Low,2,1,0
4494,36,Female,25.7,108.0,192.0,103.0,1,Moderate,0,1,0
4495,40,Male,29.0,119.0,272.0,97.0,0,High,0,4,0
4496,63,Male,33.5,144.0,154.0,99.0,0,Moderate,0,1,0
4497,41,Female,24.4,108.0,222.0,83.0,0,Moderate,1,0,0
4498,45,Female,20.6,138.0,171.0,96.0,0,Low,1,1,0
4499,35,Female,19.5,123.0,137.0,74.0,1,Moderate,0,0,0
4500,42,Female,30.7,124.0,250.0,91.0,0,Moderate,1,2,0
4501,67,Female,29.6,147.0,286.0,60.0,0,Low,0,3,1
4502,56,Female,33.3,141.0,214.0,150.0,0,Moderate,0,1,0
4503,89,Female,26.0,116.0,228.0,146.0,1,High,1,4,0
4504,73,Female,19.6,116.0,209.0,112.0,0,Low,3,2,1
4505,19,Male,15.0,110.0,174.0,65.0,0,Moderate,0,2,0
4506,45,Female,43.3,129.0,,95.0,0,Low,1,1,0
4507,38,Male,30.4,143.0,215.0,69.0,0,Low,1,0,0
4508,60,Female,28.3,130.0,263.0,123.0,1,Moderate,0,1,1
4509,37,Female,29.0,148.0,,141.0,0,Moderate,0,0,0
4510,87,Female,19.6,127.0,218.0,99.0,0,Moderate,2,2,1
4511,39,Female,23.1,113.0,186.0,122.0,0,Moderate,4,0,0
4512,55,Male,37.1,122.0,236.0,131.0,0,Moderate,0,0,0
4513,26,Male,31.1,104.0,274.0,91.0,0,Low,1,0,0
4514,83,Male,23.3,155.0,252.0,126.0,0,High,2,1,0
4515,83,Male,20.8,92.0,242.0,121.0,0,High,6,2,0
4516,75,Female,24.7,126.0,242.0,76.0,0,Low,0,2,0
4517,43,Female,25.8,141.0,240.0,124.0,1,High,1,2,0
4518,22,Female,38.8,110.0,273.0,118.0,1,High,0,2,0
4519,69,Male,26.5,149.0,140.0,98.0,0,Low,2,3,0
4520,48,Male,21.0,159.0,217.0,107.0,0,Moderate,0,1,0
4521,89,Female,27.2,140.0,116.0,,0,Low,0,2,1
4522,68,Female,29.0,150.0,240.0,131.0,1,Moderate,2,1,1
4523,56,Male,20.5,166.0,219.0,74.0,0,Low,0,1,0
4524,89,Female,29.7,145.0,194.0,123.0,1,Low,4,0,0
4525,75,Female,34.1,133.0,106.0,85.0,0,Moderate,0,0,0
4526,51,Female,28.3,140.0,195.0,102.0,0,Low,0,0,0
4527,19,Male,,133.0,188.0,97.0,0,Low,0,2,0
4528,24,Male,24.6,115.0,180.0,127.0,1,High,1,1,0
4529,49,Female,18.4,117.0,171.0,93.0,0,Moderate,0,1,1
4530,58,Female,26.8,155.0,165.0,98.0,0,High,1,2,0
4531,20,Male,29.2,110.0,178.0,145.0,1,Low,2,0,0
4532,27,Male,22.6,136.0,153.0,88.0,0,Moderate,0,1,0
4533,68,Female,38.2,136.0,235.0,108.0,1,Low,2,3,0
4534,72,Male,,162.0,203.0,63.0,1,Moderate,2,2,0
4535,20,Male,17.6,101.0,114.0,86.0,0,Moderate,0,1,0
4536,54,Female,17.8,113.0,204.0,68.0,0,Moderate,0,2,0
4537,23,Male,22.1,129.0,197.0,92.0,1,Moderate,3,1,0
4538,70,Female,36.2,114.0,266.0,124.0,0,Moderate,0,2,1
4539,78,Female,32.4,137.0,244.0,84.0,0,Low,2,2,1
4540,80,Male,36.4,160.0,176.0,97.0,0,Low,2,1,0
4541,61,Male,27.6,100.0,255.0,64.0,0,Low,2,1,0
4542,63,Female,26.3,136.0,149.0,91.0,0,High,1,0,0
4543,84,Female,20.6,156.0,213.0,71.0,0,High,2,2,0
4544,62,Female,29.4,129.0,230.0,164.0,0,Low,0,3,1
4545,50,Male,26.4,110.0,250.0,143.0,0,Low,0,1,0
4546,72,Male,26.2,128.0,278.0,139.0,0,Low,1,0,0
4547,60,Female,36.4,115.0,248.0,84.0,1,Moderate,0,2,0
4548,78,Male,,136.0,204.0,100.0,0,Low,0,3,1
4549,55,Female,34.8,122.0,220.0,85.0,0,High,0,0,0
4550,80,Female,,127.0,219.0,141.0,0,Low,2,0,0
4551,21,Male,42.3,122.0,154.0,148.0,1,Moderate,1,2,0
4552,20,Female,25.4,140.0,176.0,75.0,0,Low,1,1,0
4553,25,Male,31.4,121.0,251.0,121.0,0,Moderate,1,1,0
4554,58,Male,32.3,149.0,224.0,74.0,1,Low,0,1,0
4555,69,Male,24.8,157.0,283.0,98.0,0,Low,3,1,1
4556,33,Female,32.0,110.0,145.0,107.0,0,High,1,0,0
4557,29,Female,32.3,122.0,170.0,132.0,1,Moderate,1,0,0
4558,79,Female,23.6,128.0,225.0,126.0,0,Moderate,1,1,0
4559,72,Male,23.6,109.0,234.0,101.0,0,Moderate,2,0,0
4560,64,Female,27.7,136.0,198.0,100.0,0,Low,1,3,0
4561,53,Male,26.9,109.0,227.0,60.0,0,High,0,0,0
4562,48,Female,35.2,132.0,224.0,157.0,0,Low,0,2,0
4563,19,Male,31.4,89.0,127.0,94.0,1,Moderate,1,1,0
4564,31,Male,27.1,121.0,214.0,108.0,0,High,0,3,0
4565,82,Female,30.8,111.0,252.0,169.0,0,Moderate,1,2,1
4566,42,Male,16.2,133.0,202.0,60.0,1,Moderate,0,2,0
4567,68,Female,24.1,125.0,134.0,101.0,0,Low,1,2,0
4568,68,Male,29.1,123.0,193.0,121.0,0,Low,1,2,0
4569,40,Male,33.6,140.0,207.0,143.0,0,Low,0,2,1
4570,32,Female,28.6,114.0,153.0,107.0,0,Moderate,2,0,0
4571,67,Male,35.5,133.0,238.0,147.0,0,High,3,1,0
4572,24,Female,32.3,113.0,210.0,102.0,1,Moderate,0,0,0
4573,53,Male,24.8,134.0,202.0,116.0,0,Low,0,1,0
4574,81,Female,26.7,153.0,211.0,115.0,0,Low,1,0,0
4575,69,Female,29.7,145.0,212.0,106.0,0,Low,1,0,0
4576,73,Male,25.0,126.0,206.0,111.0,1,High,1,0,0
4577,23,Male,35.9,135.0,133.0,95.0,0,Low,2,0,0
4578,32,Female,21.4,104.0,170.0,89.0,0,Moderate,1,0,0
4579,37,Female,29.2,109.0,191.0,75.0,1,High,0,1,0
4580,39,Male,31.5,119.0,243.0,100.0,1,High,0,0,1
4581,31,Male,25.8,135.0,212.0,133.0,0,Low,0,2,0
4582,87,Male,24.5,119.0,269.0,112.0,0,High,2,1,1
4583,29,Male,27.1,132.0,131.0,,0,Low,1,0,0
4584,68,Male,32.0,130.0,190.0,70.0,1,High,5,1,1
4585,60,Male,24.8,122.0,279.0,110.0,0,Low,0,0,0
4586,61,Female,21.6,146.0,172.0,96.0,0,Low,0,0,0
4587,33,Female,33.8,106.0,158.0,128.0,1,High,0,1,0
4588,40,Male,29.7,158.0,180.0,145.0,1,Moderate,0,2,0
4589,61,Female,33.0,126.0,277.0,103.0,0,High,0,1,1
4590,39,Female,31.7,124.0,,103.0,0,Low,0,1,1
4591,67,Female,39.5,156.0,,146.0,0,Low,2,2,1
4592,20,Female,33.6,117.0,195.0,99.0,1,Moderate,0,1,0
4593,23,Female,23.5,135.0,108.0,102.0,0,High,0,1,0
4594,70,Female,30.1,101.0,204.0,60.0,0,Low,0,3,0
4595,62,Male,24.4,122.0,180.0,93.0,0,Moderate,1,1,0
4596,21,Male,25.0,121.0,206.0,136.0,0,Low,1,0,0
4597,82,Female,19.7,154.0,277.0,104.0,0,Low,1,2,1
4598,18,Female,25.9,126.0,166.0,127.0,1,Low,1,2,0
4599,86,Male,30.5,148.0,200.0,135.0,0,Low,3,4,1
4600,70,Female,27.1,149.0,301.0,140.0,1,Low,1,1,1
4601,89,Male,21.5,146.0,187.0,88.0,0,Moderate,0,1,0
4602,86,Male,19.1,103.0,162.0,118.0,0,Moderate,3,0,0
4603,40,Female,39.1,145.0,242.0,180.0,0,Low,0,0,0
4604,72,Female,29.3,119.0,204.0,108.0,0,Moderate,1,1,0
4605,33,Male,23.0,124.0,197.0,65.0,0,High,0,0,0
4606,51,Female,30.0,128.0,280.0,94.0,0,High,1,2,1
4607,35,Female,39.5,121.0,134.0,135.0,0,Moderate,0,1,0
4608,52,Male,30.9,108.0,189.0,67.0,0,Moderate,2,2,0
4609,80,Male,15.0,104.0,163.0,68.0,1,Low,2,6,1
4610,49,Female,42.1,109.0,207.0,118.0,0,Moderate,1,1,0
4611,24,Female,17.3,129.0,161.0,94.0,0,Moderate,2,0,0
4612,41,Male,26.4,99.0,146.0,151.0,1,Moderate,1,1,0
4613,74,Male,21.3,119.0,235.0,115.0,1,High,3,1,0
4614,55,Male,23.4,133.0,198.0,71.0,0,Moderate,0,1,0
4615,58,Female,29.1,111.0,151.0,208.0,0,Moderate,1,2,0
4616,49,Female,16.1,116.0,149.0,89.0,0,High,0,0,0
4617,39,Female,27.0,122.0,197.0,,0,High,0,0,0
4618,61,Male,33.8,133.0,137.0,88.0,1,Moderate,1,2,0
4619,63,Male,22.9,113.0,210.0,72.0,0,Moderate,0,1,0
4620,82,Male,19.9,138.0,262.0,60.0,0,High,0,2,0
4621,62,Male,26.7,136.0,226.0,118.0,1,Moderate,0,2,1
4622,89,Male,,118.0,191.0,60.0,0,High,2,0,0
4623,77,Female,24.2,138.0,219.0,127.0,0,Low,0,0,0
4624,23,Male,21.0,104.0,134.0,118.0,0,High,0,0,0
4625,46,Male,30.4,126.0,198.0,98.0,0,Moderate,1,1,0
4626,45,Male,30.8,135.0,180.0,134.0,0,Low,3,4,0
4627,18,Female,21.6,111.0,140.0,69.0,0,Low,2,1,0
4628,31,Female,22.4,133.0,209.0,77.0,0,Moderate,3,0,0
4629,72,Male,28.3,145.0,131.0,121.0,1,Low,0,0,0
4630,43,Male,22.2,137.0,146.0,93.0,0,Low,1,2,1
4631,28,Female,,124.0,144.0,91.0,0,Low,1,2,0
4632,38,Male,35.6,138.0,170.0,114.0,0,Low,2,0,0
4633,37,Female,27.2,127.0,238.0,140.0,1,Low,0,0,1
4634,30,Female,20.8,91.0,214.0,130.0,0,Moderate,1,0,0
4635,25,Male,29.7,104.0,187.0,120.0,1,Moderate,1,0,0
4636,73,Female,26.5,130.0,209.0,95.0,0,Moderate,1,0,0
4637,77,Male,26.7,133.0,208.0,118.0,0,Moderate,4,2,0
4638,53,Male,30.1,132.0,249.0,87.0,0,Low,1,4,0
4639,62,Female,31.3,116.0,,141.0,0,High,1,0,0
4640,84,Male,27.7,169.0,241.0,131.0,1,High,1,4,1
4641,78,Male,27.2,133.0,190.0,156.0,0,High,2,2,1
4642,20,Male,38.8,114.0,199.0,101.0,0,Low,1,1,0
4643,86,Female,34.1,127.0,232.0,91.0,0,High,0,0,0
4644,22,Male,32.1,99.0,209.0,126.0,0,Moderate,0,1,0
4645,19,Male,28.2,112.0,240.0,100.0,0,Moderate,1,0,0
4646,47,Male,22.0,124.0,141.0,124.0,0,High,2,0,0
4647,71,Female,33.7,131.0,244.0,149.0,0,Low,1,0,1
4648,23,Female,28.3,142.0,179.0,151.0,1,Moderate,1,1,0
4649,39,Female,24.3,119.0,172.0,,0,Low,1,0,0
4650,36,Female,26.2,119.0,265.0,127.0,0,Low,0,2,0
4651,46,Female,22.2,137.0,220.0,85.0,0,High,0,3,0
4652,88,Male,33.3,136.0,198.0,119.0,1,Moderate,1,2,0
4653,41,Male,31.3,130.0,227.0,110.0,0,Moderate,1,1,0
4654,33,Female,28.5,99.0,185.0,104.0,0,Low,1,0,0
4655,26,Male,27.3,96.0,167.0,153.0,0,High,0,2,0
4656,32,Male,23.8,121.0,163.0,66.0,0,Moderate,0,0,0
4657,27,Male,,113.0,195.0,89.0,0,Low,0,1,0
4658,59,Male,19.7,115.0,176.0,96.0,1,Low,1,0,0
4659,48,Female,23.4,126.0,200.0,117.0,0,Low,0,1,0
4660,53,Male,22.6,129.0,230.0,,0,High,0,2,0
4661,77,Female,29.1,123.0,213.0,100.0,0,Low,2,2,0
4662,59,Male,,120.0,275.0,97.0,0,Low,0,1,1
4663,29,Male,26.8,121.0,185.0,60.0,0,Moderate,1,0,0
4664,45,Female,35.2,107.0,244.0,147.0,0,Low,0,1,0
4665,40,Male,23.2,112.0,227.0,61.0,1,Moderate,0,0,0
4666,77,Male,26.8,143.0,266.0,63.0,0,High,1,3,0
4667,40,Male,27.2,121.0,265.0,130.0,1,High,0,0,0
4668,27,Female,33.5,109.0,117.0,105.0,0,High,1,1,0
4669,70,Female,28.1,118.0,215.0,99.0,0,Moderate,0,1,1
4670,48,Male,28.2,108.0,190.0,99.0,1,High,3,2,0
4671,24,Female,18.4,114.0,186.0,121.0,0,Low,0,1,0
4672,67,Female,22.6,163.0,188.0,84.0,1,Low,2,4,0
4673,33,Male,33.5,128.0,166.0,130.0,0,High,0,0,0
4674,80,Female,16.1,114.0,168.0,60.0,0,High,1,0,0
4675,77,Female,34.9,146.0,212.0,125.0,0,Moderate,1,0,1
4676,44,Male,30.2,111.0,227.0,133.0,0,Low,1,0,0
4677,58,Male,23.4,128.0,180.0,136.0,0,Low,0,1,1
4678,58,Male,22.9,118.0,187.0,60.0,0,Moderate,1,0,0
4679,65,Female,37.9,163.0,176.0,113.0,1,High,1,0,0
4680,22,Female,35.3,97.0,143.0,158.0,1,Moderate,0,0,0
4681,41,Male,26.8,127.0,182.0,129.0,1,Moderate,0,1,0
4682,30,Female,,107.0,198.0,102.0,0,Low,0,0,0
4683,68,Male,23.9,143.0,252.0,101.0,1,Moderate,1,0,0
4684,22,Male,28.2,120.0,136.0,114.0,0,Moderate,0,1,0
4685,55,Female,23.8,147.0,196.0,91.0,0,Low,0,1,1
4686,70,Female,27.1,143.0,250.0,119.0,0,Low,1,1,0
4687,86,Male,37.5,127.0,168.0,132.0,0,Low,1,1,1
4688,38,Male,27.0,167.0,237.0,76.0,0,Moderate,1,0,1
4689,18,Male,21.7,123.0,162.0,85.0,1,Low,0,2,0
4690,70,Male,20.0,123.0,232.0,83.0,0,Moderate,0,0,0
4691,18,Female,28.2,117.0,171.0,100.0,1,Low,0,1,1
4692,22,Female,23.3,125.0,198.0,107.0,1,High,0,0,0
4693,89,Male,28.9,148.0,276.0,112.0,0,High,0,1,0
4694,80,Male,18.6,143.0,205.0,75.0,0,Moderate,0,1,0
4695,68,Female,31.3,147.0,242.0,146.0,0,Low,1,3,0
4696,78,Male,21.7,149.0,219.0,98.0,0,Low,3,4,0
4697,23,Female,,102.0,152.0,144.0,0,Low,1,1,0
4698,24,Male,25.6,150.0,176.0,140.0,0,Moderate,2,0,0
4699,39,Male,37.0,153.0,182.0,91.0,1,Low,0,0,0
4700,19,Male,28.4,127.0,126.0,94.0,0,Moderate,2,0,0
4701,81,Male,38.2,136.0,228.0,110.0,0,High,1,3,0
4702,22,Male,30.6,116.0,206.0,118.0,1,Low,2,0,1
4703,57,Female,35.3,122.0,229.0,136.0,0,High,0,0,0
4704,79,Male,26.4,132.0,264.0,108.0,1,Moderate,1,2,1
4705,70,Female,29.4,97.0,241.0,94.0,0,Low,1,1,1
4706,34,Female,34.2,144.0,164.0,158.0,0,Low,0,2,0
4707,51,Female,32.5,144.0,,101.0,1,Low,1,2,1
4708,57,Female,30.4,101.0,230.0,129.0,0,Moderate,0,0,0
4709,73,Male,25.7,147.0,221.0,102.0,0,Low,1,3,1
4710,48,Male,26.6,124.0,193.0,103.0,0,Moderate,0,0,0
4711,38,Female,33.8,118.0,156.0,132.0,1,Moderate,0,0,0
4712,75,Male,34.9,142.0,187.0,156.0,0,Moderate,0,0,1
4713,81,Female,24.2,108.0,233.0,109.0,0,Low,2,3,1
4714,53,Female,23.4,126.0,122.0,87.0,0,High,0,1,0
4715,20,Male,22.5,116.0,100.0,137.0,0,Low,1,0,0
4716,54,Male,32.1,128.0,223.0,125.0,0,Moderate,1,0,1
4717,82,Male,22.4,114.0,191.0,103.0,0,Moderate,2,1,0
4718,89,Male,32.0,146.0,232.0,139.0,0,High,1,1,0
4719,46,Male,30.5,141.0,,118.0,0,Moderate,0,0,0
4720,28,Female,24.5,124.0,,165.0,0,High,0,0,0
4721,59,Female,36.1,124.0,136.0,118.0,0,Low,0,0,0
4722,77,Male,19.5,177.0,,124.0,0,Moderate,2,0,0
4723,86,Female,36.6,123.0,187.0,130.0,1,Moderate,2,1,1
4724,21,Female,29.3,127.0,180.0,120.0,0,High,1,0,0
4725,38,Female,16.1,125.0,209.0,80.0,0,Moderate,0,1,0
4726,52,Female,36.3,158.0,208.0,109.0,0,Moderate,1,0,0
4727,25,Male,32.8,122.0,184.0,126.0,1,High,0,1,1
4728,81,Female,25.1,145.0,251.0,80.0,1,Moderate,4,1,1
4729,26,Male,22.2,125.0,208.0,83.0,0,Moderate,0,2,1
4730,65,Male,18.9,113.0,,94.0,0,Moderate,1,0,0
4731,84,Male,40.8,123.0,236.0,157.0,0,Low,1,1,1
4732,67,Male,22.4,127.0,145.0,101.0,1,Moderate,0,0,0
4733,72,Female,20.6,148.0,,98.0,0,Moderate,0,2,0
4734,36,Male,29.0,124.0,189.0,80.0,0,Moderate,1,1,0
4735,77,Female,18.5,131.0,163.0,137.0,0,High,1,5,0
4736,48,Female,22.1,146.0,178.0,127.0,0,Moderate,2,1,0
4737,22,Male,33.0,85.0,220.0,145.0,0,Moderate,1,0,0
4738,44,Female,30.1,102.0,,72.0,0,Low,1,0,0
4739,43,Female,25.4,85.0,207.0,112.0,0,High,1,1,0
4740,55,Female,27.6,146.0,231.0,81.0,0,High,1,1,1
4741,37,Male,25.1,119.0,,122.0,0,Moderate,1,0,0
4742,51,Male,27.2,141.0,163.0,114.0,0,Low,1,0,0
4743,48,Male,,123.0,192.0,113.0,0,Moderate,0,0,0
4744,41,Female,24.3,138.0,137.0,83.0,1,Low,0,0,0
4745,68,Female,24.1,129.0,,74.0,0,Low,1,1,1
4746,39,Female,23.5,128.0,147.0,83.0,0,Low,2,1,0
4747,73,Male,33.2,137.0,205.0,122.0,0,Low,3,1,0
4748,36,Female,31.7,126.0,140.0,105.0,0,High,2,1,0
4749,80,Male,22.4,162.0,213.0,105.0,1,Moderate,1,3,1
4750,44,Female,20.9,97.0,235.0,70.0,0,Moderate,0,1,0
4751,20,Female,26.6,113.0,225.0,104.0,0,Moderate,0,0,0
4752,28,Male,39.4,120.0,137.0,159.0,0,Low,2,1,0
4753,76,Male,21.8,135.0,183.0,106.0,0,High,2,1,0
4754,80,Male,26.6,129.0,,115.0,1,Moderate,2,0,1
4755,33,Female,28.0,110.0,213.0,117.0,0,Low,0,1,0
4756,61,Female,26.9,153.0,177.0,92.0,0,Moderate,1,2,0
4757,59,Male,25.0,127.0,181.0,145.0,0,Moderate,0,0,0
4758,27,Male,33.9,156.0,187.0,124.0,0,Moderate,2,0,0
4759,50,Male,30.0,133.0,125.0,114.0,0,Low,0,0,0
4760,67,Male,32.2,126.0,223.0,130.0,0,Moderate,1,2,0
4761,87,Female,30.7,147.0,255.0,135.0,0,Low,1,1,0
4762,79,Male,32.4,137.0,195.0,80.0,1,High,3,3,0
4763,25,Female,36.2,138.0,129.0,119.0,0,Moderate,2,0,0
4764,35,Male,34.8,101.0,241.0,174.0,0,Moderate,0,1,0
4765,49,Female,,96.0,203.0,167.0,1,Moderate,0,1,0
4766,28,Female,34.2,123.0,211.0,112.0,1,High,3,0,0
4767,59,Male,23.8,142.0,149.0,119.0,0,Low,1,2,0
4768,18,Male,32.2,118.0,129.0,104.0,1,Moderate,0,1,0
4769,26,Female,31.4,127.0,199.0,120.0,0,Moderate,1,0,0
4770,21,Male,38.1,123.0,220.0,109.0,1,Moderate,1,0,0
4771,39,Male,22.2,97.0,147.0,86.0,0,Moderate,1,2,0
4772,72,Female,30.6,137.0,202.0,95.0,1,High,2,1,0
4773,30,Male,23.8,139.0,125.0,144.0,1,Moderate,1,2,1
4774,89,Female,30.3,141.0,188.0,97.0,0,High,0,0,0
4775,37,Female,26.3,99.0,179.0,134.0,0,Moderate,1,0,0
4776,21,Male,30.1,110.0,199.0,,0,Moderate,0,0,0
4777,42,Male,19.7,131.0,111.0,81.0,0,Moderate,2,2,0
4778,71,Male,31.9,161.0,256.0,122.0,0,Moderate,0,4,1
4779,25,Male,28.6,85.0,176.0,73.0,0,High,1,1,0
4780,23,Male,28.3,121.0,231.0,124.0,0,Moderate,1,0,0
4781,79,Female,38.2,120.0,,117.0,0,Moderate,4,0,1
4782,60,Male,25.4,137.0,232.0,88.0,0,Moderate,0,3,0
4783,42,Male,29.4,132.0,268.0,88.0,0,Low,0,2,0
4784,72,Male,28.1,129.0,176.0,158.0,0,Low,1,2,0
4785,78,Male,28.6,145.0,214.0,106.0,0,Low,0,4,0
4786,43,Male,39.7,141.0,154.0,121.0,0,Moderate,0,3,0
4787,58,Male,27.9,125.0,195.0,129.0,0,High,2,0,0
4788,18,Female,24.4,92.0,206.0,79.0,0,Low,0,3,0
4789,40,Female,37.8,144.0,233.0,150.0,0,Moderate,0,0,1
4790,60,Female,25.8,142.0,185.0,102.0,0,High,1,2,0
4791,32,Female,18.7,128.0,140.0,60.0,1,Low,2,0,0
4792,89,Female,23.4,128.0,217.0,86.0,1,Low,2,4,1
4793,87,Male,20.6,154.0,,68.0,0,Low,1,3,1
4794,36,Male,17.6,153.0,166.0,94.0,0,Moderate,0,1,0
4795,46,Female,25.5,122.0,219.0,82.0,0,Moderate,0,0,0
4796,31,Male,27.1,120.0,,82.0,0,Moderate,4,1,0
4797,54,Female,34.0,109.0,229.0,122.0,1,High,0,0,0
4798,26,Female,31.0,105.0,170.0,112.0,0,Moderate,0,0,0
4799,46,Male,30.7,106.0,231.0,142.0,0,Low,2,1,0
4800,57,Female,22.6,130.0,199.0,129.0,1,High,0,2,0
4801,62,Female,32.4,124.0,190.0,114.0,0,Low,0,1,1
4802,60,Female,35.2,134.0,158.0,129.0,0,Moderate,0,0,0
4803,33,Male,29.7,105.0,,72.0,1,Moderate,2,0,0
4804,75,Male,29.8,131.0,148.0,127.0,0,Low,0,3,0
4805,67,Male,20.5,116.0,212.0,107.0,1,Low,1,1,0
4806,72,Male,33.3,136.0,172.0,139.0,0,High,2,2,0
4807,51,Female,37.3,99.0,133.0,111.0,0,Low,1,2,1
4808,82,Female,29.3,139.0,195.0,100.0,0,High,0,3,0
4809,46,Male,24.2,119.0,204.0,94.0,0,Moderate,1,4,1
4810,76,Female,26.6,137.0,224.0,142.0,0,Moderate,3,2,1
4811,32,Female,25.2,92.0,185.0,110.0,0,Moderate,0,2,0
4812,35,Male,25.5,130.0,185.0,64.0,0,High,1,0,0
4813,55,Male,31.1,122.0,177.0,127.0,0,Low,1,1,1
4814,58,Female,29.0,131.0,223.0,96.0,1,Moderate,1,2,0
4815,71,Female,33.0,102.0,199.0,142.0,1,High,0,4,0
4816,39,Female,29.5,101.0,187.0,123.0,0,Low,0,1,0
4817,80,Female,22.7,129.0,249.0,131.0,0,Moderate,3,6,1
4818,41,Female,24.7,144.0,221.0,129.0,0,High,0,1,0
4819,56,Female,24.4,136.0,191.0,126.0,0,High,0,0,0
4820,85,Male,26.5,139.0,200.0,134.0,0,High,1,2,1
4821,56,Female,37.4,112.0,185.0,141.0,0,Low,3,1,1
4822,67,Female,38.3,113.0,127.0,103.0,0,Moderate,0,1,0
4823,83,Male,32.1,141.0,253.0,82.0,0,Moderate,2,2,1
4824,88,Female,28.2,150.0,188.0,85.0,0,Low,1,3,0
4825,53,Female,20.0,129.0,229.0,114.0,0,Moderate,0,6,1
4826,48,Male,28.7,152.0,196.0,60.0,0,High,0,1,0
4827,32,Male,23.2,108.0,239.0,99.0,0,Moderate,0,3,0
4828,56,Female,36.5,130.0,218.0,111.0,0,Moderate,0,0,1
4829,84,Female,18.7,110.0,247.0,125.0,0,Moderate,0,4,0
4830,53,Female,29.6,129.0,174.0,,1,Low,3,2,0
4831,43,Male,22.7,146.0,143.0,89.0,0,Moderate,1,0,0
4832,25,Female,27.4,100.0,188.0,,0,Moderate,1,0,0
4833,46,Male,31.2,137.0,120.0,108.0,1,Moderate,1,0,0
4834,35,Male,33.1,143.0,170.0,107.0,0,Moderate,1,0,0
4835,88,Male,27.2,127.0,169.0,93.0,0,Moderate,1,1,0
4836,55,Female,31.7,134.0,166.0,119.0,0,Low,0,1,0
4837,27,Female,23.9,142.0,206.0,92.0,0,Moderate,0,0,0
4838,22,Male,28.9,119.0,201.0,99.0,0,High,0,0,0
4839,79,Male,33.0,148.0,203.0,151.0,0,Low,1,1,1
4840,85,Male,29.3,109.0,225.0,109.0,0,Moderate,0,2,1
4841,72,Male,24.6,142.0,185.0,90.0,0,Moderate,0,2,0
4842,26,Male,26.0,125.0,275.0,78.0,0,Moderate,1,0,0
4843,25,Female,33.1,95.0,,119.0,1,High,1,0,0
4844,32,Male,21.5,103.0,164.0,83.0,0,High,1,1,0
4845,72,Male,22.3,142.0,239.0,89.0,0,High,2,1,0
4846,73,Male,30.8,128.0,254.0,88.0,0,Moderate,1,1,0
4847,78,Female,25.1,153.0,180.0,107.0,1,Low,1,3,1
4848,24,Male,19.5,121.0,,61.0,0,Moderate,1,0,0
4849,29,Male,34.9,119.0,138.0,127.0,0,Moderate,1,1,0
4850,82,Female,21.5,133.0,186.0,83.0,0,Low,2,4,0
4851,84,Male,26.4,142.0,210.0,123.0,1,High,0,3,0
4852,70,Male,24.1,145.0,143.0,114.0,0,High,3,3,1
4853,25,Female,25.9,125.0,167.0,106.0,0,Moderate,1,1,0
4854,22,Female,22.6,108.0,173.0,121.0,0,Moderate,0,2,0
4855,22,Female,31.4,135.0,193.0,152.0,0,Moderate,2,0,0
4856,67,Male,28.1,141.0,227.0,140.0,1,High,2,2,0
4857,78,Male,32.9,141.0,224.0,79.0,1,Moderate,0,5,1
4858,63,Female,24.1,131.0,270.0,85.0,0,Low,0,2,1
4859,36,Female,39.2,128.0,230.0,110.0,0,High,0,1,0
4860,72,Female,17.0,103.0,214.0,108.0,0,High,2,3,0
4861,22,Female,18.8,119.0,,80.0,0,Low,0,2,0
4862,77,Female,37.1,161.0,183.0,105.0,0,Moderate,1,1,0
4863,82,Female,30.1,140.0,157.0,90.0,0,Moderate,1,3,0
4864,69,Female,29.4,133.0,210.0,116.0,0,High,3,3,0
4865,81,Female,29.9,126.0,223.0,126.0,0,Moderate,1,4,1
4866,60,Female,30.6,136.0,234.0,79.0,0,Moderate,0,1,0
4867,51,Female,29.1,122.0,206.0,95.0,0,Moderate,0,2,1
4868,41,Male,22.2,143.0,231.0,60.0,1,High,2,0,0
4869,84,Female,32.0,123.0,253.0,60.0,0,Low,1,2,0
4870,68,Male,31.1,124.0,165.0,123.0,0,Moderate,4,2,1
4871,31,Male,35.4,109.0,166.0,125.0,0,Low,0,1,0
4872,86,Male,37.2,167.0,213.0,124.0,1,Low,1,1,1
4873,22,Female,29.3,112.0,154.0,149.0,1,Moderate,0,0,0
4874,60,Male,20.7,120.0,191.0,60.0,0,Moderate,1,1,0
4875,31,Male,37.2,85.0,197.0,65.0,0,High,2,1,0
4876,65,Male,21.9,116.0,198.0,69.0,0,Moderate,2,4,0
4877,47,Male,29.4,132.0,194.0,60.0,0,High,2,0,0
4878,49,Male,26.1,133.0,159.0,88.0,0,Moderate,0,0,0
4879,66,Male,25.1,120.0,222.0,117.0,0,Low,0,2,1
4880,72,Female,,123.0,222.0,119.0,1,Moderate,2,2,1
4881,45,Male,28.8,153.0,164.0,134.0,0,Low,1,0,0
4882,89,Female,30.3,182.0,165.0,119.0,0,Moderate,0,1,0
4883,53,Female,23.0,144.0,243.0,89.0,0,Moderate,1,1,0
4884,29,Female,,143.0,251.0,91.0,0,Low,1,0,0
4885,18,Female,23.3,142.0,188.0,111.0,1,Moderate,1,0,0
4886,32,Female,26.4,154.0,172.0,64.0,0,Moderate,0,1,0
4887,67,Female,26.8,126.0,243.0,60.0,0,Moderate,0,4,0
4888,56,Male,37.6,113.0,216.0,130.0,0,Low,0,3,0
4889,42,Female,26.1,152.0,183.0,110.0,0,High,0,1,0
4890,52,Male,15.8,110.0,233.0,130.0,0,High,2,1,0
4891,78,Female,35.2,118.0,178.0,135.0,0,Low,2,4,1
4892,59,Female,30.0,112.0,173.0,117.0,0,Moderate,1,3,0
4893,22,Female,26.8,113.0,195.0,97.0,1,Low,1,0,0
4894,21,Female,25.1,85.0,185.0,81.0,0,High,1,0,0
4895,52,Male,22.3,103.0,220.0,91.0,0,Moderate,0,0,0
4896,47,Male,38.2,114.0,239.0,146.0,1,Moderate,3,0,0
4897,79,Female,27.8,116.0,151.0,118.0,1,Low,1,2,0
4898,59,Male,17.9,145.0,201.0,117.0,0,Low,0,1,0
4899,72,Male,29.3,133.0,278.0,111.0,0,High,1,1,0
4900,60,Male,34.1,138.0,177.0,92.0,0,Moderate,1,1,0
4901,42,Female,28.4,130.0,164.0,137.0,1,Low,0,2,0
4902,65,Male,22.5,127.0,117.0,127.0,1,Moderate,0,0,0
4903,62,Female,22.0,145.0,205.0,103.0,0,Moderate,1,3,0
4904,69,Male,22.5,139.0,227.0,113.0,1,Low,1,1,0
4905,31,Male,35.9,113.0,207.0,130.0,0,Moderate,0,1,0
4906,64,Male,27.1,103.0,163.0,93.0,0,Low,1,0,1
4907,38,Male,18.3,129.0,189.0,86.0,1,Moderate,1,1,0
4908,74,Female,29.6,113.0,215.0,85.0,0,High,1,4,0
4909,75,Female,28.3,140.0,209.0,100.0,0,Moderate,0,0,1
4910,62,Female,25.0,130.0,159.0,129.0,0,High,0,0,0
4911,86,Male,21.9,116.0,216.0,120.0,1,Low,1,2,0
4912,56,Female,21.6,131.0,167.0,112.0,0,High,1,1,0
4913,19,Female,33.5,117.0,108.0,139.0,0,Moderate,2,1,0
4914,61,Female,28.9,132.0,226.0,98.0,0,Low,3,3,1
4915,73,Female,30.1,135.0,212.0,79.0,0,Moderate,1,2,1
4916,25,Female,28.8,106.0,205.0,103.0,0,Low,0,1,1
4917,25,Female,29.3,126.0,162.0,106.0,0,High,0,2,0
4918,37,Male,24.9,109.0,212.0,120.0,0,High,0,1,0
4919,78,Male,26.4,118.0,,117.0,0,Low,1,1,0
4920,55,Female,33.9,138.0,264.0,141.0,1,Moderate,0,1,1
4921,88,Female,35.3,153.0,245.0,64.0,0,Low,1,2,0
4922,80,Male,20.8,145.0,225.0,76.0,0,Low,1,3,0
4923,57,Male,26.4,124.0,146.0,,0,Low,0,1,0
4924,66,Female,32.1,100.0,199.0,125.0,1,Moderate,0,1,0
4925,41,Female,37.9,146.0,136.0,175.0,0,Moderate,0,1,0
4926,24,Male,37.3,85.0,151.0,94.0,0,High,0,0,0
4927,46,Female,23.1,133.0,267.0,81.0,0,Moderate,2,0,0
4928,60,Female,34.5,162.0,161.0,104.0,0,Low,0,0,1
4929,31,Female,27.8,121.0,100.0,87.0,0,Moderate,0,0,0
4930,33,Female,33.2,124.0,217.0,91.0,0,Low,0,0,0
4931,19,Male,31.8,120.0,154.0,,1,Moderate,1,2,0
4932,70,Male,20.5,135.0,234.0,121.0,1,Moderate,0,1,0
4933,82,Female,30.5,174.0,167.0,113.0,1,Low,1,0,1
4934,77,Male,33.0,121.0,192.0,91.0,0,Low,1,1,0
4935,45,Male,27.4,108.0,238.0,100.0,0,Low,0,0,0
4936,60,Male,26.1,123.0,150.0,77.0,0,Low,0,2,0
4937,87,Female,18.9,166.0,207.0,119.0,1,Moderate,0,0,0
4938,60,Female,31.3,119.0,211.0,149.0,0,Moderate,1,0,1
4939,39,Male,28.6,128.0,162.0,66.0,0,Moderate,0,0,0
4940,42,Female,22.4,139.0,200.0,105.0,0,Moderate,1,0,0
4941,70,Male,25.7,144.0,206.0,83.0,0,Low,1,0,0
4942,50,Male,28.3,141.0,215.0,108.0,0,Low,3,0,0
4943,78,Female,24.4,157.0,279.0,99.0,1,High,1,0,0
4944,80,Female,27.5,140.0,312.0,71.0,0,Moderate,5,2,1
4945,20,Male,17.9,107.0,198.0,124.0,0,Low,1,0,0
4946,70,Male,34.9,134.0,201.0,112.0,0,Moderate,3,2,0
4947,44,Female,27.6,117.0,,94.0,0,Low,1,0,0
4948,55,Male,21.5,167.0,189.0,100.0,0,Moderate,1,1,0
4949,37,Male,15.0,112.0,128.0,66.0,0,Low,2,1,0
4950,44,Male,33.2,131.0,190.0,109.0,0,Low,1,0,0
4951,41,Male,30.6,98.0,232.0,62.0,0,Moderate,2,0,0
4952,21,Female,28.7,117.0,125.0,60.0,1,Moderate,2,1,0
4953,74,Male,32.3,129.0,170.0,87.0,0,Moderate,0,1,0
4954,28,Male,32.2,128.0,162.0,98.0,0,High,0,1,0
4955,45,Male,28.6,134.0,207.0,,0,Low,1,0,0
4956,31,Male,26.1,141.0,276.0,91.0,1,Moderate,1,2,0
4957,29,Male,25.2,139.0,154.0,89.0,0,High,0,0,0
4958,44,Male,29.8,122.0,195.0,107.0,0,Moderate,0,0,1
4959,84,Male,35.2,122.0,,132.0,1,Moderate,2,1,1
4960,85,Female,26.9,124.0,201.0,149.0,0,Moderate,1,3,1
4961,45,Female,35.6,128.0,191.0,128.0,1,Low,0,0,0
4962,54,Female,29.6,129.0,179.0,83.0,1,High,0,0,0
4963,88,Male,29.6,142.0,318.0,126.0,0,Low,0,3,1
4964,34,Female,40.7,111.0,215.0,161.0,0,Moderate,0,1,0
4965,86,Male,36.6,161.0,196.0,89.0,1,Moderate,2,1,0
4966,25,Female,36.7,93.0,227.0,,0,Moderate,0,0,0
4967,34,Male,23.1,110.0,197.0,63.0,0,Moderate,0,2,0
4968,42,Female,39.6,105.0,193.0,108.0,0,Moderate,0,0,0
4969,20,Male,27.0,111.0,173.0,115.0,0,Moderate,0,2,0
4970,76,Male,26.2,154.0,198.0,142.0,0,Moderate,3,3,1
4971,79,Male,15.6,131.0,163.0,112.0,1,Moderate,0,0,0
4972,45,Female,29.3,125.0,129.0,118.0,0,Low,1,0,0
4973,78,Male,21.5,145.0,223.0,98.0,0,Moderate,1,1,1
4974,73,Male,29.7,128.0,199.0,119.0,0,High,1,3,0
4975,75,Female,21.1,140.0,241.0,108.0,0,Low,1,1,1
4976,75,Male,37.4,138.0,174.0,153.0,1,Low,3,1,1
4977,59,Male,30.5,110.0,158.0,109.0,0,High,1,1,0
4978,25,Male,40.0,109.0,212.0,130.0,0,Moderate,0,0,0
4979,84,Male,21.9,143.0,201.0,87.0,0,Moderate,0,2,1
4980,61,Male,36.0,149.0,233.0,121.0,1,Moderate,0,1,1
4981,82,Male,17.6,157.0,212.0,85.0,0,Moderate,0,2,0
4982,87,Female,28.6,171.0,285.0,76.0,1,Low,0,1,1
4983,31,Male,24.0,126.0,214.0,124.0,0,Moderate,1,1,0
4984,46,Female,,117.0,209.0,141.0,1,Moderate,0,0,0
4985,31,Male,24.7,117.0,216.0,101.0,0,Moderate,0,1,0
4986,21,Female,22.5,113.0,170.0,107.0,1,Moderate,0,1,0
4987,87,Male,20.6,131.0,151.0,118.0,1,High,2,1,0
4988,84,Male,,143.0,226.0,99.0,0,High,2,2,1
4989,85,Male,28.1,144.0,286.0,111.0,0,Low,3,1,1
4990,81,Female,33.9,117.0,123.0,109.0,1,Low,2,3,1
4991,64,Female,29.1,147.0,220.0,94.0,0,Low,0,1,0
4992,55,Female,33.9,97.0,139.0,128.0,0,High,1,0,0
4993,89,Female,19.4,135.0,214.0,108.0,0,Low,3,1,1
4994,57,Male,25.1,146.0,202.0,126.0,0,Moderate,0,2,0
4995,64,Female,31.4,140.0,230.0,111.0,0,Moderate,1,2,1
4996,33,Female,29.4,113.0,194.0,77.0,0,Moderate,1,2,0
4997,71,Female,22.8,164.0,258.0,128.0,0,Moderate,4,1,1
4998,77,Female,32.6,127.0,253.0,94.0,1,Low,2,2,1
4999,66,Male,24.6,99.0,196.0,82.0,0,Moderate,3,4,1
5000,53,Male,23.2,133.0,238.0,86.0,0,Low,1,4,0
5001,32,Male,30.2,90.0,174.0,64.0,0,Low,0,1,0
5002,20,Female,27.5,101.0,162.0,100.0,0,Low,0,1,0
5003,63,Female,24.6,140.0,156.0,118.0,0,High,1,0,0
5004,67,Female,24.4,124.0,253.0,90.0,0,Low,3,1,1
5005,73,Female,21.6,142.0,195.0,132.0,1,Low,3,0,0
5006,86,Male,25.3,119.0,121.0,136.0,0,Low,0,2,0
5007,53,Male,33.6,140.0,217.0,137.0,0,Low,0,1,1
5008,77,Male,28.8,107.0,192.0,,0,Low,0,2,1
5009,69,Female,32.8,153.0,193.0,150.0,1,Moderate,3,0,1
5010,37,Female,30.3,113.0,180.0,103.0,0,Moderate,1,3,0
5011,78,Female,24.1,159.0,196.0,145.0,1,Moderate,0,1,1
5012,21,Female,18.4,101.0,284.0,77.0,0,High,1,1,0
5013,61,Male,22.4,160.0,264.0,95.0,1,Low,1,2,1
5014,85,Female,23.8,122.0,239.0,103.0,0,Moderate,3,3,1
5015,65,Female,23.4,102.0,212.0,76.0,0,Moderate,1,1,0
5016,85,Female,32.9,138.0,255.0,71.0,0,Moderate,0,0,0
5017,22,Female,32.8,135.0,190.0,60.0,0,Low,0,0,0
5018,56,Female,39.7,140.0,229.0,200.0,0,Moderate,1,2,1
5019,74,Male,23.3,152.0,228.0,60.0,1,Low,3,3,1
5020,64,Female,36.3,143.0,207.0,75.0,0,Moderate,0,5,0
5021,81,Male,36.3,123.0,246.0,133.0,0,Moderate,1,0,1
5022,51,Female,26.2,138.0,180.0,67.0,0,Low,1,0,0
5023,67,Female,30.1,132.0,206.0,67.0,0,High,2,6,0
5024,48,Female,34.3,113.0,157.0,60.0,0,High,0,2,0
5025,80,Male,27.2,138.0,177.0,113.0,0,Moderate,1,1,1
5026,26,Male,26.7,116.0,,77.0,0,High,1,2,0
5027,36,Female,24.0,143.0,205.0,118.0,0,Moderate,1,1,0
5028,24,Female,15.0,108.0,210.0,86.0,0,Low,0,1,0
5029,68,Male,27.9,122.0,245.0,108.0,0,High,2,1,0
5030,34,Female,23.6,108.0,145.0,88.0,0,Low,2,0,0
5031,40,Female,21.6,152.0,207.0,90.0,0,Low,1,1,0
5032,78,Female,29.8,125.0,209.0,86.0,0,Low,2,1,0
5033,43,Male,19.5,143.0,220.0,74.0,0,Moderate,0,1,0
5034,28,Female,31.9,101.0,159.0,83.0,1,Low,2,1,0
5035,19,Male,30.2,122.0,167.0,149.0,0,Moderate,0,0,0
5036,34,Female,25.3,124.0,128.0,92.0,0,High,1,0,0
5037,83,Female,27.2,156.0,184.0,60.0,1,High,2,6,1
5038,57,Male,21.0,145.0,199.0,103.0,0,High,0,3,0
5039,89,Female,31.6,140.0,221.0,91.0,0,Low,1,5,1
5040,33,Male,28.5,110.0,122.0,106.0,0,Moderate,3,0,0
5041,43,Female,28.9,149.0,172.0,101.0,0,High,2,0,0
5042,29,Male,30.3,107.0,191.0,148.0,0,Low,0,0,1
5043,46,Female,24.0,87.0,247.0,91.0,0,High,1,0,0
5044,58,Male,19.1,98.0,167.0,115.0,0,Moderate,1,0,0
5045,76,Male,32.8,108.0,227.0,132.0,0,High,2,2,1
5046,44,Male,31.3,132.0,171.0,75.0,0,Low,1,1,1
5047,73,Female,24.6,168.0,,107.0,0,Low,2,0,0
5048,63,Male,29.8,97.0,168.0,89.0,0,High,2,1,0
5049,39,Male,34.4,109.0,150.0,84.0,0,Low,1,0,0
5050,83,Male,33.8,138.0,193.0,83.0,0,High,2,1,0
5051,49,Male,24.4,149.0,234.0,123.0,0,Low,2,3,0
5052,28,Male,19.3,105.0,155.0,163.0,1,Low,2,0,0
5053,87,Female,20.3,147.0,179.0,75.0,0,Moderate,2,1,0
5054,83,Female,25.8,133.0,219.0,109.0,0,High,1,1,0
5055,21,Female,35.5,157.0,181.0,125.0,1,Moderate,0,0,0
5056,82,Female,23.5,139.0,208.0,86.0,1,Moderate,1,4,1
5057,86,Female,24.2,143.0,223.0,138.0,1,Low,3,2,1
5058,77,Male,24.1,136.0,170.0,158.0,0,Low,2,0,1
5059,36,Female,24.6,113.0,154.0,86.0,0,Moderate,0,0,0
5060,63,Male,27.4,145.0,239.0,151.0,1,Moderate,0,5,1
5061,56,Female,20.5,109.0,192.0,82.0,0,High,1,2,0
5062,62,Male,33.5,97.0,224.0,89.0,0,Low,0,1,0
5063,62,Female,26.7,127.0,248.0,101.0,0,Low,0,4,0
5064,64,Male,41.1,143.0,234.0,147.0,0,Moderate,1,2,0
5065,55,Male,21.0,117.0,145.0,94.0,0,Moderate,0,0,0
5066,67,Male,36.2,134.0,199.0,137.0,0,Moderate,0,0,0
5067,55,Female,35.2,107.0,237.0,122.0,0,Low,0,0,0
5068,19,Male,25.2,131.0,199.0,138.0,0,High,0,1,0
5069,20,Male,25.3,125.0,187.0,116.0,1,Moderate,0,1,0
5070,86,Male,22.4,138.0,151.0,138.0,0,Moderate,0,2,1
5071,83,Female,22.5,139.0,188.0,76.0,1,Low,1,1,1
5072,60,Female,27.5,106.0,203.0,100.0,0,Low,1,0,0
5073,30,Female,27.6,96.0,131.0,106.0,1,Low,0,1,0
5074,74,Female,18.7,131.0,,71.0,1,Moderate,0,3,0
5075,28,Male,40.1,126.0,180.0,97.0,0,Moderate,0,0,0
5076,45,Female,26.1,132.0,117.0,114.0,0,Low,0,2,0
5077,41,Male,27.9,116.0,169.0,124.0,0,Moderate,3,2,0
5078,18,Male,24.1,126.0,168.0,104.0,0,Moderate,0,2,0
5079,76,Male,26.0,157.0,203.0,131.0,0,Low,1,3,1
5080,54,Male,25.5,125.0,,74.0,0,Low,0,1,0
5081,40,Male,27.5,126.0,212.0,96.0,1,Moderate,0,2,0
5082,54,Female,27.4,123.0,145.0,75.0,0,Low,0,2,0
5083,18,Female,31.9,112.0,122.0,115.0,0,Low,0,0,0
5084,49,Male,28.7,127.0,184.0,120.0,1,Moderate,0,0,0
5085,55,Male,31.4,154.0,202.0,146.0,0,Low,1,2,1
5086,42,Female,27.4,137.0,229.0,75.0,1,Moderate,0,0,0
5087,77,Male,28.8,148.0,274.0,117.0,0,Moderate,0,4,0
5088,35,Female,,112.0,255.0,141.0,0,Low,0,1,1
5089,27,Male,33.0,103.0,167.0,87.0,0,Low,0,2,0
5090,55,Female,29.3,133.0,233.0,76.0,0,Low,1,1,0
5091,81,Female,26.6,156.0,227.0,66.0,0,High,0,2,0
5092,45,Male,26.5,151.0,151.0,121.0,0,Low,1,0,0
5093,21,Male,26.9,85.0,109.0,86.0,0,Moderate,0,0,0
5094,87,Female,27.7,177.0,219.0,118.0,1,High,0,3,0
5095,49,Male,27.2,131.0,138.0,100.0,0,Low,0,1,0
5096,30,Male,24.4,133.0,153.0,148.0,0,Low,0,1,0
5097,62,Male,31.7,101.0,175.0,132.0,0,High,1,1,0
5098,41,Male,32.1,118.0,199.0,91.0,0,Moderate,0,0,0
5099,85,Female,37.3,150.0,261.0,,0,Low,2,1,0
5100,39,Male,24.2,102.0,190.0,122.0,0,Low,0,0,0
5101,57,Male,31.2,85.0,178.0,83.0,1,High,0,4,0
5102,57,Female,17.0,133.0,120.0,122.0,0,Low,1,0,0
5103,35,Female,,119.0,205.0,106.0,0,Moderate,0,1,0
5104,53,Female,19.5,149.0,198.0,116.0,0,Low,1,1,0
5105,25,Female,22.1,114.0,162.0,93.0,0,Low,1,1,0
5106,64,Male,29.3,129.0,246.0,95.0,1,Low,3,4,1
5107,72,Female,24.1,144.0,161.0,83.0,0,Low,3,1,0
5108,86,Male,23.3,154.0,187.0,145.0,0,Moderate,1,1,1
5109,41,Female,24.8,111.0,181.0,94.0,0,Moderate,0,2,0
5110,38,Female,31.5,136.0,,191.0,0,Low,1,0,0
5111,57,Female,22.4,119.0,219.0,103.0,1,Low,0,5,0
5112,67,Female,27.2,131.0,221.0,83.0,0,Moderate,2,2,0
5113,89,Male,25.4,149.0,254.0,62.0,0,Moderate,1,1,1
5114,19,Male,32.0,128.0,199.0,144.0,0,Moderate,2,2,0
5115,35,Female,32.2,125.0,183.0,107.0,1,Low,0,2,0
5116,36,Male,17.4,103.0,175.0,113.0,0,Moderate,1,1,0
5117,36,Female,33.2,90.0,205.0,174.0,0,Moderate,2,0,0
5118,51,Female,24.1,122.0,188.0,118.0,0,Low,0,0,0
5119,80,Male,28.8,151.0,212.0,116.0,0,Moderate,0,1,0
5120,20,Female,22.3,122.0,199.0,130.0,0,Low,0,0,0
5121,76,Female,29.5,138.0,213.0,129.0,1,Low,1,1,0
5122,62,Female,41.5,129.0,213.0,92.0,0,Moderate,0,0,1
5123,62,Male,28.2,134.0,171.0,141.0,0,Low,0,0,0
5124,66,Male,25.0,115.0,254.0,101.0,0,High,1,0,0
5125,26,Male,26.2,129.0,141.0,144.0,0,Low,0,0,0
5126,71,Male,19.4,146.0,222.0,108.0,0,Low,1,1,0
5127,35,Male,35.5,114.0,169.0,148.0,0,Low,0,1,0
5128,55,Male,29.2,134.0,239.0,102.0,0,High,0,1,0
5129,66,Male,21.7,103.0,237.0,60.0,0,High,2,0,1
5130,61,Male,21.9,132.0,200.0,113.0,0,High,0,0,0
5131,41,Female,27.6,120.0,250.0,131.0,0,High,0,3,0
5132,46,Female,32.6,144.0,186.0,98.0,0,High,0,0,1
5133,52,Female,21.2,123.0,230.0,92.0,0,High,0,1,0
5134,20,Male,33.6,128.0,152.0,60.0,1,Moderate,0,1,0
5135,70,Female,27.0,126.0,220.0,101.0,0,Moderate,1,2,0
5136,25,Female,22.4,85.0,147.0,66.0,0,Low,0,0,0
5137,51,Male,24.9,122.0,196.0,116.0,0,High,0,2,0
5138,65,Female,37.1,133.0,201.0,128.0,0,Low,1,3,0
5139,23,Male,19.9,118.0,215.0,95.0,0,Moderate,0,0,0
5140,89,Female,23.5,141.0,189.0,134.0,0,Low,3,0,1
5141,45,Male,32.7,115.0,309.0,119.0,1,Moderate,0,3,1
5142,19,Female,28.7,109.0,127.0,112.0,0,High,1,1,0
5143,65,Male,23.1,112.0,211.0,108.0,0,Moderate,1,1,0
5144,58,Female,32.8,96.0,210.0,98.0,0,High,1,3,0
5145,64,Female,33.1,128.0,222.0,139.0,0,Low,0,1,0
5146,72,Male,29.3,121.0,186.0,84.0,0,Moderate,3,4,1
5147,52,Male,24.1,143.0,,112.0,1,High,0,0,1
5148,77,Male,25.0,100.0,187.0,134.0,0,Moderate,0,1,0
5149,44,Male,29.1,128.0,263.0,81.0,0,Moderate,0,2,1
5150,57,Male,20.3,161.0,174.0,61.0,0,Moderate,0,1,1
5151,29,Female,34.8,115.0,179.0,89.0,1,Moderate,0,1,0
5152,62,Female,36.9,129.0,176.0,166.0,0,Low,0,2,0
5153,36,Female,26.2,127.0,158.0,88.0,0,Low,1,0,0
5154,68,Female,29.5,139.0,151.0,77.0,1,Low,0,3,0
5155,75,Female,34.0,127.0,233.0,124.0,0,Moderate,2,1,1
5156,79,Male,38.3,119.0,184.0,60.0,0,Low,2,1,1
5157,84,Female,36.1,147.0,182.0,93.0,0,High,1,1,0
5158,26,Male,,86.0,146.0,129.0,1,Moderate,2,0,0
5159,27,Female,25.8,130.0,195.0,78.0,0,High,0,2,0
5160,84,Male,30.3,131.0,213.0,103.0,0,Moderate,3,1,1
5161,45,Male,24.8,123.0,193.0,110.0,0,High,1,3,0
5162,19,Male,37.3,106.0,151.0,127.0,0,Low,0,0,0
5163,38,Female,36.5,144.0,206.0,104.0,0,Moderate,1,0,0
5164,78,Female,23.0,139.0,184.0,114.0,0,Low,2,0,1
5165,43,Female,26.6,117.0,194.0,142.0,1,Low,0,1,0
5166,23,Male,23.4,110.0,176.0,72.0,0,Low,0,1,0
5167,69,Female,26.4,129.0,140.0,92.0,0,Moderate,1,3,0
5168,32,Female,26.3,157.0,263.0,101.0,0,Moderate,1,0,0
5169,43,Male,32.7,101.0,213.0,131.0,0,Low,0,0,1
5170,18,Female,,131.0,186.0,100.0,0,High,1,1,0
5171,61,Female,15.0,138.0,213.0,85.0,1,High,0,1,0
5172,50,Male,18.7,150.0,273.0,60.0,0,High,2,1,0
5173,80,Male,21.8,146.0,253.0,68.0,0,Moderate,1,1,0
5174,42,Male,23.9,122.0,204.0,106.0,1,Moderate,2,1,1
5175,32,Female,28.5,135.0,159.0,94.0,0,Moderate,1,0,0
5176,29,Female,21.6,121.0,164.0,89.0,0,Moderate,2,2,1
5177,32,Female,20.8,131.0,117.0,95.0,0,Low,0,3,0
5178,50,Female,22.4,148.0,181.0,159.0,0,High,2,1,0
5179,24,Male,21.4,117.0,207.0,84.0,0,Moderate,1,1,0
5180,46,Male,24.5,117.0,217.0,138.0,0,Moderate,0,0,0
5181,79,Male,24.2,125.0,233.0,135.0,0,Low,3,3,1
5182,73,Male,31.3,140.0,187.0,132.0,0,Moderate,1,1,0
5183,63,Female,22.1,115.0,222.0,76.0,0,Low,0,3,0
5184,82,Female,25.5,131.0,,106.0,0,High,1,1,0
5185,74,Female,24.5,118.0,,91.0,1,Moderate,4,1,0
5186,64,Female,31.9,138.0,214.0,164.0,1,Moderate,2,0,1
5187,80,Male,26.7,123.0,289.0,115.0,0,Moderate,1,2,0
5188,26,Female,33.3,96.0,172.0,108.0,0,High,3,1,0
5189,76,Male,21.2,116.0,112.0,143.0,0,Low,2,1,0
5190,39,Female,27.2,112.0,159.0,96.0,0,Moderate,0,1,0
5191,70,Female,24.3,124.0,136.0,116.0,0,Moderate,0,3,0
5192,83,Female,20.8,141.0,187.0,115.0,0,High,3,0,1
5193,53,Female,27.1,123.0,150.0,114.0,0,Low,0,4,0
5194,24,Male,37.0,122.0,217.0,116.0,0,Low,1,2,0
5195,44,Female,22.8,130.0,222.0,121.0,1,Low,1,0,0
5196,47,Female,26.8,136.0,207.0,88.0,0,High,0,0,0
5197,85,Female,20.3,107.0,259.0,125.0,0,Low,1,0,0
5198,85,Male,19.5,119.0,191.0,87.0,0,Low,2,0,0
5199,58,Male,23.2,137.0,202.0,134.0,0,High,0,1,0
5200,86,Female,25.0,141.0,296.0,129.0,0,High,2,1,1
5201,49,Male,25.3,140.0,217.0,117.0,0,Moderate,1,2,0
5202,47,Female,26.3,99.0,216.0,102.0,0,Low,0,1,0
5203,78,Male,18.4,127.0,180.0,122.0,0,Moderate,0,1,0
5204,66,Female,24.1,126.0,187.0,116.0,0,Low,3,2,0
5205,55,Male,30.3,129.0,159.0,60.0,0,Low,0,3,0
5206,50,Female,20.0,126.0,259.0,74.0,0,Moderate,0,1,0
5207,68,Male,,139.0,145.0,107.0,0,High,1,2,0
5208,72,Female,29.1,131.0,241.0,115.0,0,Low,0,3,1
5209,53,Male,23.2,148.0,219.0,118.0,1,Moderate,0,2,0
5210,20,Female,29.4,142.0,119.0,149.0,1,Low,0,0,0
5211,25,Male,19.1,98.0,226.0,109.0,0,Low,0,0,0
5212,28,Female,32.4,118.0,174.0,60.0,0,Low,0,0,0
5213,51,Female,,138.0,145.0,114.0,0,Low,0,0,0
5214,62,Female,27.8,139.0,215.0,138.0,0,Low,0,1,0
5215,75,Male,33.7,127.0,176.0,117.0,0,Low,3,2,0
5216,34,Male,25.7,123.0,179.0,108.0,1,Low,0,0,0
5217,74,Male,24.1,108.0,188.0,88.0,0,Moderate,2,4,0
5218,65,Male,35.0,130.0,169.0,141.0,1,Low,1,1,0
5219,21,Female,,91.0,135.0,111.0,0,Low,0,0,0
5220,43,Female,23.7,131.0,222.0,116.0,0,Moderate,1,2,0
5221,39,Male,26.9,103.0,,116.0,0,Moderate,0,4,0
5222,81,Female,33.2,138.0,220.0,115.0,0,Moderate,0,3,0
5223,84,Male,27.1,142.0,198.0,118.0,0,High,2,4,1
5224,76,Female,30.8,135.0,210.0,116.0,0,Low,1,1,0
5225,56,Male,31.8,117.0,170.0,145.0,1,Moderate,0,1,0
5226,53,Female,24.4,123.0,168.0,119.0,0,Moderate,0,1,0
5227,40,Male,29.8,140.0,,136.0,0,Low,0,0,0
5228,73,Male,27.5,126.0,240.0,86.0,0,Low,2,1,0
5229,24,Male,20.8,116.0,161.0,75.0,1,Low,0,1,0
5230,37,Male,22.1,112.0,132.0,100.0,0,Moderate,1,2,0
5231,27,Female,23.9,133.0,119.0,120.0,0,Low,0,0,0
5232,53,Female,32.6,127.0,172.0,127.0,0,High,0,0,0
5233,39,Male,32.8,109.0,194.0,94.0,1,Low,0,2,0
5234,32,Male,31.6,119.0,190.0,132.0,1,Moderate,0,1,0
5235,45,Female,29.9,119.0,198.0,93.0,1,Moderate,0,0,0
5236,79,Female,29.8,157.0,222.0,126.0,0,High,0,1,1
5237,58,Male,29.0,127.0,160.0,115.0,1,Low,1,3,0
5238,77,Female,29.7,112.0,266.0,103.0,0,Low,2,2,1
5239,83,Female,30.1,145.0,204.0,95.0,0,Moderate,1,0,0
5240,82,Female,,165.0,222.0,98.0,1,Low,4,1,1
5241,43,Female,23.2,142.0,167.0,,0,Moderate,0,3,0
5242,81,Male,21.8,118.0,222.0,71.0,1,Low,2,0,0
5243,83,Male,33.6,132.0,290.0,130.0,0,High,2,1,1
5244,87,Female,36.6,137.0,176.0,149.0,1,High,0,1,0
5245,43,Male,15.6,122.0,149.0,111.0,0,Low,0,1,0
5246,34,Male,36.1,125.0,154.0,126.0,0,Moderate,0,0,0
5247,60,Female,28.0,123.0,187.0,95.0,0,Low,3,2,0
5248,85,Male,33.1,123.0,193.0,117.0,0,High,3,2,0
5249,82,Female,30.3,151.0,171.0,106.0,0,Low,1,1,1
5250,59,Male,35.4,110.0,198.0,120.0,0,Low,0,1,0
5251,28,Male,28.7,104.0,243.0,132.0,1,High,1,1,0
5252,48,Male,20.0,106.0,188.0,92.0,1,Low,1,2,0
5253,69,Male,26.9,141.0,201.0,60.0,0,High,0,1,0
5254,58,Female,30.3,130.0,212.0,130.0,0,Moderate,0,2,0
5255,42,Female,26.3,136.0,216.0,114.0,0,Moderate,0,2,0
5256,42,Female,31.1,110.0,243.0,115.0,0,Low,0,2,0
5257,22,Female,27.1,95.0,190.0,75.0,0,Moderate,1,1,0
5258,38,Male,24.2,114.0,189.0,79.0,1,Moderate,1,0,0
5259,66,Male,21.5,128.0,165.0,79.0,0,Moderate,2,1,0
5260,35,Female,25.3,123.0,216.0,87.0,0,Moderate,1,0,0
5261,89,Male,28.6,112.0,182.0,94.0,0,Moderate,0,2,0
5262,23,Female,16.7,123.0,148.0,60.0,1,Moderate,0,0,0
5263,60,Female,23.2,114.0,207.0,156.0,0,Moderate,1,1,0
5264,53,Female,16.5,116.0,255.0,129.0,0,Moderate,1,2,0
5265,77,Female,24.1,153.0,236.0,108.0,0,High,1,3,1
5266,81,Female,34.1,101.0,209.0,114.0,0,Moderate,2,0,0
5267,57,Female,21.0,133.0,161.0,144.0,0,Low,2,2,0
5268,63,Female,31.4,135.0,259.0,,0,High,1,0,0
5269,68,Male,43.2,118.0,202.0,108.0,0,High,0,0,0
5270,55,Male,35.5,120.0,186.0,123.0,0,High,2,2,0
5271,31,Female,28.2,138.0,207.0,102.0,1,Low,0,0,1
5272,48,Male,32.2,156.0,177.0,105.0,0,Low,0,0,0
5273,35,Female,20.0,137.0,159.0,91.0,1,Low,0,1,0
5274,51,Male,18.8,156.0,171.0,91.0,0,High,2,1,0
5275,62,Female,27.7,118.0,176.0,111.0,0,Moderate,2,4,0
5276,33,Female,29.7,94.0,144.0,114.0,0,Low,1,0,0
5277,35,Female,33.5,119.0,140.0,151.0,0,Low,1,0,0
5278,77,Female,24.4,147.0,245.0,80.0,0,High,2,1,0
5279,45,Male,28.6,94.0,218.0,132.0,0,Low,0,0,0
5280,32,Male,28.4,104.0,155.0,79.0,0,Moderate,0,0,0
5281,69,Male,26.8,119.0,238.0,111.0,1,Low,0,2,1
5282,69,Male,27.1,137.0,216.0,132.0,1,Low,0,2,0
5283,77,Female,22.8,138.0,196.0,114.0,1,Moderate,2,4,1
5284,72,Female,29.0,120.0,159.0,100.0,0,Low,2,0,0
5285,89,Male,28.6,142.0,227.0,115.0,0,Low,1,6,1
5286,59,Male,25.1,110.0,270.0,145.0,0,Moderate,0,2,0
5287,38,Female,31.2,114.0,190.0,95.0,1,Low,3,0,1
5288,80,Female,33.2,115.0,248.0,128.0,0,High,1,1,0
5289,37,Female,31.2,118.0,180.0,136.0,0,Moderate,0,0,0
5290,38,Female,21.8,108.0,224.0,88.0,0,Low,2,0,0
5291,77,Male,28.0,145.0,203.0,152.0,0,Low,1,1,1
5292,81,Male,22.5,135.0,119.0,153.0,0,Moderate,0,3,0
5293,42,Male,28.0,119.0,164.0,135.0,0,Moderate,0,1,0
5294,70,Male,22.5,160.0,210.0,127.0,0,Moderate,1,2,0
5295,84,Male,34.5,143.0,253.0,71.0,1,Moderate,1,1,1
5296,75,Male,31.8,128.0,202.0,77.0,0,Moderate,1,3,0
5297,18,Female,33.8,104.0,180.0,112.0,0,Low,0,1,0
5298,65,Male,33.3,111.0,180.0,97.0,0,Low,0,1,0
5299,30,Female,26.0,117.0,244.0,120.0,0,Low,1,0,0
5300,78,Female,25.2,140.0,266.0,60.0,0,Low,1,1,1
5301,22,Female,37.1,85.0,155.0,135.0,0,Moderate,0,0,0
5302,89,Female,26.6,117.0,157.0,100.0,0,Low,3,2,0
5303,30,Female,20.0,110.0,116.0,81.0,0,Low,1,1,0
5304,48,Male,33.0,107.0,217.0,163.0,1,Low,1,0,0
5305,34,Male,28.3,120.0,192.0,99.0,0,High,1,1,0
5306,76,Female,35.8,137.0,178.0,75.0,1,Low,1,3,1
5307,46,Female,28.8,122.0,203.0,119.0,0,Moderate,2,1,0
5308,71,Male,27.4,141.0,159.0,115.0,0,High,1,0,1
5309,22,Male,35.9,106.0,211.0,113.0,0,High,0,0,0
5310,50,Male,19.0,124.0,180.0,155.0,0,High,0,2,0
5311,83,Male,24.3,120.0,170.0,107.0,0,Moderate,2,2,0
5312,84,Female,22.6,141.0,198.0,125.0,0,Low,2,0,1
5313,33,Male,15.4,120.0,171.0,97.0,0,Moderate,2,1,0
5314,46,Female,32.3,104.0,207.0,145.0,0,Moderate,0,1,0
5315,47,Female,24.4,121.0,238.0,93.0,0,Moderate,0,0,0
5316,58,Female,32.5,127.0,241.0,85.0,1,Moderate,1,0,0
5317,56,Male,29.6,132.0,204.0,129.0,0,Low,0,1,1
5318,25,Male,30.8,121.0,175.0,118.0,0,Low,1,2,0
5319,72,Male,25.0,121.0,184.0,123.0,0,Moderate,0,0,0
5320,34,Female,23.3,132.0,120.0,84.0,0,High,0,2,0
5321,40,Female,28.0,130.0,189.0,119.0,0,Moderate,1,0,0
5322,78,Male,32.6,123.0,177.0,71.0,1,Low,4,0,1
5323,67,Male,27.2,113.0,250.0,93.0,0,High,0,1,1
5324,46,Female,23.6,113.0,185.0,82.0,0,Moderate,0,0,0
5325,83,Female,20.9,113.0,240.0,109.0,0,High,2,2,0
5326,46,Female,28.6,127.0,175.0,95.0,0,High,0,2,0
5327,58,Female,24.5,147.0,173.0,66.0,0,Moderate,0,2,0
5328,35,Female,27.1,142.0,210.0,90.0,0,High,1,0,0
5329,31,Male,26.2,101.0,196.0,119.0,0,Moderate,1,0,0
5330,53,Male,25.1,139.0,209.0,106.0,1,High,1,2,0
5331,58,Female,29.1,129.0,195.0,89.0,1,Low,2,2,1
5332,76,Male,30.5,96.0,238.0,132.0,0,High,1,3,1
5333,46,Female,38.3,118.0,218.0,162.0,0,Moderate,1,0,1
5334,82,Female,31.7,129.0,128.0,135.0,0,Low,1,4,0
5335,61,Male,36.3,148.0,191.0,60.0,1,Moderate,0,0,0
5336,23,Male,23.0,102.0,220.0,106.0,0,Low,0,0,0
5337,71,Male,,141.0,167.0,90.0,0,Moderate,1,2,0
5338,59,Female,27.4,126.0,135.0,60.0,1,Moderate,0,1,0
5339,46,Female,32.2,100.0,188.0,79.0,0,Low,0,0,0
5340,51,Female,31.4,117.0,215.0,132.0,1,Moderate,0,1,0
5341,39,Female,34.2,146.0,172.0,120.0,1,Moderate,0,1,0
5342,62,Female,15.0,126.0,250.0,90.0,0,High,2,2,0
5343,58,Male,34.4,142.0,269.0,98.0,1,High,0,1,1
5344,50,Male,29.3,139.0,122.0,136.0,0,Low,0,0,0
5345,38,Female,19.0,114.0,174.0,62.0,0,Low,0,0,0
5346,46,Female,31.5,103.0,106.0,88.0,1,Low,1,0,0
5347,53,Female,28.4,108.0,222.0,99.0,0,Moderate,2,0,0
5348,51,Male,29.6,149.0,170.0,69.0,1,Low,1,2,0
5349,40,Male,33.0,124.0,172.0,90.0,1,Moderate,1,2,0
5350,59,Male,29.9,100.0,243.0,137.0,1,High,1,0,0
5351,34,Male,19.4,133.0,137.0,72.0,1,Moderate,2,1,0
5352,54,Female,26.7,98.0,137.0,125.0,1,Moderate,0,0,0
5353,26,Male,18.6,103.0,100.0,110.0,0,Low,0,0,0
5354,51,Male,31.1,127.0,244.0,106.0,0,Low,0,1,1
5355,74,Female,35.2,174.0,,80.0,0,Low,0,1,1
5356,76,Female,20.7,147.0,197.0,98.0,0,Low,2,1,0
5357,68,Male,23.8,124.0,156.0,60.0,1,Moderate,3,3,0
5358,71,Female,22.6,133.0,237.0,85.0,0,High,3,1,0
5359,22,Female,25.0,130.0,286.0,109.0,0,High,1,1,0
5360,42,Female,,145.0,182.0,132.0,0,High,1,1,0
5361,65,Male,25.1,126.0,157.0,98.0,1,Low,0,1,0
5362,75,Female,31.1,130.0,255.0,95.0,0,Low,4,2,0
5363,59,Female,33.4,115.0,156.0,96.0,1,Low,0,1,0
5364,79,Female,33.6,146.0,196.0,102.0,0,Low,2,4,1
5365,37,Female,21.4,137.0,100.0,113.0,0,Low,1,1,0
5366,29,Male,35.1,87.0,173.0,125.0,0,Moderate,0,1,0
5367,24,Female,35.6,110.0,133.0,116.0,1,Moderate,0,0,0
5368,59,Female,36.0,109.0,247.0,134.0,0,High,0,4,1
5369,65,Female,26.6,133.0,165.0,104.0,0,Low,0,1,0
5370,38,Male,23.4,101.0,219.0,65.0,0,Moderate,0,1,0
5371,74,Female,22.1,112.0,203.0,69.0,0,Moderate,1,2,0
5372,71,Female,21.4,150.0,210.0,113.0,0,Moderate,1,1,0
5373,43,Female,27.6,120.0,211.0,70.0,0,Moderate,1,3,0
5374,35,Male,32.2,119.0,185.0,102.0,0,Low,0,0,0
5375,71,Male,34.7,139.0,181.0,113.0,0,Moderate,1,1,0
5376,66,Female,24.8,146.0,172.0,75.0,0,Low,0,0,0
5377,30,Female,27.3,111.0,204.0,62.0,0,Low,1,1,0
5378,36,Male,26.9,114.0,116.0,74.0,1,Low,1,0,0
5379,52,Male,24.0,119.0,260.0,60.0,0,Moderate,1,0,0
5380,54,Male,31.5,144.0,202.0,127.0,1,High,1,2,0
5381,29,Male,29.5,117.0,172.0,119.0,0,Low,0,1,0
5382,86,Male,28.3,133.0,223.0,87.0,0,Moderate,2,1,1
5383,45,Male,29.5,130.0,170.0,73.0,0,Low,0,1,0
5384,45,Male,30.9,153.0,186.0,141.0,0,Low,1,0,0
5385,22,Female,30.8,116.0,138.0,,0,Moderate,0,0,0
5386,81,Male,22.9,132.0,225.0,83.0,0,High,0,3,0
5387,34,Female,32.4,150.0,184.0,143.0,0,Low,1,0,0
5388,89,Male,28.9,160.0,222.0,111.0,0,Low,1,3,1
5389,53,Male,25.1,145.0,253.0,111.0,0,High,0,0,0
5390,80,Male,28.8,127.0,179.0,80.0,0,Moderate,0,3,0
5391,30,Male,29.4,108.0,180.0,69.0,0,Low,2,0,0
5392,29,Female,33.4,88.0,122.0,73.0,0,Low,1,2,0
5393,75,Male,21.7,149.0,228.0,152.0,0,High,2,0,0
5394,77,Male,34.8,136.0,208.0,94.0,0,High,1,0,0
5395,57,Female,,99.0,199.0,108.0,0,Moderate,0,2,0
5396,20,Female,24.7,134.0,174.0,114.0,0,Low,0,1,0
5397,85,Male,24.5,132.0,,101.0,0,Moderate,2,2,0
5398,46,Male,22.0,120.0,288.0,94.0,0,Moderate,0,1,0
5399,85,Male,17.9,113.0,214.0,88.0,0,Low,2,2,0
5400,80,Female,31.2,143.0,221.0,123.0,0,Low,0,3,0
5401,79,Female,38.4,143.0,166.0,94.0,0,Low,1,3,0
5402,67,Male,18.6,130.0,237.0,82.0,1,Low,4,1,1
5403,66,Male,22.3,124.0,198.0,60.0,0,Moderate,4,2,0
5404,56,Female,31.6,169.0,215.0,63.0,0,Moderate,0,1,0
5405,19,Female,27.2,95.0,214.0,72.0,0,High,1,1,0
5406,45,Female,32.1,112.0,189.0,134.0,0,High,0,1,0
5407,70,Female,26.9,143.0,179.0,98.0,0,High,4,1,0
5408,76,Female,24.3,118.0,120.0,119.0,1,Low,1,0,1
5409,58,Male,26.3,110.0,184.0,114.0,1,Moderate,0,0,0
5410,69,Male,15.0,150.0,179.0,95.0,0,Low,1,3,0
5411,19,Female,21.2,124.0,136.0,72.0,0,Moderate,0,0,0
5412,51,Female,32.7,133.0,251.0,115.0,0,Low,0,1,0
5413,54,Male,34.1,129.0,234.0,122.0,0,Moderate,0,0,0
5414,82,Male,35.2,125.0,141.0,174.0,0,Low,2,0,0
5415,40,Female,29.9,117.0,196.0,100.0,0,Moderate,0,1,0
5416,34,Male,15.1,118.0,156.0,107.0,0,Moderate,0,0,0
5417,43,Female,24.0,136.0,205.0,98.0,0,Low,3,0,0
5418,30,Male,34.8,125.0,155.0,98.0,0,High,1,0,0
5419,58,Male,36.4,113.0,179.0,141.0,0,Low,0,2,0
5420,64,Female,35.0,143.0,239.0,165.0,1,Low,1,1,1
5421,75,Male,26.2,107.0,239.0,111.0,0,Moderate,2,2,0
5422,87,Male,20.3,133.0,271.0,78.0,1,Moderate,1,1,0
5423,23,Male,27.3,97.0,173.0,118.0,0,High,0,0,0
5424,35,Female,27.6,106.0,132.0,113.0,0,Moderate,1,1,0
5425,39,Female,36.1,152.0,225.0,,1,Low,0,0,0
5426,35,Male,28.8,96.0,223.0,127.0,0,Moderate,0,3,0
5427,77,Male,27.6,121.0,232.0,82.0,0,High,3,2,1
5428,28,Male,27.9,125.0,156.0,139.0,0,Low,1,0,0
5429,20,Male,29.7,107.0,139.0,129.0,0,Low,2,0,0
5430,79,Male,30.9,138.0,230.0,135.0,1,High,2,0,0
5431,87,Female,23.5,161.0,,112.0,0,High,0,0,0
5432,34,Male,21.7,130.0,175.0,124.0,0,High,2,2,0
5433,41,Male,35.0,114.0,301.0,128.0,0,Low,1,1,0
5434,54,Female,18.5,124.0,278.0,86.0,0,High,0,1,0
5435,55,Male,36.5,135.0,,122.0,1,Low,3,6,1
5436,89,Female,17.0,149.0,189.0,88.0,0,Moderate,1,4,1
5437,47,Female,24.3,124.0,166.0,110.0,0,Low,1,2,0
5438,18,Female,32.8,120.0,206.0,115.0,0,Moderate,2,0,0
5439,48,Male,27.5,130.0,251.0,98.0,0,High,1,0,0
5440,58,Male,20.3,126.0,180.0,91.0,0,Low,1,1,0
5441,55,Male,29.8,117.0,180.0,109.0,0,Low,0,2,0
5442,54,Male,27.9,138.0,200.0,60.0,1,Moderate,0,2,0
5443,84,Female,26.3,142.0,159.0,131.0,0,High,1,4,1
5444,76,Female,24.1,101.0,156.0,110.0,0,Moderate,1,2,0
5445,36,Male,27.3,107.0,143.0,90.0,0,Moderate,0,0,0
5446,43,Male,24.3,115.0,212.0,117.0,0,High,1,2,0
5447,66,Female,40.9,127.0,213.0,111.0,0,Moderate,1,2,1
5448,47,Male,26.2,143.0,237.0,91.0,0,Moderate,1,0,0
5449,48,Female,25.4,176.0,128.0,113.0,0,Moderate,0,1,0
5450,30,Female,24.5,85.0,127.0,139.0,0,Low,0,1,0
5451,36,Female,37.3,125.0,205.0,127.0,0,Low,1,1,0
5452,71,Male,18.5,133.0,172.0,73.0,0,Low,1,2,1
5453,78,Female,,132.0,179.0,99.0,0,Moderate,0,3,0
5454,74,Male,26.2,142.0,245.0,126.0,0,Low,1,2,1
5455,40,Male,19.7,124.0,169.0,105.0,0,Low,1,1,0
5456,27,Male,23.0,111.0,167.0,124.0,0,Low,0,0,0
5457,29,Female,29.2,118.0,175.0,118.0,0,High,1,0,0
5458,46,Female,22.7,133.0,186.0,119.0,0,Low,1,1,0
5459,55,Male,28.9,134.0,224.0,160.0,0,High,1,3,0
5460,82,Male,37.0,139.0,165.0,84.0,0,Low,1,1,0
5461,82,Female,28.4,127.0,204.0,170.0,0,Moderate,1,1,0
5462,18,Female,19.5,159.0,223.0,119.0,0,High,0,2,0
5463,68,Female,22.8,137.0,285.0,167.0,0,Low,2,1,1
5464,39,Male,25.9,133.0,138.0,,0,Moderate,1,1,0
5465,32,Male,25.6,111.0,199.0,113.0,0,Moderate,0,0,0
5466,57,Male,28.3,130.0,191.0,111.0,0,Moderate,1,2,0
5467,20,Female,29.2,117.0,176.0,131.0,0,Low,0,0,0
5468,42,Male,37.0,92.0,161.0,131.0,1,Moderate,0,1,0
5469,57,Male,27.5,116.0,227.0,115.0,0,Low,0,1,0
5470,37,Female,21.2,109.0,215.0,117.0,0,Moderate,0,0,0
5471,60,Female,33.8,119.0,296.0,112.0,0,Low,0,1,0
5472,51,Male,34.4,108.0,145.0,102.0,0,Moderate,1,2,1
5473,75,Female,28.8,134.0,141.0,119.0,0,High,2,2,1
5474,31,Female,26.1,141.0,264.0,90.0,1,Low,0,0,1
5475,22,Male,30.9,117.0,179.0,107.0,0,Moderate,0,1,0
5476,56,Male,26.3,108.0,181.0,,1,High,0,2,0
5477,36,Male,16.2,104.0,195.0,91.0,0,Moderate,0,0,0
5478,68,Male,30.6,125.0,151.0,86.0,0,High,3,2,0
5479,24,Male,32.4,93.0,196.0,112.0,0,Low,0,0,0
5480,59,Male,,133.0,196.0,89.0,0,Low,1,2,1
5481,89,Female,23.5,160.0,255.0,100.0,0,Low,1,1,0
5482,24,Female,28.7,107.0,215.0,131.0,0,High,0,2,0
5483,39,Female,28.9,122.0,225.0,92.0,0,Moderate,1,4,0
5484,78,Male,28.0,128.0,216.0,82.0,0,Low,0,0,0
5485,56,Female,28.1,117.0,259.0,127.0,0,Moderate,1,2,0
5486,30,Female,27.7,121.0,207.0,130.0,0,Low,0,2,1
5487,33,Female,28.7,108.0,166.0,118.0,1,High,0,3,0
5488,73,Female,31.6,120.0,176.0,99.0,0,Low,1,0,0
5489,79,Male,34.2,109.0,183.0,99.0,0,Low,1,0,0
5490,43,Female,23.3,124.0,214.0,91.0,1,Low,2,2,0
5491,52,Female,26.6,143.0,145.0,103.0,0,Moderate,1,3,1
5492,74,Female,25.2,145.0,213.0,60.0,0,Low,1,0,0
5493,30,Male,24.4,142.0,153.0,76.0,0,High,1,1,0
5494,32,Female,18.6,108.0,138.0,126.0,1,High,2,0,0
5495,73,Female,27.6,147.0,,111.0,0,Moderate,0,1,1
5496,31,Female,30.1,101.0,185.0,141.0,1,Moderate,0,3,0
5497,73,Male,26.6,144.0,236.0,131.0,0,Low,0,1,1
5498,53,Male,27.5,152.0,171.0,98.0,0,Low,0,0,1
5499,89,Female,29.8,147.0,136.0,101.0,0,Low,3,0,1
5500,20,Female,35.3,141.0,300.0,142.0,0,Moderate,1,1,0
5501,86,Male,25.2,128.0,255.0,122.0,0,Low,1,1,1
5502,34,Female,21.1,117.0,222.0,122.0,0,Moderate,0,1,0
5503,20,Female,,100.0,242.0,105.0,0,Moderate,0,0,0
5504,70,Male,,133.0,209.0,124.0,0,High,3,1,0
5505,56,Male,21.1,131.0,193.0,90.0,0,Moderate,1,0,0
5506,78,Female,31.1,135.0,261.0,109.0,0,Moderate,2,1,1
5507,25,Female,33.9,109.0,234.0,97.0,1,Low,0,1,0
5508,23,Female,15.0,108.0,205.0,86.0,0,High,2,0,0
5509,58,Female,29.8,133.0,233.0,105.0,0,Low,1,1,0
5510,81,Male,30.8,133.0,163.0,98.0,1,Low,0,1,0
5511,47,Male,26.0,106.0,,124.0,0,Moderate,0,0,1
5512,75,Female,23.9,103.0,272.0,64.0,1,High,0,3,0
5513,83,Female,24.3,127.0,242.0,110.0,0,Low,0,3,1
5514,80,Male,25.7,113.0,154.0,79.0,0,High,1,1,0
5515,54,Female,25.8,113.0,177.0,81.0,0,Moderate,0,1,0
5516,68,Male,24.8,125.0,263.0,82.0,0,Moderate,1,2,0
5517,55,Male,25.6,124.0,215.0,115.0,1,Moderate,0,0,0
5518,66,Male,34.0,120.0,210.0,60.0,0,Moderate,1,2,0
5519,58,Male,20.8,163.0,207.0,101.0,0,High,1,0,0
5520,55,Female,17.9,107.0,194.0,93.0,0,Low,1,1,0
5521,49,Female,34.1,144.0,175.0,90.0,0,Moderate,0,0,0
5522,65,Male,26.4,128.0,171.0,109.0,0,Moderate,0,1,0
5523,72,Female,25.4,122.0,244.0,71.0,0,Moderate,1,0,0
5524,84,Female,26.9,146.0,221.0,104.0,0,High,1,2,0
5525,62,Female,28.7,122.0,228.0,75.0,0,Moderate,0,3,0
5526,25,Male,24.6,103.0,203.0,155.0,0,Low,2,0,0
5527,60,Female,30.3,157.0,254.0,132.0,0,High,0,0,0
5528,40,Male,22.2,86.0,207.0,105.0,0,Low,1,2,0
5529,19,Male,25.8,110.0,211.0,78.0,0,Low,2,0,0
5530,23,Female,15.3,119.0,188.0,81.0,0,Moderate,2,0,0
5531,60,Male,33.9,151.0,,109.0,0,Low,0,0,0
5532,86,Male,26.5,131.0,204.0,111.0,1,High,3,0,1
5533,54,Female,31.2,169.0,219.0,121.0,0,Low,0,5,1
5534,50,Female,30.1,137.0,221.0,115.0,0,Low,2,1,1
5535,24,Male,30.5,85.0,237.0,119.0,0,Moderate,0,1,1
5536,66,Male,27.5,107.0,186.0,101.0,0,Low,0,1,0
5537,21,Male,29.6,119.0,189.0,118.0,0,Moderate,0,1,0
5538,78,Female,22.2,116.0,,82.0,0,Low,1,1,0
5539,76,Female,21.1,143.0,270.0,69.0,0,Moderate,1,0,0
5540,89,Female,26.9,131.0,229.0,153.0,0,Moderate,0,1,1
5541,38,Male,23.8,102.0,204.0,111.0,0,Moderate,0,3,0
5542,29,Male,35.3,102.0,183.0,164.0,0,Low,0,0,0
5543,39,Male,29.6,135.0,181.0,101.0,1,High,1,1,0
5544,75,Male,23.6,101.0,152.0,163.0,0,Low,2,0,0
5545,33,Female,26.0,136.0,139.0,106.0,1,Moderate,1,1,0
5546,81,Male,28.2,153.0,217.0,136.0,0,Low,1,2,1
5547,29,Female,27.1,112.0,187.0,106.0,0,Low,0,1,0
5548,21,Female,,92.0,,,0,Low,0,0,0
5549,33,Male,27.9,128.0,222.0,103.0,1,Low,0,1,1
5550,72,Female,19.9,125.0,210.0,82.0,0,Moderate,1,2,0
5551,61,Female,15.7,105.0,187.0,115.0,0,Moderate,0,0,0
5552,43,Male,25.4,153.0,184.0,103.0,0,Low,2,0,1
5553,65,Male,30.6,116.0,212.0,132.0,0,Low,1,1,0
5554,64,Male,25.5,106.0,188.0,126.0,0,Low,0,1,0
5555,57,Male,34.3,132.0,239.0,152.0,0,Moderate,0,1,0
5556,55,Female,27.2,126.0,197.0,116.0,1,Low,0,1,1
5557,25,Female,35.0,140.0,192.0,77.0,0,Low,1,0,0
5558,36,Male,33.8,114.0,157.0,106.0,0,Moderate,0,1,0
5559,55,Female,33.3,121.0,238.0,,1,Moderate,2,0,0
5560,27,Female,,122.0,238.0,97.0,0,Low,0,0,0
5561,52,Male,27.6,129.0,144.0,140.0,0,Moderate,0,0,0
5562,26,Female,34.2,120.0,198.0,145.0,0,Moderate,1,0,0
5563,74,Male,29.0,138.0,203.0,104.0,0,Moderate,3,2,1
5564,25,Male,30.5,119.0,193.0,173.0,0,Low,1,0,0
5565,24,Male,19.9,109.0,199.0,86.0,0,Moderate,0,0,0
5566,63,Female,38.1,143.0,117.0,114.0,0,High,0,2,0
5567,33,Female,23.1,113.0,215.0,71.0,0,Moderate,0,0,0
5568,43,Male,16.5,135.0,234.0,60.0,0,Low,1,1,0
5569,40,Male,25.6,144.0,237.0,72.0,1,Moderate,1,0,0
5570,33,Male,15.0,108.0,151.0,115.0,1,Moderate,0,0,0
5571,72,Female,21.5,171.0,205.0,117.0,0,High,4,5,1
5572,67,Female,41.6,120.0,183.0,102.0,0,Moderate,1,0,0
5573,35,Male,25.4,108.0,115.0,105.0,1,Moderate,0,2,0
5574,67,Female,19.6,140.0,180.0,116.0,1,Low,1,5,1
5575,69,Female,27.6,139.0,163.0,60.0,1,Moderate,3,1,0
5576,56,Female,22.6,128.0,211.0,145.0,0,Low,0,0,0
5577,59,Female,32.3,141.0,138.0,140.0,0,High,0,0,0
5578,85,Female,22.6,141.0,175.0,120.0,1,Moderate,0,2,0
5579,50,Female,29.0,158.0,175.0,139.0,0,Moderate,0,2,0
5580,45,Male,21.2,122.0,222.0,60.0,0,Moderate,0,2,0
5581,56,Male,41.8,113.0,304.0,120.0,0,Low,0,3,1
5582,78,Female,30.3,126.0,221.0,142.0,0,Low,2,0,1
5583,69,Male,26.7,139.0,165.0,104.0,1,Moderate,1,0,0
5584,23,Female,25.9,123.0,156.0,123.0,0,Moderate,2,1,0
5585,51,Female,24.5,129.0,221.0,139.0,0,High,0,2,0
5586,71,Male,23.3,119.0,154.0,118.0,0,Moderate,1,0,0
5587,34,Female,23.2,137.0,229.0,93.0,0,Low,0,0,0
5588,89,Male,36.7,170.0,225.0,134.0,0,Moderate,1,3,1
5589,76,Female,24.5,135.0,203.0,60.0,1,Moderate,1,1,0
5590,78,Female,15.8,164.0,145.0,102.0,0,Moderate,1,1,0
5591,23,Male,21.1,129.0,216.0,116.0,0,Moderate,0,0,0
5592,59,Female,32.6,164.0,171.0,117.0,0,Moderate,1,3,0
5593,56,Male,26.1,135.0,204.0,134.0,0,High,1,1,0
5594,63,Male,26.8,132.0,196.0,112.0,0,Low,0,1,0
5595,79,Female,33.9,149.0,149.0,118.0,1,High,1,2,0
5596,43,Female,23.2,116.0,183.0,147.0,1,Low,1,0,0
5597,56,Male,31.0,134.0,152.0,86.0,0,High,0,0,0
5598,66,Male,23.8,152.0,178.0,137.0,0,Low,2,2,0
5599,72,Male,30.7,146.0,222.0,144.0,1,Moderate,0,1,0
5600,73,Male,25.3,133.0,233.0,125.0,0,Moderate,2,0,1
5601,42,Female,26.2,125.0,190.0,93.0,0,Low,2,0,0
5602,89,Male,32.0,151.0,,121.0,0,Low,1,1,0
5603,18,Female,31.6,125.0,154.0,91.0,0,Moderate,0,2,0
5604,53,Female,,138.0,,90.0,0,Low,1,0,0
5605,61,Female,24.9,134.0,119.0,105.0,0,Low,0,1,0
5606,22,Male,36.3,102.0,184.0,95.0,0,Moderate,0,0,0
5607,50,Female,30.7,114.0,132.0,104.0,0,Moderate,1,1,0
5608,60,Male,25.3,136.0,,74.0,0,Low,1,3,1
5609,61,Male,23.9,142.0,145.0,118.0,1,Moderate,1,0,0
5610,26,Male,33.1,128.0,137.0,156.0,0,High,1,1,0
5611,37,Female,28.1,110.0,214.0,164.0,0,Moderate,2,1,0
5612,35,Female,26.6,117.0,188.0,78.0,0,Low,0,1,0
5613,64,Female,28.1,111.0,130.0,84.0,0,Moderate,1,0,0
5614,41,Female,29.4,100.0,169.0,107.0,0,Low,1,0,0
5615,59,Female,27.2,129.0,209.0,127.0,0,High,0,2,0
5616,70,Male,34.1,154.0,181.0,113.0,1,Low,0,0,1
5617,75,Male,34.4,135.0,194.0,143.0,0,Moderate,2,1,1
5618,31,Female,30.4,149.0,195.0,127.0,0,Moderate,1,0,0
5619,83,Female,35.1,134.0,213.0,73.0,0,Moderate,1,2,0
5620,29,Male,27.5,118.0,147.0,110.0,0,High,0,2,0
5621,19,Female,31.3,98.0,180.0,82.0,0,Moderate,3,1,0
5622,21,Male,33.0,109.0,170.0,102.0,1,High,0,0,0
5623,32,Female,33.1,100.0,252.0,106.0,0,Moderate,3,0,0
5624,80,Female,32.5,111.0,206.0,135.0,0,High,1,2,0
5625,32,Female,31.0,100.0,191.0,113.0,0,Low,0,0,0
5626,67,Female,38.3,132.0,213.0,112.0,0,High,2,1,0
5627,48,Female,24.5,113.0,182.0,159.0,1,Moderate,1,2,0
5628,20,Male,26.6,107.0,153.0,84.0,0,High,1,2,0
5629,49,Female,26.3,131.0,212.0,114.0,0,Low,1,1,0
5630,20,Female,25.5,90.0,198.0,123.0,1,Moderate,0,0,0
5631,52,Female,16.6,127.0,275.0,98.0,0,Moderate,2,2,0
5632,58,Male,35.1,141.0,227.0,96.0,0,Moderate,1,1,0
5633,55,Male,21.9,142.0,226.0,76.0,1,Moderate,0,0,0
5634,38,Female,28.4,129.0,216.0,126.0,0,High,0,0,0
5635,73,Male,19.7,132.0,180.0,125.0,0,Moderate,1,2,0
5636,60,Female,30.9,119.0,152.0,112.0,0,Moderate,0,1,0
5637,36,Male,23.2,119.0,150.0,68.0,0,High,0,0,0
5638,49,Female,21.3,151.0,221.0,100.0,0,Moderate,1,1,0
5639,25,Female,28.6,121.0,237.0,150.0,1,Moderate,3,1,0
5640,84,Male,23.6,135.0,240.0,77.0,0,Moderate,3,1,0
5641,72,Female,24.3,142.0,200.0,96.0,0,Moderate,0,4,1
5642,38,Female,28.4,122.0,253.0,111.0,0,High,1,1,0
5643,66,Female,31.9,134.0,186.0,143.0,0,Low,3,1,1
5644,66,Female,23.0,127.0,159.0,89.0,0,Low,1,2,0
5645,61,Female,22.0,122.0,210.0,113.0,0,Low,0,1,0
5646,21,Male,27.6,131.0,230.0,145.0,0,Low,0,0,0
5647,81,Male,30.5,105.0,178.0,74.0,0,Low,1,0,1
5648,86,Male,35.5,145.0,148.0,86.0,1,High,2,2,0
5649,88,Female,21.6,131.0,215.0,98.0,0,Low,3,0,1
5650,88,Female,25.8,108.0,243.0,132.0,0,Moderate,0,1,0
5651,84,Female,34.0,121.0,100.0,126.0,1,High,0,0,0
5652,71,Male,38.4,132.0,243.0,152.0,0,High,1,1,1
5653,22,Female,22.0,117.0,129.0,60.0,0,Moderate,0,1,0
5654,51,Female,23.4,137.0,223.0,112.0,0,Low,0,3,0
5655,35,Male,29.6,133.0,112.0,60.0,0,Moderate,0,1,0
5656,33,Male,24.3,94.0,130.0,139.0,0,High,1,1,0
5657,77,Male,23.3,140.0,232.0,134.0,0,High,4,1,1
5658,76,Female,28.8,146.0,254.0,102.0,0,Low,4,0,0
5659,55,Female,36.0,130.0,197.0,60.0,0,High,1,0,0
5660,71,Male,20.3,140.0,297.0,93.0,0,Low,0,3,0
5661,27,Male,35.7,86.0,145.0,149.0,0,High,0,0,0
5662,33,Female,24.3,103.0,147.0,115.0,1,High,0,1,0
5663,79,Male,29.4,157.0,198.0,159.0,1,Low,1,1,1
5664,50,Female,36.2,121.0,182.0,113.0,0,Low,0,0,0
5665,57,Male,29.3,163.0,209.0,164.0,0,Moderate,0,2,0
5666,51,Male,25.9,105.0,167.0,60.0,0,Low,0,2,1
5667,32,Male,31.4,144.0,208.0,94.0,0,High,1,2,0
5668,77,Female,26.5,125.0,229.0,73.0,0,Moderate,3,2,1
5669,72,Male,30.4,146.0,267.0,132.0,0,High,3,1,1
5670,67,Female,26.4,126.0,185.0,76.0,1,Low,3,0,0
5671,43,Male,32.2,124.0,204.0,141.0,0,High,0,1,0
5672,64,Male,19.8,139.0,225.0,116.0,0,Moderate,0,4,0
5673,86,Male,21.9,128.0,213.0,105.0,0,Low,1,1,0
5674,64,Male,19.8,143.0,194.0,,0,Low,0,1,0
5675,53,Male,27.2,122.0,118.0,,1,Low,0,0,1
5676,37,Female,19.1,123.0,192.0,112.0,0,Moderate,1,0,0
5677,55,Male,,85.0,220.0,90.0,0,High,3,1,0
5678,44,Female,21.4,118.0,190.0,120.0,0,High,0,0,0
5679,62,Male,35.6,149.0,171.0,159.0,0,Moderate,1,0,0
5680,21,Male,22.1,126.0,117.0,93.0,0,Moderate,0,2,0
5681,31,Female,20.4,133.0,203.0,133.0,1,High,1,0,0
5682,74,Female,,134.0,208.0,115.0,1,Moderate,2,0,0
5683,45,Male,,150.0,245.0,137.0,0,Moderate,0,0,0
5684,49,Male,26.9,129.0,139.0,73.0,0,Low,0,0,0
5685,57,Female,27.3,117.0,181.0,,0,Low,1,0,0
5686,49,Male,34.6,138.0,144.0,100.0,0,Low,0,0,0
5687,72,Male,32.3,147.0,245.0,150.0,0,High,1,3,0
5688,35,Female,29.8,130.0,235.0,102.0,0,Moderate,1,0,0
5689,72,Female,24.3,126.0,279.0,120.0,0,High,1,1,0
5690,33,Male,30.0,124.0,206.0,110.0,0,Low,0,0,0
5691,44,Male,20.0,145.0,222.0,89.0,1,Low,0,2,0
5692,60,Male,24.1,136.0,217.0,65.0,1,Low,0,0,1
5693,81,Male,35.4,112.0,232.0,70.0,0,Moderate,1,0,1
5694,34,Female,,109.0,189.0,110.0,0,High,0,0,0
5695,60,Female,29.9,118.0,224.0,104.0,1,Low,1,3,0
5696,22,Male,16.9,103.0,,71.0,0,High,0,2,0
5697,23,Male,20.9,85.0,190.0,103.0,0,Low,0,0,0
5698,73,Male,23.8,163.0,207.0,154.0,0,Low,4,1,1
5699,69,Male,26.6,118.0,212.0,146.0,0,Low,0,1,1
5700,45,Female,20.6,110.0,187.0,98.0,1,Low,1,1,0
5701,62,Male,26.1,98.0,210.0,107.0,0,Moderate,0,2,1
5702,45,Female,37.2,137.0,186.0,138.0,0,High,1,0,0
5703,37,Female,29.7,119.0,232.0,117.0,0,High,2,1,0
5704,49,Female,28.7,119.0,234.0,126.0,0,Low,2,2,0
5705,40,Male,21.9,117.0,272.0,107.0,1,Moderate,0,3,0
5706,76,Female,18.5,144.0,207.0,97.0,0,Moderate,0,1,1
5707,47,Female,20.7,116.0,204.0,81.0,1,Low,0,2,0
5708,41,Male,18.3,90.0,200.0,103.0,0,Moderate,0,0,0
5709,56,Male,27.9,106.0,206.0,60.0,1,Low,3,4,1
5710,72,Male,29.6,111.0,249.0,117.0,1,Low,1,0,0
5711,37,Female,22.2,125.0,127.0,60.0,1,High,0,0,0
5712,85,Female,28.3,152.0,230.0,115.0,1,Moderate,1,2,1
5713,51,Male,35.6,149.0,271.0,93.0,0,Moderate,0,0,0
5714,65,Male,38.3,104.0,254.0,155.0,0,Moderate,0,0,0
5715,86,Male,31.7,148.0,260.0,,0,Moderate,1,1,0
5716,49,Male,26.5,115.0,226.0,106.0,0,Moderate,0,2,0
5717,32,Female,31.6,165.0,163.0,123.0,1,Low,0,1,0
5718,71,Female,34.9,154.0,177.0,95.0,0,High,2,3,1
5719,18,Male,16.5,141.0,151.0,121.0,0,Moderate,0,0,0
5720,50,Female,35.7,138.0,152.0,136.0,0,Moderate,1,0,0
5721,88,Female,24.5,144.0,250.0,88.0,0,Moderate,3,1,0
5722,47,Female,24.6,118.0,249.0,75.0,0,High,1,1,0
5723,67,Female,25.5,121.0,220.0,93.0,1,Low,1,1,1
5724,55,Male,29.3,114.0,228.0,105.0,0,High,0,0,0
5725,33,Female,21.4,129.0,198.0,69.0,0,Low,1,0,0
5726,40,Male,25.9,146.0,212.0,92.0,0,Low,1,0,1
5727,55,Female,30.4,121.0,117.0,94.0,1,High,0,1,0
5728,25,Male,28.7,105.0,194.0,102.0,0,Low,1,0,0
5729,47,Male,29.6,100.0,,104.0,1,Moderate,1,1,0
5730,47,Female,25.7,128.0,192.0,116.0,0,Moderate,1,0,0
5731,78,Female,31.3,154.0,218.0,112.0,1,Moderate,2,2,1
5732,26,Male,33.3,137.0,,124.0,0,High,0,0,0
5733,78,Male,33.0,157.0,168.0,120.0,0,Low,1,2,1
5734,47,Male,29.9,131.0,,104.0,0,Low,0,0,0
5735,64,Female,32.7,131.0,147.0,131.0,0,Low,0,3,0
5736,58,Male,32.3,148.0,155.0,60.0,1,High,0,1,0
5737,39,Female,42.2,103.0,151.0,117.0,0,High,3,0,0
5738,85,Female,34.2,130.0,158.0,100.0,0,Low,2,1,1
5739,34,Female,27.0,147.0,207.0,108.0,0,Moderate,1,0,0
5740,20,Female,,97.0,146.0,82.0,0,Moderate,2,0,0
5741,72,Female,26.1,132.0,135.0,118.0,0,High,0,2,0
5742,62,Male,25.7,139.0,186.0,122.0,0,Moderate,1,1,0
5743,82,Female,30.3,138.0,169.0,74.0,0,High,2,1,0
5744,50,Male,23.6,143.0,250.0,106.0,0,Low,0,0,1
5745,19,Female,34.1,139.0,185.0,82.0,0,Moderate,0,0,0
5746,19,Male,19.9,122.0,124.0,108.0,0,Moderate,2,0,0
5747,49,Female,18.5,147.0,,81.0,0,Low,1,0,0
5748,35,Male,26.8,105.0,191.0,84.0,0,Moderate,1,2,0
5749,84,Male,22.9,134.0,203.0,60.0,0,High,3,2,0
5750,26,Female,20.6,155.0,243.0,94.0,0,High,0,0,0
5751,81,Female,24.0,167.0,173.0,71.0,1,Low,3,3,1
5752,33,Male,23.3,99.0,226.0,61.0,0,Moderate,0,0,0
5753,26,Male,27.6,116.0,167.0,111.0,0,Moderate,1,1,0
5754,37,Female,24.1,123.0,188.0,126.0,0,Low,0,2,0
5755,28,Male,24.5,124.0,156.0,112.0,1,Low,1,0,0
5756,46,Female,27.5,144.0,167.0,68.0,0,Low,1,3,0
5757,41,Male,33.1,151.0,174.0,110.0,1,High,2,0,0
5758,56,Female,35.6,128.0,126.0,135.0,0,Moderate,0,0,0
5759,56,Female,28.3,145.0,211.0,103.0,0,Low,0,1,0
5760,18,Female,28.7,124.0,183.0,116.0,0,Moderate,0,0,0
5761,26,Male,26.5,116.0,126.0,93.0,0,Low,0,1,0
5762,29,Male,30.1,90.0,210.0,99.0,0,High,0,1,0
5763,32,Male,29.6,135.0,241.0,91.0,0,Moderate,1,0,0
5764,24,Male,34.8,126.0,157.0,132.0,0,Moderate,1,0,0
5765,40,Male,17.1,128.0,160.0,109.0,0,Moderate,0,1,0
5766,57,Male,26.2,112.0,241.0,89.0,0,Low,0,1,0
5767,40,Female,29.4,153.0,205.0,128.0,0,Moderate,1,1,0
5768,41,Female,27.4,124.0,185.0,68.0,0,Low,0,1,0
5769,51,Male,22.3,107.0,226.0,94.0,0,Low,1,1,0
5770,57,Male,20.4,107.0,209.0,61.0,0,Low,0,0,0
5771,41,Female,31.9,133.0,245.0,82.0,0,Low,0,0,0
5772,33,Male,23.3,130.0,186.0,64.0,0,Moderate,0,0,0
5773,47,Female,17.8,117.0,210.0,75.0,0,Low,1,1,0
5774,19,Male,,122.0,221.0,128.0,0,Low,0,0,0
5775,53,Male,30.0,137.0,103.0,107.0,0,Low,1,0,0
5776,85,Male,26.9,139.0,256.0,90.0,0,Low,2,0,0
5777,46,Male,22.5,112.0,174.0,94.0,0,Low,0,1,0
5778,25,Female,26.9,132.0,201.0,60.0,0,Low,0,2,0
5779,68,Male,,145.0,267.0,130.0,0,High,1,0,0
5780,27,Female,18.6,126.0,172.0,60.0,0,Low,1,0,0
5781,31,Male,18.9,105.0,168.0,75.0,0,Moderate,1,1,0
5782,28,Female,24.0,96.0,182.0,99.0,0,High,0,0,0
5783,81,Male,27.4,137.0,155.0,117.0,1,High,1,2,0
5784,88,Female,24.8,153.0,298.0,108.0,0,Low,0,0,0
5785,59,Male,31.0,145.0,198.0,109.0,0,Low,2,1,0
5786,62,Male,33.5,139.0,264.0,152.0,0,Moderate,1,2,1
5787,64,Female,29.0,123.0,189.0,160.0,0,Moderate,1,1,0
5788,61,Male,30.6,116.0,202.0,,1,Moderate,1,2,0
5789,57,Female,29.0,127.0,234.0,105.0,0,Low,0,0,0
5790,89,Male,27.6,139.0,173.0,102.0,0,High,0,0,0
5791,70,Female,20.4,150.0,201.0,80.0,0,Moderate,0,0,0
5792,24,Female,21.8,108.0,216.0,107.0,0,Low,1,0,0
5793,46,Male,20.1,117.0,185.0,128.0,1,High,0,1,0
5794,88,Female,26.7,171.0,196.0,60.0,1,Moderate,3,1,1
5795,47,Male,28.8,149.0,,103.0,0,High,1,3,0
5796,32,Male,19.5,105.0,239.0,133.0,1,Low,1,1,0
5797,80,Female,27.9,159.0,269.0,116.0,0,Low,0,0,0
5798,62,Female,22.7,111.0,175.0,110.0,0,Low,1,1,0
5799,58,Female,21.6,121.0,177.0,60.0,0,Moderate,0,1,0
5800,48,Male,24.1,119.0,176.0,119.0,1,High,0,0,0
5801,26,Male,21.3,115.0,210.0,123.0,0,High,0,1,1
5802,45,Male,30.8,133.0,147.0,116.0,1,Moderate,0,1,0
5803,49,Female,26.6,126.0,151.0,87.0,1,Moderate,1,1,0
5804,85,Female,,147.0,185.0,124.0,0,Low,4,1,1
5805,40,Female,25.1,115.0,154.0,75.0,1,Low,0,1,1
5806,28,Female,25.3,123.0,218.0,72.0,0,Low,2,0,0
5807,48,Male,37.8,126.0,225.0,141.0,1,Moderate,1,2,1
5808,89,Female,18.6,116.0,196.0,122.0,0,High,1,0,0
5809,52,Female,34.6,133.0,189.0,96.0,0,Moderate,1,0,0
5810,45,Female,36.6,125.0,100.0,88.0,1,Moderate,1,1,0
5811,66,Male,31.7,119.0,186.0,89.0,0,Low,1,3,1
5812,64,Male,25.7,123.0,249.0,108.0,1,Moderate,1,3,0
5813,39,Male,35.3,115.0,170.0,,0,Low,1,3,1
5814,87,Female,25.7,134.0,172.0,137.0,0,High,2,1,0
5815,60,Female,23.6,157.0,252.0,88.0,0,Moderate,1,1,0
5816,22,Female,25.4,149.0,139.0,112.0,0,Low,0,1,0
5817,47,Male,24.4,85.0,252.0,82.0,1,Moderate,0,1,0
5818,84,Female,22.3,145.0,322.0,114.0,0,Low,2,3,0
5819,46,Male,33.6,139.0,189.0,132.0,1,Low,2,1,0
5820,58,Male,23.2,124.0,246.0,60.0,1,Moderate,1,0,0
5821,62,Female,27.3,144.0,138.0,88.0,0,Moderate,1,4,0
5822,68,Female,19.6,158.0,139.0,91.0,1,Low,1,1,0
5823,80,Male,27.7,114.0,180.0,92.0,0,Low,1,2,1
5824,28,Male,21.1,119.0,215.0,119.0,1,Low,0,2,0
5825,55,Female,21.0,158.0,198.0,81.0,1,Low,0,1,0
5826,56,Male,26.9,107.0,191.0,123.0,0,Low,1,1,0
5827,28,Male,33.3,115.0,135.0,126.0,1,Moderate,0,0,0
5828,66,Female,29.9,123.0,198.0,106.0,0,Moderate,3,0,0
5829,26,Female,30.3,133.0,159.0,129.0,0,Moderate,1,0,0
5830,50,Female,26.8,144.0,160.0,65.0,1,High,0,0,0
5831,41,Female,25.7,124.0,152.0,102.0,0,Moderate,0,1,0
5832,29,Female,31.9,118.0,192.0,92.0,0,Moderate,0,2,0
5833,77,Female,24.4,107.0,181.0,99.0,0,Moderate,3,0,0
5834,35,Female,32.1,143.0,187.0,100.0,0,High,0,0,0
5835,36,Female,34.3,114.0,121.0,117.0,0,Moderate,0,0,0
5836,79,Male,22.9,133.0,229.0,100.0,0,Moderate,2,1,1
5837,81,Female,23.7,151.0,220.0,104.0,0,Moderate,0,2,0
5838,20,Female,24.5,118.0,171.0,106.0,0,High,0,2,0
5839,38,Male,19.4,137.0,195.0,109.0,1,Moderate,0,2,0
5840,69,Male,24.9,141.0,240.0,69.0,0,High,1,2,0
5841,74,Female,34.7,137.0,152.0,129.0,1,Low,3,2,1
5842,89,Female,21.7,144.0,217.0,60.0,0,Moderate,3,3,0
5843,57,Female,34.8,109.0,,60.0,1,Moderate,0,0,0
5844,18,Male,25.1,111.0,182.0,154.0,0,Moderate,0,1,0
5845,80,Female,39.1,153.0,200.0,98.0,0,Low,5,1,1
5846,29,Female,23.8,103.0,184.0,89.0,0,High,0,0,0
5847,26,Female,26.7,105.0,215.0,60.0,1,Low,0,1,0
5848,66,Female,22.5,117.0,234.0,87.0,0,Moderate,2,1,0
5849,61,Male,23.7,131.0,242.0,106.0,0,Moderate,1,4,1
5850,22,Female,34.9,138.0,166.0,122.0,1,Moderate,0,2,0
5851,30,Male,30.1,127.0,212.0,78.0,0,High,0,0,0
5852,60,Male,33.2,94.0,219.0,102.0,0,High,0,2,0
5853,36,Male,20.3,130.0,174.0,105.0,0,Moderate,1,2,0
5854,67,Male,31.1,124.0,,117.0,1,Low,2,0,1
5855,47,Female,22.2,132.0,188.0,102.0,0,Low,1,2,0
5856,60,Male,20.1,126.0,253.0,115.0,1,Low,0,0,1
5857,52,Male,28.8,112.0,227.0,105.0,0,Moderate,1,1,0
5858,44,Male,,122.0,179.0,144.0,0,Low,0,1,0
5859,42,Male,27.8,115.0,176.0,98.0,0,Moderate,2,1,0
5860,68,Female,31.4,136.0,,129.0,1,Low,0,1,0
5861,55,Female,32.3,113.0,248.0,131.0,0,Low,0,2,0
5862,60,Male,35.6,111.0,212.0,74.0,1,High,0,1,0
5863,59,Male,21.0,140.0,225.0,108.0,0,High,1,1,0
5864,32,Female,35.8,136.0,,101.0,1,Moderate,2,1,0
5865,83,Female,37.9,146.0,205.0,94.0,0,Low,2,1,1
5866,58,Male,25.5,117.0,202.0,92.0,0,Low,0,4,0
5867,69,Female,18.3,120.0,223.0,97.0,0,Low,2,1,0
5868,81,Male,19.9,125.0,194.0,60.0,0,Moderate,2,2,0
5869,84,Male,25.0,151.0,277.0,103.0,1,Moderate,3,0,1
5870,66,Female,38.6,117.0,186.0,116.0,0,High,2,0,0
5871,74,Male,27.6,148.0,209.0,133.0,1,Moderate,1,0,1
5872,51,Male,24.1,136.0,268.0,84.0,0,Low,2,2,0
5873,71,Male,23.7,152.0,135.0,131.0,0,High,1,0,0
5874,41,Male,20.2,139.0,199.0,106.0,0,High,0,2,0
5875,69,Female,32.3,140.0,179.0,112.0,1,High,0,1,0
5876,24,Male,27.0,92.0,182.0,138.0,1,High,0,1,0
5877,83,Male,39.0,146.0,166.0,172.0,1,High,2,1,1
5878,35,Male,31.0,122.0,173.0,105.0,0,Moderate,2,1,0
5879,65,Male,32.1,124.0,203.0,93.0,0,High,0,0,0
5880,18,Female,26.2,136.0,188.0,115.0,1,Moderate,2,0,0
5881,29,Female,21.5,115.0,219.0,60.0,0,Moderate,0,0,0
5882,89,Male,22.7,130.0,126.0,65.0,0,Moderate,0,0,0
5883,78,Female,20.0,153.0,204.0,129.0,0,Moderate,1,2,0
5884,34,Male,32.5,113.0,180.0,128.0,0,Low,0,1,0
5885,27,Male,25.4,108.0,181.0,80.0,0,Moderate,0,1,0
5886,76,Female,32.7,116.0,209.0,194.0,0,Moderate,2,0,1
5887,89,Male,28.2,126.0,183.0,71.0,0,Moderate,0,3,0
5888,30,Female,25.9,106.0,126.0,120.0,0,Moderate,2,1,0
5889,65,Female,21.1,140.0,211.0,76.0,0,High,0,2,0
5890,38,Female,29.2,104.0,151.0,154.0,0,High,2,0,0
5891,71,Male,26.3,103.0,,90.0,0,High,2,2,0
5892,48,Male,32.5,129.0,158.0,105.0,0,Moderate,0,2,0
5893,27,Female,23.6,107.0,210.0,60.0,1,High,2,1,0
5894,41,Female,30.9,122.0,188.0,165.0,0,Low,1,0,0
5895,56,Male,36.5,148.0,199.0,102.0,1,Moderate,1,1,0
5896,75,Male,29.0,135.0,198.0,,0,Low,3,1,0
5897,19,Female,31.8,138.0,164.0,112.0,1,Low,0,0,0
5898,86,Male,30.6,137.0,204.0,96.0,0,Moderate,3,1,1
5899,64,Male,37.9,146.0,247.0,62.0,0,Low,0,2,1
5900,81,Female,29.5,127.0,152.0,103.0,0,High,0,2,1
5901,84,Female,31.3,139.0,187.0,104.0,1,High,2,2,1
5902,29,Female,,103.0,225.0,114.0,0,Low,1,1,0
5903,24,Female,23.2,103.0,213.0,155.0,0,Low,1,1,0
5904,73,Female,20.9,129.0,258.0,113.0,1,High,0,2,0
5905,31,Male,34.5,97.0,183.0,138.0,0,High,1,0,0
5906,28,Female,22.0,120.0,134.0,90.0,1,High,1,0,0
5907,51,Male,31.6,121.0,153.0,77.0,0,Moderate,2,1,0
5908,83,Male,29.8,140.0,200.0,102.0,0,High,1,3,0
5909,75,Female,32.5,113.0,236.0,94.0,0,High,2,4,1
5910,55,Female,24.7,138.0,188.0,100.0,0,Low,0,3,0
5911,32,Female,23.2,146.0,173.0,87.0,0,High,0,1,0
5912,42,Female,29.6,146.0,206.0,65.0,1,Moderate,1,0,0
5913,67,Male,25.9,161.0,205.0,136.0,0,Moderate,0,0,0
5914,29,Male,20.7,118.0,168.0,93.0,0,Moderate,1,2,0
5915,55,Male,38.2,121.0,159.0,112.0,0,High,0,1,0
5916,18,Male,23.1,122.0,215.0,71.0,0,Low,1,1,0
5917,41,Male,22.0,118.0,230.0,86.0,0,Moderate,0,0,0
5918,35,Male,26.2,92.0,,81.0,1,Low,1,1,0
5919,67,Male,34.4,144.0,188.0,84.0,1,Moderate,4,0,1
5920,83,Female,15.6,133.0,237.0,93.0,0,Moderate,0,2,0
5921,28,Female,33.9,94.0,141.0,102.0,0,Low,0,0,0
5922,75,Male,22.5,126.0,221.0,118.0,0,Low,2,0,0
5923,65,Male,29.0,127.0,190.0,98.0,0,Low,1,2,0
5924,87,Male,23.8,138.0,167.0,104.0,0,Low,1,5,1
5925,83,Male,38.5,137.0,279.0,123.0,1,Low,2,0,1
5926,25,Female,28.2,138.0,170.0,117.0,0,Moderate,2,0,0
5927,71,Female,23.6,112.0,225.0,78.0,0,Moderate,1,1,0
5928,60,Female,25.8,126.0,157.0,127.0,1,Moderate,2,1,0
5929,26,Male,28.0,103.0,242.0,76.0,0,Low,3,0,0
5930,36,Male,28.5,140.0,262.0,108.0,1,Moderate,2,1,1
5931,84,Male,29.9,128.0,155.0,78.0,0,Moderate,0,2,0
5932,57,Female,27.5,122.0,192.0,103.0,0,Moderate,1,1,0
5933,42,Female,19.9,139.0,241.0,118.0,1,High,0,1,0
5934,41,Female,25.6,143.0,173.0,117.0,0,High,1,0,0
5935,78,Female,30.8,158.0,225.0,138.0,0,High,0,3,0
5936,38,Female,23.8,95.0,125.0,93.0,0,Moderate,0,1,0
5937,29,Female,31.2,125.0,155.0,135.0,1,Low,0,1,1
5938,59,Male,27.7,132.0,211.0,88.0,1,Low,1,0,0
5939,89,Male,26.3,138.0,192.0,92.0,1,Moderate,2,2,0
5940,31,Male,34.1,119.0,172.0,118.0,0,Moderate,0,0,0
5941,36,Male,17.9,141.0,130.0,114.0,1,Moderate,0,1,0
5942,51,Female,23.8,142.0,220.0,86.0,0,Moderate,0,1,0
5943,32,Male,34.3,133.0,135.0,133.0,0,Moderate,2,0,0
5944,64,Male,37.6,133.0,261.0,126.0,0,Low,0,2,0
5945,36,Male,40.1,156.0,162.0,132.0,0,High,0,1,0
5946,27,Female,27.8,111.0,214.0,84.0,0,High,0,1,0
5947,36,Female,30.0,94.0,215.0,99.0,1,Low,0,1,0
5948,85,Male,32.0,133.0,175.0,110.0,1,Moderate,2,0,1
5949,85,Male,34.5,138.0,191.0,124.0,0,High,1,1,0
5950,54,Female,29.2,147.0,180.0,87.0,0,Moderate,0,1,0
5951,46,Female,32.6,115.0,178.0,79.0,0,Moderate,0,0,0
5952,77,Female,30.0,142.0,159.0,60.0,0,High,3,2,0
5953,31,Female,30.4,95.0,206.0,129.0,1,Moderate,1,2,0
5954,65,Female,22.4,148.0,176.0,123.0,0,Moderate,0,2,0
5955,66,Female,25.7,132.0,199.0,60.0,0,Moderate,3,3,0
5956,69,Female,24.6,127.0,243.0,104.0,1,Moderate,0,0,0
5957,33,Male,,153.0,208.0,87.0,0,High,0,1,0
5958,69,Female,18.4,149.0,181.0,125.0,1,Low,0,3,0
5959,62,Male,25.2,113.0,241.0,97.0,0,Moderate,1,1,1
5960,81,Male,26.0,134.0,236.0,118.0,0,Moderate,1,0,1
5961,30,Female,28.1,162.0,158.0,95.0,0,Low,0,1,0
5962,62,Male,30.6,161.0,181.0,92.0,0,High,1,0,0
5963,77,Male,28.5,149.0,247.0,127.0,0,High,1,0,0
5964,38,Female,26.1,91.0,,132.0,0,Low,1,0,0
5965,71,Male,22.5,154.0,148.0,66.0,0,Moderate,3,0,0
5966,25,Female,,106.0,144.0,142.0,0,Low,0,0,0
5967,69,Male,26.9,153.0,231.0,80.0,0,Low,4,3,1
5968,61,Female,25.1,117.0,156.0,60.0,0,Low,3,1,0
5969,31,Female,26.5,126.0,216.0,105.0,1,Moderate,1,1,1
5970,22,Female,23.5,105.0,255.0,113.0,0,High,0,1,0
5971,71,Female,24.6,127.0,220.0,62.0,0,Moderate,0,3,0
5972,35,Male,,130.0,152.0,60.0,0,Low,0,0,0
5973,53,Female,25.9,105.0,203.0,,0,Low,0,0,0
5974,22,Female,31.1,153.0,220.0,94.0,0,Low,1,0,0
5975,87,Female,29.7,122.0,,144.0,0,Low,0,5,1
5976,57,Female,36.0,110.0,217.0,118.0,1,Moderate,0,2,0
5977,85,Female,34.2,147.0,182.0,134.0,0,High,1,1,1
5978,29,Female,38.3,138.0,157.0,126.0,0,High,1,0,0
5979,32,Male,30.6,114.0,220.0,151.0,1,Low,0,0,1
5980,61,Female,30.5,112.0,173.0,87.0,1,Low,1,1,1
5981,61,Male,24.8,114.0,102.0,100.0,0,Moderate,0,1,0
5982,74,Female,32.0,117.0,195.0,71.0,0,Moderate,0,1,0
5983,84,Female,23.9,142.0,,122.0,1,Low,2,1,0
5984,77,Female,19.4,133.0,249.0,123.0,1,High,1,2,0
5985,28,Male,35.9,124.0,247.0,140.0,0,Moderate,1,1,0
5986,40,Male,20.6,127.0,193.0,93.0,0,Moderate,1,2,1
5987,83,Male,,150.0,237.0,70.0,0,High,4,1,0
5988,57,Female,22.7,121.0,203.0,97.0,0,Low,0,1,0
5989,80,Female,33.7,124.0,223.0,97.0,1,Moderate,0,3,1
5990,58,Male,34.4,130.0,192.0,139.0,0,High,0,2,0
5991,21,Male,,114.0,195.0,99.0,0,High,0,2,0
5992,52,Male,34.4,130.0,168.0,104.0,0,Low,1,0,0
5993,77,Male,27.5,123.0,284.0,162.0,1,Low,0,3,1
5994,65,Male,39.8,141.0,112.0,144.0,1,Moderate,1,2,0
5995,27,Male,,98.0,205.0,139.0,0,Low,0,0,0
5996,33,Male,22.5,112.0,199.0,85.0,1,Moderate,2,1,0
5997,79,Male,27.9,153.0,224.0,78.0,0,High,1,0,0
5998,88,Male,26.7,120.0,169.0,132.0,1,Low,1,0,0
5999,72,Female,26.1,150.0,142.0,143.0,0,Low,1,1,1
6000,25,Female,18.4,94.0,206.0,60.0,0,Moderate,0,0,0
6001,62,Female,29.6,104.0,252.0,95.0,0,High,1,2,0
6002,77,Female,19.9,111.0,217.0,71.0,0,Moderate,0,1,0
6003,64,Male,15.0,132.0,233.0,,0,High,0,1,0
6004,60,Female,25.6,140.0,183.0,131.0,0,Moderate,2,2,0
6005,51,Female,23.3,146.0,208.0,90.0,1,Low,1,0,0
6006,35,Male,22.8,139.0,234.0,89.0,0,Low,0,0,0
6007,38,Male,15.0,135.0,177.0,60.0,1,Moderate,0,1,0
6008,71,Male,22.8,119.0,251.0,74.0,0,Low,2,1,1
6009,23,Female,26.5,102.0,119.0,143.0,0,Low,0,0,0
6010,24,Female,24.0,129.0,159.0,114.0,0,Moderate,0,0,0
6011,46,Male,29.6,146.0,214.0,133.0,0,Moderate,0,0,0
6012,73,Female,35.2,117.0,279.0,107.0,0,High,2,4,1
6013,65,Male,30.3,151.0,203.0,103.0,0,High,0,0,0
6014,60,Female,33.1,98.0,161.0,114.0,0,Moderate,0,0,0
6015,56,Male,33.6,133.0,269.0,123.0,0,Low,2,4,1
6016,25,Female,21.9,115.0,178.0,134.0,1,Moderate,1,2,1
6017,41,Male,29.9,119.0,216.0,92.0,0,Low,2,0,0
6018,23,Female,33.0,116.0,169.0,110.0,0,Moderate,1,3,0
6019,72,Male,25.1,119.0,211.0,82.0,0,Moderate,0,3,0
6020,72,Female,23.2,140.0,185.0,60.0,0,Moderate,3,2,0
6021,36,Male,30.4,121.0,,134.0,1,Low,2,0,0
6022,39,Female,19.4,136.0,,140.0,0,High,2,1,0
6023,40,Female,21.5,147.0,257.0,117.0,0,Low,1,0,0
6024,82,Female,23.8,138.0,181.0,107.0,0,Moderate,2,1,1
6025,53,Male,30.0,113.0,,157.0,1,Moderate,0,1,0
6026,72,Female,28.7,114.0,195.0,119.0,1,Moderate,1,4,1
6027,50,Male,33.2,152.0,291.0,135.0,0,Low,2,1,1
6028,68,Male,,156.0,192.0,102.0,0,High,0,1,0
6029,56,Male,22.1,141.0,238.0,106.0,0,Moderate,1,0,0
6030,38,Male,30.4,122.0,150.0,106.0,0,Moderate,0,0,0
6031,81,Female,23.1,149.0,179.0,121.0,0,Moderate,2,1,0
6032,69,Male,24.2,153.0,201.0,73.0,0,Low,1,3,0
6033,73,Female,17.3,123.0,287.0,102.0,0,Moderate,2,3,0
6034,86,Female,29.1,138.0,255.0,86.0,0,High,1,1,0
6035,35,Male,,102.0,,131.0,0,Moderate,0,2,1
6036,24,Female,21.8,114.0,207.0,160.0,0,Moderate,0,0,0
6037,59,Male,33.1,153.0,156.0,132.0,0,Low,0,5,1
6038,41,Male,27.2,139.0,165.0,136.0,1,High,0,2,1
6039,49,Female,17.8,127.0,214.0,116.0,1,High,0,0,0
6040,34,Female,22.6,85.0,240.0,60.0,1,High,1,1,0
6041,46,Female,22.2,113.0,244.0,95.0,0,Moderate,0,1,0
6042,46,Male,25.8,125.0,206.0,115.0,0,Moderate,0,1,0
6043,43,Female,29.8,119.0,205.0,60.0,0,High,0,1,0
6044,71,Male,37.7,133.0,257.0,113.0,0,Low,0,1,0
6045,60,Male,19.6,132.0,140.0,93.0,0,High,0,1,0
6046,52,Female,24.8,117.0,,70.0,0,High,0,2,0
6047,26,Male,22.6,116.0,155.0,74.0,0,Low,0,0,0
6048,59,Male,20.5,126.0,209.0,131.0,0,Low,1,1,0
6049,30,Male,28.0,107.0,166.0,60.0,0,High,1,0,0
6050,40,Male,27.5,151.0,146.0,113.0,0,Low,1,0,0
6051,47,Female,17.5,116.0,211.0,122.0,0,Low,0,1,0
6052,28,Male,27.6,85.0,193.0,105.0,1,Low,0,0,0
6053,46,Female,20.9,152.0,189.0,133.0,1,High,2,1,0
6054,37,Male,27.6,107.0,183.0,95.0,0,Low,1,1,0
6055,79,Female,34.5,150.0,267.0,92.0,0,Low,2,1,1
6056,79,Female,30.0,124.0,293.0,109.0,0,Low,4,1,0
6057,18,Male,28.5,123.0,227.0,97.0,1,Moderate,0,1,0
6058,61,Female,24.6,128.0,211.0,87.0,0,Moderate,0,0,0
6059,64,Female,27.9,146.0,140.0,102.0,1,Low,1,2,0
6060,45,Female,30.6,120.0,216.0,89.0,0,Moderate,0,0,0
6061,51,Male,30.1,115.0,221.0,88.0,1,Moderate,1,1,0
6062,74,Female,27.0,138.0,236.0,76.0,0,Moderate,2,2,0
6063,45,Female,28.7,117.0,149.0,118.0,0,Moderate,1,1,0
6064,22,Male,20.3,85.0,213.0,70.0,0,Moderate,0,0,0
6065,44,Male,23.5,113.0,251.0,68.0,1,Moderate,1,0,0
6066,36,Female,31.4,166.0,151.0,83.0,0,Low,0,2,1
6067,45,Female,32.1,94.0,219.0,117.0,0,Moderate,1,1,0
6068,34,Male,28.0,123.0,156.0,124.0,0,High,1,0,0
6069,28,Male,35.6,113.0,,137.0,0,Low,3,0,0
6070,88,Male,30.3,168.0,178.0,115.0,0,High,2,2,0
6071,27,Female,26.2,99.0,170.0,118.0,0,Moderate,0,0,0
6072,68,Female,,133.0,191.0,95.0,0,Moderate,0,1,0
6073,69,Female,35.4,143.0,220.0,129.0,0,Low,0,1,0
6074,62,Male,31.7,126.0,235.0,123.0,1,Moderate,0,0,0
6075,83,Male,37.4,124.0,258.0,101.0,0,Low,0,1,0
6076,18,Male,39.4,113.0,154.0,94.0,1,Moderate,0,1,0
6077,39,Female,20.4,116.0,203.0,131.0,0,Low,1,0,0
6078,31,Male,20.4,113.0,144.0,99.0,0,Low,0,1,0
6079,59,Male,15.0,143.0,195.0,116.0,0,Low,2,2,1
6080,63,Female,32.6,136.0,203.0,84.0,1,High,0,1,1
6081,82,Female,31.1,145.0,176.0,100.0,0,High,1,4,0
6082,45,Male,28.0,129.0,214.0,71.0,0,Moderate,0,2,0
6083,34,Male,20.8,135.0,181.0,113.0,1,Low,1,1,1
6084,84,Male,27.0,158.0,218.0,89.0,1,High,1,1,0
6085,66,Female,28.5,126.0,250.0,93.0,1,Low,5,2,1
6086,73,Female,31.8,146.0,190.0,163.0,0,Low,0,1,0
6087,50,Female,29.0,104.0,227.0,125.0,1,Low,2,2,0
6088,50,Male,31.2,89.0,250.0,128.0,1,Low,2,3,1
6089,46,Male,26.8,153.0,246.0,73.0,0,High,0,1,0
6090,71,Female,34.0,127.0,198.0,67.0,0,Moderate,1,0,0
6091,33,Female,31.0,123.0,150.0,136.0,0,Low,0,1,0
6092,88,Male,,119.0,187.0,60.0,0,Moderate,1,1,0
6093,30,Female,35.1,98.0,125.0,103.0,0,Moderate,0,0,0
6094,51,Female,34.2,114.0,222.0,94.0,0,Low,0,1,0
6095,40,Male,30.1,132.0,218.0,85.0,0,Low,0,1,0
6096,64,Female,29.0,122.0,206.0,96.0,1,Low,2,1,0
6097,67,Male,36.6,126.0,151.0,91.0,0,Low,0,0,0
6098,84,Female,18.5,125.0,198.0,61.0,0,Low,0,0,1
6099,74,Male,34.3,152.0,259.0,122.0,0,Moderate,2,1,0
6100,35,Female,24.9,134.0,211.0,130.0,0,Low,1,1,1
6101,32,Female,33.5,111.0,216.0,69.0,0,Moderate,0,0,1
6102,81,Male,28.2,147.0,336.0,112.0,0,Low,1,3,1
6103,53,Male,20.7,122.0,209.0,110.0,0,Moderate,1,3,0
6104,25,Female,24.8,111.0,100.0,114.0,0,Moderate,0,1,0
6105,77,Female,33.1,134.0,167.0,108.0,0,High,4,1,0
6106,64,Female,26.3,140.0,214.0,88.0,1,Moderate,0,3,0
6107,19,Female,24.1,100.0,180.0,121.0,0,Moderate,0,0,0
6108,74,Female,24.0,141.0,200.0,110.0,1,Low,2,2,1
6109,61,Female,,169.0,195.0,61.0,0,Low,1,2,0
6110,62,Female,37.1,132.0,,113.0,0,Low,0,0,0
6111,80,Male,15.7,136.0,224.0,91.0,0,Low,2,4,0
6112,53,Female,42.9,125.0,249.0,99.0,1,Moderate,1,3,1
6113,51,Male,28.6,133.0,261.0,101.0,0,High,0,1,0
6114,62,Female,30.7,103.0,266.0,123.0,0,Moderate,0,0,0
6115,32,Male,25.1,146.0,150.0,81.0,1,High,0,0,0
6116,28,Male,27.5,133.0,183.0,112.0,0,Low,0,0,0
6117,78,Female,28.6,124.0,197.0,82.0,0,Moderate,2,2,0
6118,33,Female,21.7,120.0,209.0,65.0,0,Moderate,0,1,0
6119,54,Female,23.1,117.0,194.0,116.0,0,Low,1,3,0
6120,37,Female,34.0,125.0,180.0,145.0,0,Moderate,1,0,0
6121,34,Male,19.0,120.0,242.0,63.0,0,High,0,2,0
6122,61,Female,29.9,133.0,204.0,134.0,0,Low,0,1,1
6123,75,Male,25.5,117.0,212.0,103.0,0,Moderate,3,3,1
6124,49,Male,22.2,117.0,210.0,60.0,0,Low,1,1,1
6125,27,Male,38.3,135.0,,84.0,0,Moderate,0,1,0
6126,35,Female,22.3,111.0,213.0,114.0,0,Low,0,1,0
6127,29,Female,21.3,85.0,243.0,60.0,0,Moderate,0,0,0
6128,81,Female,26.5,133.0,162.0,88.0,1,Low,2,0,0
6129,41,Male,23.3,160.0,203.0,98.0,0,Low,1,0,0
6130,44,Female,,136.0,,117.0,0,Moderate,1,3,0
6131,23,Male,28.4,106.0,170.0,112.0,0,Low,1,0,0
6132,50,Male,28.8,124.0,224.0,148.0,0,Moderate,0,3,1
6133,83,Male,26.8,147.0,261.0,84.0,1,Low,1,5,1
6134,47,Male,23.6,96.0,171.0,103.0,0,High,0,1,0
6135,64,Male,31.0,116.0,266.0,122.0,0,Moderate,0,1,0
6136,31,Male,26.9,125.0,131.0,123.0,1,Low,1,2,0
6137,28,Female,24.8,143.0,206.0,129.0,0,Low,0,1,0
6138,70,Male,35.6,125.0,171.0,106.0,0,High,1,2,0
6139,22,Male,26.8,140.0,157.0,122.0,0,Low,1,0,0
6140,50,Female,33.5,113.0,197.0,90.0,0,Low,0,1,0
6141,40,Male,34.2,85.0,175.0,113.0,0,High,1,2,0
6142,19,Male,34.6,126.0,100.0,129.0,0,Low,0,0,0
6143,56,Male,31.3,136.0,221.0,136.0,1,High,0,0,0
6144,87,Female,27.5,150.0,243.0,121.0,0,Low,2,1,1
6145,22,Female,27.1,126.0,175.0,107.0,0,Low,0,0,1
6146,76,Male,26.2,137.0,199.0,102.0,0,High,3,1,0
6147,56,Male,15.6,123.0,184.0,103.0,0,Moderate,1,0,0
6148,70,Male,31.5,128.0,140.0,168.0,0,Low,3,3,0
6149,24,Female,28.8,109.0,113.0,130.0,0,Moderate,0,0,0
6150,80,Female,32.0,129.0,241.0,122.0,0,Moderate,3,1,1
6151,18,Male,26.9,85.0,219.0,69.0,0,Moderate,1,1,0
6152,83,Male,31.2,117.0,234.0,89.0,1,Moderate,1,1,1
6153,65,Female,19.9,128.0,217.0,87.0,0,Low,1,1,0
6154,42,Male,21.1,86.0,,120.0,1,Low,1,0,0
6155,18,Female,15.0,85.0,206.0,64.0,0,Low,1,0,0
6156,61,Male,26.8,124.0,171.0,121.0,1,High,0,2,0
6157,24,Female,23.3,114.0,190.0,103.0,1,Low,0,0,0
6158,61,Female,22.5,124.0,189.0,108.0,0,High,0,0,0
6159,73,Female,29.3,95.0,196.0,103.0,1,Low,0,1,1
6160,37,Female,25.2,145.0,,87.0,0,Moderate,0,0,0
6161,35,Female,19.6,97.0,247.0,69.0,0,Moderate,1,2,0
6162,33,Male,41.5,106.0,100.0,141.0,0,Low,0,1,0
6163,34,Female,27.3,99.0,177.0,103.0,0,Low,0,0,0
6164,26,Female,21.5,137.0,171.0,69.0,0,Low,0,1,0
6165,35,Male,23.8,126.0,232.0,106.0,0,Moderate,1,0,1
6166,65,Male,26.5,123.0,147.0,193.0,0,Low,2,0,0
6167,39,Female,26.5,112.0,100.0,99.0,0,Low,1,0,0
6168,74,Female,34.7,136.0,238.0,159.0,1,Low,2,2,1
6169,76,Female,27.1,114.0,245.0,60.0,0,High,1,0,0
6170,72,Male,37.7,139.0,138.0,113.0,0,Moderate,2,2,1
6171,56,Female,25.1,118.0,193.0,127.0,1,High,0,0,0
6172,40,Female,29.8,130.0,248.0,109.0,1,Low,0,3,0
6173,84,Female,33.1,145.0,171.0,97.0,0,Low,1,2,1
6174,32,Female,34.1,109.0,190.0,114.0,1,Moderate,1,0,1
6175,51,Male,34.7,93.0,215.0,141.0,0,Low,0,0,0
6176,50,Male,26.0,121.0,141.0,159.0,0,Low,0,3,0
6177,71,Female,27.5,109.0,184.0,133.0,1,Low,0,2,0
6178,57,Male,15.0,129.0,134.0,75.0,1,Moderate,0,2,0
6179,75,Male,26.4,130.0,201.0,98.0,0,Low,2,3,0
6180,84,Male,,127.0,182.0,108.0,0,High,2,4,0
6181,46,Male,32.4,103.0,201.0,90.0,0,High,0,3,0
6182,80,Male,27.0,154.0,234.0,101.0,0,Moderate,1,2,0
6183,30,Female,36.8,111.0,238.0,112.0,0,Moderate,0,1,0
6184,83,Male,25.4,174.0,300.0,72.0,0,Moderate,3,5,1
6185,30,Male,23.6,119.0,193.0,122.0,0,Low,1,1,1
6186,79,Male,24.9,141.0,197.0,113.0,0,Moderate,0,2,1
6187,46,Female,21.3,124.0,179.0,80.0,0,Low,1,2,0
6188,87,Female,30.9,143.0,177.0,114.0,0,High,0,1,1
6189,27,Male,,134.0,201.0,83.0,0,Moderate,0,0,0
6190,51,Male,30.9,143.0,177.0,96.0,1,Moderate,0,1,0
6191,82,Male,25.2,108.0,231.0,120.0,0,Moderate,1,0,0
6192,21,Female,27.2,129.0,145.0,118.0,1,High,0,0,0
6193,37,Male,15.5,128.0,171.0,76.0,0,Low,1,2,0
6194,24,Male,29.6,116.0,198.0,117.0,0,Moderate,0,1,0
6195,41,Female,28.0,149.0,186.0,104.0,0,High,0,0,0
6196,46,Female,21.4,152.0,120.0,71.0,0,Moderate,1,3,0
6197,62,Male,26.9,144.0,200.0,101.0,1,Low,1,2,0
6198,36,Male,26.1,111.0,158.0,115.0,0,High,0,0,0
6199,29,Male,37.2,99.0,229.0,127.0,0,High,1,1,0
6200,30,Female,21.7,130.0,222.0,60.0,0,Low,0,2,1
6201,85,Female,29.3,159.0,126.0,113.0,0,Low,3,2,1
6202,86,Male,21.5,105.0,243.0,98.0,0,Low,1,0,1
6203,33,Female,24.4,136.0,201.0,60.0,0,High,1,3,0
6204,32,Male,29.0,115.0,130.0,87.0,1,High,1,1,0
6205,21,Male,26.3,86.0,214.0,117.0,1,Moderate,1,1,0
6206,87,Female,27.5,145.0,165.0,142.0,1,High,1,1,1
6207,68,Male,29.3,146.0,248.0,66.0,0,Low,0,0,0
6208,72,Female,24.8,127.0,181.0,127.0,0,Moderate,4,0,0
6209,38,Male,32.4,104.0,131.0,64.0,0,Low,1,0,0
6210,64,Female,25.8,157.0,283.0,140.0,1,High,1,1,0
6211,22,Male,27.0,105.0,122.0,99.0,0,Low,2,0,0
6212,66,Male,29.5,149.0,172.0,90.0,0,High,2,0,0
6213,59,Female,28.7,104.0,176.0,117.0,0,Moderate,1,1,0
6214,41,Male,31.0,129.0,173.0,86.0,1,High,0,1,0
6215,69,Female,29.2,138.0,231.0,121.0,0,Moderate,1,0,0
6216,64,Female,,144.0,204.0,106.0,0,Moderate,2,4,1
6217,49,Male,25.7,149.0,233.0,60.0,1,Low,2,0,0
6218,31,Female,21.6,105.0,200.0,76.0,0,Low,1,0,0
6219,19,Male,19.6,122.0,116.0,100.0,0,Moderate,0,0,0
6220,85,Female,,115.0,233.0,121.0,0,Low,2,3,1
6221,38,Female,37.2,99.0,198.0,128.0,0,Moderate,1,0,0
6222,39,Male,15.3,112.0,166.0,116.0,0,Low,0,3,0
6223,67,Female,34.1,137.0,282.0,92.0,0,Moderate,2,0,0
6224,36,Male,23.0,147.0,211.0,118.0,1,Low,1,3,1
6225,45,Female,34.0,153.0,228.0,134.0,0,Low,0,3,0
6226,69,Female,15.4,126.0,242.0,60.0,0,Low,1,3,1
6227,60,Male,26.2,133.0,184.0,132.0,0,Low,3,3,1
6228,65,Female,35.5,145.0,227.0,125.0,0,Moderate,0,0,0
6229,18,Female,31.4,126.0,191.0,104.0,0,Low,1,0,0
6230,50,Male,25.6,122.0,174.0,95.0,0,Moderate,0,0,0
6231,52,Female,16.8,127.0,150.0,64.0,1,Moderate,0,0,0
6232,63,Female,20.2,128.0,202.0,112.0,0,Low,1,2,0
6233,28,Male,35.1,114.0,206.0,124.0,0,Moderate,0,1,0
6234,29,Female,,112.0,,118.0,0,Low,2,0,0
6235,72,Female,27.1,131.0,199.0,107.0,0,Low,1,0,0
6236,66,Male,29.1,124.0,204.0,113.0,0,Moderate,2,2,0
6237,76,Male,20.3,116.0,197.0,88.0,0,Moderate,1,1,0
6238,37,Male,29.7,134.0,247.0,137.0,1,High,0,3,0
6239,89,Male,25.2,147.0,225.0,118.0,1,High,2,4,1
6240,37,Female,29.1,150.0,170.0,112.0,1,Low,1,1,0
6241,64,Male,24.3,136.0,133.0,98.0,0,High,0,0,0
6242,29,Male,18.8,111.0,177.0,60.0,0,Low,1,0,0
6243,84,Female,25.1,127.0,190.0,60.0,0,Moderate,1,2,1
6244,41,Female,31.0,123.0,167.0,101.0,0,Moderate,2,0,0
6245,75,Female,29.7,143.0,243.0,142.0,0,Moderate,1,1,1
6246,41,Female,27.7,118.0,194.0,88.0,0,High,0,0,0
6247,74,Female,32.4,110.0,143.0,95.0,0,High,1,0,1
6248,50,Male,26.4,113.0,219.0,79.0,0,Moderate,0,1,1
6249,22,Female,27.8,115.0,121.0,73.0,0,High,1,0,0
6250,31,Female,24.9,130.0,212.0,78.0,0,High,0,0,0
6251,67,Male,32.8,107.0,,120.0,0,Moderate,2,1,1
6252,31,Male,29.1,123.0,189.0,95.0,1,Moderate,3,0,0
6253,37,Male,24.4,124.0,188.0,87.0,0,Moderate,0,0,0
6254,57,Male,19.3,120.0,193.0,78.0,0,Moderate,1,2,0
6255,36,Female,33.6,111.0,196.0,120.0,0,Low,1,2,0
6256,27,Female,23.4,105.0,187.0,110.0,0,Low,0,0,0
6257,62,Male,27.9,131.0,272.0,60.0,0,Low,0,1,0
6258,67,Female,40.4,149.0,212.0,104.0,0,High,0,0,0
6259,70,Female,31.9,151.0,214.0,110.0,1,Low,1,0,0
6260,85,Male,36.4,119.0,186.0,130.0,1,Low,0,3,1
6261,26,Female,24.5,114.0,197.0,105.0,0,Moderate,0,0,0
6262,48,Female,33.4,89.0,155.0,135.0,0,Low,1,1,0
6263,34,Female,27.6,121.0,231.0,69.0,0,High,0,2,0
6264,82,Female,29.5,146.0,155.0,119.0,0,Moderate,2,2,0
6265,56,Male,38.6,152.0,166.0,175.0,0,Moderate,0,1,0
6266,25,Female,26.0,88.0,121.0,105.0,1,High,1,0,0
6267,67,Male,27.6,114.0,,,0,High,2,2,0
6268,21,Female,22.5,117.0,164.0,112.0,1,High,1,1,0
6269,37,Female,32.4,95.0,215.0,98.0,1,High,2,1,0
6270,69,Male,24.4,134.0,167.0,77.0,1,Low,1,1,0
6271,54,Male,33.1,136.0,217.0,115.0,0,Moderate,0,1,0
6272,72,Male,18.4,112.0,228.0,60.0,0,Moderate,1,2,0
6273,59,Male,30.5,130.0,208.0,120.0,0,Low,0,0,0
6274,78,Female,24.0,115.0,210.0,115.0,0,Moderate,1,2,0
6275,58,Male,,150.0,204.0,70.0,0,High,0,2,0
6276,22,Male,27.4,119.0,146.0,110.0,0,Low,0,0,0
6277,23,Male,24.6,105.0,141.0,96.0,0,High,2,1,0
6278,73,Female,25.4,113.0,227.0,141.0,0,Moderate,3,2,0
6279,20,Male,22.8,121.0,166.0,133.0,1,Low,3,0,0
6280,45,Male,32.1,145.0,210.0,134.0,1,Moderate,0,0,0
6281,19,Male,21.7,102.0,238.0,129.0,0,Moderate,0,2,0
6282,39,Male,26.0,114.0,172.0,94.0,0,Moderate,0,1,0
6283,60,Male,29.4,116.0,177.0,115.0,0,Low,1,2,0
6284,30,Male,36.4,143.0,173.0,112.0,0,Low,1,1,0
6285,51,Male,27.4,95.0,197.0,80.0,0,Moderate,3,2,0
6286,89,Male,26.2,159.0,238.0,106.0,0,Low,3,0,1
6287,23,Female,29.0,110.0,180.0,106.0,0,Low,0,2,0
6288,22,Male,16.1,114.0,260.0,84.0,0,High,0,1,0
6289,37,Female,,115.0,204.0,95.0,0,Moderate,0,0,1
6290,77,Female,25.4,138.0,238.0,104.0,1,High,2,1,1
6291,47,Female,23.6,112.0,192.0,123.0,1,Moderate,0,0,0
6292,64,Female,18.7,147.0,240.0,78.0,0,Low,0,1,0
6293,20,Female,32.2,132.0,172.0,79.0,0,High,1,0,0
6294,70,Male,28.9,116.0,181.0,125.0,1,Moderate,1,1,0
6295,22,Female,28.3,126.0,215.0,129.0,0,Moderate,1,0,0
6296,69,Male,23.7,126.0,202.0,110.0,0,Low,2,3,0
6297,28,Male,27.9,118.0,193.0,77.0,0,Low,0,1,0
6298,79,Female,30.3,160.0,247.0,106.0,0,Low,2,0,1
6299,39,Female,26.0,110.0,195.0,111.0,1,Low,3,1,0
6300,31,Male,29.9,133.0,180.0,81.0,0,High,1,0,0
6301,42,Female,23.1,130.0,171.0,80.0,0,High,1,0,1
6302,18,Female,28.0,111.0,219.0,103.0,0,Low,0,0,0
6303,29,Male,33.8,124.0,172.0,145.0,0,Low,0,2,0
6304,61,Female,34.3,133.0,199.0,121.0,0,Moderate,1,2,1
6305,39,Female,34.8,103.0,200.0,101.0,0,Low,2,2,0
6306,43,Female,29.1,113.0,202.0,103.0,0,Moderate,1,1,1
6307,76,Female,27.7,117.0,247.0,89.0,1,Low,0,0,0
6308,26,Female,25.0,112.0,180.0,91.0,0,Moderate,2,0,0
6309,46,Male,17.6,145.0,245.0,111.0,0,High,0,1,0
6310,31,Female,20.1,128.0,176.0,60.0,1,Moderate,0,0,0
6311,52,Male,26.6,103.0,210.0,139.0,0,High,0,1,0
6312,41,Female,26.9,117.0,184.0,162.0,0,Moderate,1,1,0
6313,21,Male,35.3,119.0,260.0,121.0,0,Moderate,1,1,0
6314,23,Female,34.7,127.0,168.0,94.0,1,Moderate,1,2,0
6315,79,Female,23.7,125.0,200.0,131.0,0,Moderate,0,2,0
6316,22,Male,32.0,95.0,185.0,119.0,0,High,0,0,0
6317,74,Female,24.9,132.0,197.0,88.0,0,Low,0,1,0
6318,83,Male,31.3,146.0,223.0,86.0,0,Moderate,1,3,0
6319,51,Male,31.9,129.0,242.0,101.0,0,Moderate,0,0,0
6320,40,Male,34.3,107.0,196.0,120.0,0,Moderate,0,1,0
6321,73,Female,24.8,161.0,214.0,125.0,0,Moderate,1,1,0
6322,88,Male,33.1,137.0,205.0,121.0,0,Low,1,1,0
6323,26,Female,17.2,120.0,164.0,103.0,0,Low,1,0,0
6324,87,Female,,127.0,217.0,107.0,0,Low,1,1,1
6325,85,Male,27.4,155.0,213.0,128.0,1,Moderate,4,6,1
6326,28,Male,27.5,126.0,229.0,100.0,0,Moderate,2,0,0
6327,21,Male,,120.0,144.0,138.0,1,High,1,1,0
6328,69,Male,25.4,113.0,,86.0,0,Low,0,3,0
6329,23,Female,35.0,133.0,176.0,126.0,0,Moderate,1,0,0
6330,61,Male,25.2,141.0,206.0,159.0,0,Moderate,1,0,0
6331,22,Male,31.4,131.0,141.0,138.0,0,High,0,0,0
6332,67,Female,27.7,132.0,225.0,125.0,0,Moderate,1,1,0
6333,34,Female,33.3,118.0,151.0,122.0,0,High,1,0,0
6334,24,Female,28.6,113.0,196.0,109.0,0,Moderate,0,0,0
6335,22,Female,22.4,152.0,191.0,94.0,0,Moderate,0,1,0
6336,31,Female,27.8,110.0,173.0,92.0,0,High,2,0,0
6337,56,Female,36.3,108.0,120.0,78.0,0,Low,1,1,0
6338,23,Male,30.2,110.0,264.0,126.0,0,High,0,0,0
6339,75,Male,26.9,125.0,167.0,65.0,0,Moderate,2,0,0
6340,61,Male,39.9,149.0,211.0,140.0,0,High,0,2,0
6341,39,Female,33.9,99.0,162.0,107.0,0,Low,0,2,0
6342,89,Female,32.0,130.0,254.0,,0,Low,1,1,0
6343,65,Female,,133.0,188.0,145.0,0,Low,0,1,0
6344,66,Female,31.5,151.0,174.0,74.0,0,Low,2,0,1
6345,30,Male,31.7,129.0,208.0,94.0,0,Low,1,1,0
6346,69,Female,15.5,158.0,156.0,74.0,1,Low,2,2,0
6347,58,Male,29.7,133.0,183.0,113.0,0,Low,0,0,0
6348,88,Female,26.6,135.0,240.0,89.0,0,Low,0,1,1
6349,52,Male,24.8,139.0,253.0,140.0,0,Moderate,0,0,0
6350,66,Male,26.4,109.0,166.0,69.0,0,Moderate,1,0,0
6351,42,Female,18.9,95.0,168.0,200.0,0,Low,0,0,0
6352,20,Female,17.6,130.0,193.0,64.0,0,Moderate,1,0,0
6353,27,Female,34.4,120.0,108.0,192.0,0,Moderate,0,1,1
6354,80,Female,30.0,151.0,262.0,138.0,0,Low,1,2,1
6355,71,Male,15.0,119.0,168.0,,0,Low,0,2,0
6356,44,Female,24.3,143.0,175.0,107.0,0,Moderate,0,1,0
6357,68,Female,32.3,142.0,214.0,103.0,0,High,2,2,0
6358,18,Female,26.0,113.0,181.0,113.0,0,Low,1,0,0
6359,20,Male,34.3,118.0,143.0,96.0,1,Moderate,0,1,0
6360,54,Male,33.3,132.0,262.0,132.0,0,Low,0,1,1
6361,62,Female,20.0,115.0,103.0,100.0,0,High,2,4,0
6362,85,Male,26.7,131.0,170.0,79.0,0,Moderate,2,2,1
6363,72,Female,25.0,138.0,182.0,113.0,1,Moderate,3,2,1
6364,36,Female,19.9,113.0,152.0,105.0,0,Moderate,1,3,0
6365,76,Female,19.5,111.0,254.0,76.0,0,High,1,3,1
6366,53,Female,23.1,131.0,133.0,88.0,0,Moderate,0,0,0
6367,77,Male,24.0,148.0,268.0,114.0,0,Moderate,1,3,1
6368,30,Male,29.1,135.0,174.0,136.0,1,Moderate,0,1,0
6369,19,Female,33.2,123.0,128.0,110.0,0,Low,0,1,0
6370,22,Male,30.3,128.0,101.0,134.0,0,High,0,3,0
6371,89,Male,31.6,154.0,206.0,142.0,0,Moderate,2,1,0
6372,23,Female,26.0,117.0,155.0,137.0,0,Moderate,2,2,0
6373,85,Female,30.8,103.0,221.0,121.0,0,High,3,1,0
6374,70,Male,26.7,151.0,188.0,81.0,0,Moderate,1,2,0
6375,28,Female,25.1,103.0,220.0,126.0,0,Low,1,0,0
6376,80,Male,37.9,117.0,205.0,115.0,0,Moderate,0,1,0
6377,28,Male,15.0,100.0,168.0,,0,High,0,1,0
6378,28,Female,17.2,157.0,,75.0,0,High,0,1,0
6379,59,Male,29.6,135.0,208.0,93.0,1,Moderate,0,1,0
6380,38,Female,26.0,104.0,218.0,85.0,0,High,0,1,0
6381,38,Male,19.6,110.0,233.0,60.0,0,Moderate,0,0,0
6382,32,Female,21.7,119.0,175.0,82.0,0,Moderate,0,0,0
6383,61,Female,22.4,138.0,202.0,72.0,0,Moderate,0,0,0
6384,19,Female,32.4,119.0,212.0,127.0,0,Low,0,0,0
6385,35,Male,34.2,105.0,100.0,87.0,0,Low,1,0,0
6386,57,Male,36.5,133.0,195.0,101.0,0,Moderate,1,1,0
6387,53,Female,18.8,116.0,188.0,94.0,0,Low,0,1,0
6388,68,Female,20.0,148.0,218.0,142.0,1,Moderate,2,2,0
6389,33,Female,19.6,120.0,156.0,77.0,0,High,0,0,0
6390,64,Female,34.6,118.0,244.0,80.0,0,High,0,2,1
6391,72,Male,29.8,144.0,178.0,75.0,1,Low,1,2,0
6392,45,Female,27.9,129.0,175.0,84.0,0,High,0,1,0
6393,36,Female,28.8,113.0,163.0,,0,Moderate,0,0,0
6394,57,Female,27.2,139.0,245.0,165.0,0,Low,1,1,0
6395,59,Female,21.3,138.0,120.0,122.0,0,Moderate,2,4,0
6396,24,Male,30.3,135.0,250.0,101.0,1,Low,0,0,0
6397,58,Male,26.5,139.0,255.0,152.0,1,Moderate,0,1,0
6398,29,Male,20.9,114.0,163.0,81.0,0,Moderate,0,0,0
6399,58,Female,30.7,101.0,238.0,99.0,0,Moderate,2,0,1
6400,85,Male,25.2,140.0,,90.0,0,High,2,2,1
6401,56,Male,28.8,133.0,261.0,134.0,0,High,0,0,0
6402,72,Male,26.8,134.0,242.0,103.0,0,Moderate,0,2,0
6403,40,Male,32.4,85.0,273.0,152.0,1,Moderate,0,2,0
6404,84,Female,28.7,148.0,153.0,119.0,0,Moderate,0,3,1
6405,76,Female,22.6,120.0,215.0,122.0,0,Moderate,0,2,0
6406,84,Male,29.3,148.0,146.0,61.0,0,Moderate,0,3,0
6407,71,Female,29.5,160.0,186.0,64.0,0,Low,1,0,1
6408,64,Female,30.3,126.0,287.0,66.0,0,Moderate,0,2,1
6409,55,Female,33.2,134.0,215.0,103.0,0,Moderate,1,2,0
6410,84,Male,24.1,137.0,249.0,61.0,0,High,0,4,0
6411,79,Female,31.2,144.0,229.0,143.0,0,Low,2,2,1
6412,48,Male,18.0,126.0,211.0,87.0,0,Moderate,2,2,0
6413,24,Female,,108.0,162.0,121.0,0,High,0,0,0
6414,18,Male,26.0,99.0,152.0,91.0,0,Moderate,0,1,0
6415,34,Female,35.5,145.0,166.0,138.0,0,Low,2,3,0
6416,22,Male,26.6,122.0,,60.0,0,High,1,2,0
6417,33,Female,30.8,132.0,183.0,109.0,0,Low,3,0,0
6418,25,Female,17.8,123.0,192.0,105.0,1,Moderate,1,0,1
6419,88,Male,25.6,154.0,190.0,118.0,0,Moderate,1,2,0
6420,24,Female,22.8,102.0,177.0,91.0,0,High,0,1,0
6421,63,Female,41.1,131.0,221.0,80.0,0,Moderate,1,0,0
6422,43,Male,23.8,131.0,225.0,127.0,0,High,1,2,1
6423,30,Male,27.9,139.0,139.0,96.0,0,Moderate,0,0,0
6424,68,Female,28.2,174.0,174.0,99.0,0,Low,0,3,0
6425,87,Female,18.8,144.0,242.0,151.0,0,Low,0,2,1
6426,74,Female,24.6,123.0,229.0,,1,Low,1,3,0
6427,88,Female,29.7,119.0,265.0,95.0,0,Moderate,1,0,0
6428,60,Female,28.0,114.0,250.0,91.0,1,Moderate,0,3,0
6429,66,Male,15.0,118.0,295.0,,1,Low,2,3,1
6430,28,Male,24.4,85.0,173.0,80.0,0,High,1,1,0
6431,79,Male,33.1,124.0,269.0,127.0,0,Low,1,1,0
6432,71,Male,30.7,144.0,171.0,139.0,1,Low,3,0,1
6433,36,Female,34.2,121.0,279.0,113.0,0,Moderate,2,0,0
6434,43,Female,22.1,118.0,209.0,124.0,0,Moderate,0,0,0
6435,61,Male,34.5,103.0,221.0,114.0,0,Low,0,1,0
6436,18,Female,27.3,131.0,217.0,88.0,0,High,1,0,0
6437,76,Male,36.3,142.0,156.0,75.0,0,Low,2,1,0
6438,38,Male,27.5,121.0,148.0,113.0,0,Low,0,0,0
6439,23,Female,16.2,85.0,186.0,98.0,0,Moderate,0,0,0
6440,41,Female,32.2,114.0,204.0,138.0,0,Moderate,0,1,0
6441,78,Female,25.1,142.0,288.0,125.0,1,Moderate,0,2,1
6442,37,Male,25.4,120.0,152.0,157.0,0,Low,0,1,0
6443,56,Female,19.5,130.0,257.0,79.0,0,Low,0,0,0
6444,76,Female,36.4,145.0,198.0,127.0,0,Moderate,1,2,0
6445,20,Male,24.6,117.0,169.0,84.0,0,High,0,0,0
6446,72,Male,36.2,143.0,200.0,142.0,1,Moderate,1,3,1
6447,38,Male,25.1,107.0,177.0,78.0,0,Low,0,1,0
6448,68,Female,22.4,112.0,222.0,122.0,0,High,2,2,0
6449,31,Male,34.8,126.0,170.0,97.0,0,High,0,0,0
6450,28,Male,27.1,128.0,130.0,125.0,0,Low,3,2,1
6451,74,Male,27.2,142.0,197.0,137.0,0,Low,0,2,0
6452,76,Male,20.5,136.0,225.0,60.0,0,Low,3,1,1
6453,88,Female,25.0,133.0,161.0,67.0,0,Moderate,1,4,0
6454,66,Female,29.9,134.0,225.0,115.0,0,Low,0,0,0
6455,51,Male,20.4,131.0,240.0,99.0,1,Moderate,0,1,0
6456,32,Male,24.5,126.0,242.0,94.0,1,Low,1,1,0
6457,39,Male,25.2,163.0,202.0,90.0,0,Moderate,0,1,0
6458,64,Female,27.9,115.0,133.0,84.0,1,Low,1,0,0
6459,42,Male,35.6,174.0,216.0,126.0,0,Moderate,0,2,0
6460,52,Female,25.9,106.0,233.0,78.0,1,Moderate,0,1,0
6461,30,Male,23.7,124.0,159.0,110.0,0,High,1,2,0
6462,49,Male,42.6,106.0,192.0,112.0,0,Low,0,2,0
6463,35,Female,25.1,125.0,206.0,91.0,1,Moderate,0,1,0
6464,26,Male,26.5,132.0,251.0,136.0,1,Moderate,0,3,0
6465,27,Female,25.5,117.0,174.0,128.0,0,Moderate,0,2,0
6466,55,Female,26.0,142.0,231.0,78.0,0,Moderate,3,0,0
6467,44,Male,27.9,116.0,204.0,84.0,0,Low,0,1,0
6468,25,Female,32.6,85.0,190.0,133.0,0,Low,0,0,0
6469,55,Female,29.7,137.0,248.0,71.0,1,Moderate,0,2,0
6470,29,Female,33.4,118.0,153.0,152.0,1,Moderate,1,0,1
6471,19,Male,33.2,106.0,188.0,117.0,0,Moderate,1,1,0
6472,27,Male,28.6,110.0,185.0,92.0,0,Low,2,1,0
6473,50,Female,29.6,132.0,138.0,109.0,0,Low,0,0,0
6474,86,Female,33.6,125.0,260.0,150.0,1,Moderate,1,2,1
6475,35,Male,21.4,126.0,219.0,60.0,1,Moderate,0,0,0
6476,38,Female,41.2,140.0,190.0,152.0,0,Moderate,1,0,0
6477,35,Female,24.7,153.0,178.0,133.0,1,Low,0,1,0
6478,43,Female,25.6,145.0,192.0,95.0,1,Moderate,1,0,0
6479,69,Female,20.8,134.0,231.0,94.0,1,Moderate,1,3,1
6480,41,Male,,126.0,193.0,100.0,0,Moderate,0,0,0
6481,65,Female,32.9,124.0,177.0,132.0,1,Low,2,3,0
6482,82,Male,,129.0,191.0,104.0,0,Low,2,1,0
6483,86,Male,24.4,152.0,213.0,101.0,0,Low,0,0,0
6484,58,Female,29.4,123.0,164.0,106.0,0,Moderate,1,1,1
6485,69,Male,28.7,138.0,217.0,125.0,0,Low,1,0,1
6486,84,Female,33.0,121.0,182.0,183.0,0,Low,1,0,0
6487,74,Male,39.7,155.0,171.0,104.0,0,High,2,2,1
6488,39,Male,35.9,116.0,311.0,120.0,0,High,0,0,0
6489,27,Male,26.2,134.0,257.0,84.0,0,High,0,0,0
6490,26,Female,30.4,105.0,188.0,97.0,1,Moderate,0,0,0
6491,81,Male,31.0,124.0,243.0,83.0,0,Low,0,1,0
6492,58,Male,27.4,149.0,238.0,66.0,0,Low,0,1,0
6493,39,Male,21.5,111.0,187.0,128.0,1,Moderate,1,2,0
6494,42,Male,23.1,97.0,202.0,109.0,1,Low,0,1,0
6495,38,Female,33.8,104.0,179.0,117.0,0,High,0,0,0
6496,75,Male,,147.0,255.0,93.0,0,High,1,3,1
6497,62,Male,26.4,141.0,,102.0,1,Moderate,0,1,1
6498,81,Male,28.9,124.0,270.0,78.0,1,Low,2,0,0
6499,39,Male,34.1,111.0,200.0,114.0,0,Moderate,0,1,0
6500,52,Male,18.1,136.0,,101.0,0,Moderate,0,1,0
6501,26,Female,25.0,138.0,180.0,88.0,0,Moderate,1,0,0
6502,87,Male,38.6,137.0,291.0,102.0,0,High,3,1,0
6503,54,Male,29.1,135.0,179.0,95.0,0,Low,2,0,0
6504,57,Male,21.3,141.0,149.0,118.0,0,Low,1,1,1
6505,47,Female,28.1,158.0,271.0,112.0,0,Low,0,1,0
6506,37,Female,33.1,102.0,214.0,72.0,0,Low,0,2,0
6507,86,Female,15.0,127.0,233.0,107.0,0,Moderate,0,0,1
6508,53,Female,28.5,118.0,183.0,121.0,0,High,1,0,0
6509,66,Male,25.5,144.0,171.0,108.0,1,Low,1,1,1
6510,20,Female,18.5,110.0,151.0,136.0,0,Moderate,0,1,0
6511,37,Female,28.0,125.0,194.0,107.0,0,Low,1,2,0
6512,75,Male,26.7,136.0,202.0,116.0,0,High,1,2,0
6513,24,Female,27.4,116.0,108.0,118.0,0,Moderate,1,1,0
6514,25,Female,25.6,118.0,247.0,126.0,0,Low,2,0,0
6515,76,Female,21.9,151.0,192.0,92.0,1,Low,2,1,1
6516,40,Male,19.5,106.0,237.0,78.0,0,Moderate,1,1,0
6517,37,Female,23.7,118.0,162.0,126.0,0,Moderate,0,1,0
6518,58,Female,32.2,108.0,205.0,136.0,0,Low,0,2,0
6519,32,Male,28.8,122.0,223.0,141.0,0,Low,0,0,0
6520,21,Female,27.1,112.0,212.0,116.0,0,Low,0,0,0
6521,18,Female,21.8,131.0,169.0,60.0,0,Moderate,1,0,0
6522,23,Male,25.4,115.0,201.0,107.0,0,Low,0,0,0
6523,29,Male,31.6,111.0,210.0,112.0,0,Moderate,1,0,0
6524,68,Male,30.3,127.0,198.0,142.0,0,Low,2,1,1
6525,39,Female,24.9,149.0,147.0,130.0,0,Moderate,1,1,0
6526,23,Female,15.0,90.0,158.0,104.0,0,Moderate,1,0,0
6527,19,Male,23.8,104.0,165.0,60.0,1,High,0,1,0
6528,52,Female,24.8,126.0,,80.0,0,Moderate,0,2,0
6529,78,Female,22.5,125.0,270.0,89.0,0,High,2,2,0
6530,42,Female,25.2,130.0,225.0,94.0,0,High,0,0,0
6531,22,Female,32.0,114.0,150.0,116.0,0,Moderate,0,1,0
6532,34,Female,27.3,123.0,257.0,144.0,0,Moderate,3,0,0
6533,53,Female,32.9,128.0,194.0,134.0,1,Low,0,3,0
6534,31,Female,19.2,117.0,211.0,70.0,0,High,1,2,0
6535,88,Female,25.8,118.0,178.0,82.0,1,High,4,1,0
6536,72,Male,16.8,136.0,189.0,67.0,0,Low,0,0,0
6537,42,Female,25.2,94.0,230.0,99.0,0,Low,1,1,1
6538,86,Female,21.7,127.0,180.0,119.0,0,Moderate,1,2,1
6539,41,Female,34.5,130.0,193.0,141.0,1,Low,0,2,0
6540,28,Male,29.8,136.0,202.0,99.0,1,High,0,1,0
6541,85,Female,33.1,175.0,174.0,113.0,1,High,0,2,1
6542,87,Male,25.1,131.0,146.0,146.0,1,Low,0,1,1
6543,40,Male,21.9,108.0,224.0,60.0,0,Moderate,0,2,0
6544,60,Male,21.7,137.0,309.0,114.0,0,High,0,4,0
6545,30,Male,29.0,148.0,202.0,122.0,1,Moderate,1,2,0
6546,64,Female,37.5,154.0,227.0,112.0,1,Low,1,2,1
6547,67,Female,29.8,114.0,170.0,108.0,0,High,2,1,0
6548,69,Female,25.4,129.0,260.0,114.0,0,Low,2,0,0
6549,58,Female,26.5,141.0,185.0,97.0,0,Moderate,1,0,0
6550,68,Male,27.3,146.0,248.0,89.0,0,High,2,0,1
6551,57,Female,38.6,137.0,,103.0,0,High,0,1,1
6552,77,Male,34.3,127.0,233.0,164.0,1,Moderate,0,3,1
6553,30,Female,28.9,127.0,208.0,96.0,0,Low,0,0,0
6554,52,Male,28.1,141.0,217.0,112.0,0,Moderate,1,2,0
6555,47,Female,29.1,109.0,204.0,128.0,0,Low,0,1,0
6556,56,Female,30.2,148.0,235.0,104.0,0,Moderate,0,0,0
6557,28,Female,25.2,133.0,156.0,103.0,1,Moderate,0,0,0
6558,41,Female,22.9,110.0,181.0,112.0,0,Moderate,0,4,0
6559,86,Female,33.2,152.0,269.0,92.0,1,Moderate,0,0,0
6560,25,Male,27.6,129.0,189.0,66.0,0,Low,1,1,0
6561,63,Female,32.7,143.0,189.0,94.0,1,Moderate,1,1,0
6562,65,Male,36.6,155.0,242.0,163.0,0,High,0,1,1
6563,52,Male,30.4,126.0,228.0,95.0,0,High,0,2,0
6564,20,Female,29.5,120.0,131.0,112.0,0,Moderate,0,2,0
6565,20,Male,45.1,85.0,208.0,96.0,0,High,2,0,0
6566,37,Male,28.6,138.0,194.0,142.0,0,Moderate,1,1,0
6567,25,Male,21.5,133.0,210.0,89.0,1,Moderate,1,1,0
6568,24,Female,26.0,138.0,182.0,92.0,0,Moderate,1,1,0
6569,29,Female,36.0,103.0,202.0,114.0,0,Low,2,0,0
6570,31,Male,20.4,134.0,116.0,161.0,0,High,1,0,1
6571,78,Female,23.4,151.0,175.0,111.0,0,Moderate,0,0,0
6572,63,Male,33.6,119.0,,110.0,0,Low,0,0,0
6573,20,Male,26.0,131.0,280.0,60.0,0,Low,0,0,0
6574,63,Male,26.9,137.0,215.0,140.0,1,Moderate,1,1,0
6575,27,Male,33.4,90.0,,96.0,0,Moderate,0,0,0
6576,48,Female,23.6,134.0,199.0,78.0,0,Moderate,1,1,0
6577,20,Male,19.4,102.0,146.0,75.0,0,Moderate,2,0,0
6578,24,Male,19.9,89.0,229.0,133.0,0,Moderate,1,1,0
6579,27,Female,30.7,123.0,185.0,109.0,0,Moderate,0,0,0
6580,49,Male,28.9,124.0,235.0,68.0,0,Low,1,1,1
6581,51,Female,23.7,148.0,190.0,95.0,0,Low,2,1,0
6582,43,Female,21.1,125.0,235.0,75.0,1,Low,0,1,0
6583,62,Female,26.0,142.0,,113.0,1,Moderate,1,1,0
6584,69,Female,33.6,140.0,205.0,104.0,0,Low,2,1,0
6585,70,Male,22.9,148.0,226.0,60.0,0,High,1,2,0
6586,59,Male,23.9,114.0,189.0,99.0,0,Low,1,0,1
6587,57,Female,21.0,131.0,212.0,95.0,0,Moderate,0,1,0
6588,53,Male,25.5,124.0,210.0,70.0,0,Low,1,1,0
6589,35,Male,29.4,130.0,227.0,60.0,1,Low,0,0,0
6590,53,Female,39.1,130.0,220.0,129.0,1,Low,1,0,0
6591,18,Female,28.7,104.0,194.0,,1,Moderate,1,0,0
6592,87,Male,27.2,133.0,247.0,100.0,1,Low,1,1,1
6593,44,Female,32.2,149.0,141.0,132.0,0,Low,1,0,0
6594,72,Female,31.3,106.0,177.0,61.0,0,Low,1,0,0
6595,86,Male,24.3,149.0,160.0,103.0,0,Moderate,1,1,0
6596,53,Male,40.2,146.0,217.0,141.0,0,Moderate,0,3,0
6597,80,Female,27.4,145.0,226.0,101.0,0,High,0,1,0
6598,52,Male,28.8,157.0,249.0,71.0,0,Low,0,1,0
6599,27,Male,30.5,132.0,197.0,93.0,0,Low,0,2,0
6600,19,Male,29.4,120.0,155.0,,1,Moderate,2,0,0
6601,27,Female,35.9,109.0,189.0,76.0,0,Moderate,1,1,0
6602,85,Female,24.3,144.0,141.0,111.0,1,Low,0,1,0
6603,52,Male,31.8,137.0,180.0,112.0,0,Low,1,0,0
6604,40,Male,28.4,122.0,101.0,90.0,0,Low,1,2,0
6605,50,Female,32.9,113.0,207.0,139.0,0,High,1,2,0
6606,36,Male,26.3,101.0,177.0,90.0,0,High,0,0,0
6607,80,Female,25.6,138.0,205.0,142.0,0,High,3,0,1
6608,89,Male,31.5,115.0,179.0,104.0,0,Low,1,1,0
6609,24,Female,29.5,108.0,157.0,84.0,1,Moderate,1,1,0
6610,69,Female,23.0,93.0,231.0,75.0,0,Moderate,0,1,0
6611,42,Female,34.9,136.0,136.0,118.0,1,Moderate,1,0,0
6612,21,Male,31.5,133.0,200.0,83.0,0,Low,1,0,0
6613,84,Male,27.1,138.0,181.0,,0,Low,3,0,0
6614,22,Female,24.9,145.0,117.0,92.0,1,Low,3,0,0
6615,32,Male,29.5,140.0,233.0,97.0,0,Moderate,0,1,0
6616,19,Female,31.1,122.0,230.0,110.0,0,High,2,1,0
6617,51,Female,18.7,124.0,175.0,120.0,0,Low,1,0,0
6618,61,Male,29.6,123.0,180.0,95.0,0,Moderate,2,0,0
6619,41,Male,31.1,131.0,181.0,116.0,0,Low,1,0,0
6620,23,Female,15.0,113.0,151.0,100.0,0,Low,1,1,0
6621,26,Female,28.6,125.0,159.0,76.0,1,Moderate,2,2,0
6622,85,Female,31.3,147.0,,125.0,0,Low,0,1,0
6623,76,Male,30.7,130.0,287.0,131.0,0,Moderate,1,4,1
6624,85,Male,31.9,155.0,199.0,137.0,0,Low,0,2,0
6625,56,Male,25.7,123.0,237.0,74.0,1,Low,1,1,0
6626,57,Male,21.8,128.0,212.0,71.0,1,Moderate,3,4,1
6627,74,Male,17.6,118.0,143.0,90.0,0,Moderate,3,3,1
6628,62,Male,33.5,125.0,200.0,111.0,0,High,0,1,0
6629,49,Female,31.4,159.0,189.0,112.0,1,Moderate,0,1,0
6630,39,Male,33.9,107.0,245.0,105.0,0,Low,0,0,0
6631,52,Female,23.5,133.0,253.0,105.0,1,High,2,1,1
6632,22,Female,31.9,108.0,195.0,60.0,1,Moderate,2,0,0
6633,31,Male,19.2,85.0,232.0,111.0,0,Low,0,1,0
6634,71,Female,22.7,141.0,200.0,137.0,0,High,1,2,0
6635,80,Male,28.2,127.0,253.0,92.0,0,Moderate,0,2,1
6636,25,Female,31.1,121.0,186.0,116.0,0,High,1,0,0
6637,24,Female,36.7,132.0,224.0,162.0,1,Moderate,1,1,0
6638,24,Male,26.2,120.0,228.0,105.0,0,Moderate,0,1,0
6639,74,Female,22.7,139.0,234.0,107.0,0,Moderate,2,1,1
6640,40,Male,22.5,108.0,162.0,147.0,1,Moderate,0,3,0
6641,41,Female,23.7,133.0,175.0,153.0,0,Low,2,0,0
6642,18,Male,39.7,111.0,208.0,95.0,0,Moderate,1,0,0
6643,88,Male,31.7,106.0,248.0,101.0,0,Low,0,3,1
6644,49,Female,33.6,138.0,201.0,137.0,0,Low,0,0,0
6645,75,Female,26.2,152.0,196.0,117.0,0,High,2,3,0
6646,68,Male,27.5,155.0,211.0,124.0,0,Low,2,0,0
6647,28,Female,31.3,152.0,173.0,60.0,0,High,0,0,0
6648,75,Female,24.7,146.0,,60.0,0,Low,2,0,0
6649,57,Male,25.9,136.0,273.0,150.0,1,Moderate,0,0,0
6650,61,Female,23.8,146.0,182.0,121.0,1,Moderate,1,0,0
6651,32,Female,25.0,105.0,205.0,111.0,0,High,2,0,0
6652,78,Male,27.8,108.0,215.0,74.0,0,Low,0,2,0
6653,85,Female,23.0,130.0,,89.0,0,High,3,0,0
6654,47,Female,29.1,144.0,146.0,123.0,0,High,0,1,0
6655,24,Male,29.1,105.0,179.0,72.0,1,Low,1,1,0
6656,79,Female,26.5,143.0,,,0,Low,3,3,0
6657,81,Female,22.9,145.0,280.0,109.0,1,Low,2,1,0
6658,54,Female,28.1,130.0,183.0,122.0,0,Low,1,1,1
6659,59,Female,24.7,108.0,183.0,88.0,0,Low,0,0,0
6660,34,Male,27.8,125.0,233.0,132.0,1,Moderate,0,1,0
6661,22,Male,33.5,108.0,176.0,139.0,0,Low,1,0,0
6662,85,Male,20.6,164.0,237.0,60.0,0,Moderate,0,1,0
6663,52,Male,39.5,144.0,174.0,165.0,0,Moderate,0,0,0
6664,37,Female,27.1,114.0,190.0,135.0,0,Moderate,0,1,0
6665,67,Female,29.8,159.0,240.0,114.0,0,High,2,1,1
6666,19,Male,,120.0,147.0,96.0,0,Moderate,1,0,0
6667,23,Female,33.8,89.0,202.0,135.0,0,Low,0,1,1
6668,35,Female,26.8,118.0,100.0,119.0,0,Low,2,0,0
6669,50,Male,25.3,151.0,243.0,,0,Moderate,1,1,0
6670,44,Male,24.3,110.0,171.0,143.0,0,Moderate,0,2,0
6671,31,Male,26.0,117.0,182.0,60.0,0,Moderate,1,1,0
6672,43,Female,,101.0,188.0,92.0,0,High,0,2,0
6673,42,Male,28.5,103.0,154.0,119.0,0,Moderate,0,0,0
6674,55,Female,27.3,113.0,158.0,104.0,1,Moderate,0,3,0
6675,58,Male,23.6,108.0,219.0,118.0,0,Low,1,3,0
6676,81,Male,23.3,126.0,232.0,64.0,0,High,2,0,0
6677,76,Male,25.0,162.0,174.0,96.0,1,Moderate,0,1,1
6678,39,Male,30.0,121.0,210.0,139.0,0,Low,2,1,0
6679,82,Male,31.1,149.0,232.0,72.0,1,High,0,2,0
6680,55,Female,31.9,144.0,183.0,106.0,0,Low,0,1,0
6681,31,Male,27.5,101.0,136.0,92.0,0,Low,0,0,0
6682,42,Male,29.6,109.0,190.0,118.0,0,Low,1,0,1
6683,71,Male,26.6,145.0,219.0,115.0,0,Low,1,2,0
6684,77,Female,17.9,124.0,206.0,95.0,0,Low,0,2,0
6685,44,Male,26.3,134.0,169.0,96.0,0,Moderate,0,1,0
6686,29,Female,25.4,144.0,202.0,104.0,0,Low,2,0,0
6687,31,Female,21.8,95.0,234.0,93.0,1,High,2,2,0
6688,25,Male,24.4,111.0,153.0,101.0,0,Moderate,2,1,0
6689,68,Female,28.2,128.0,193.0,145.0,1,Moderate,1,0,0
6690,54,Female,21.3,118.0,301.0,66.0,0,Moderate,0,1,1
6691,50,Male,23.6,115.0,206.0,109.0,1,Low,1,2,0
6692,66,Female,36.0,123.0,155.0,93.0,0,Low,2,1,0
6693,77,Male,18.7,134.0,190.0,144.0,1,Moderate,1,1,0
6694,75,Female,26.5,136.0,179.0,107.0,1,Moderate,1,3,1
6695,27,Female,21.1,132.0,198.0,64.0,1,Low,0,0,0
6696,60,Male,23.4,128.0,212.0,94.0,1,Moderate,0,0,0
6697,81,Male,26.4,154.0,186.0,66.0,1,Low,2,1,1
6698,73,Male,22.1,124.0,277.0,82.0,0,High,4,0,0
6699,41,Male,30.7,103.0,194.0,126.0,1,Low,0,0,0
6700,46,Male,34.9,119.0,176.0,151.0,0,Low,0,2,0
6701,82,Female,32.1,144.0,165.0,140.0,1,Moderate,2,1,0
6702,20,Female,33.1,128.0,146.0,111.0,0,Low,1,1,0
6703,55,Male,19.9,150.0,150.0,,0,High,0,1,0
6704,26,Female,26.2,121.0,,125.0,0,Low,1,0,0
6705,82,Female,30.1,148.0,,168.0,0,Moderate,0,1,0
6706,20,Female,32.3,136.0,210.0,97.0,0,Moderate,1,1,0
6707,19,Female,37.1,102.0,157.0,158.0,0,Low,0,0,0
6708,41,Male,,118.0,222.0,86.0,0,High,0,0,0
6709,32,Female,32.4,163.0,205.0,143.0,0,Moderate,0,0,1
6710,53,Female,42.0,140.0,221.0,110.0,0,Low,0,2,0
6711,39,Female,28.0,129.0,224.0,89.0,0,Moderate,1,1,0
6712,43,Female,25.9,137.0,267.0,96.0,0,Low,1,0,0
6713,58,Male,28.5,106.0,167.0,87.0,0,Moderate,0,1,0
6714,58,Female,22.5,117.0,231.0,,0,Low,1,1,0
6715,85,Female,27.9,121.0,228.0,138.0,0,Low,1,4,1
6716,52,Male,18.0,132.0,236.0,60.0,1,Moderate,0,4,0
6717,58,Male,24.6,122.0,203.0,97.0,1,High,1,0,0
6718,66,Female,26.9,132.0,248.0,77.0,0,Low,0,1,0
6719,30,Male,32.7,113.0,136.0,137.0,1,Low,2,0,0
6720,66,Male,33.6,105.0,165.0,151.0,0,Low,1,1,0
6721,80,Female,22.2,150.0,188.0,94.0,0,High,1,1,1
6722,40,Male,38.9,93.0,187.0,103.0,0,Low,1,2,0
6723,30,Female,28.3,106.0,187.0,65.0,0,Moderate,0,0,0
6724,42,Female,28.8,101.0,163.0,158.0,1,Low,2,0,0
6725,37,Male,18.6,106.0,151.0,128.0,1,High,0,1,0
6726,60,Male,24.1,132.0,175.0,60.0,0,Low,1,3,1
6727,80,Male,33.3,155.0,145.0,131.0,0,Low,0,1,0
6728,60,Male,28.4,104.0,189.0,78.0,0,Low,0,0,0
6729,27,Male,28.1,108.0,181.0,93.0,1,High,2,1,0
6730,40,Female,28.7,94.0,207.0,75.0,0,Moderate,1,4,0
6731,67,Female,19.6,121.0,210.0,60.0,0,Low,1,1,0
6732,41,Female,27.0,123.0,259.0,104.0,1,Low,0,0,0
6733,60,Female,35.2,141.0,231.0,166.0,0,Moderate,0,3,1
6734,67,Male,33.5,97.0,232.0,90.0,0,Low,0,2,0
6735,41,Male,26.8,131.0,204.0,128.0,1,Moderate,2,0,0
6736,64,Female,36.1,114.0,222.0,145.0,0,Low,2,0,0
6737,46,Female,20.6,104.0,185.0,115.0,0,Moderate,0,0,0
6738,27,Male,22.2,118.0,187.0,150.0,0,Moderate,0,0,0
6739,44,Male,37.7,133.0,265.0,145.0,0,Low,0,0,0
6740,49,Male,30.7,123.0,192.0,157.0,1,Low,0,1,1
6741,18,Male,25.9,96.0,128.0,74.0,0,High,0,2,0
6742,82,Male,27.2,135.0,237.0,,0,Moderate,2,2,1
6743,56,Male,23.1,115.0,231.0,139.0,0,High,0,1,0
6744,20,Female,29.0,124.0,186.0,88.0,0,Low,1,2,0
6745,80,Male,28.6,153.0,139.0,60.0,1,High,0,3,0
6746,79,Male,27.6,151.0,258.0,73.0,0,High,2,4,0
6747,18,Female,21.1,113.0,188.0,78.0,0,Low,1,0,0
6748,29,Male,29.0,136.0,173.0,122.0,0,Moderate,0,1,0
6749,44,Male,,107.0,237.0,87.0,0,Moderate,1,0,0
6750,54,Female,22.1,155.0,120.0,98.0,1,High,1,0,0
6751,70,Female,34.5,116.0,,100.0,0,Moderate,2,2,0
6752,48,Female,39.4,92.0,173.0,119.0,0,Moderate,0,0,0
6753,62,Male,38.2,151.0,258.0,119.0,1,High,0,4,0
6754,18,Female,31.1,102.0,188.0,94.0,0,Low,4,0,0
6755,65,Male,26.0,132.0,170.0,125.0,0,Low,0,2,0
6756,83,Female,27.1,120.0,255.0,141.0,0,Moderate,1,1,0
6757,55,Male,29.7,165.0,104.0,79.0,0,High,0,1,0
6758,50,Male,25.2,154.0,214.0,108.0,0,Moderate,0,0,0
6759,39,Male,34.8,146.0,141.0,,1,Low,2,2,0
6760,86,Male,16.3,139.0,195.0,60.0,0,High,2,2,0
6761,20,Female,25.9,130.0,171.0,130.0,0,Moderate,1,0,0
6762,38,Male,31.9,120.0,224.0,164.0,0,Moderate,0,0,1
6763,27,Male,22.9,135.0,267.0,91.0,1,Moderate,0,1,0
6764,80,Female,26.2,129.0,142.0,152.0,0,Moderate,2,0,0
6765,52,Male,30.8,151.0,213.0,93.0,0,High,0,1,0
6766,84,Male,35.9,130.0,296.0,111.0,0,Low,1,1,1
6767,65,Female,20.4,125.0,181.0,139.0,0,Moderate,0,1,0
6768,58,Male,20.0,120.0,175.0,71.0,0,Low,1,0,0
6769,55,Female,22.3,130.0,206.0,122.0,0,Moderate,0,1,1
6770,32,Male,19.0,112.0,217.0,85.0,0,High,0,0,0
6771,58,Male,19.4,136.0,,76.0,1,Moderate,0,2,0
6772,67,Male,22.2,123.0,190.0,85.0,0,High,3,1,0
6773,87,Male,34.3,151.0,183.0,60.0,1,Low,0,2,0
6774,57,Female,25.8,152.0,249.0,136.0,0,Moderate,0,3,0
6775,85,Male,27.7,138.0,183.0,112.0,0,Moderate,3,4,1
6776,86,Female,22.2,173.0,140.0,94.0,0,Low,2,2,0
6777,55,Female,31.0,145.0,142.0,93.0,0,Moderate,1,1,0
6778,49,Male,37.8,159.0,,128.0,0,Low,0,2,1
6779,28,Female,22.6,116.0,,122.0,0,Low,0,1,1
6780,37,Female,37.0,94.0,143.0,112.0,0,Low,0,1,0
6781,81,Male,29.5,125.0,268.0,134.0,0,Moderate,2,5,1
6782,27,Female,27.6,107.0,233.0,113.0,0,Low,1,1,0
6783,46,Male,29.7,108.0,202.0,106.0,0,Moderate,0,0,0
6784,68,Male,29.6,96.0,107.0,132.0,1,High,3,2,0
6785,35,Male,37.7,136.0,143.0,107.0,0,Moderate,0,0,0
6786,88,Male,30.4,109.0,190.0,77.0,0,Moderate,1,6,1
6787,64,Male,30.5,145.0,268.0,109.0,0,Moderate,0,0,0
6788,20,Female,25.2,149.0,158.0,103.0,1,Low,0,0,1
6789,35,Male,,107.0,158.0,106.0,0,High,0,1,0
6790,71,Male,22.2,139.0,213.0,129.0,0,Moderate,0,1,0
6791,80,Male,28.1,129.0,156.0,120.0,0,Moderate,1,3,0
6792,84,Female,43.4,150.0,211.0,125.0,0,Low,0,1,0
6793,79,Female,15.0,116.0,179.0,88.0,0,Moderate,2,1,1
6794,23,Female,28.8,113.0,284.0,110.0,0,Low,3,1,1
6795,70,Female,29.0,150.0,170.0,121.0,1,Moderate,2,1,1
6796,25,Female,26.2,115.0,256.0,105.0,0,Low,3,0,0
6797,23,Female,26.4,89.0,138.0,100.0,1,Moderate,1,2,0
6798,67,Female,28.0,151.0,213.0,72.0,0,High,3,1,0
6799,52,Female,26.1,105.0,215.0,85.0,1,Low,0,0,0
6800,64,Female,28.7,131.0,207.0,115.0,0,Moderate,2,2,0
6801,79,Male,24.8,144.0,213.0,107.0,1,Moderate,0,1,0
6802,22,Female,38.6,117.0,214.0,83.0,0,Low,1,1,0
6803,55,Female,26.1,167.0,213.0,89.0,0,High,1,0,0
6804,78,Male,30.6,147.0,202.0,86.0,0,Low,3,0,1
6805,49,Female,23.8,121.0,169.0,136.0,0,Low,1,0,0
6806,55,Female,32.6,136.0,191.0,119.0,1,Moderate,1,0,0
6807,53,Female,31.5,129.0,190.0,122.0,0,Moderate,0,0,0
6808,83,Female,29.8,137.0,204.0,107.0,0,Low,1,0,0
6809,21,Female,21.8,119.0,183.0,81.0,0,Low,0,0,0
6810,81,Female,23.4,129.0,157.0,88.0,0,Low,0,1,1
6811,76,Female,36.8,138.0,169.0,132.0,0,Low,1,0,0
6812,76,Female,23.3,126.0,240.0,93.0,0,Moderate,2,2,0
6813,47,Male,31.0,94.0,108.0,124.0,0,Moderate,1,1,0
6814,55,Male,22.3,145.0,243.0,102.0,1,Moderate,0,1,0
6815,44,Male,33.0,114.0,171.0,121.0,0,Moderate,0,2,0
6816,36,Female,23.7,122.0,251.0,109.0,1,Low,1,1,0
6817,81,Female,22.2,124.0,257.0,85.0,1,Moderate,1,6,1
6818,54,Female,23.6,115.0,185.0,92.0,0,Low,0,2,0
6819,70,Female,24.5,115.0,196.0,125.0,0,Moderate,1,0,0
6820,25,Female,29.7,131.0,243.0,156.0,1,Low,0,1,0
6821,74,Female,27.9,152.0,255.0,130.0,0,Moderate,3,1,0
6822,65,Female,21.5,131.0,239.0,60.0,1,Moderate,0,0,1
6823,89,Male,,130.0,258.0,86.0,0,High,2,2,0
6824,27,Female,21.2,90.0,142.0,100.0,0,Low,1,0,0
6825,56,Male,31.0,140.0,206.0,82.0,0,Moderate,0,0,0
6826,54,Female,32.0,116.0,168.0,82.0,0,Low,0,0,0
6827,56,Female,27.4,109.0,156.0,95.0,0,Low,0,0,0
6828,21,Male,29.0,115.0,187.0,117.0,0,Moderate,0,0,0
6829,52,Male,37.1,120.0,180.0,135.0,0,High,0,1,0
6830,39,Male,26.6,97.0,183.0,95.0,0,Moderate,0,1,0
6831,62,Male,22.3,107.0,182.0,87.0,0,Low,2,1,0
6832,34,Female,30.7,125.0,139.0,88.0,0,Moderate,1,0,0
6833,49,Female,21.3,114.0,259.0,110.0,0,Moderate,0,1,1
6834,62,Female,26.3,137.0,207.0,115.0,0,Low,0,2,0
6835,22,Female,24.2,118.0,,125.0,1,Moderate,0,1,1
6836,74,Female,,150.0,214.0,104.0,1,Low,2,3,0
6837,69,Male,26.1,118.0,262.0,70.0,0,Moderate,1,1,0
6838,22,Male,32.4,119.0,217.0,103.0,0,Low,0,0,0
6839,22,Male,33.6,125.0,161.0,137.0,0,Low,0,1,1
6840,79,Male,32.6,125.0,191.0,68.0,0,Moderate,1,1,0
6841,38,Male,29.3,139.0,153.0,106.0,1,Moderate,1,0,0
6842,79,Male,26.1,108.0,181.0,111.0,0,Moderate,1,3,0
6843,53,Male,15.0,113.0,171.0,140.0,0,High,1,1,0
6844,42,Female,29.5,95.0,135.0,93.0,0,Moderate,0,1,0
6845,37,Female,15.0,109.0,172.0,85.0,1,Low,0,1,0
6846,65,Female,16.9,128.0,216.0,135.0,0,High,0,1,0
6847,25,Female,26.6,130.0,167.0,89.0,0,Moderate,2,1,0
6848,46,Female,29.0,121.0,201.0,136.0,0,Low,0,1,0
6849,42,Male,25.0,113.0,253.0,112.0,1,Low,0,0,0
6850,29,Male,35.9,93.0,254.0,112.0,0,Moderate,1,0,0
6851,43,Male,30.0,103.0,189.0,121.0,1,Low,0,1,0
6852,56,Female,26.1,132.0,231.0,100.0,1,High,0,2,0
6853,66,Female,35.1,145.0,197.0,175.0,0,Low,1,1,0
6854,24,Female,36.1,109.0,163.0,64.0,0,Low,1,1,0
6855,80,Female,30.3,155.0,168.0,102.0,1,Moderate,2,1,0
6856,81,Male,23.2,121.0,,93.0,0,High,0,1,0
6857,67,Female,24.5,125.0,245.0,98.0,0,High,0,2,0
6858,84,Female,19.5,132.0,164.0,123.0,0,Low,2,1,0
6859,48,Female,27.3,149.0,183.0,94.0,0,Low,0,0,0
6860,77,Female,21.7,137.0,196.0,110.0,1,Moderate,2,1,0
6861,70,Male,25.7,103.0,214.0,109.0,1,Low,0,1,0
6862,58,Male,28.9,143.0,209.0,129.0,0,Low,1,1,0
6863,30,Male,16.6,148.0,205.0,87.0,0,Low,1,3,0
6864,58,Male,20.5,124.0,,104.0,1,High,0,0,0
6865,82,Male,24.7,122.0,178.0,99.0,0,Moderate,1,0,0
6866,88,Female,27.2,152.0,179.0,80.0,0,Low,0,2,0
6867,50,Male,24.8,156.0,204.0,143.0,0,Moderate,1,0,0
6868,35,Female,26.0,133.0,243.0,84.0,0,High,3,0,0
6869,71,Female,23.6,106.0,150.0,88.0,0,High,2,2,0
6870,23,Female,19.5,128.0,194.0,72.0,0,Moderate,0,0,1
6871,28,Female,24.6,124.0,176.0,112.0,1,High,1,0,0
6872,58,Female,26.3,113.0,231.0,92.0,1,Moderate,0,2,0
6873,89,Male,25.8,159.0,238.0,143.0,0,Moderate,0,0,1
6874,41,Male,28.1,129.0,192.0,120.0,0,Moderate,0,1,0
6875,49,Male,29.8,146.0,213.0,102.0,0,High,2,1,0
6876,41,Female,31.2,105.0,165.0,87.0,0,Low,1,1,0
6877,49,Male,24.0,131.0,225.0,98.0,0,Moderate,0,1,0
6878,18,Female,18.8,99.0,232.0,107.0,1,Low,0,0,1
6879,60,Male,34.5,132.0,204.0,114.0,0,Low,0,5,0
6880,60,Male,29.6,152.0,184.0,105.0,0,Low,0,1,0
6881,40,Female,22.2,99.0,184.0,72.0,0,Low,1,1,0
6882,37,Female,29.0,99.0,219.0,166.0,0,High,2,0,0
6883,72,Female,33.4,148.0,204.0,109.0,0,Low,1,0,0
6884,31,Male,37.0,118.0,140.0,83.0,0,High,1,0,0
6885,21,Male,28.9,134.0,217.0,80.0,0,High,3,0,0
6886,20,Male,33.3,102.0,143.0,105.0,0,Moderate,1,0,0
6887,81,Male,20.8,137.0,227.0,147.0,1,High,0,1,0
6888,44,Male,27.3,134.0,121.0,101.0,0,Moderate,0,3,1
6889,25,Female,25.7,120.0,187.0,93.0,0,Moderate,1,0,0
6890,81,Female,29.4,107.0,208.0,130.0,0,Low,1,1,0
6891,28,Female,36.4,162.0,109.0,142.0,0,Moderate,0,0,0
6892,42,Male,28.9,126.0,204.0,125.0,1,Low,0,3,0
6893,19,Male,22.3,93.0,138.0,104.0,1,Low,1,0,1
6894,66,Male,20.6,136.0,,67.0,0,Low,1,2,1
6895,68,Female,36.6,138.0,188.0,99.0,0,Moderate,1,1,0
6896,72,Female,30.3,149.0,150.0,68.0,0,Low,1,3,1
6897,36,Male,30.0,135.0,148.0,103.0,0,High,0,2,0
6898,41,Male,25.6,118.0,154.0,92.0,0,Moderate,0,2,0
6899,85,Male,29.0,110.0,250.0,94.0,0,Moderate,2,1,0
6900,77,Female,22.1,142.0,240.0,105.0,0,Moderate,2,2,0
6901,20,Female,29.6,88.0,263.0,92.0,0,Moderate,0,0,0
6902,67,Female,21.0,150.0,184.0,88.0,0,High,0,1,0
6903,76,Female,25.5,122.0,187.0,90.0,1,Moderate,0,1,0
6904,58,Male,24.0,138.0,204.0,100.0,1,Low,0,3,0
6905,64,Female,,119.0,188.0,98.0,0,Moderate,0,1,0
6906,18,Male,25.6,106.0,157.0,68.0,0,High,1,0,0
6907,20,Male,22.6,102.0,182.0,111.0,0,Low,3,1,1
6908,20,Female,26.3,126.0,207.0,111.0,0,Moderate,0,0,0
6909,29,Female,27.5,108.0,104.0,117.0,0,Low,0,0,0
6910,89,Male,37.2,151.0,193.0,123.0,1,High,3,1,1
6911,63,Female,29.2,120.0,148.0,117.0,0,High,1,2,0
6912,74,Male,29.3,130.0,201.0,97.0,0,High,2,3,1
6913,39,Male,30.2,122.0,206.0,121.0,0,Low,0,1,0
6914,85,Female,32.3,140.0,255.0,142.0,0,Low,1,1,0
6915,32,Male,30.0,104.0,170.0,96.0,1,Moderate,0,0,0
6916,82,Female,29.0,147.0,215.0,96.0,0,Low,4,4,1
6917,20,Female,31.4,110.0,116.0,128.0,1,Low,0,0,0
6918,19,Female,15.0,123.0,147.0,74.0,0,Low,0,0,1
6919,23,Female,39.0,115.0,189.0,103.0,0,Low,0,1,0
6920,75,Female,36.2,143.0,156.0,129.0,0,Low,0,1,1
6921,36,Male,28.7,114.0,235.0,96.0,0,Low,2,2,0
6922,50,Female,19.7,112.0,215.0,127.0,0,Moderate,0,0,0
6923,51,Male,,132.0,,103.0,0,Low,0,0,0
6924,74,Female,23.7,126.0,151.0,79.0,0,Moderate,1,0,0
6925,43,Female,30.4,146.0,164.0,110.0,0,Moderate,0,3,0
6926,18,Female,20.4,115.0,,107.0,0,Low,0,2,0
6927,45,Male,39.7,101.0,146.0,131.0,0,Low,1,0,0
6928,38,Female,19.6,111.0,136.0,109.0,0,High,1,0,0
6929,70,Male,,116.0,196.0,,1,Low,1,3,1
6930,72,Female,15.8,150.0,234.0,119.0,1,High,0,2,0
6931,24,Female,27.3,128.0,155.0,62.0,0,Low,1,1,0
6932,75,Female,25.2,133.0,224.0,82.0,0,Low,2,1,1
6933,23,Male,33.8,120.0,169.0,116.0,0,High,0,2,0
6934,62,Male,25.2,128.0,,84.0,0,Moderate,1,1,0
6935,46,Male,33.8,137.0,163.0,106.0,1,Moderate,2,1,1
6936,39,Female,21.9,129.0,200.0,72.0,0,Moderate,0,0,0
6937,52,Female,25.9,137.0,201.0,98.0,0,High,1,1,1
6938,40,Female,26.1,118.0,242.0,116.0,1,Low,0,1,0
6939,75,Female,30.2,124.0,229.0,96.0,0,Low,0,1,0
6940,87,Male,29.5,149.0,223.0,86.0,0,Low,0,1,1
6941,76,Male,31.5,159.0,152.0,99.0,1,Moderate,1,1,0
6942,49,Male,29.0,142.0,175.0,137.0,0,Low,0,0,0
6943,54,Male,31.1,152.0,167.0,139.0,0,High,1,0,1
6944,50,Female,22.6,128.0,164.0,86.0,0,Low,1,2,0
6945,75,Female,29.6,118.0,208.0,122.0,0,Low,2,4,0
6946,57,Male,36.3,113.0,208.0,118.0,0,Low,1,0,0
6947,51,Female,18.3,147.0,206.0,126.0,0,High,1,1,0
6948,47,Male,30.2,94.0,241.0,114.0,0,Moderate,0,3,0
6949,45,Male,31.2,147.0,211.0,106.0,1,Low,0,0,0
6950,57,Male,35.5,115.0,,158.0,0,Moderate,0,2,0
6951,67,Male,31.5,162.0,211.0,87.0,0,Moderate,2,1,0
6952,49,Male,28.1,124.0,217.0,115.0,0,High,0,1,0
6953,76,Female,29.9,146.0,256.0,145.0,0,Low,1,1,1
6954,77,Female,23.5,173.0,203.0,117.0,0,Low,3,1,1
6955,48,Male,25.4,119.0,189.0,83.0,1,Low,0,1,0
6956,83,Male,20.2,131.0,252.0,,0,High,1,2,0
6957,30,Male,35.7,107.0,192.0,81.0,0,High,2,1,0
6958,85,Male,30.0,121.0,152.0,148.0,0,Low,1,0,0
6959,39,Female,22.5,116.0,121.0,69.0,0,Moderate,1,3,0
6960,58,Female,29.0,119.0,269.0,126.0,0,Moderate,0,0,0
6961,38,Male,33.9,101.0,124.0,78.0,0,Low,2,0,0
6962,49,Male,33.0,121.0,188.0,180.0,1,Low,1,0,0
6963,42,Female,22.4,129.0,225.0,63.0,0,Low,0,1,0
6964,68,Male,15.0,117.0,137.0,89.0,0,Moderate,1,0,0
6965,23,Female,29.7,113.0,140.0,140.0,1,High,2,0,0
6966,78,Female,22.6,157.0,162.0,81.0,0,Low,1,2,1
6967,83,Female,30.9,114.0,280.0,125.0,0,Low,2,2,1
6968,58,Female,32.7,159.0,276.0,106.0,0,Moderate,0,2,0
6969,57,Male,33.6,117.0,171.0,124.0,0,Moderate,0,1,1
6970,68,Female,37.1,135.0,226.0,147.0,1,Low,1,1,1
6971,32,Female,34.3,139.0,198.0,104.0,0,Low,1,0,0
6972,71,Female,37.1,158.0,195.0,158.0,0,Low,3,2,1
6973,33,Female,35.1,127.0,125.0,126.0,0,Low,0,0,0
6974,66,Female,35.6,119.0,291.0,168.0,0,High,2,2,0
6975,40,Female,27.3,109.0,121.0,84.0,0,Moderate,1,1,0
6976,71,Male,20.4,123.0,214.0,79.0,0,High,2,1,0
6977,74,Male,41.2,164.0,182.0,119.0,1,High,2,3,0
6978,33,Female,27.8,113.0,225.0,75.0,0,Moderate,0,1,0
6979,62,Male,34.3,134.0,233.0,139.0,0,High,2,2,1
6980,53,Female,24.5,109.0,159.0,100.0,0,Low,0,0,0
6981,39,Male,32.8,103.0,159.0,83.0,0,Moderate,0,2,0
6982,60,Male,15.0,129.0,141.0,67.0,0,High,0,2,0
6983,89,Female,25.2,133.0,222.0,80.0,1,Moderate,2,0,1
6984,18,Female,27.0,110.0,206.0,129.0,0,Moderate,0,0,0
6985,86,Female,30.0,114.0,196.0,121.0,1,Moderate,0,0,1
6986,79,Male,33.4,134.0,200.0,111.0,0,Low,2,0,0
6987,56,Male,21.5,152.0,270.0,,0,Low,0,0,0
6988,61,Female,31.1,115.0,236.0,105.0,0,Low,0,2,0
6989,44,Female,34.2,137.0,243.0,161.0,1,Low,0,1,1
6990,27,Female,40.4,85.0,100.0,118.0,0,Moderate,1,0,0
6991,59,Female,31.4,115.0,220.0,133.0,0,Moderate,0,1,0
6992,76,Female,25.0,104.0,218.0,94.0,0,High,3,1,1
6993,34,Male,20.5,139.0,139.0,140.0,0,Moderate,0,1,0
6994,69,Male,37.6,146.0,165.0,88.0,0,High,2,0,0
6995,71,Male,31.6,116.0,197.0,132.0,1,Low,3,2,1
6996,72,Female,27.4,137.0,155.0,86.0,1,Low,1,4,1
6997,42,Male,18.6,141.0,161.0,151.0,0,Low,0,1,0
6998,46,Female,22.4,145.0,175.0,117.0,1,Low,0,0,1
6999,47,Male,31.0,117.0,215.0,66.0,0,Moderate,0,0,0
7000,79,Male,29.4,100.0,183.0,84.0,1,Moderate,4,0,0
7001,82,Female,16.8,122.0,194.0,109.0,0,High,1,1,0
7002,47,Male,31.0,136.0,232.0,128.0,0,Low,1,0,0
7003,87,Female,18.9,172.0,,109.0,0,High,2,1,0
7004,59,Female,34.9,127.0,208.0,120.0,1,Moderate,0,1,0
7005,45,Female,28.6,114.0,207.0,99.0,0,High,1,0,0
7006,18,Male,25.0,152.0,195.0,130.0,0,Moderate,0,0,0
7007,61,Female,32.9,135.0,181.0,91.0,0,Low,1,1,0
7008,64,Female,29.4,110.0,162.0,110.0,0,Moderate,0,2,0
7009,87,Male,34.8,136.0,271.0,100.0,0,High,0,1,0
7010,69,Female,27.9,148.0,172.0,88.0,0,Low,1,1,0
7011,20,Male,28.3,113.0,138.0,95.0,1,Moderate,1,0,0
7012,58,Male,25.9,141.0,200.0,84.0,0,Low,0,2,0
7013,71,Male,28.9,107.0,177.0,122.0,0,Moderate,2,1,0
7014,53,Female,36.8,103.0,236.0,80.0,0,Moderate,1,2,0
7015,48,Female,24.7,113.0,184.0,113.0,1,Low,0,0,0
7016,76,Male,31.1,130.0,,94.0,0,Low,2,2,0
7017,62,Male,22.7,135.0,218.0,100.0,0,Low,0,1,0
7018,67,Female,16.1,141.0,189.0,85.0,0,Low,2,0,0
7019,51,Female,28.6,165.0,,94.0,0,Low,1,3,0
7020,38,Female,29.5,109.0,164.0,140.0,1,Low,2,0,0
7021,55,Male,26.9,122.0,185.0,95.0,0,Moderate,0,2,0
7022,87,Male,19.3,127.0,234.0,113.0,0,Moderate,1,1,0
7023,61,Male,29.2,146.0,209.0,127.0,0,Low,2,1,0
7024,68,Female,29.0,149.0,178.0,101.0,0,Low,0,1,0
7025,26,Female,22.6,109.0,125.0,66.0,0,Low,0,1,0
7026,89,Female,20.1,172.0,,72.0,1,Low,3,0,0
7027,35,Male,26.1,108.0,160.0,137.0,0,Low,1,1,0
7028,87,Female,31.1,154.0,215.0,124.0,0,Low,1,0,1
7029,50,Female,29.8,148.0,179.0,113.0,0,Low,0,1,0
7030,84,Male,22.7,115.0,185.0,84.0,0,Moderate,2,6,1
7031,82,Male,28.3,145.0,201.0,152.0,0,Low,2,2,1
7032,72,Female,32.4,89.0,203.0,90.0,1,Moderate,2,1,0
7033,83,Female,21.1,150.0,238.0,100.0,0,High,3,1,1
7034,61,Female,27.8,111.0,217.0,119.0,1,Low,0,2,1
7035,79,Male,34.9,144.0,289.0,82.0,0,Low,4,1,1
7036,30,Male,20.5,130.0,190.0,76.0,0,Moderate,0,0,0
7037,23,Female,33.9,133.0,156.0,103.0,0,Low,0,0,0
7038,57,Female,36.4,142.0,192.0,141.0,0,Moderate,3,0,1
7039,76,Male,26.3,135.0,230.0,93.0,0,Moderate,1,2,1
7040,73,Male,25.6,127.0,245.0,66.0,1,High,3,3,1
7041,56,Male,33.2,126.0,249.0,74.0,0,High,1,1,0
7042,55,Female,26.5,109.0,159.0,84.0,0,Low,1,0,0
7043,61,Male,15.0,125.0,249.0,60.0,0,High,0,1,0
7044,80,Male,27.0,131.0,208.0,125.0,0,Low,6,2,1
7045,78,Female,30.1,122.0,174.0,130.0,0,Moderate,2,2,0
7046,25,Female,31.6,88.0,175.0,112.0,0,Moderate,0,0,0
7047,60,Male,22.7,108.0,246.0,92.0,0,Low,0,3,0
7048,45,Male,26.0,85.0,210.0,123.0,0,Low,2,2,1
7049,75,Male,,129.0,161.0,131.0,0,Moderate,3,2,0
7050,54,Male,27.2,132.0,151.0,80.0,0,Low,1,0,0
7051,89,Male,19.1,96.0,168.0,72.0,0,Moderate,2,1,0
7052,49,Female,34.3,128.0,167.0,134.0,0,High,0,1,0
7053,66,Male,26.3,129.0,206.0,111.0,0,Low,1,2,1
7054,25,Female,33.5,97.0,140.0,130.0,0,Low,0,1,0
7055,85,Male,19.8,130.0,196.0,72.0,0,Low,2,2,0
7056,29,Female,26.8,134.0,238.0,85.0,1,Low,0,0,0
7057,45,Female,30.3,108.0,,122.0,0,Low,1,0,1
7058,78,Female,27.0,136.0,268.0,87.0,1,Moderate,0,0,1
7059,87,Female,21.0,143.0,145.0,60.0,0,Moderate,4,1,0
7060,52,Male,15.0,113.0,260.0,71.0,0,Moderate,1,1,0
7061,52,Female,35.9,142.0,199.0,112.0,0,Low,0,3,0
7062,21,Female,28.9,121.0,183.0,152.0,0,Moderate,1,0,0
7063,88,Male,,134.0,253.0,93.0,0,Moderate,4,3,1
7064,19,Male,,152.0,206.0,111.0,0,Moderate,0,0,0
7065,19,Female,30.8,130.0,108.0,163.0,0,Moderate,1,1,0
7066,52,Male,25.7,99.0,173.0,75.0,1,Moderate,2,1,0
7067,18,Female,30.2,108.0,165.0,127.0,0,Moderate,0,0,0
7068,29,Female,35.4,157.0,134.0,98.0,0,Low,0,0,0
7069,63,Male,28.0,114.0,,117.0,0,Low,1,1,0
7070,68,Female,38.0,132.0,259.0,181.0,0,Low,0,2,1
7071,39,Female,19.3,141.0,189.0,115.0,1,Moderate,0,0,0
7072,75,Male,18.7,144.0,219.0,97.0,0,Moderate,1,2,0
7073,61,Female,32.9,142.0,200.0,89.0,1,Moderate,0,1,0
7074,34,Male,23.0,131.0,191.0,95.0,0,Low,2,0,0
7075,69,Male,38.7,132.0,247.0,107.0,1,High,2,1,0
7076,60,Female,34.9,116.0,133.0,78.0,0,Low,0,0,0
7077,76,Female,36.2,141.0,226.0,63.0,1,Low,1,1,0
7078,29,Male,32.4,111.0,185.0,91.0,0,Moderate,0,1,0
7079,34,Male,22.4,112.0,160.0,98.0,0,Low,2,4,0
7080,39,Male,18.4,145.0,170.0,122.0,0,High,2,0,0
7081,42,Male,35.7,116.0,261.0,98.0,0,Moderate,0,1,0
7082,81,Male,19.3,163.0,160.0,99.0,0,Low,2,6,1
7083,70,Female,36.2,136.0,199.0,74.0,0,Low,3,3,1
7084,57,Male,31.2,125.0,260.0,90.0,0,Low,0,1,0
7085,56,Male,27.1,98.0,150.0,60.0,0,Moderate,1,1,0
7086,81,Male,29.9,170.0,193.0,167.0,0,Moderate,0,2,1
7087,50,Female,30.1,125.0,197.0,114.0,1,Low,1,1,1
7088,34,Female,26.4,85.0,203.0,108.0,0,Moderate,0,1,0
7089,27,Female,35.3,133.0,180.0,131.0,0,Low,1,0,0
7090,41,Male,35.2,121.0,156.0,182.0,0,Low,0,2,0
7091,65,Female,28.4,115.0,220.0,96.0,0,Low,1,2,0
7092,51,Female,24.2,140.0,192.0,76.0,0,Low,0,1,0
7093,48,Female,34.7,85.0,218.0,168.0,1,High,0,0,0
7094,52,Female,16.4,114.0,231.0,60.0,0,Moderate,0,2,0
7095,88,Female,29.9,134.0,158.0,143.0,0,High,1,2,0
7096,89,Female,31.6,152.0,254.0,110.0,0,Moderate,0,0,1
7097,29,Female,,153.0,175.0,111.0,0,Low,1,1,0
7098,26,Female,32.9,113.0,214.0,76.0,0,Low,0,0,0
7099,35,Female,27.4,127.0,206.0,173.0,0,Moderate,0,1,0
7100,79,Female,24.5,179.0,280.0,92.0,0,Low,0,2,1
7101,51,Male,,125.0,196.0,95.0,0,Moderate,1,2,0
7102,80,Female,21.5,143.0,195.0,112.0,0,High,1,1,0
7103,64,Male,32.3,110.0,,96.0,1,Low,1,2,1
7104,57,Female,16.6,159.0,159.0,101.0,1,High,0,1,0
7105,38,Male,29.1,109.0,220.0,75.0,0,High,0,0,0
7106,42,Female,27.7,126.0,149.0,110.0,0,Low,0,0,0
7107,28,Female,24.5,121.0,214.0,86.0,1,Moderate,1,0,0
7108,55,Female,29.6,128.0,189.0,88.0,0,Low,1,0,0
7109,38,Male,27.1,114.0,122.0,81.0,0,Low,1,0,0
7110,39,Female,33.3,125.0,246.0,137.0,0,Low,0,1,0
7111,20,Female,30.6,143.0,100.0,101.0,0,Low,0,1,0
7112,75,Male,30.0,170.0,204.0,104.0,0,High,1,0,0
7113,85,Male,29.1,134.0,221.0,119.0,0,High,0,1,0
7114,53,Female,,119.0,109.0,,0,Low,2,1,0
7115,56,Female,,114.0,215.0,79.0,1,Low,0,0,0
7116,84,Female,28.9,180.0,187.0,113.0,0,Moderate,1,2,1
7117,54,Male,26.5,128.0,188.0,81.0,0,Moderate,3,3,1
7118,62,Male,33.6,147.0,252.0,109.0,1,Low,2,1,1
7119,48,Female,28.0,135.0,199.0,,1,High,2,0,0
7120,55,Female,29.6,162.0,184.0,60.0,0,Moderate,1,1,0
7121,55,Female,19.8,123.0,191.0,71.0,0,Low,1,1,0
7122,69,Male,32.7,114.0,272.0,107.0,0,Moderate,0,4,0
7123,61,Male,24.3,159.0,216.0,111.0,0,Low,0,1,1
7124,54,Male,21.8,141.0,163.0,129.0,1,Low,1,0,0
7125,23,Female,36.6,123.0,163.0,74.0,0,Low,0,1,0
7126,83,Female,31.3,161.0,166.0,148.0,0,Low,3,2,0
7127,81,Male,32.9,144.0,193.0,127.0,0,High,0,1,0
7128,31,Male,30.0,143.0,,103.0,0,Moderate,0,1,0
7129,39,Female,27.0,125.0,183.0,67.0,1,High,2,0,0
7130,88,Male,26.0,153.0,163.0,89.0,0,Moderate,2,1,0
7131,41,Male,31.8,130.0,207.0,138.0,0,Moderate,0,1,1
7132,76,Male,33.7,129.0,,115.0,0,Moderate,0,1,0
7133,74,Female,27.1,130.0,228.0,100.0,0,Low,1,0,0
7134,79,Female,38.9,129.0,200.0,96.0,0,Low,0,4,0
7135,19,Female,26.4,118.0,234.0,123.0,0,Low,2,0,1
7136,52,Male,19.8,118.0,161.0,91.0,0,Moderate,0,2,1
7137,58,Female,18.0,135.0,155.0,86.0,0,High,2,1,0
7138,78,Female,18.2,141.0,245.0,90.0,0,Low,1,1,1
7139,34,Male,25.2,123.0,111.0,86.0,0,Low,2,0,0
7140,40,Female,26.2,125.0,183.0,83.0,0,High,1,1,0
7141,30,Male,31.3,109.0,215.0,72.0,0,Low,1,0,0
7142,72,Female,,128.0,123.0,89.0,0,Low,0,3,0
7143,89,Female,32.1,112.0,,65.0,0,Low,1,2,0
7144,28,Female,27.7,115.0,127.0,119.0,0,Low,0,2,0
7145,34,Female,27.6,104.0,117.0,88.0,1,Low,2,0,0
7146,40,Female,24.3,123.0,149.0,91.0,0,Moderate,1,1,0
7147,82,Female,35.3,125.0,204.0,116.0,1,Low,0,1,1
7148,50,Male,19.1,92.0,168.0,73.0,1,Moderate,2,1,0
7149,38,Male,29.2,157.0,231.0,78.0,0,Moderate,0,0,0
7150,41,Female,26.5,118.0,194.0,110.0,1,Low,1,3,0
7151,61,Male,31.8,152.0,182.0,161.0,0,High,0,0,0
7152,45,Female,27.4,115.0,143.0,129.0,0,High,0,1,0
7153,28,Female,27.5,144.0,193.0,139.0,1,High,0,2,0
7154,77,Male,26.0,116.0,287.0,70.0,0,Low,1,1,0
7155,48,Female,35.2,127.0,167.0,112.0,0,Moderate,1,0,0
7156,36,Male,27.5,103.0,166.0,101.0,0,Moderate,1,0,1
7157,70,Male,38.3,174.0,165.0,158.0,1,Low,0,3,1
7158,71,Female,29.0,128.0,250.0,132.0,1,Moderate,1,0,0
7159,29,Male,27.6,131.0,220.0,102.0,0,Moderate,1,0,0
7160,23,Male,26.7,123.0,165.0,60.0,0,Low,0,1,0
7161,21,Male,30.6,114.0,158.0,80.0,0,Moderate,0,0,0
7162,73,Female,24.3,141.0,,118.0,1,High,1,2,0
7163,63,Male,28.3,151.0,191.0,98.0,0,Moderate,1,3,0
7164,75,Male,27.5,144.0,246.0,103.0,0,High,1,1,0
7165,63,Male,29.3,132.0,203.0,124.0,0,Low,3,3,1
7166,46,Female,29.4,132.0,242.0,138.0,0,Moderate,2,0,0
7167,60,Male,29.7,159.0,173.0,89.0,0,Moderate,0,2,0
7168,70,Male,28.0,125.0,117.0,122.0,0,Low,2,1,0
7169,46,Female,36.1,94.0,292.0,160.0,0,Low,0,1,0
7170,83,Female,29.8,119.0,220.0,146.0,0,Low,3,1,0
7171,82,Female,41.8,120.0,241.0,112.0,0,Moderate,0,1,0
7172,75,Male,27.8,120.0,178.0,114.0,0,Low,0,1,0
7173,89,Male,32.8,125.0,163.0,133.0,0,Low,1,1,0
7174,46,Male,23.5,123.0,,101.0,0,High,0,2,0
7175,26,Male,35.2,121.0,107.0,110.0,0,High,1,0,0
7176,52,Male,23.6,129.0,186.0,60.0,0,Moderate,0,0,0
7177,71,Female,30.0,121.0,244.0,87.0,0,Moderate,0,4,1
7178,74,Male,26.0,149.0,224.0,86.0,0,Moderate,2,0,0
7179,45,Female,30.0,132.0,202.0,76.0,0,Moderate,1,1,0
7180,39,Female,26.2,146.0,256.0,107.0,0,Moderate,1,0,0
7181,50,Male,23.2,139.0,209.0,122.0,1,Moderate,1,1,0
7182,75,Female,26.0,128.0,135.0,93.0,1,Low,1,1,0
7183,22,Female,36.0,136.0,175.0,60.0,0,Low,0,0,0
7184,41,Male,30.1,126.0,264.0,106.0,0,Moderate,0,1,0
7185,34,Male,20.4,132.0,175.0,103.0,0,Moderate,0,2,0
7186,76,Female,33.5,146.0,279.0,119.0,0,High,0,1,1
7187,51,Male,22.6,123.0,234.0,80.0,1,Low,0,0,0
7188,24,Male,31.6,118.0,166.0,80.0,0,Moderate,1,0,0
7189,36,Male,30.5,118.0,147.0,133.0,0,Moderate,0,0,0
7190,21,Male,30.9,101.0,193.0,120.0,0,Moderate,0,1,0
7191,52,Male,37.7,91.0,244.0,102.0,0,Moderate,1,0,0
7192,89,Female,22.9,128.0,155.0,60.0,0,High,0,2,0
7193,58,Female,30.9,131.0,204.0,116.0,0,High,0,2,0
7194,80,Female,34.4,153.0,132.0,92.0,1,High,0,3,0
7195,71,Female,24.0,145.0,193.0,111.0,0,Moderate,1,1,0
7196,81,Female,23.4,131.0,148.0,104.0,0,Low,2,1,1
7197,40,Female,25.9,111.0,211.0,157.0,0,Moderate,1,1,0
7198,86,Male,29.3,135.0,187.0,106.0,0,Moderate,1,3,0
7199,35,Male,19.7,104.0,232.0,147.0,0,High,0,0,0
7200,49,Male,30.5,91.0,174.0,112.0,1,Moderate,0,1,0
7201,67,Female,19.8,106.0,180.0,78.0,0,High,1,0,0
7202,38,Female,34.6,143.0,128.0,88.0,0,Moderate,0,1,0
7203,37,Female,30.3,150.0,203.0,87.0,1,Moderate,1,0,0
7204,27,Male,38.0,129.0,202.0,132.0,0,High,1,2,0
7205,18,Male,31.2,113.0,,114.0,1,Low,0,0,0
7206,54,Male,25.8,104.0,222.0,60.0,0,High,1,1,0
7207,89,Male,,136.0,230.0,126.0,0,High,2,0,0
7208,33,Female,28.8,129.0,209.0,146.0,0,High,1,2,0
7209,49,Male,27.3,138.0,,60.0,0,Low,0,1,0
7210,85,Female,34.0,148.0,247.0,,0,High,1,5,1
7211,73,Female,22.4,152.0,148.0,142.0,1,Low,0,0,1
7212,18,Male,38.6,145.0,161.0,75.0,1,Low,0,0,0
7213,54,Female,34.5,120.0,135.0,103.0,0,Low,0,1,0
7214,28,Male,26.4,162.0,197.0,82.0,0,Low,1,1,0
7215,35,Male,37.4,87.0,,145.0,0,Low,1,0,0
7216,35,Female,23.2,107.0,222.0,,0,High,1,1,0
7217,62,Female,28.6,132.0,178.0,95.0,0,Moderate,1,0,1
7218,32,Male,20.5,127.0,205.0,107.0,0,Moderate,2,0,0
7219,36,Female,37.7,117.0,201.0,161.0,0,High,0,0,0
7220,34,Male,18.4,111.0,196.0,91.0,1,High,0,1,0
7221,43,Male,19.6,158.0,142.0,82.0,0,High,0,1,0
7222,65,Male,,122.0,252.0,93.0,0,High,2,1,0
7223,46,Male,34.8,107.0,148.0,133.0,0,High,1,0,0
7224,41,Female,,149.0,177.0,79.0,0,Low,0,0,0
7225,55,Female,28.2,140.0,234.0,106.0,0,Moderate,0,1,1
7226,62,Female,33.1,147.0,187.0,89.0,0,Moderate,0,5,1
7227,19,Female,26.9,117.0,183.0,74.0,1,Low,1,0,0
7228,82,Male,29.8,114.0,216.0,60.0,0,Low,1,2,0
7229,83,Female,36.6,138.0,214.0,105.0,0,Moderate,2,3,1
7230,61,Male,26.1,105.0,205.0,132.0,0,High,2,3,1
7231,59,Female,23.3,132.0,,60.0,0,Moderate,1,1,0
7232,68,Female,30.1,142.0,207.0,123.0,0,Moderate,3,0,1
7233,49,Female,31.6,142.0,160.0,95.0,0,Low,0,2,0
7234,44,Female,28.1,121.0,,79.0,0,Low,0,2,0
7235,43,Male,33.0,135.0,229.0,122.0,0,High,0,1,0
7236,29,Female,26.4,103.0,224.0,138.0,0,Low,0,1,0
7237,78,Female,28.2,150.0,222.0,146.0,0,Moderate,1,0,1
7238,41,Male,29.6,133.0,,116.0,0,Low,0,0,0
7239,38,Female,29.1,108.0,154.0,106.0,0,Low,0,1,0
7240,87,Female,36.4,146.0,121.0,,0,Moderate,1,2,0
7241,54,Male,29.5,144.0,188.0,,0,Moderate,0,2,0
7242,62,Female,25.8,130.0,129.0,96.0,0,Low,0,2,0
7243,35,Male,30.4,107.0,195.0,139.0,0,High,1,2,0
7244,37,Female,33.0,123.0,238.0,98.0,0,Low,0,1,0
7245,70,Male,31.8,141.0,182.0,90.0,0,Moderate,0,0,0
7246,50,Male,31.5,112.0,174.0,157.0,0,Moderate,0,1,0
7247,28,Female,19.3,101.0,146.0,94.0,1,Moderate,0,0,0
7248,78,Female,15.0,143.0,211.0,94.0,0,Moderate,2,0,0
7249,46,Female,34.5,137.0,192.0,130.0,0,Low,0,1,1
7250,66,Male,29.9,165.0,164.0,86.0,1,Moderate,1,1,0
7251,42,Female,27.4,133.0,226.0,94.0,0,Low,0,1,0
7252,58,Male,31.3,108.0,302.0,94.0,1,Low,1,1,0
7253,73,Female,38.1,166.0,252.0,129.0,0,Low,1,1,0
7254,81,Male,35.3,153.0,206.0,126.0,1,Moderate,2,1,1
7255,32,Female,32.8,87.0,181.0,98.0,0,High,0,2,0
7256,66,Female,22.6,114.0,183.0,152.0,0,Low,3,5,1
7257,83,Male,23.3,129.0,191.0,99.0,0,Moderate,1,0,0
7258,64,Male,15.0,143.0,238.0,91.0,0,Moderate,0,1,0
7259,28,Female,,85.0,222.0,146.0,0,Low,2,1,0
7260,31,Female,33.6,116.0,141.0,91.0,0,Moderate,2,1,0
7261,32,Male,34.0,131.0,200.0,101.0,0,High,1,0,0
7262,25,Female,31.2,85.0,225.0,118.0,0,High,0,0,0
7263,72,Male,26.7,145.0,193.0,66.0,0,Moderate,2,2,0
7264,87,Female,24.4,152.0,205.0,95.0,0,Moderate,2,3,1
7265,55,Male,23.0,113.0,224.0,153.0,0,Low,0,2,1
7266,61,Male,26.6,110.0,,152.0,0,Low,1,0,1
7267,73,Female,22.1,119.0,223.0,121.0,0,Moderate,4,0,1
7268,47,Female,37.2,85.0,203.0,150.0,1,Low,2,1,0
7269,52,Male,20.3,120.0,211.0,108.0,0,Moderate,1,0,0
7270,60,Male,26.4,132.0,189.0,93.0,0,Low,1,2,0
7271,39,Male,16.9,102.0,,134.0,0,Moderate,3,2,0
7272,22,Male,29.1,131.0,,83.0,0,Moderate,0,1,0
7273,58,Female,27.5,129.0,222.0,131.0,0,High,0,2,0
7274,77,Male,25.5,139.0,213.0,90.0,0,Low,1,2,0
7275,23,Female,22.4,109.0,199.0,87.0,0,High,0,1,0
7276,33,Male,27.5,131.0,155.0,120.0,0,Moderate,0,1,0
7277,36,Male,24.5,141.0,192.0,154.0,1,Moderate,3,1,0
7278,75,Female,26.7,127.0,210.0,142.0,0,Moderate,4,0,0
7279,54,Male,,139.0,246.0,130.0,0,Low,1,1,1
7280,56,Male,28.4,139.0,230.0,109.0,0,Low,0,1,0
7281,64,Male,30.4,137.0,,130.0,0,Moderate,0,1,0
7282,37,Male,24.9,147.0,208.0,138.0,0,High,1,0,1
7283,69,Female,23.2,120.0,176.0,60.0,0,High,0,2,0
7284,20,Female,27.4,108.0,100.0,102.0,0,Low,1,2,0
7285,26,Male,41.3,104.0,249.0,98.0,0,Low,0,1,0
7286,76,Male,25.9,146.0,194.0,98.0,1,Moderate,0,2,1
7287,65,Male,29.5,126.0,242.0,76.0,0,Moderate,1,3,0
7288,30,Male,22.9,107.0,160.0,60.0,1,Low,1,0,0
7289,49,Male,15.0,151.0,164.0,60.0,0,Moderate,0,1,0
7290,21,Male,23.2,144.0,160.0,85.0,0,Moderate,0,1,0
7291,66,Female,40.6,125.0,213.0,139.0,0,High,0,0,0
7292,72,Male,30.8,111.0,213.0,89.0,0,Low,1,0,0
7293,38,Female,,151.0,208.0,96.0,0,High,0,0,0
7294,43,Female,25.6,130.0,173.0,113.0,1,High,1,2,0
7295,35,Male,15.0,126.0,189.0,96.0,0,Moderate,0,1,0
7296,46,Male,21.4,125.0,161.0,141.0,1,High,2,3,0
7297,37,Male,29.7,108.0,244.0,133.0,0,Moderate,0,1,0
7298,35,Male,28.8,113.0,138.0,81.0,0,Moderate,2,0,0
7299,48,Male,27.4,135.0,163.0,88.0,0,Moderate,2,2,0
7300,79,Female,24.6,128.0,193.0,121.0,0,Moderate,2,4,0
7301,72,Male,32.7,140.0,297.0,90.0,0,Low,3,2,1
7302,39,Male,24.7,121.0,219.0,93.0,0,Low,1,0,1
7303,85,Female,29.2,120.0,180.0,64.0,0,High,0,3,1
7304,33,Female,28.6,145.0,218.0,73.0,0,Low,1,0,0
7305,83,Female,,146.0,231.0,136.0,0,Moderate,2,2,1
7306,40,Female,22.7,127.0,200.0,103.0,0,High,0,1,0
7307,56,Male,25.1,136.0,224.0,86.0,1,Moderate,0,1,0
7308,32,Male,37.8,90.0,188.0,107.0,0,Moderate,2,0,0
7309,72,Male,33.6,125.0,212.0,159.0,0,High,6,2,1
7310,40,Male,33.1,97.0,131.0,96.0,0,Low,2,0,1
7311,80,Male,23.2,137.0,265.0,112.0,0,Low,0,2,1
7312,23,Male,19.6,121.0,164.0,117.0,0,Moderate,0,0,0
7313,54,Male,33.5,129.0,150.0,152.0,0,High,0,1,0
7314,29,Male,32.5,137.0,165.0,91.0,0,Moderate,0,0,0
7315,82,Female,28.3,112.0,193.0,70.0,0,Low,2,2,1
7316,48,Male,25.5,112.0,164.0,74.0,1,Moderate,0,1,0
7317,66,Male,19.4,137.0,233.0,113.0,0,Moderate,1,1,0
7318,81,Female,32.3,140.0,248.0,164.0,1,Low,3,1,1
7319,56,Female,34.0,106.0,124.0,135.0,0,Low,1,2,1
7320,22,Male,23.8,134.0,161.0,83.0,0,High,0,2,0
7321,33,Male,23.3,144.0,170.0,131.0,1,Moderate,0,1,0
7322,33,Male,34.3,126.0,180.0,103.0,0,High,0,1,0
7323,83,Male,24.0,112.0,276.0,79.0,0,Low,3,0,0
7324,83,Male,37.3,139.0,181.0,111.0,0,Low,0,2,1
7325,52,Female,26.9,131.0,255.0,90.0,0,Low,1,2,0
7326,82,Female,25.4,132.0,205.0,85.0,1,Moderate,3,2,0
7327,35,Male,27.7,141.0,247.0,138.0,0,High,0,2,0
7328,66,Female,25.4,129.0,191.0,89.0,1,High,2,3,0
7329,46,Female,33.7,157.0,177.0,73.0,0,Low,1,1,0
7330,35,Male,32.4,132.0,187.0,128.0,0,Low,0,0,0
7331,36,Male,33.5,125.0,237.0,89.0,0,Moderate,0,0,0
7332,48,Female,28.5,139.0,200.0,83.0,0,Low,0,4,1
7333,42,Male,25.0,147.0,199.0,120.0,0,Moderate,0,4,0
7334,33,Male,27.5,133.0,211.0,87.0,0,Low,2,1,0
7335,42,Male,25.2,121.0,158.0,91.0,0,High,0,1,0
7336,27,Female,35.6,106.0,196.0,118.0,0,Moderate,2,1,0
7337,87,Male,33.0,120.0,190.0,106.0,1,Low,2,3,1
7338,45,Female,27.0,85.0,248.0,94.0,1,Moderate,1,0,0
7339,25,Male,22.4,119.0,198.0,60.0,0,High,1,1,0
7340,59,Female,36.0,122.0,226.0,113.0,0,High,1,0,0
7341,81,Male,28.3,131.0,133.0,149.0,1,Low,1,1,0
7342,43,Male,26.8,139.0,218.0,121.0,0,Moderate,1,0,0
7343,78,Male,36.0,133.0,202.0,108.0,1,Low,1,2,1
7344,61,Male,24.7,159.0,146.0,114.0,0,High,2,2,0
7345,71,Female,25.7,123.0,209.0,119.0,0,Moderate,2,2,0
7346,39,Female,26.2,106.0,132.0,82.0,0,Moderate,1,0,0
7347,20,Male,20.3,94.0,203.0,128.0,0,Low,0,0,0
7348,42,Male,29.2,134.0,245.0,112.0,0,Low,0,2,1
7349,84,Male,23.3,155.0,144.0,92.0,0,Moderate,2,1,0
7350,74,Male,,124.0,206.0,143.0,0,Moderate,2,1,0
7351,74,Male,23.6,116.0,201.0,60.0,0,Low,1,1,0
7352,81,Female,24.3,160.0,135.0,71.0,0,Low,0,1,1
7353,44,Male,22.9,100.0,227.0,116.0,0,Moderate,0,1,0
7354,41,Female,28.9,138.0,214.0,125.0,0,Low,0,0,0
7355,84,Male,26.6,128.0,289.0,147.0,0,Low,1,1,1
7356,59,Female,27.8,135.0,218.0,60.0,0,Moderate,0,2,1
7357,39,Female,40.4,138.0,156.0,146.0,1,High,0,1,0
7358,38,Female,26.6,128.0,209.0,72.0,0,Moderate,1,2,0
7359,81,Female,30.8,131.0,259.0,121.0,0,Low,1,0,0
7360,21,Female,31.5,137.0,163.0,110.0,0,Low,0,0,0
7361,22,Male,27.2,120.0,213.0,127.0,0,Low,0,2,0
7362,71,Male,29.0,191.0,116.0,102.0,1,Low,1,2,0
7363,18,Male,27.6,87.0,235.0,132.0,0,Low,0,0,0
7364,30,Female,28.6,90.0,215.0,86.0,0,Low,1,1,0
7365,89,Female,24.3,155.0,118.0,99.0,0,Moderate,0,3,0
7366,48,Female,24.8,124.0,209.0,107.0,0,Moderate,0,0,0
7367,70,Male,27.6,145.0,130.0,149.0,0,Low,2,4,0
7368,53,Female,16.7,108.0,173.0,112.0,0,Low,0,0,0
7369,24,Male,,117.0,208.0,122.0,0,Low,1,0,0
7370,31,Male,39.4,126.0,180.0,139.0,0,Low,1,0,0
7371,72,Female,28.4,124.0,254.0,135.0,1,High,3,0,0
7372,24,Male,31.2,120.0,184.0,121.0,1,High,0,2,0
7373,60,Male,33.4,107.0,199.0,87.0,0,Low,0,2,0
7374,43,Female,20.2,129.0,233.0,112.0,0,Low,0,0,0
7375,44,Female,32.6,146.0,179.0,,1,Low,0,1,0
7376,86,Male,25.2,118.0,212.0,93.0,1,High,2,0,1
7377,61,Male,40.1,108.0,205.0,103.0,1,Moderate,2,2,0
7378,62,Male,26.5,148.0,198.0,119.0,0,High,1,1,0
7379,43,Male,32.5,101.0,236.0,126.0,1,Moderate,0,1,0
7380,45,Female,26.5,137.0,167.0,79.0,0,Low,0,0,0
7381,67,Female,39.6,132.0,172.0,94.0,0,High,3,2,1
7382,20,Female,24.7,108.0,140.0,151.0,0,High,2,1,1
7383,35,Female,33.9,143.0,106.0,137.0,0,Low,0,0,0
7384,61,Male,30.9,144.0,257.0,113.0,0,Low,0,0,0
7385,62,Male,29.7,134.0,167.0,125.0,0,High,0,1,0
7386,24,Male,28.8,85.0,173.0,95.0,0,High,0,0,0
7387,74,Female,23.8,145.0,266.0,96.0,1,Moderate,0,0,0
7388,57,Male,15.0,110.0,193.0,89.0,1,Low,2,2,1
7389,35,Male,33.4,116.0,207.0,139.0,1,Low,2,2,1
7390,72,Female,24.8,133.0,152.0,65.0,0,Moderate,0,0,0
7391,89,Female,33.9,169.0,268.0,88.0,0,Low,0,3,0
7392,48,Male,29.4,120.0,189.0,77.0,1,Low,0,5,0
7393,38,Male,34.1,98.0,150.0,137.0,0,Low,0,2,0
7394,39,Male,31.9,145.0,151.0,109.0,0,Moderate,0,0,0
7395,60,Male,15.0,140.0,264.0,64.0,1,Moderate,3,2,1
7396,21,Male,30.9,127.0,158.0,105.0,0,High,3,0,0
7397,52,Female,,150.0,158.0,87.0,0,Low,0,0,0
7398,19,Male,33.9,142.0,163.0,77.0,0,High,0,0,0
7399,20,Male,30.8,100.0,182.0,143.0,1,Low,0,1,0
7400,48,Male,30.8,102.0,200.0,106.0,1,High,0,0,1
7401,71,Male,26.0,146.0,222.0,137.0,1,Moderate,1,0,0
7402,81,Male,22.5,132.0,219.0,61.0,0,Low,1,1,0
7403,24,Male,25.1,113.0,207.0,115.0,0,High,0,0,0
7404,35,Female,17.6,102.0,,60.0,1,Moderate,0,1,0
7405,48,Male,24.3,134.0,273.0,165.0,1,Moderate,0,2,0
7406,59,Male,19.4,135.0,181.0,60.0,1,High,0,1,0
7407,89,Female,19.6,136.0,266.0,141.0,0,Moderate,2,3,0
7408,67,Male,28.1,109.0,181.0,106.0,0,Low,0,1,0
7409,56,Male,30.4,146.0,144.0,105.0,0,Low,0,0,0
7410,22,Male,27.3,119.0,118.0,121.0,0,Low,2,2,0
7411,23,Male,24.8,133.0,193.0,78.0,0,High,1,0,0
7412,29,Male,22.3,85.0,229.0,119.0,0,High,1,0,0
7413,65,Female,25.8,131.0,159.0,126.0,0,Moderate,1,1,0
7414,41,Male,23.0,110.0,157.0,100.0,0,Moderate,0,1,0
7415,35,Female,27.2,120.0,202.0,112.0,1,Low,1,0,0
7416,66,Male,19.1,146.0,203.0,144.0,0,High,2,0,0
7417,76,Female,31.4,140.0,186.0,128.0,1,Moderate,2,1,0
7418,49,Male,24.4,125.0,146.0,81.0,0,Moderate,1,1,0
7419,81,Male,29.6,136.0,222.0,128.0,1,High,2,2,0
7420,70,Male,32.4,107.0,230.0,99.0,0,High,2,2,0
7421,69,Female,29.3,117.0,223.0,89.0,0,Moderate,0,3,0
7422,80,Female,31.9,153.0,211.0,125.0,1,Moderate,3,2,1
7423,31,Male,16.1,110.0,145.0,63.0,0,Low,0,0,1
7424,72,Male,24.8,151.0,218.0,103.0,0,Low,1,1,1
7425,86,Male,33.6,151.0,222.0,132.0,1,Moderate,3,3,1
7426,89,Female,30.3,153.0,165.0,159.0,0,High,3,1,1
7427,59,Male,,133.0,188.0,137.0,0,Moderate,0,1,0
7428,72,Female,36.9,126.0,220.0,81.0,0,High,6,1,1
7429,81,Male,,133.0,208.0,74.0,0,Low,1,1,0
7430,79,Male,26.1,145.0,135.0,149.0,0,Moderate,1,0,1
7431,82,Female,22.2,102.0,187.0,82.0,1,High,2,2,0
7432,77,Male,24.9,154.0,182.0,63.0,0,Moderate,1,0,0
7433,45,Male,25.3,115.0,,76.0,0,Low,1,3,0
7434,70,Male,24.2,131.0,304.0,122.0,0,High,3,0,0
7435,47,Female,22.4,123.0,199.0,101.0,0,Low,1,1,0
7436,75,Male,29.7,133.0,162.0,126.0,1,Low,2,3,1
7437,76,Male,36.8,113.0,,118.0,1,Moderate,1,1,0
7438,85,Female,32.6,140.0,213.0,84.0,1,Low,1,0,0
7439,60,Female,25.7,138.0,229.0,60.0,0,High,0,0,0
7440,52,Male,33.1,93.0,243.0,92.0,0,Moderate,0,1,0
7441,29,Male,29.4,97.0,237.0,,0,Moderate,0,2,0
7442,63,Female,27.3,144.0,222.0,75.0,0,High,1,2,0
7443,58,Male,26.9,139.0,199.0,130.0,0,Low,0,1,1
7444,55,Male,26.4,132.0,254.0,78.0,0,Moderate,1,0,0
7445,66,Female,31.1,120.0,190.0,68.0,1,Moderate,1,0,0
7446,79,Female,28.3,147.0,212.0,107.0,0,Low,2,2,0
7447,28,Male,23.5,98.0,175.0,120.0,0,Low,1,0,0
7448,49,Female,23.2,122.0,114.0,138.0,0,Moderate,1,4,1
7449,70,Female,29.2,111.0,253.0,66.0,1,High,0,0,0
7450,77,Female,29.9,132.0,234.0,146.0,0,Moderate,1,1,0
7451,74,Male,25.8,117.0,117.0,108.0,0,Moderate,0,1,0
7452,75,Female,21.3,146.0,246.0,81.0,1,Moderate,1,2,1
7453,79,Female,34.4,142.0,198.0,133.0,0,Low,2,0,0
7454,87,Female,33.2,129.0,251.0,149.0,1,Low,1,3,1
7455,61,Female,16.6,146.0,203.0,,1,Moderate,0,4,0
7456,35,Male,34.9,104.0,136.0,105.0,0,Moderate,1,2,0
7457,58,Male,26.4,127.0,200.0,90.0,0,Low,0,2,0
7458,69,Male,28.5,122.0,170.0,123.0,0,Low,2,0,0
7459,25,Female,33.8,128.0,136.0,152.0,0,Moderate,0,0,0
7460,72,Male,36.6,143.0,239.0,120.0,0,Moderate,1,1,1
7461,57,Male,33.0,148.0,213.0,106.0,0,High,0,1,0
7462,85,Male,28.8,139.0,269.0,119.0,0,High,1,3,1
7463,33,Male,19.9,85.0,172.0,89.0,0,Moderate,0,0,0
7464,83,Female,16.4,130.0,175.0,60.0,0,Moderate,1,1,0
7465,50,Female,32.3,150.0,219.0,126.0,1,High,0,0,0
7466,59,Male,34.9,123.0,168.0,142.0,0,Moderate,0,0,1
7467,65,Female,23.0,100.0,191.0,127.0,0,Low,3,3,0
7468,59,Male,26.0,135.0,219.0,74.0,0,Moderate,0,2,0
7469,83,Female,24.4,145.0,207.0,117.0,0,Low,2,0,0
7470,30,Female,24.3,106.0,166.0,141.0,0,High,0,0,0
7471,70,Male,33.4,128.0,152.0,180.0,0,High,0,4,0
7472,88,Male,28.7,125.0,250.0,120.0,0,Low,2,5,1
7473,33,Female,26.2,127.0,172.0,129.0,0,Low,0,2,0
7474,36,Female,42.1,121.0,211.0,100.0,0,High,0,1,0
7475,52,Female,19.6,107.0,214.0,65.0,0,High,0,1,0
7476,70,Male,30.5,132.0,246.0,136.0,1,Moderate,1,0,1
7477,87,Male,21.7,126.0,205.0,60.0,0,Moderate,2,1,0
7478,75,Female,26.6,157.0,194.0,108.0,0,High,0,1,1
7479,75,Female,28.3,148.0,165.0,144.0,0,Moderate,1,0,0
7480,49,Female,32.1,123.0,174.0,131.0,1,High,3,0,0
7481,64,Male,26.1,131.0,215.0,122.0,0,Low,1,0,1
7482,33,Male,25.5,135.0,,102.0,0,Low,0,1,0
7483,51,Female,26.0,123.0,207.0,93.0,0,Moderate,0,1,0
7484,31,Female,21.6,130.0,241.0,153.0,0,Moderate,0,2,0
7485,19,Female,31.0,138.0,163.0,143.0,0,Low,1,1,0
7486,79,Male,29.0,127.0,160.0,130.0,0,Low,0,1,0
7487,75,Female,29.9,160.0,192.0,110.0,0,High,2,1,0
7488,54,Female,27.1,148.0,143.0,90.0,1,Moderate,1,1,0
7489,19,Female,26.4,118.0,230.0,132.0,1,Low,0,1,0
7490,24,Female,34.0,109.0,185.0,107.0,1,Low,0,2,0
7491,26,Female,33.1,120.0,155.0,116.0,0,High,0,0,0
7492,69,Male,35.3,128.0,183.0,133.0,0,Low,1,2,0
7493,32,Female,29.5,106.0,141.0,114.0,1,Moderate,1,0,0
7494,36,Female,34.9,129.0,226.0,156.0,0,Moderate,1,0,1
7495,79,Female,25.2,119.0,279.0,68.0,0,High,0,1,0
7496,81,Female,26.4,130.0,154.0,106.0,0,Moderate,2,2,1
7497,72,Male,34.1,127.0,246.0,171.0,1,Moderate,0,3,1
7498,40,Female,32.1,100.0,181.0,135.0,1,Moderate,0,0,0
7499,59,Female,25.9,139.0,248.0,98.0,0,High,0,0,0
7500,32,Female,21.7,115.0,116.0,118.0,1,Low,2,0,0
7501,79,Female,26.4,156.0,218.0,103.0,0,Low,1,3,1
7502,24,Female,23.7,112.0,166.0,139.0,0,Low,0,0,0
7503,71,Male,37.0,126.0,231.0,140.0,0,High,1,3,0
7504,54,Male,31.7,112.0,199.0,89.0,0,Moderate,1,0,0
7505,72,Female,23.3,133.0,207.0,106.0,0,Low,1,2,1
7506,50,Female,21.8,126.0,191.0,109.0,0,Low,0,0,0
7507,29,Male,23.2,130.0,244.0,112.0,0,Moderate,1,0,0
7508,72,Female,24.4,134.0,199.0,110.0,0,Low,0,1,0
7509,63,Male,26.6,163.0,234.0,119.0,0,Moderate,0,3,1
7510,51,Male,33.6,133.0,219.0,125.0,0,Low,0,1,0
7511,44,Female,22.2,107.0,226.0,80.0,1,Moderate,0,1,0
7512,42,Male,40.1,105.0,152.0,111.0,0,Low,1,0,0
7513,52,Male,22.3,134.0,223.0,92.0,0,Moderate,0,1,0
7514,36,Male,19.8,104.0,201.0,97.0,0,Low,2,0,0
7515,38,Male,36.8,130.0,144.0,112.0,0,Moderate,0,0,0
7516,38,Male,34.8,135.0,181.0,145.0,0,Moderate,0,1,0
7517,18,Male,26.5,129.0,266.0,79.0,0,High,0,1,0
7518,84,Male,29.6,123.0,197.0,64.0,0,Moderate,1,0,0
7519,35,Male,29.7,134.0,174.0,160.0,0,Moderate,1,1,0
7520,29,Male,28.3,123.0,202.0,86.0,0,Moderate,0,0,0
7521,28,Female,20.4,108.0,163.0,124.0,1,Low,0,0,0
7522,89,Female,15.0,136.0,,104.0,0,Moderate,4,2,0
7523,52,Male,22.9,133.0,179.0,79.0,0,Low,1,0,0
7524,41,Male,37.5,111.0,206.0,116.0,1,Moderate,2,1,0
7525,47,Female,37.7,129.0,191.0,113.0,0,Low,0,0,0
7526,24,Male,26.1,139.0,256.0,113.0,0,Low,1,1,0
7527,40,Male,22.2,137.0,192.0,78.0,0,Moderate,0,0,0
7528,35,Female,29.0,121.0,179.0,103.0,0,High,0,0,0
7529,75,Female,29.9,137.0,247.0,108.0,0,Moderate,3,1,1
7530,22,Male,30.8,107.0,,139.0,0,Moderate,2,1,0
7531,48,Female,15.0,116.0,258.0,78.0,0,High,1,0,0
7532,74,Male,44.9,109.0,169.0,,0,Moderate,3,0,0
7533,78,Male,33.7,139.0,254.0,100.0,0,Moderate,3,1,1
7534,54,Female,26.4,137.0,252.0,114.0,0,Moderate,0,2,0
7535,34,Female,23.5,118.0,167.0,60.0,0,High,0,0,0
7536,42,Female,32.9,108.0,175.0,144.0,0,Moderate,0,1,0
7537,34,Male,30.2,120.0,183.0,110.0,1,Low,0,0,0
7538,65,Female,28.0,152.0,226.0,118.0,0,Low,2,2,0
7539,39,Female,30.0,136.0,152.0,115.0,1,Moderate,0,0,0
7540,63,Male,26.9,129.0,197.0,88.0,0,Moderate,1,3,0
7541,65,Female,29.7,163.0,191.0,81.0,0,Low,1,3,1
7542,85,Male,31.5,180.0,169.0,93.0,0,Moderate,0,1,0
7543,44,Male,29.4,115.0,152.0,69.0,0,Moderate,0,1,0
7544,87,Female,29.1,134.0,218.0,117.0,0,Low,1,2,1
7545,46,Female,35.2,135.0,197.0,112.0,0,Moderate,0,1,0
7546,67,Female,18.7,116.0,,60.0,0,Moderate,1,0,0
7547,65,Male,23.1,144.0,206.0,84.0,0,Low,1,1,0
7548,76,Female,27.6,136.0,183.0,123.0,0,High,0,0,0
7549,51,Male,23.5,131.0,245.0,134.0,0,Moderate,0,4,0
7550,75,Female,25.3,125.0,204.0,69.0,0,Moderate,1,1,0
7551,43,Male,34.6,110.0,233.0,172.0,0,High,2,2,0
7552,53,Male,26.7,94.0,132.0,80.0,0,Moderate,0,1,0
7553,53,Female,17.4,150.0,209.0,60.0,0,High,1,0,0
7554,68,Male,25.2,146.0,227.0,148.0,0,High,1,1,0
7555,62,Male,27.8,140.0,,79.0,0,Moderate,2,1,0
7556,23,Female,27.7,121.0,161.0,146.0,0,Low,0,0,0
7557,76,Male,30.6,97.0,202.0,93.0,1,High,0,1,0
7558,72,Female,30.1,121.0,234.0,102.0,1,Low,1,1,0
7559,25,Male,26.7,112.0,136.0,71.0,0,Moderate,0,0,0
7560,87,Male,20.9,121.0,240.0,130.0,0,Moderate,0,1,0
7561,65,Male,25.1,103.0,215.0,132.0,0,High,1,2,1
7562,24,Female,24.1,100.0,172.0,84.0,1,Moderate,1,0,0
7563,53,Male,25.9,127.0,188.0,102.0,0,Low,0,3,0
7564,78,Male,31.3,136.0,211.0,128.0,0,Moderate,3,2,1
7565,38,Female,29.7,135.0,252.0,97.0,0,Moderate,1,1,0
7566,85,Female,32.0,170.0,226.0,147.0,1,Low,0,1,1
7567,48,Male,25.4,135.0,158.0,100.0,0,Low,1,0,0
7568,34,Male,35.8,117.0,170.0,104.0,0,Moderate,0,0,0
7569,43,Male,31.2,151.0,148.0,70.0,0,Moderate,2,1,0
7570,55,Female,28.1,101.0,126.0,73.0,0,Moderate,1,0,0
7571,67,Male,30.8,98.0,159.0,126.0,0,Moderate,4,0,0
7572,84,Male,23.8,123.0,217.0,107.0,1,High,5,1,0
7573,32,Male,15.9,132.0,234.0,111.0,0,Moderate,3,1,0
7574,87,Female,24.2,141.0,251.0,86.0,0,Low,1,3,1
7575,55,Male,31.6,109.0,154.0,69.0,0,Moderate,0,1,0
7576,27,Female,27.9,105.0,153.0,93.0,0,Low,1,0,0
7577,84,Male,26.7,117.0,176.0,158.0,0,Low,2,1,0
7578,43,Male,22.8,103.0,100.0,74.0,1,Moderate,1,1,0
7579,62,Female,16.7,154.0,195.0,90.0,0,Moderate,0,0,0
7580,68,Female,35.3,129.0,235.0,60.0,0,High,1,4,0
7581,18,Female,26.4,142.0,169.0,91.0,0,Moderate,1,0,0
7582,33,Female,25.1,105.0,138.0,92.0,0,Moderate,2,1,0
7583,67,Male,23.8,139.0,171.0,109.0,0,Low,4,1,1
7584,41,Female,34.4,125.0,178.0,107.0,0,High,0,0,0
7585,18,Male,32.3,128.0,208.0,73.0,1,Low,0,0,1
7586,19,Male,22.2,118.0,173.0,81.0,0,Moderate,0,1,0
7587,77,Female,33.9,150.0,233.0,109.0,0,Moderate,1,1,0
7588,29,Female,,127.0,181.0,79.0,0,High,0,0,0
7589,25,Female,24.1,99.0,191.0,79.0,0,Low,0,0,0
7590,58,Female,25.9,140.0,163.0,130.0,1,Moderate,1,2,0
7591,26,Male,23.2,115.0,157.0,83.0,0,Moderate,0,1,0
7592,65,Female,20.2,118.0,155.0,107.0,1,Low,0,1,0
7593,57,Male,31.8,139.0,221.0,107.0,0,Moderate,0,1,0
7594,64,Male,26.3,145.0,191.0,72.0,0,Low,0,1,0
7595,53,Female,30.9,118.0,100.0,102.0,0,Low,0,0,0
7596,74,Female,29.1,128.0,225.0,116.0,0,Low,2,1,1
7597,64,Male,30.5,108.0,239.0,155.0,0,Low,1,3,1
7598,47,Male,16.2,95.0,163.0,70.0,1,Moderate,0,1,0
7599,19,Male,22.7,110.0,198.0,97.0,0,Low,1,1,0
7600,37,Male,30.6,133.0,181.0,134.0,0,Moderate,0,1,0
7601,27,Male,20.5,108.0,103.0,129.0,0,Moderate,0,0,0
7602,19,Male,29.6,137.0,254.0,92.0,0,Low,0,0,0
7603,37,Female,19.9,117.0,181.0,91.0,0,Low,0,0,0
7604,32,Male,27.6,115.0,194.0,135.0,0,Moderate,1,1,0
7605,23,Female,36.4,111.0,158.0,131.0,0,Moderate,0,2,0
7606,40,Male,31.8,137.0,179.0,139.0,0,Moderate,0,0,0
7607,54,Female,17.3,111.0,203.0,122.0,1,Low,1,1,0
7608,30,Male,32.2,116.0,145.0,127.0,0,High,0,0,0
7609,37,Male,37.5,112.0,253.0,,1,High,2,1,0
7610,19,Female,42.9,105.0,211.0,110.0,1,Low,1,1,0
7611,21,Male,30.1,115.0,200.0,103.0,0,Moderate,0,1,0
7612,29,Female,20.0,116.0,179.0,91.0,0,Moderate,1,0,0
7613,50,Female,29.9,142.0,166.0,140.0,0,Low,1,3,0
7614,65,Male,36.3,130.0,242.0,123.0,0,Low,1,2,1
7615,74,Male,26.5,142.0,230.0,109.0,0,Low,2,0,1
7616,63,Female,33.2,132.0,186.0,88.0,1,Low,0,3,0
7617,62,Male,22.9,152.0,160.0,131.0,0,Low,0,0,1
7618,85,Female,29.5,132.0,153.0,89.0,0,Low,1,0,0
7619,36,Female,15.0,115.0,189.0,81.0,0,Moderate,0,4,0
7620,75,Female,22.3,146.0,198.0,132.0,0,Moderate,2,2,1
7621,85,Female,27.5,132.0,258.0,129.0,0,Moderate,2,2,0
7622,58,Female,25.5,136.0,237.0,81.0,0,Moderate,1,0,0
7623,78,Male,20.3,172.0,210.0,68.0,0,Low,1,2,0
7624,27,Female,24.8,101.0,180.0,97.0,0,Moderate,2,2,0
7625,81,Male,29.3,160.0,167.0,,0,Low,0,0,0
7626,58,Female,27.0,120.0,239.0,67.0,0,Low,1,0,0
7627,33,Male,27.8,140.0,184.0,87.0,0,High,0,1,0
7628,22,Female,31.5,126.0,,60.0,1,Moderate,0,0,0
7629,69,Female,25.6,141.0,249.0,127.0,0,Moderate,0,0,0
7630,49,Female,35.0,122.0,173.0,138.0,0,Low,1,1,0
7631,40,Male,22.1,117.0,159.0,135.0,0,High,1,0,0
7632,46,Male,,112.0,287.0,130.0,0,Low,0,0,0
7633,89,Female,33.6,139.0,237.0,103.0,0,Moderate,1,2,1
7634,48,Female,25.5,121.0,183.0,130.0,0,Moderate,0,0,0
7635,23,Female,25.9,119.0,229.0,85.0,0,High,0,0,0
7636,38,Female,28.6,98.0,177.0,73.0,0,High,0,0,0
7637,28,Male,30.8,118.0,196.0,106.0,0,Low,0,0,0
7638,67,Female,33.5,151.0,182.0,125.0,1,Low,0,3,1
7639,75,Female,20.1,149.0,207.0,74.0,1,High,2,6,1
7640,78,Female,29.9,135.0,199.0,82.0,0,Low,0,2,1
7641,63,Male,15.9,171.0,173.0,79.0,0,High,0,3,0
7642,73,Male,26.5,124.0,216.0,115.0,0,Moderate,1,2,0
7643,48,Male,35.5,123.0,170.0,113.0,0,Low,2,2,0
7644,63,Male,,106.0,223.0,163.0,1,Low,1,2,0
7645,25,Female,18.7,110.0,171.0,90.0,1,High,0,0,0
7646,56,Female,28.7,156.0,133.0,127.0,1,Low,1,2,1
7647,58,Female,35.1,122.0,223.0,79.0,0,Moderate,1,0,1
7648,20,Female,29.3,90.0,204.0,123.0,0,Moderate,0,0,0
7649,57,Female,17.0,141.0,,79.0,1,Moderate,1,2,1
7650,70,Female,18.2,138.0,206.0,92.0,0,Low,2,0,1
7651,44,Female,28.0,136.0,199.0,150.0,0,Low,1,0,0
7652,57,Female,21.0,123.0,217.0,87.0,1,Low,2,1,0
7653,38,Male,28.3,105.0,228.0,73.0,0,High,0,1,0
7654,37,Female,28.6,118.0,225.0,77.0,0,Moderate,1,1,0
7655,27,Female,24.8,126.0,196.0,106.0,0,Low,0,0,0
7656,41,Female,37.5,121.0,189.0,123.0,0,Moderate,0,0,1
7657,75,Female,30.7,140.0,240.0,112.0,0,Moderate,2,2,1
7658,85,Male,34.2,129.0,,82.0,0,Moderate,1,0,0
7659,63,Female,32.6,136.0,153.0,166.0,0,Low,1,2,1
7660,62,Female,26.7,129.0,144.0,143.0,0,Low,0,1,0
7661,62,Male,26.4,118.0,190.0,108.0,0,Moderate,0,3,1
7662,52,Male,25.9,128.0,201.0,64.0,0,High,0,0,0
7663,48,Female,31.2,118.0,288.0,152.0,0,Moderate,1,0,0
7664,62,Female,23.9,139.0,196.0,130.0,0,Low,1,1,0
7665,74,Female,37.0,147.0,209.0,122.0,1,High,2,3,1
7666,47,Male,23.4,132.0,178.0,131.0,0,Moderate,0,0,0
7667,58,Female,28.7,102.0,,95.0,0,Moderate,0,1,0
7668,51,Female,26.2,110.0,206.0,79.0,0,Low,0,1,0
7669,38,Female,25.0,111.0,165.0,106.0,0,High,0,1,0
7670,38,Male,39.4,108.0,151.0,82.0,0,Low,0,1,0
7671,23,Male,25.1,107.0,166.0,73.0,1,Moderate,1,1,0
7672,49,Male,25.8,139.0,162.0,117.0,1,Moderate,2,3,0
7673,69,Female,,143.0,196.0,107.0,1,Low,1,2,1
7674,67,Female,27.7,124.0,209.0,70.0,0,Low,2,1,0
7675,88,Male,26.9,148.0,195.0,94.0,0,High,0,3,0
7676,20,Female,21.3,120.0,235.0,62.0,1,Moderate,1,1,0
7677,72,Female,25.2,132.0,250.0,90.0,1,Moderate,1,3,0
7678,75,Male,30.9,152.0,199.0,95.0,0,Low,1,1,0
7679,49,Female,33.1,114.0,158.0,139.0,0,Low,0,2,0
7680,38,Female,27.6,122.0,188.0,102.0,0,Low,1,1,0
7681,43,Male,27.8,106.0,186.0,100.0,0,Low,1,1,0
7682,67,Male,25.5,115.0,201.0,93.0,0,Moderate,1,0,0
7683,80,Male,24.7,114.0,195.0,60.0,0,Low,1,1,0
7684,64,Male,22.4,114.0,162.0,96.0,0,Moderate,2,0,0
7685,55,Male,18.9,128.0,199.0,106.0,1,Moderate,0,1,0
7686,64,Male,,125.0,189.0,106.0,0,Moderate,1,1,0
7687,23,Female,32.5,111.0,172.0,131.0,1,Low,0,0,1
7688,61,Female,25.2,124.0,204.0,122.0,1,Moderate,0,4,1
7689,21,Male,25.6,143.0,178.0,160.0,1,High,1,0,0
7690,87,Female,25.5,120.0,216.0,74.0,0,Moderate,4,1,0
7691,82,Male,34.3,116.0,196.0,,0,Moderate,2,2,1
7692,54,Female,22.4,113.0,211.0,108.0,0,Low,0,1,0
7693,44,Female,29.0,122.0,165.0,99.0,0,Moderate,1,2,0
7694,70,Female,27.1,140.0,164.0,89.0,0,Low,2,1,1
7695,63,Male,27.9,139.0,168.0,119.0,0,Low,0,1,0
7696,68,Female,28.8,146.0,178.0,118.0,0,Moderate,1,2,0
7697,55,Female,27.8,125.0,149.0,79.0,0,Low,1,1,0
7698,35,Female,31.9,113.0,123.0,65.0,0,Moderate,1,0,0
7699,23,Male,27.3,142.0,201.0,93.0,1,High,0,0,0
7700,38,Female,37.1,85.0,237.0,102.0,1,Moderate,2,1,0
7701,56,Male,27.7,128.0,219.0,122.0,0,Low,0,2,0
7702,48,Male,18.1,131.0,176.0,69.0,1,Low,0,0,0
7703,54,Male,31.0,156.0,132.0,106.0,0,Moderate,1,0,0
7704,37,Male,29.7,94.0,196.0,64.0,0,Moderate,1,0,0
7705,85,Male,27.7,131.0,151.0,66.0,0,Moderate,2,1,0
7706,44,Male,26.1,101.0,189.0,84.0,0,High,0,0,0
7707,78,Female,,106.0,179.0,83.0,0,High,3,2,0
7708,46,Female,16.8,120.0,106.0,69.0,1,Moderate,0,0,0
7709,49,Male,36.6,138.0,251.0,122.0,0,Low,0,3,0
7710,61,Female,24.3,148.0,153.0,60.0,0,Low,1,1,0
7711,36,Female,32.8,112.0,174.0,108.0,0,Low,0,2,0
7712,33,Male,18.7,130.0,182.0,88.0,0,Moderate,0,0,0
7713,45,Male,21.7,120.0,175.0,60.0,0,High,0,2,0
7714,75,Female,31.2,143.0,,117.0,0,Moderate,1,3,0
7715,28,Male,26.9,136.0,156.0,60.0,0,High,0,3,0
7716,49,Female,30.5,122.0,209.0,92.0,0,Low,0,0,1
7717,66,Female,27.4,148.0,215.0,126.0,0,Moderate,2,0,0
7718,68,Male,26.4,112.0,152.0,60.0,0,Low,1,0,0
7719,49,Male,23.8,135.0,203.0,118.0,1,Moderate,0,1,0
7720,23,Male,20.9,132.0,141.0,66.0,1,Low,2,0,0
7721,19,Female,35.2,129.0,135.0,101.0,0,Moderate,0,2,0
7722,51,Male,36.1,106.0,207.0,154.0,0,High,1,1,0
7723,76,Female,21.8,131.0,192.0,81.0,0,Low,2,1,1
7724,20,Male,21.4,119.0,194.0,139.0,0,High,1,1,0
7725,81,Female,25.6,143.0,225.0,95.0,1,Low,3,2,1
7726,66,Female,29.4,132.0,149.0,106.0,1,Moderate,1,1,1
7727,18,Male,26.5,137.0,207.0,126.0,0,Moderate,0,0,0
7728,42,Female,30.2,101.0,202.0,124.0,1,Low,1,0,0
7729,33,Male,27.2,115.0,164.0,109.0,0,Moderate,0,1,1
7730,86,Male,26.9,111.0,208.0,93.0,0,Low,1,2,1
7731,57,Female,40.8,137.0,228.0,84.0,0,Moderate,0,3,0
7732,41,Male,24.6,131.0,178.0,63.0,0,Low,1,1,0
7733,38,Male,36.5,174.0,269.0,152.0,0,Low,0,0,0
7734,58,Male,35.5,144.0,256.0,161.0,0,Low,1,1,0
7735,18,Female,30.3,119.0,183.0,113.0,1,Moderate,0,0,0
7736,36,Male,16.9,124.0,179.0,60.0,0,Low,0,0,0
7737,29,Male,27.7,113.0,177.0,86.0,0,Low,1,1,0
7738,62,Male,24.7,131.0,178.0,80.0,0,Low,0,0,0
7739,66,Male,27.6,135.0,208.0,91.0,0,Low,0,3,0
7740,51,Female,21.7,94.0,222.0,75.0,0,Low,2,1,0
7741,28,Female,31.7,120.0,133.0,125.0,0,Moderate,1,0,0
7742,44,Female,32.9,125.0,216.0,120.0,0,Moderate,0,0,0
7743,78,Male,33.9,163.0,244.0,156.0,0,Low,2,3,0
7744,32,Female,25.4,117.0,208.0,93.0,0,Low,0,0,0
7745,29,Male,,105.0,180.0,103.0,0,High,0,0,0
7746,26,Male,29.4,121.0,203.0,128.0,0,High,1,0,0
7747,76,Male,37.2,135.0,257.0,146.0,1,High,1,1,1
7748,26,Female,27.9,115.0,181.0,74.0,1,Moderate,0,1,0
7749,59,Male,30.0,108.0,200.0,120.0,0,Low,0,0,0
7750,89,Male,26.2,136.0,296.0,108.0,0,Low,3,2,0
7751,64,Female,24.7,121.0,214.0,110.0,1,Low,0,0,1
7752,47,Male,31.1,120.0,155.0,112.0,0,Low,0,2,0
7753,32,Female,26.9,130.0,219.0,149.0,1,Low,0,0,0
7754,18,Female,,103.0,194.0,86.0,0,Low,0,1,0
7755,29,Male,30.3,114.0,160.0,85.0,1,Low,0,3,0
7756,86,Female,29.4,146.0,171.0,87.0,0,High,2,2,1
7757,28,Female,30.6,113.0,193.0,102.0,0,Low,0,1,0
7758,19,Male,22.8,156.0,177.0,107.0,0,Low,1,0,0
7759,76,Male,22.5,138.0,161.0,87.0,0,Low,2,3,0
7760,48,Male,27.3,104.0,191.0,132.0,0,Moderate,0,1,0
7761,43,Male,27.4,109.0,186.0,105.0,0,Low,1,1,1
7762,69,Female,24.6,117.0,202.0,99.0,1,Moderate,2,1,0
7763,55,Male,28.8,114.0,216.0,73.0,0,Moderate,0,2,0
7764,83,Female,32.5,145.0,145.0,160.0,0,High,1,1,0
7765,51,Female,34.0,108.0,153.0,114.0,0,Low,0,3,0
7766,69,Female,35.3,126.0,186.0,159.0,0,Low,3,3,1
7767,81,Male,20.3,154.0,261.0,79.0,0,Moderate,4,1,1
7768,51,Male,21.1,117.0,285.0,118.0,1,Moderate,1,0,0
7769,38,Male,25.9,132.0,189.0,89.0,0,Moderate,0,0,0
7770,88,Male,27.9,111.0,216.0,154.0,1,Moderate,3,4,1
7771,34,Female,26.2,113.0,100.0,133.0,0,High,0,0,0
7772,20,Male,24.5,100.0,214.0,124.0,0,Low,1,3,0
7773,59,Female,25.8,133.0,217.0,84.0,1,High,0,0,0
7774,89,Male,30.2,122.0,225.0,159.0,1,Low,3,2,1
7775,24,Male,20.2,149.0,135.0,148.0,0,Low,1,1,0
7776,79,Female,40.4,109.0,285.0,114.0,1,Low,0,1,1
7777,77,Female,27.6,153.0,266.0,110.0,0,Moderate,0,2,1
7778,84,Female,33.3,151.0,223.0,138.0,0,Moderate,0,0,0
7779,48,Female,24.3,129.0,232.0,60.0,0,Low,3,2,0
7780,36,Male,30.7,121.0,190.0,,0,High,1,2,0
7781,54,Male,28.1,156.0,228.0,133.0,1,High,0,0,0
7782,28,Female,32.2,157.0,134.0,98.0,0,Moderate,1,0,0
7783,78,Male,26.4,131.0,,60.0,0,Low,2,5,0
7784,65,Female,36.0,133.0,154.0,126.0,0,Moderate,1,1,0
7785,52,Female,19.3,117.0,165.0,65.0,0,Moderate,1,1,0
7786,55,Female,32.7,108.0,173.0,72.0,0,Low,3,0,0
7787,69,Male,28.2,139.0,222.0,116.0,1,Low,2,2,0
7788,55,Male,21.9,131.0,,132.0,1,Moderate,0,2,0
7789,78,Male,38.2,109.0,208.0,115.0,0,High,0,0,0
7790,84,Male,37.7,144.0,167.0,151.0,0,Low,1,1,1
7791,86,Female,16.1,142.0,165.0,107.0,0,Low,0,0,0
7792,62,Male,28.5,120.0,203.0,71.0,0,High,4,2,0
7793,71,Female,31.4,122.0,185.0,97.0,0,Moderate,1,1,0
7794,40,Male,29.9,128.0,190.0,137.0,0,Moderate,0,0,0
7795,20,Female,35.8,140.0,201.0,103.0,0,Low,0,0,1
7796,46,Male,34.7,130.0,255.0,,0,High,0,1,0
7797,80,Female,29.0,148.0,209.0,97.0,1,Moderate,2,2,1
7798,27,Male,40.0,104.0,252.0,142.0,0,Low,2,0,0
7799,57,Female,32.7,121.0,214.0,124.0,0,Low,0,2,1
7800,31,Male,25.6,128.0,212.0,97.0,0,Moderate,0,0,0
7801,48,Male,24.5,103.0,234.0,120.0,1,Low,1,1,1
7802,28,Male,34.3,121.0,211.0,60.0,0,Low,0,0,0
7803,70,Male,23.1,140.0,175.0,71.0,0,Moderate,1,2,0
7804,76,Female,25.2,133.0,249.0,90.0,0,High,0,1,0
7805,72,Male,26.2,138.0,192.0,134.0,0,Moderate,0,1,0
7806,68,Female,29.5,132.0,215.0,71.0,0,Low,1,1,1
7807,34,Female,26.4,109.0,192.0,103.0,1,Low,2,0,0
7808,56,Male,20.3,108.0,241.0,104.0,0,Moderate,1,2,0
7809,25,Male,33.9,115.0,197.0,121.0,0,Low,1,1,0
7810,44,Female,25.3,144.0,139.0,100.0,1,Moderate,0,1,0
7811,54,Female,38.6,143.0,276.0,105.0,0,High,0,1,0
7812,66,Male,29.2,125.0,235.0,102.0,0,Moderate,2,1,0
7813,24,Female,34.5,110.0,161.0,141.0,0,Moderate,1,1,0
7814,76,Male,31.0,127.0,165.0,93.0,1,Low,2,2,0
7815,51,Male,34.7,118.0,232.0,60.0,1,Low,0,0,0
7816,81,Female,30.6,140.0,172.0,122.0,1,Moderate,3,1,1
7817,55,Female,28.8,144.0,228.0,146.0,0,Moderate,1,1,0
7818,57,Male,33.5,164.0,239.0,87.0,0,Low,0,0,0
7819,67,Female,41.2,118.0,179.0,160.0,0,Moderate,3,0,0
7820,77,Male,26.0,145.0,180.0,117.0,0,Moderate,2,4,0
7821,29,Female,31.9,126.0,167.0,82.0,1,Low,1,1,0
7822,54,Male,27.5,121.0,159.0,87.0,1,High,0,3,0
7823,20,Male,30.3,98.0,189.0,90.0,0,Moderate,1,0,0
7824,52,Female,27.7,130.0,210.0,110.0,0,High,0,2,0
7825,76,Male,15.6,168.0,236.0,84.0,0,Moderate,1,1,0
7826,80,Female,26.4,140.0,178.0,133.0,0,Moderate,1,1,0
7827,38,Female,33.0,108.0,221.0,135.0,0,Low,0,0,1
7828,45,Male,23.3,121.0,155.0,60.0,0,Moderate,0,1,0
7829,57,Female,32.6,109.0,230.0,76.0,0,Low,0,1,0
7830,46,Male,28.5,124.0,137.0,123.0,0,Moderate,0,0,0
7831,30,Female,26.4,129.0,,91.0,0,Moderate,1,0,1
7832,39,Male,32.5,110.0,,108.0,0,Moderate,1,2,0
7833,47,Female,,85.0,216.0,125.0,0,Low,0,1,0
7834,55,Female,29.8,131.0,223.0,131.0,0,Low,0,0,0
7835,84,Female,,129.0,164.0,81.0,0,Low,1,2,0
7836,57,Male,28.6,115.0,230.0,60.0,0,Moderate,1,2,0
7837,45,Male,18.5,111.0,172.0,90.0,0,Low,1,1,0
7838,65,Female,25.4,137.0,191.0,81.0,0,Low,0,0,0
7839,73,Female,17.6,127.0,181.0,94.0,0,Low,0,1,0
7840,48,Female,31.1,139.0,255.0,108.0,0,High,1,2,0
7841,53,Male,32.4,141.0,152.0,87.0,1,Low,0,3,0
7842,33,Male,32.7,115.0,203.0,167.0,0,High,0,0,0
7843,80,Female,30.2,127.0,186.0,110.0,1,Low,1,2,1
7844,80,Female,32.8,138.0,251.0,98.0,1,Moderate,2,1,0
7845,30,Male,18.8,116.0,273.0,96.0,1,Moderate,0,1,0
7846,42,Male,26.9,94.0,,119.0,1,Moderate,0,2,0
7847,37,Male,19.7,151.0,194.0,78.0,1,Low,1,1,0
7848,84,Male,25.5,148.0,197.0,163.0,0,High,2,3,1
7849,22,Female,36.4,108.0,220.0,79.0,0,High,1,0,0
7850,32,Male,33.5,88.0,177.0,76.0,0,Moderate,0,1,0
7851,40,Female,31.1,119.0,224.0,69.0,0,Low,0,3,0
7852,58,Male,26.5,118.0,184.0,104.0,0,Low,0,0,0
7853,35,Male,22.0,119.0,273.0,110.0,0,Low,0,2,0
7854,56,Female,28.5,92.0,115.0,99.0,0,High,0,1,0
7855,71,Female,33.6,125.0,220.0,126.0,0,High,0,2,0
7856,77,Female,29.8,128.0,208.0,121.0,0,Moderate,0,0,0
7857,25,Female,18.8,113.0,181.0,84.0,0,Moderate,2,0,0
7858,27,Male,28.1,113.0,,118.0,0,High,1,1,0
7859,24,Female,17.0,117.0,184.0,86.0,1,Low,0,0,0
7860,83,Male,31.9,161.0,220.0,101.0,1,Moderate,2,0,1
7861,64,Female,23.7,122.0,218.0,87.0,0,Low,1,3,0
7862,56,Female,20.8,113.0,264.0,102.0,0,High,0,0,0
7863,74,Female,32.0,106.0,102.0,144.0,0,Moderate,0,0,0
7864,60,Male,30.6,120.0,270.0,79.0,0,Low,0,1,0
7865,34,Male,28.8,97.0,284.0,95.0,0,High,0,1,0
7866,54,Male,39.6,142.0,130.0,127.0,0,High,3,1,0
7867,68,Female,31.0,130.0,206.0,156.0,0,Moderate,1,1,1
7868,20,Female,24.0,130.0,,112.0,0,High,2,2,0
7869,61,Female,30.4,152.0,235.0,89.0,0,Low,1,1,1
7870,53,Female,25.9,112.0,260.0,79.0,0,Moderate,0,0,0
7871,23,Male,34.5,110.0,196.0,141.0,0,Moderate,0,0,0
7872,36,Female,29.0,141.0,111.0,100.0,0,Moderate,1,0,0
7873,50,Female,29.6,128.0,,77.0,1,Moderate,0,1,0
7874,42,Male,19.6,131.0,215.0,121.0,0,Low,1,0,0
7875,38,Female,27.8,137.0,245.0,114.0,1,Moderate,1,1,1
7876,64,Male,27.2,144.0,144.0,74.0,0,Low,2,2,0
7877,47,Female,21.9,131.0,147.0,63.0,0,Low,0,1,0
7878,53,Male,26.3,148.0,197.0,60.0,0,High,0,3,0
7879,75,Male,29.9,133.0,258.0,93.0,1,High,0,1,1
7880,24,Female,27.5,124.0,243.0,114.0,0,Low,2,0,0
7881,43,Female,19.7,120.0,164.0,120.0,1,Low,1,0,0
7882,23,Male,26.0,132.0,166.0,115.0,0,Low,2,1,0
7883,84,Male,24.9,126.0,321.0,68.0,0,Moderate,2,0,1
7884,31,Male,28.6,91.0,164.0,100.0,0,Moderate,1,1,0
7885,77,Male,28.0,145.0,234.0,144.0,0,Moderate,0,2,1
7886,31,Male,25.2,102.0,168.0,89.0,0,High,1,2,0
7887,41,Male,25.0,104.0,209.0,122.0,0,Low,1,0,0
7888,61,Female,27.9,149.0,168.0,123.0,0,High,0,1,0
7889,77,Female,32.8,150.0,177.0,133.0,0,Moderate,3,2,1
7890,30,Female,29.0,113.0,171.0,119.0,0,Moderate,0,0,0
7891,33,Male,35.3,85.0,166.0,136.0,0,Moderate,0,1,0
7892,81,Female,33.7,144.0,199.0,76.0,0,High,0,2,0
7893,41,Female,35.7,132.0,210.0,157.0,0,Low,1,1,0
7894,33,Male,35.0,127.0,258.0,69.0,0,Moderate,0,1,0
7895,71,Female,36.1,140.0,183.0,126.0,0,Low,2,2,0
7896,24,Female,21.2,113.0,144.0,96.0,1,Low,1,1,0
7897,80,Male,31.1,129.0,210.0,94.0,0,High,0,2,0
7898,81,Male,34.2,118.0,,90.0,0,Moderate,1,2,1
7899,79,Male,35.2,124.0,147.0,131.0,0,Low,0,2,0
7900,39,Male,,126.0,230.0,121.0,0,High,0,3,0
7901,26,Male,31.1,122.0,186.0,108.0,0,Low,0,1,0
7902,48,Male,27.9,137.0,201.0,99.0,0,Moderate,0,1,0
7903,42,Male,37.7,100.0,118.0,153.0,1,Moderate,1,1,0
7904,87,Female,19.9,111.0,191.0,84.0,0,High,5,3,0
7905,63,Male,23.3,123.0,148.0,99.0,0,Moderate,1,2,0
7906,85,Male,,121.0,212.0,86.0,0,Moderate,0,2,0
7907,72,Male,28.3,136.0,211.0,171.0,0,Low,0,1,0
7908,69,Female,40.0,111.0,210.0,101.0,0,Moderate,1,2,1
7909,26,Female,27.3,135.0,158.0,127.0,0,Low,1,1,0
7910,22,Male,28.1,102.0,149.0,62.0,0,Moderate,1,2,0
7911,21,Female,30.5,140.0,173.0,85.0,1,Low,0,0,0
7912,60,Male,26.9,137.0,214.0,97.0,0,Moderate,3,0,1
7913,32,Male,29.5,102.0,164.0,105.0,0,Moderate,0,1,0
7914,89,Female,29.7,172.0,179.0,102.0,0,Moderate,1,2,1
7915,27,Female,22.8,121.0,150.0,97.0,1,Moderate,0,0,0
7916,86,Female,27.0,140.0,188.0,87.0,0,Moderate,1,1,0
7917,66,Female,31.6,130.0,186.0,145.0,0,Moderate,0,0,1
7918,25,Male,32.6,124.0,141.0,87.0,0,Low,2,1,0
7919,22,Female,34.6,124.0,164.0,135.0,0,High,0,0,0
7920,46,Female,29.3,110.0,240.0,126.0,0,Low,0,3,0
7921,42,Male,29.5,119.0,180.0,84.0,0,Low,1,0,0
7922,40,Male,31.6,123.0,,102.0,0,Low,1,0,0
7923,56,Female,24.2,136.0,112.0,101.0,0,Moderate,1,1,0
7924,27,Male,24.0,127.0,253.0,144.0,0,Moderate,0,1,0
7925,27,Male,26.8,120.0,227.0,95.0,0,Low,0,1,0
7926,68,Female,20.5,122.0,215.0,190.0,0,Moderate,0,1,0
7927,89,Male,29.7,129.0,259.0,129.0,1,High,2,1,0
7928,37,Female,33.3,101.0,209.0,123.0,1,Low,0,0,0
7929,85,Female,23.6,147.0,210.0,123.0,0,Low,2,1,1
7930,42,Male,29.9,112.0,144.0,64.0,0,Low,0,1,0
7931,42,Male,24.0,119.0,264.0,131.0,0,Moderate,0,0,0
7932,24,Male,21.9,120.0,165.0,63.0,0,Moderate,2,2,0
7933,48,Female,38.8,124.0,179.0,144.0,0,Moderate,1,0,0
7934,53,Female,22.0,126.0,198.0,83.0,0,Moderate,1,0,0
7935,65,Male,,116.0,205.0,75.0,1,Low,1,0,0
7936,29,Male,28.7,122.0,206.0,153.0,0,Low,0,2,0
7937,31,Female,29.0,113.0,203.0,105.0,0,Low,1,1,0
7938,49,Female,31.2,123.0,173.0,71.0,0,Moderate,0,0,0
7939,23,Female,38.5,134.0,182.0,146.0,1,Moderate,1,2,0
7940,28,Female,23.2,125.0,205.0,68.0,0,Moderate,2,0,0
7941,63,Male,24.3,120.0,176.0,137.0,0,Low,1,2,1
7942,86,Female,36.3,135.0,268.0,118.0,0,Low,0,2,1
7943,59,Female,32.7,154.0,199.0,80.0,0,Moderate,1,1,0
7944,28,Male,31.9,112.0,245.0,133.0,0,Moderate,1,2,0
7945,89,Female,24.3,139.0,162.0,115.0,0,Moderate,0,0,1
7946,55,Female,33.7,137.0,222.0,60.0,0,Moderate,0,2,0
7947,69,Female,31.9,135.0,171.0,110.0,1,Low,2,1,1
7948,32,Male,,113.0,162.0,115.0,0,Moderate,1,0,0
7949,59,Male,24.3,116.0,234.0,107.0,1,Low,1,1,1
7950,23,Male,28.1,115.0,173.0,102.0,1,Low,1,1,0
7951,63,Female,36.6,140.0,300.0,138.0,1,Moderate,1,1,0
7952,32,Male,21.5,140.0,206.0,112.0,0,Moderate,0,0,0
7953,83,Male,23.1,113.0,,100.0,0,Moderate,2,2,0
7954,21,Male,24.0,143.0,200.0,95.0,0,Moderate,1,0,0
7955,64,Male,,125.0,193.0,106.0,0,Moderate,0,0,0
7956,28,Female,27.4,132.0,216.0,90.0,1,Moderate,0,1,0
7957,67,Female,,119.0,,87.0,0,Moderate,0,0,0
7958,53,Female,30.0,100.0,212.0,80.0,1,Low,0,1,0
7959,87,Male,27.8,117.0,221.0,104.0,1,Moderate,3,0,1
7960,64,Female,29.0,125.0,205.0,85.0,1,Low,1,1,1
7961,44,Female,30.9,131.0,232.0,106.0,0,Moderate,1,0,0
7962,24,Female,18.3,116.0,113.0,127.0,1,Low,0,0,0
7963,60,Female,33.4,124.0,204.0,109.0,0,Moderate,0,0,0
7964,49,Female,23.0,143.0,168.0,103.0,0,Moderate,2,1,0
7965,21,Male,25.1,115.0,129.0,,0,Moderate,0,1,0
7966,59,Female,29.4,133.0,168.0,142.0,0,Low,1,0,0
7967,33,Female,27.1,169.0,163.0,148.0,0,Moderate,0,0,0
7968,34,Female,30.2,119.0,,97.0,0,High,2,1,0
7969,18,Male,28.3,103.0,192.0,126.0,0,Low,0,0,0
7970,44,Female,25.9,131.0,213.0,158.0,0,Low,0,0,0
7971,33,Female,35.9,131.0,171.0,87.0,0,Moderate,2,0,0
7972,23,Female,31.4,120.0,242.0,137.0,0,Moderate,1,0,0
7973,49,Female,29.2,127.0,180.0,63.0,0,Low,0,2,0
7974,33,Male,31.3,143.0,113.0,112.0,0,Low,1,1,0
7975,27,Female,23.6,139.0,170.0,97.0,0,Moderate,0,1,0
7976,51,Female,39.5,123.0,197.0,78.0,0,Low,1,3,1
7977,22,Male,21.5,105.0,100.0,126.0,1,Moderate,0,1,0
7978,89,Male,28.1,146.0,260.0,110.0,1,Low,0,1,1
7979,51,Male,25.9,115.0,192.0,79.0,0,High,3,1,0
7980,89,Male,25.7,153.0,171.0,112.0,0,High,0,2,0
7981,81,Male,25.0,143.0,174.0,126.0,0,Moderate,4,1,1
7982,88,Female,23.3,181.0,243.0,60.0,0,Moderate,2,1,0
7983,57,Female,34.0,151.0,,60.0,0,High,1,0,0
7984,48,Male,20.9,107.0,169.0,95.0,0,Moderate,0,0,0
7985,69,Female,32.9,123.0,153.0,93.0,0,Low,2,1,0
7986,23,Male,31.1,85.0,186.0,146.0,0,Low,0,0,0
7987,78,Female,25.4,101.0,221.0,93.0,0,Moderate,0,1,0
7988,41,Male,30.4,124.0,212.0,118.0,1,High,0,0,0
7989,18,Male,26.6,95.0,158.0,100.0,0,Low,0,1,0
7990,35,Male,21.4,146.0,183.0,60.0,0,Low,1,1,0
7991,35,Female,21.5,138.0,188.0,98.0,0,Moderate,1,1,0
7992,19,Female,31.1,110.0,216.0,76.0,0,Low,1,1,1
7993,66,Male,30.8,125.0,254.0,75.0,0,Low,2,0,0
7994,24,Female,28.8,140.0,243.0,79.0,0,Moderate,0,1,1
7995,78,Male,25.3,162.0,258.0,72.0,1,Moderate,0,2,0
7996,50,Male,26.5,110.0,264.0,99.0,0,Moderate,0,0,0
7997,69,Male,25.7,115.0,243.0,93.0,0,Low,1,1,0
7998,42,Female,17.9,117.0,169.0,100.0,0,Low,0,1,0
7999,27,Female,27.8,124.0,242.0,65.0,0,Moderate,0,1,0
8000,30,Female,30.4,110.0,133.0,103.0,0,Moderate,1,1,0
8001,64,Female,27.9,137.0,292.0,94.0,1,High,0,2,0
8002,69,Female,37.2,163.0,167.0,125.0,1,Moderate,2,3,1
8003,37,Male,22.0,98.0,222.0,104.0,1,Moderate,0,2,0
8004,43,Male,23.9,115.0,246.0,105.0,0,Low,0,1,0
8005,86,Male,28.2,115.0,230.0,81.0,1,Low,3,2,1
8006,79,Male,28.8,122.0,132.0,108.0,0,Moderate,2,1,0
8007,47,Male,17.0,119.0,157.0,78.0,0,Low,0,0,0
8008,35,Male,30.8,108.0,201.0,144.0,0,Low,1,2,0
8009,39,Female,28.9,129.0,214.0,111.0,0,Moderate,0,0,0
8010,56,Male,15.8,130.0,191.0,91.0,0,Moderate,1,1,0
8011,58,Female,26.9,133.0,202.0,72.0,1,Low,1,3,1
8012,31,Female,23.1,113.0,130.0,84.0,1,Low,1,1,0
8013,22,Female,25.0,112.0,248.0,109.0,0,Moderate,0,0,0
8014,53,Male,20.1,120.0,182.0,,0,Moderate,1,1,0
8015,75,Female,29.8,130.0,237.0,107.0,0,Low,2,1,1
8016,28,Female,37.2,124.0,237.0,74.0,0,Moderate,1,1,0
8017,47,Female,29.0,93.0,150.0,87.0,0,Moderate,1,2,0
8018,29,Female,15.6,122.0,189.0,82.0,0,Low,1,1,0
8019,35,Female,29.1,106.0,198.0,139.0,1,Moderate,0,0,0
8020,62,Male,26.4,124.0,,60.0,0,Low,1,1,0
8021,38,Female,21.4,96.0,224.0,70.0,0,Moderate,1,0,0
8022,36,Male,29.4,114.0,163.0,60.0,0,Low,0,1,0
8023,89,Female,32.3,143.0,217.0,121.0,0,Low,1,1,1
8024,30,Female,23.8,125.0,171.0,131.0,0,Moderate,0,1,1
8025,31,Male,18.5,99.0,274.0,102.0,0,Moderate,0,1,0
8026,84,Female,16.4,143.0,187.0,105.0,0,Low,1,4,0
8027,57,Male,23.8,146.0,227.0,74.0,0,High,1,3,0
8028,21,Male,26.6,107.0,249.0,114.0,0,Moderate,0,2,0
8029,48,Male,24.7,124.0,159.0,82.0,0,Moderate,1,1,0
8030,58,Female,23.7,95.0,203.0,102.0,1,Low,0,0,0
8031,36,Male,30.6,106.0,151.0,123.0,0,Low,1,0,1
8032,57,Female,30.0,132.0,122.0,102.0,0,High,1,1,0
8033,64,Male,28.6,145.0,172.0,129.0,0,Low,0,2,1
8034,36,Female,32.0,111.0,166.0,108.0,0,Moderate,0,0,0
8035,76,Male,23.9,177.0,189.0,108.0,0,High,3,3,0
8036,50,Male,21.5,130.0,184.0,146.0,0,Low,1,2,1
8037,87,Female,24.6,118.0,214.0,115.0,0,Moderate,1,1,1
8038,24,Female,24.2,136.0,137.0,82.0,0,Low,2,0,0
8039,41,Female,16.2,102.0,,77.0,1,High,0,1,0
8040,69,Female,24.5,137.0,251.0,124.0,0,Moderate,2,2,0
8041,82,Female,33.6,121.0,262.0,141.0,0,High,2,0,0
8042,33,Male,31.9,97.0,177.0,111.0,0,Low,1,1,0
8043,88,Male,,154.0,248.0,,0,Low,0,1,0
8044,31,Female,28.2,114.0,160.0,82.0,0,Moderate,2,0,0
8045,47,Female,35.5,152.0,180.0,122.0,0,Low,1,1,0
8046,40,Female,21.7,105.0,205.0,113.0,1,Low,1,2,0
8047,48,Male,22.2,99.0,181.0,124.0,1,Moderate,0,1,0
8048,82,Male,33.7,129.0,163.0,62.0,0,Low,2,1,1
8049,70,Female,27.7,178.0,237.0,129.0,1,Moderate,2,3,1
8050,75,Female,23.8,147.0,176.0,138.0,0,Moderate,0,0,1
8051,36,Male,30.5,129.0,168.0,60.0,1,High,2,0,0
8052,86,Female,25.1,147.0,253.0,102.0,1,Low,0,2,0
8053,49,Male,22.9,117.0,215.0,119.0,0,Moderate,1,2,0
8054,64,Female,22.7,174.0,209.0,62.0,0,Moderate,0,2,0
8055,68,Male,29.3,139.0,148.0,,0,Moderate,1,0,0
8056,65,Female,28.6,136.0,158.0,122.0,1,Low,1,0,0
8057,61,Female,35.8,145.0,216.0,104.0,0,Low,2,0,0
8058,52,Male,25.9,105.0,220.0,,0,Low,1,1,0
8059,64,Female,25.8,116.0,212.0,109.0,0,Low,0,0,0
8060,83,Male,35.4,133.0,193.0,86.0,0,Moderate,0,2,0
8061,46,Male,32.9,139.0,174.0,86.0,1,Moderate,1,2,1
8062,54,Male,28.3,106.0,205.0,119.0,0,Low,0,0,0
8063,30,Female,18.9,117.0,,118.0,0,High,1,1,0
8064,43,Female,23.0,119.0,195.0,110.0,0,Moderate,2,3,0
8065,73,Male,21.7,108.0,154.0,133.0,1,High,3,3,0
8066,64,Male,27.7,122.0,162.0,117.0,0,Low,3,1,0
8067,33,Male,24.7,128.0,193.0,150.0,1,Moderate,2,2,0
8068,57,Female,36.3,104.0,221.0,120.0,0,Low,0,0,0
8069,76,Male,18.9,157.0,221.0,100.0,0,High,2,0,0
8070,26,Male,21.1,124.0,141.0,107.0,0,Low,0,1,0
8071,22,Male,28.8,121.0,110.0,91.0,0,Low,2,0,0
8072,46,Male,30.4,124.0,193.0,90.0,1,Moderate,0,1,0
8073,65,Female,15.0,113.0,130.0,65.0,0,Low,0,3,1
8074,40,Female,18.0,111.0,226.0,78.0,0,High,2,1,0
8075,77,Male,26.1,140.0,167.0,158.0,1,Low,3,2,1
8076,78,Female,35.0,124.0,294.0,164.0,1,Low,1,0,0
8077,56,Female,37.9,130.0,161.0,112.0,1,Low,0,1,0
8078,45,Male,25.2,109.0,210.0,92.0,0,Low,1,0,0
8079,21,Male,26.6,122.0,153.0,60.0,0,High,0,1,0
8080,77,Male,22.9,143.0,202.0,73.0,0,High,1,1,0
8081,82,Female,,110.0,218.0,90.0,1,High,2,0,1
8082,49,Male,35.9,126.0,227.0,106.0,0,High,1,0,0
8083,55,Male,34.4,102.0,236.0,101.0,0,Low,1,1,0
8084,72,Male,27.3,103.0,234.0,111.0,0,Moderate,3,2,0
8085,68,Female,22.9,122.0,243.0,119.0,0,Low,1,1,0
8086,27,Male,27.5,162.0,160.0,87.0,1,Moderate,1,2,0
8087,66,Female,35.1,143.0,228.0,154.0,0,High,0,1,0
8088,84,Female,25.3,159.0,199.0,112.0,0,Low,2,3,1
8089,72,Male,17.5,142.0,243.0,115.0,0,Moderate,1,0,0
8090,52,Male,25.5,129.0,200.0,91.0,1,Moderate,0,0,0
8091,55,Male,26.0,141.0,,118.0,0,High,1,0,0
8092,36,Male,17.5,110.0,199.0,103.0,0,High,0,3,0
8093,65,Male,28.8,138.0,231.0,146.0,1,High,1,2,1
8094,35,Male,30.3,139.0,157.0,127.0,0,Moderate,0,0,0
8095,42,Male,37.7,133.0,131.0,142.0,1,High,0,0,0
8096,37,Male,20.2,140.0,226.0,82.0,1,High,1,0,0
8097,42,Male,31.5,125.0,242.0,142.0,0,Low,0,0,0
8098,44,Female,32.8,150.0,188.0,80.0,0,High,0,2,0
8099,23,Female,30.4,112.0,212.0,95.0,0,Moderate,1,1,0
8100,69,Male,22.0,166.0,143.0,105.0,0,Low,1,1,0
8101,49,Male,21.6,134.0,171.0,67.0,0,Moderate,2,0,0
8102,86,Male,28.0,131.0,216.0,82.0,0,Moderate,0,2,0
8103,31,Male,28.0,99.0,120.0,82.0,0,Moderate,0,0,0
8104,66,Female,24.4,118.0,,111.0,1,Low,0,1,0
8105,30,Male,34.6,103.0,191.0,112.0,0,Moderate,2,0,0
8106,57,Female,25.3,126.0,175.0,128.0,0,Moderate,2,2,0
8107,53,Female,17.1,106.0,183.0,140.0,0,Low,0,0,0
8108,50,Female,26.3,146.0,180.0,111.0,0,Moderate,1,1,0
8109,65,Male,30.1,132.0,154.0,96.0,0,Moderate,1,2,0
8110,77,Female,29.4,136.0,200.0,118.0,0,High,1,1,0
8111,40,Male,29.3,103.0,,85.0,0,Moderate,0,2,0
8112,79,Female,35.7,123.0,187.0,116.0,0,High,0,2,0
8113,31,Female,21.4,85.0,166.0,161.0,0,Moderate,0,1,0
8114,39,Female,25.2,147.0,182.0,97.0,0,Moderate,0,2,0
8115,40,Male,36.0,99.0,221.0,125.0,1,Low,1,1,1
8116,86,Female,16.7,116.0,209.0,86.0,0,Moderate,0,1,0
8117,26,Male,27.2,139.0,110.0,95.0,0,Moderate,1,0,0
8118,46,Male,34.3,130.0,148.0,128.0,0,Moderate,1,3,1
8119,48,Male,34.2,126.0,229.0,82.0,1,High,1,1,0
8120,75,Female,31.1,139.0,181.0,106.0,0,High,2,1,0
8121,52,Female,31.3,141.0,193.0,76.0,0,Moderate,2,1,0
8122,87,Female,21.8,140.0,287.0,138.0,0,Low,3,3,1
8123,71,Female,35.1,108.0,230.0,142.0,0,High,2,1,0
8124,68,Female,20.9,143.0,122.0,76.0,0,Low,1,3,0
8125,72,Male,21.2,139.0,261.0,60.0,0,Moderate,1,0,1
8126,29,Male,29.6,136.0,190.0,121.0,0,Low,1,1,0
8127,50,Male,,105.0,209.0,101.0,0,Low,0,1,0
8128,60,Female,28.6,117.0,212.0,166.0,0,Moderate,1,0,0
8129,33,Male,29.9,125.0,221.0,146.0,0,High,0,1,0
8130,26,Male,37.3,101.0,180.0,136.0,0,Moderate,2,0,0
8131,27,Male,29.9,85.0,127.0,95.0,0,Moderate,1,0,0
8132,74,Female,24.1,137.0,219.0,94.0,1,Moderate,2,1,1
8133,65,Male,31.2,145.0,150.0,119.0,0,Moderate,0,0,0
8134,38,Male,22.9,119.0,258.0,108.0,0,Moderate,1,1,0
8135,71,Male,32.5,141.0,192.0,94.0,0,Low,2,0,0
8136,68,Female,27.9,138.0,202.0,71.0,1,Moderate,1,1,0
8137,76,Female,29.7,134.0,182.0,159.0,0,High,1,5,0
8138,83,Female,17.7,139.0,224.0,93.0,0,Moderate,1,0,0
8139,81,Male,15.1,157.0,228.0,99.0,0,High,1,2,0
8140,31,Male,19.2,103.0,160.0,72.0,0,High,1,2,0
8141,73,Female,37.1,145.0,224.0,155.0,1,High,0,1,0
8142,46,Male,21.2,105.0,196.0,124.0,0,High,2,0,0
8143,47,Male,31.5,111.0,190.0,113.0,0,Moderate,1,0,0
8144,64,Male,24.0,149.0,173.0,106.0,1,High,4,2,0
8145,61,Female,26.2,109.0,288.0,111.0,0,Moderate,0,0,0
8146,48,Female,27.3,120.0,239.0,108.0,0,Low,1,1,0
8147,89,Male,36.5,176.0,242.0,133.0,1,High,1,2,1
8148,30,Female,,134.0,228.0,120.0,1,Low,1,2,1
8149,24,Male,29.6,104.0,193.0,104.0,0,Moderate,0,0,0
8150,20,Female,34.6,105.0,167.0,85.0,0,High,0,0,0
8151,76,Female,24.0,131.0,108.0,100.0,0,High,2,2,0
8152,47,Male,33.4,145.0,147.0,133.0,0,Low,0,1,0
8153,49,Male,32.5,109.0,277.0,130.0,0,Low,0,0,0
8154,64,Female,32.4,113.0,246.0,147.0,0,Moderate,0,1,0
8155,49,Male,26.6,136.0,202.0,141.0,1,Moderate,0,1,0
8156,59,Female,25.1,101.0,140.0,121.0,0,Moderate,0,0,0
8157,22,Female,22.7,101.0,205.0,104.0,1,Moderate,0,1,1
8158,29,Male,23.1,116.0,,108.0,0,Low,0,0,0
8159,85,Female,22.5,137.0,239.0,84.0,0,Moderate,1,2,0
8160,50,Male,29.5,103.0,153.0,129.0,1,Moderate,1,0,0
8161,30,Female,26.2,124.0,166.0,138.0,1,Moderate,1,0,0
8162,44,Male,29.9,132.0,226.0,136.0,1,High,1,2,1
8163,42,Female,30.2,112.0,264.0,124.0,1,Moderate,0,1,0
8164,37,Male,21.7,147.0,,91.0,0,Low,0,1,0
8165,39,Female,21.5,127.0,152.0,88.0,0,Low,1,0,0
8166,70,Male,26.2,116.0,244.0,100.0,0,Moderate,0,1,0
8167,25,Female,23.2,142.0,135.0,81.0,0,Moderate,1,0,0
8168,40,Male,22.7,113.0,145.0,106.0,1,High,1,1,0
8169,51,Female,36.8,128.0,206.0,60.0,0,Moderate,0,1,0
8170,56,Male,19.1,119.0,277.0,80.0,0,Moderate,0,3,0
8171,81,Male,38.6,146.0,178.0,123.0,0,High,1,1,0
8172,84,Male,29.1,129.0,198.0,173.0,0,Moderate,3,1,0
8173,39,Female,32.9,114.0,194.0,113.0,0,High,0,2,0
8174,56,Male,32.3,125.0,180.0,113.0,1,Moderate,0,0,0
8175,19,Female,30.9,106.0,112.0,89.0,0,High,0,0,0
8176,62,Female,36.6,146.0,231.0,,0,Moderate,0,1,1
8177,29,Male,21.5,98.0,192.0,76.0,0,Low,0,0,0
8178,23,Female,26.6,115.0,195.0,157.0,0,Low,2,0,0
8179,66,Female,22.8,132.0,198.0,80.0,0,Moderate,1,0,0
8180,30,Male,18.2,116.0,243.0,117.0,0,High,0,1,0
8181,52,Female,23.9,141.0,177.0,99.0,0,Low,1,2,1
8182,25,Female,37.8,92.0,142.0,105.0,0,Moderate,1,2,0
8183,71,Male,26.5,141.0,269.0,131.0,0,Low,2,1,1
8184,73,Female,38.4,113.0,123.0,156.0,1,Low,0,2,1
8185,59,Male,39.0,120.0,194.0,117.0,0,Low,1,0,1
8186,78,Male,44.0,113.0,206.0,128.0,0,High,2,1,0
8187,49,Female,38.0,119.0,190.0,110.0,0,High,1,2,0
8188,31,Male,40.5,109.0,127.0,130.0,1,Moderate,2,0,0
8189,28,Male,29.3,144.0,139.0,,0,Low,0,0,0
8190,33,Male,28.8,123.0,223.0,60.0,1,High,0,0,0
8191,32,Female,29.1,126.0,239.0,60.0,1,Low,1,0,0
8192,41,Female,27.5,104.0,175.0,100.0,1,Low,0,0,0
8193,33,Female,28.3,131.0,151.0,79.0,0,Low,1,0,0
8194,60,Male,31.6,155.0,132.0,108.0,0,Low,0,2,0
8195,28,Male,24.9,131.0,220.0,89.0,0,Low,3,1,1
8196,62,Male,19.9,108.0,239.0,77.0,1,Low,0,2,0
8197,42,Male,29.5,115.0,100.0,92.0,1,Low,1,0,0
8198,67,Female,23.7,133.0,111.0,126.0,0,High,0,3,0
8199,54,Male,24.3,117.0,202.0,107.0,0,High,1,1,0
8200,83,Female,26.7,177.0,222.0,145.0,0,High,0,0,0
8201,49,Male,25.5,117.0,176.0,106.0,1,High,1,2,0
8202,39,Male,33.6,120.0,188.0,65.0,0,Moderate,0,1,0
8203,60,Female,,119.0,191.0,77.0,0,Moderate,2,1,0
8204,65,Female,33.9,134.0,204.0,118.0,0,High,0,2,0
8205,49,Male,28.6,147.0,160.0,114.0,0,Low,1,1,0
8206,58,Male,27.0,130.0,199.0,90.0,1,Moderate,1,3,1
8207,51,Male,28.4,122.0,170.0,86.0,0,Low,1,0,0
8208,40,Female,20.4,104.0,161.0,80.0,0,Low,0,3,0
8209,40,Female,29.4,141.0,119.0,105.0,0,Moderate,1,0,0
8210,83,Female,32.2,134.0,205.0,111.0,0,High,2,0,0
8211,66,Female,32.9,128.0,234.0,85.0,0,High,0,1,0
8212,24,Female,20.1,85.0,170.0,102.0,0,Low,2,1,0
8213,87,Male,19.1,136.0,200.0,100.0,0,Low,0,3,0
8214,69,Male,24.5,125.0,252.0,99.0,0,High,1,2,0
8215,21,Female,35.1,86.0,219.0,98.0,1,Moderate,0,0,0
8216,70,Male,28.7,148.0,271.0,125.0,0,Low,3,4,0
8217,60,Male,23.2,120.0,286.0,134.0,0,Moderate,0,0,0
8218,83,Female,19.5,167.0,214.0,83.0,1,High,0,3,0
8219,53,Female,23.7,149.0,153.0,84.0,1,Moderate,0,0,0
8220,55,Male,,115.0,178.0,112.0,0,High,2,2,0
8221,40,Female,32.6,143.0,212.0,82.0,0,Low,0,4,0
8222,41,Female,33.1,148.0,245.0,80.0,0,Low,0,1,0
8223,62,Male,21.7,120.0,161.0,81.0,0,Low,0,0,0
8224,77,Male,31.6,118.0,218.0,119.0,0,Low,0,3,1
8225,82,Female,31.1,102.0,181.0,88.0,0,Moderate,2,0,0
8226,73,Male,21.0,139.0,201.0,96.0,1,Moderate,2,1,0
8227,61,Female,27.0,113.0,194.0,60.0,0,Moderate,1,0,0
8228,54,Male,29.4,133.0,211.0,124.0,1,Moderate,0,1,0
8229,42,Male,,113.0,268.0,144.0,1,Low,0,1,1
8230,73,Male,18.1,121.0,225.0,,1,High,1,2,1
8231,40,Male,28.2,113.0,174.0,118.0,0,Moderate,1,2,0
8232,37,Female,31.0,100.0,166.0,105.0,0,Moderate,1,0,0
8233,80,Male,36.2,127.0,203.0,121.0,1,Low,3,5,1
8234,60,Male,23.8,117.0,167.0,94.0,0,Low,1,1,0
8235,43,Male,24.5,122.0,197.0,94.0,0,Moderate,1,1,0
8236,80,Female,26.4,137.0,118.0,82.0,0,Moderate,1,0,0
8237,87,Female,29.1,121.0,205.0,80.0,0,Low,1,2,0
8238,40,Female,28.0,139.0,185.0,135.0,0,Low,0,0,0
8239,55,Female,30.8,124.0,153.0,67.0,1,High,2,4,0
8240,52,Female,21.3,150.0,181.0,,0,Low,0,1,0
8241,68,Female,29.7,135.0,247.0,107.0,0,Low,1,0,0
8242,86,Female,23.4,139.0,258.0,99.0,0,Moderate,2,3,1
8243,57,Male,26.7,120.0,178.0,122.0,1,High,1,1,0
8244,75,Female,36.9,144.0,227.0,109.0,0,Moderate,2,1,0
8245,60,Female,19.8,129.0,143.0,112.0,0,Low,0,0,0
8246,81,Female,26.0,150.0,199.0,155.0,1,Moderate,3,3,1
8247,47,Female,20.5,150.0,202.0,92.0,0,Low,0,0,0
8248,45,Male,28.3,112.0,251.0,60.0,0,Moderate,1,0,0
8249,48,Male,33.3,134.0,239.0,110.0,1,Low,0,1,1
8250,89,Female,28.4,148.0,222.0,101.0,1,Low,1,0,0
8251,62,Male,26.9,137.0,166.0,115.0,0,Moderate,1,4,0
8252,28,Female,34.8,110.0,236.0,64.0,1,Low,0,1,0
8253,20,Female,29.3,108.0,167.0,117.0,1,Moderate,1,0,0
8254,55,Male,32.0,117.0,215.0,101.0,1,Moderate,0,0,0
8255,76,Male,31.4,124.0,203.0,132.0,0,Moderate,2,1,0
8256,52,Female,15.0,112.0,272.0,75.0,0,Moderate,2,0,0
8257,58,Male,27.1,126.0,176.0,128.0,0,Moderate,1,1,0
8258,75,Male,21.6,122.0,242.0,60.0,0,Moderate,4,5,0
8259,55,Male,22.9,134.0,194.0,100.0,0,Moderate,3,2,1
8260,83,Female,35.6,137.0,233.0,92.0,0,Low,3,3,1
8261,63,Male,25.4,132.0,263.0,90.0,0,Moderate,0,3,1
8262,70,Male,37.9,128.0,129.0,191.0,0,Moderate,3,0,1
8263,74,Male,19.8,135.0,205.0,70.0,0,Low,3,2,1
8264,63,Female,21.5,126.0,168.0,88.0,1,Low,0,1,0
8265,21,Male,31.7,127.0,197.0,82.0,1,Moderate,0,0,0
8266,48,Male,25.6,117.0,220.0,95.0,0,Moderate,0,1,0
8267,28,Male,29.2,123.0,166.0,104.0,0,Moderate,0,1,0
8268,54,Female,26.9,105.0,177.0,86.0,1,Moderate,1,1,0
8269,28,Male,26.7,129.0,192.0,146.0,0,Moderate,1,1,0
8270,54,Male,25.8,117.0,149.0,133.0,0,Moderate,0,1,0
8271,42,Male,28.5,108.0,204.0,82.0,0,Moderate,0,3,0
8272,19,Female,31.0,96.0,148.0,132.0,1,High,0,0,1
8273,26,Male,36.4,97.0,211.0,106.0,0,Moderate,1,0,0
8274,54,Male,26.4,119.0,147.0,72.0,1,Low,1,1,0
8275,23,Female,25.3,140.0,160.0,84.0,0,Moderate,2,0,0
8276,79,Female,24.6,125.0,,69.0,0,Moderate,2,4,0
8277,72,Female,35.6,97.0,195.0,142.0,0,Moderate,1,2,0
8278,69,Male,31.3,137.0,257.0,88.0,0,High,2,3,0
8279,30,Female,17.1,100.0,217.0,125.0,1,Moderate,0,1,0
8280,75,Male,16.8,147.0,189.0,94.0,0,High,3,2,0
8281,63,Female,22.9,123.0,183.0,89.0,0,Moderate,0,1,0
8282,46,Male,28.8,119.0,227.0,94.0,1,Moderate,1,0,0
8283,18,Male,27.3,133.0,135.0,151.0,0,Moderate,2,0,0
8284,56,Female,30.3,137.0,199.0,110.0,0,Moderate,2,1,0
8285,75,Female,26.5,114.0,184.0,91.0,0,Moderate,6,2,0
8286,20,Male,35.2,97.0,173.0,139.0,0,Moderate,0,0,0
8287,21,Male,31.7,86.0,211.0,127.0,1,Low,0,0,0
8288,45,Female,27.9,165.0,167.0,81.0,0,Moderate,0,1,0
8289,54,Female,33.8,113.0,234.0,115.0,0,Moderate,0,1,1
8290,52,Male,,144.0,280.0,60.0,0,Moderate,0,0,0
8291,48,Female,27.0,116.0,217.0,104.0,0,Low,1,2,0
8292,36,Female,28.3,103.0,185.0,,1,Low,0,0,0
8293,22,Male,30.8,116.0,225.0,122.0,0,Moderate,0,0,0
8294,20,Male,18.1,109.0,138.0,67.0,0,Moderate,1,0,0
8295,25,Male,26.1,129.0,240.0,85.0,1,Low,0,1,0
8296,67,Male,29.7,144.0,175.0,115.0,0,Low,1,0,1
8297,74,Male,30.1,124.0,289.0,142.0,1,Moderate,1,0,0
8298,49,Male,34.0,102.0,167.0,117.0,0,Moderate,0,2,1
8299,23,Male,31.7,96.0,207.0,97.0,0,Low,0,1,0
8300,47,Male,27.2,87.0,134.0,131.0,0,High,2,1,0
8301,88,Male,,134.0,206.0,114.0,1,Low,0,0,1
8302,35,Male,26.4,120.0,146.0,109.0,0,Moderate,0,2,1
8303,53,Male,28.3,108.0,142.0,128.0,1,Low,1,0,0
8304,56,Male,31.9,107.0,,109.0,1,Low,0,0,1
8305,41,Female,,122.0,144.0,81.0,0,Moderate,2,1,0
8306,49,Female,29.5,115.0,167.0,104.0,0,High,0,1,0
8307,51,Male,32.8,122.0,163.0,142.0,1,Low,2,0,0
8308,52,Female,31.4,120.0,239.0,160.0,0,Moderate,2,0,0
8309,69,Female,34.3,136.0,,84.0,1,Moderate,1,2,1
8310,59,Male,40.3,119.0,248.0,166.0,0,Moderate,0,1,1
8311,21,Male,31.4,107.0,151.0,102.0,0,Moderate,0,0,0
8312,18,Female,25.0,85.0,230.0,103.0,0,High,0,3,0
8313,47,Female,30.3,123.0,163.0,154.0,0,Low,0,0,0
8314,83,Male,30.1,138.0,183.0,99.0,1,Moderate,1,2,0
8315,20,Male,30.9,112.0,153.0,103.0,0,High,2,1,0
8316,23,Male,35.7,146.0,156.0,100.0,1,Low,0,0,0
8317,66,Male,18.2,133.0,200.0,94.0,0,Moderate,4,1,0
8318,50,Male,35.8,122.0,163.0,125.0,1,Moderate,0,0,0
8319,34,Male,37.7,127.0,196.0,102.0,0,Low,0,0,0
8320,32,Male,30.6,153.0,100.0,148.0,0,Moderate,0,2,0
8321,65,Male,30.8,134.0,211.0,91.0,0,High,0,3,0
8322,55,Male,26.2,91.0,156.0,117.0,0,Moderate,0,1,0
8323,63,Female,27.5,136.0,176.0,106.0,1,Low,0,0,0
8324,38,Female,,107.0,164.0,143.0,0,High,1,1,0
8325,55,Male,31.0,96.0,233.0,90.0,0,Low,1,4,0
8326,79,Female,31.5,162.0,229.0,126.0,1,Low,1,1,1
8327,40,Female,30.9,145.0,184.0,173.0,0,Low,0,1,0
8328,46,Female,32.4,109.0,166.0,75.0,0,High,1,1,0
8329,29,Male,31.8,103.0,214.0,88.0,0,Low,0,0,0
8330,63,Male,21.9,132.0,270.0,152.0,0,High,2,0,0
8331,20,Male,32.1,100.0,179.0,109.0,0,High,1,0,0
8332,35,Male,37.7,118.0,127.0,123.0,0,Low,0,0,0
8333,69,Female,27.4,120.0,178.0,97.0,1,Moderate,3,1,1
8334,19,Female,35.7,108.0,201.0,160.0,1,Moderate,1,1,0
8335,89,Male,22.5,116.0,198.0,60.0,1,Moderate,3,4,1
8336,47,Male,27.3,137.0,161.0,138.0,0,Moderate,1,1,0
8337,46,Female,24.0,143.0,159.0,62.0,0,Low,2,0,0
8338,56,Male,35.1,125.0,201.0,76.0,0,Low,0,0,0
8339,64,Female,36.5,129.0,144.0,90.0,1,Low,0,2,0
8340,51,Male,27.0,135.0,194.0,102.0,0,Low,2,2,1
8341,81,Male,33.9,136.0,214.0,96.0,0,Moderate,1,2,0
8342,87,Male,36.6,166.0,196.0,98.0,1,Low,0,1,0
8343,32,Male,27.3,98.0,146.0,81.0,0,Low,1,0,0
8344,68,Female,28.2,145.0,243.0,83.0,0,Moderate,2,1,0
8345,39,Male,31.5,119.0,139.0,87.0,0,Moderate,0,0,0
8346,89,Male,22.9,121.0,221.0,105.0,0,High,2,2,0
8347,36,Male,28.1,156.0,216.0,90.0,0,Low,0,0,0
8348,39,Male,39.3,159.0,,60.0,0,Moderate,2,0,0
8349,69,Male,24.7,128.0,251.0,101.0,0,Low,0,0,0
8350,74,Female,32.2,141.0,164.0,132.0,1,Moderate,2,0,1
8351,27,Female,30.4,109.0,153.0,103.0,1,High,0,0,0
8352,58,Female,26.6,123.0,181.0,72.0,0,Low,1,0,0
8353,42,Male,28.7,104.0,316.0,127.0,0,Moderate,0,0,0
8354,62,Male,37.1,109.0,220.0,83.0,0,Low,1,1,0
8355,58,Male,30.5,157.0,225.0,102.0,0,Moderate,0,0,0
8356,88,Male,31.4,138.0,239.0,111.0,1,Moderate,1,0,0
8357,85,Female,36.3,138.0,215.0,146.0,0,High,2,1,1
8358,65,Female,,117.0,242.0,118.0,0,High,0,0,0
8359,66,Male,21.7,134.0,132.0,104.0,1,Moderate,0,0,0
8360,82,Male,37.2,112.0,222.0,143.0,1,Low,1,2,1
8361,31,Male,28.3,106.0,202.0,77.0,0,Low,1,0,0
8362,70,Male,32.4,113.0,244.0,154.0,0,Moderate,0,1,0
8363,73,Female,23.3,154.0,163.0,60.0,1,High,1,2,0
8364,27,Male,29.6,91.0,142.0,146.0,0,Moderate,1,1,0
8365,81,Female,21.5,117.0,172.0,75.0,1,Low,1,3,1
8366,68,Male,27.9,99.0,224.0,116.0,0,High,1,1,0
8367,42,Female,23.9,108.0,211.0,,0,High,1,1,0
8368,52,Female,22.7,118.0,160.0,114.0,0,Moderate,1,0,0
8369,53,Male,25.8,142.0,269.0,113.0,0,Moderate,2,1,0
8370,84,Female,15.0,133.0,223.0,111.0,0,Low,0,1,0
8371,87,Male,21.1,131.0,218.0,60.0,0,High,0,2,0
8372,76,Female,31.8,139.0,200.0,77.0,0,Low,1,0,1
8373,64,Male,29.4,123.0,237.0,115.0,0,High,1,0,0
8374,25,Female,21.6,155.0,197.0,92.0,1,Moderate,0,0,0
8375,83,Female,30.5,127.0,283.0,102.0,0,Moderate,3,1,1
8376,27,Female,22.7,124.0,137.0,131.0,0,Low,0,0,0
8377,30,Male,31.5,131.0,126.0,141.0,0,Moderate,0,0,0
8378,23,Female,,106.0,153.0,81.0,1,Moderate,0,0,0
8379,86,Male,25.7,140.0,,115.0,0,Moderate,2,2,0
8380,53,Female,27.0,118.0,180.0,64.0,0,Moderate,0,0,0
8381,34,Female,41.6,124.0,235.0,84.0,0,High,0,0,0
8382,23,Male,23.3,117.0,167.0,77.0,0,Moderate,1,0,0
8383,47,Male,28.7,122.0,235.0,106.0,0,Low,0,0,0
8384,70,Male,31.8,114.0,173.0,95.0,0,Moderate,3,3,0
8385,89,Female,22.2,168.0,259.0,110.0,0,High,0,3,1
8386,57,Female,18.7,137.0,251.0,93.0,1,Low,1,1,0
8387,61,Female,24.2,103.0,179.0,130.0,0,Low,0,0,0
8388,78,Male,31.7,128.0,,126.0,0,Low,2,2,1
8389,82,Female,25.6,111.0,221.0,76.0,0,Low,2,1,0
8390,38,Male,26.2,133.0,209.0,127.0,0,Moderate,0,1,0
8391,89,Male,32.5,138.0,,90.0,0,Low,2,1,0
8392,55,Male,23.1,127.0,234.0,110.0,0,Low,2,1,0
8393,84,Male,27.0,123.0,232.0,92.0,1,Low,1,2,1
8394,26,Female,19.2,112.0,208.0,129.0,0,Moderate,1,2,0
8395,25,Male,29.3,129.0,134.0,127.0,0,Moderate,0,0,0
8396,81,Male,28.8,153.0,209.0,90.0,0,Moderate,4,2,0
8397,66,Male,31.9,144.0,161.0,102.0,0,Moderate,1,3,0
8398,30,Male,21.2,93.0,184.0,182.0,0,High,1,1,0
8399,82,Female,26.4,133.0,253.0,71.0,0,Low,2,1,0
8400,25,Male,20.5,120.0,182.0,77.0,1,Moderate,1,0,0
8401,67,Male,26.1,119.0,108.0,86.0,0,Low,1,1,0
8402,32,Male,35.6,92.0,146.0,87.0,0,Moderate,0,0,0
8403,23,Female,,95.0,204.0,76.0,0,High,1,0,0
8404,76,Female,20.0,158.0,188.0,92.0,0,High,1,1,1
8405,79,Female,23.8,116.0,239.0,113.0,0,Moderate,1,4,0
8406,25,Male,18.6,117.0,137.0,60.0,0,Low,0,0,0
8407,24,Male,20.4,113.0,,83.0,0,Low,2,0,0
8408,62,Male,31.2,127.0,217.0,90.0,1,Moderate,1,0,0
8409,20,Male,19.5,109.0,210.0,64.0,1,Moderate,0,1,0
8410,71,Male,29.2,145.0,181.0,134.0,0,Moderate,3,3,1
8411,83,Female,27.6,137.0,241.0,86.0,0,Low,3,1,0
8412,72,Female,24.6,123.0,263.0,66.0,1,Low,2,0,1
8413,34,Female,28.8,120.0,101.0,130.0,0,Moderate,1,1,0
8414,31,Female,22.3,98.0,187.0,131.0,0,Moderate,0,1,0
8415,67,Female,32.1,139.0,135.0,118.0,1,Low,1,4,1
8416,22,Male,23.7,104.0,148.0,76.0,0,Moderate,2,0,0
8417,56,Male,25.4,117.0,168.0,96.0,0,Moderate,0,0,0
8418,50,Male,24.7,133.0,192.0,85.0,0,High,0,0,0
8419,71,Male,,126.0,220.0,110.0,1,High,0,0,0
8420,32,Female,30.5,113.0,220.0,129.0,0,Moderate,0,2,0
8421,72,Male,15.0,151.0,216.0,88.0,0,High,2,2,0
8422,68,Female,28.9,116.0,230.0,108.0,0,Low,0,2,1
8423,35,Female,17.9,128.0,147.0,79.0,0,Low,0,0,0
8424,43,Male,25.6,138.0,232.0,120.0,0,High,0,0,0
8425,22,Female,26.9,134.0,100.0,114.0,0,Moderate,0,1,0
8426,50,Male,25.6,160.0,253.0,60.0,0,Moderate,1,1,0
8427,36,Male,30.3,110.0,239.0,63.0,0,Moderate,2,1,0
8428,26,Male,31.5,103.0,212.0,103.0,0,Low,1,1,0
8429,58,Male,23.2,141.0,284.0,125.0,1,Low,0,2,1
8430,58,Male,23.0,143.0,130.0,130.0,1,Low,0,0,1
8431,24,Female,27.3,103.0,212.0,125.0,0,Low,1,0,0
8432,31,Female,,126.0,191.0,90.0,1,Moderate,0,1,0
8433,23,Female,,159.0,191.0,140.0,0,Moderate,0,0,0
8434,66,Female,34.9,132.0,159.0,97.0,0,Moderate,0,0,0
8435,42,Female,19.2,137.0,206.0,,0,Moderate,0,0,0
8436,23,Female,25.6,141.0,195.0,66.0,0,High,2,1,0
8437,31,Male,24.2,158.0,159.0,92.0,0,Low,0,1,0
8438,88,Female,38.5,142.0,211.0,99.0,0,Low,2,0,0
8439,36,Female,24.5,140.0,138.0,141.0,0,Moderate,1,0,0
8440,67,Male,24.9,118.0,188.0,137.0,1,Moderate,2,3,1
8441,51,Male,21.8,126.0,232.0,99.0,0,Moderate,1,1,0
8442,31,Female,27.6,111.0,223.0,118.0,1,Moderate,0,0,0
8443,40,Female,29.0,91.0,219.0,92.0,0,High,0,0,0
8444,19,Male,22.6,89.0,216.0,60.0,0,Moderate,1,0,0
8445,71,Male,32.9,139.0,242.0,93.0,0,Low,0,0,0
8446,42,Male,29.0,129.0,167.0,127.0,0,Moderate,0,2,0
8447,53,Male,32.2,109.0,,124.0,0,Moderate,0,2,0
8448,29,Female,25.7,143.0,226.0,93.0,0,Moderate,1,0,0
8449,77,Male,28.8,117.0,,127.0,0,Low,3,0,0
8450,33,Male,26.3,123.0,134.0,92.0,0,Moderate,1,1,0
8451,58,Female,35.5,121.0,144.0,87.0,1,Moderate,1,1,0
8452,80,Female,28.1,137.0,142.0,126.0,0,Moderate,3,4,1
8453,69,Female,27.5,146.0,165.0,90.0,0,Moderate,1,2,0
8454,61,Female,25.0,141.0,181.0,129.0,0,Moderate,1,3,0
8455,81,Male,24.7,147.0,268.0,60.0,0,High,1,3,1
8456,30,Female,28.8,127.0,168.0,93.0,0,Low,0,2,0
8457,87,Female,32.0,118.0,156.0,128.0,0,Moderate,0,0,0
8458,58,Female,23.7,146.0,205.0,113.0,0,Moderate,2,2,1
8459,47,Male,,107.0,186.0,101.0,0,Moderate,1,1,0
8460,36,Male,28.5,118.0,158.0,115.0,0,Moderate,0,2,0
8461,71,Female,29.5,127.0,183.0,112.0,0,Low,4,2,0
8462,88,Male,18.1,144.0,255.0,60.0,1,Moderate,1,4,1
8463,67,Female,22.4,123.0,150.0,89.0,1,High,1,0,0
8464,20,Female,20.0,112.0,117.0,101.0,0,High,0,0,0
8465,51,Female,27.7,151.0,213.0,119.0,1,High,0,1,0
8466,70,Female,22.5,111.0,182.0,97.0,0,Moderate,1,0,0
8467,46,Female,24.8,124.0,252.0,88.0,0,High,0,1,0
8468,73,Female,20.9,115.0,201.0,62.0,0,High,1,1,0
8469,68,Female,25.3,142.0,200.0,122.0,0,Low,1,1,0
8470,22,Male,21.3,104.0,211.0,114.0,1,Moderate,0,1,0
8471,58,Male,31.7,128.0,135.0,137.0,1,High,1,0,0
8472,30,Male,30.1,97.0,198.0,81.0,0,High,1,0,0
8473,53,Male,28.3,147.0,183.0,110.0,0,High,0,2,1
8474,45,Male,25.8,124.0,232.0,85.0,0,High,0,5,0
8475,76,Male,16.3,136.0,183.0,91.0,0,Low,1,1,0
8476,80,Female,25.0,149.0,217.0,178.0,0,Moderate,2,1,0
8477,51,Male,23.3,105.0,182.0,123.0,0,Low,1,0,0
8478,56,Female,28.9,117.0,214.0,88.0,0,Moderate,0,2,0
8479,63,Female,,132.0,192.0,104.0,0,Low,0,1,1
8480,65,Female,29.3,102.0,212.0,99.0,0,Moderate,1,1,0
8481,63,Male,34.4,103.0,268.0,119.0,1,Moderate,0,0,0
8482,74,Male,24.4,120.0,196.0,62.0,0,Moderate,3,0,1
8483,88,Female,24.1,120.0,229.0,109.0,0,Low,1,0,1
8484,77,Male,33.2,129.0,295.0,60.0,0,High,0,1,0
8485,27,Female,28.4,125.0,198.0,63.0,0,Low,0,0,0
8486,52,Male,26.1,138.0,104.0,,0,Moderate,0,0,0
8487,51,Female,37.7,154.0,170.0,111.0,1,High,0,1,0
8488,54,Male,30.7,126.0,151.0,147.0,0,High,1,2,0
8489,56,Female,26.5,130.0,233.0,83.0,0,Moderate,0,0,0
8490,69,Male,23.7,131.0,201.0,60.0,0,Low,2,1,1
8491,48,Male,34.8,129.0,234.0,89.0,0,Low,0,2,0
8492,36,Female,28.6,126.0,211.0,177.0,0,Moderate,0,1,0
8493,50,Male,27.6,140.0,218.0,69.0,0,Low,0,1,0
8494,79,Male,31.2,150.0,163.0,,0,Low,2,2,1
8495,40,Female,32.3,130.0,209.0,121.0,1,Moderate,2,1,0
8496,19,Male,30.5,138.0,231.0,113.0,1,Low,0,0,0
8497,88,Male,32.4,139.0,159.0,93.0,0,High,2,1,1
8498,32,Female,30.0,109.0,174.0,86.0,0,Moderate,0,2,1
8499,61,Male,30.6,122.0,214.0,125.0,0,High,0,2,0
8500,75,Female,23.5,132.0,211.0,134.0,0,Moderate,1,2,1
8501,37,Male,37.5,103.0,243.0,125.0,0,High,3,1,0
8502,42,Male,20.7,112.0,219.0,115.0,0,High,0,0,0
8503,38,Male,29.2,103.0,204.0,97.0,0,Moderate,1,1,0
8504,28,Male,20.1,123.0,215.0,152.0,0,Low,0,1,0
8505,29,Female,27.0,123.0,,111.0,0,Low,0,1,0
8506,31,Female,24.4,90.0,187.0,154.0,0,High,1,2,0
8507,50,Female,28.2,115.0,182.0,82.0,1,Moderate,0,4,0
8508,56,Female,29.4,156.0,236.0,,0,Low,1,2,1
8509,19,Male,22.2,124.0,151.0,126.0,1,Low,0,1,0
8510,78,Female,,142.0,206.0,109.0,0,High,0,4,0
8511,66,Male,35.2,120.0,159.0,130.0,0,High,1,2,0
8512,23,Male,20.3,120.0,209.0,70.0,0,Low,2,0,0
8513,78,Male,22.8,135.0,256.0,89.0,0,Moderate,1,0,0
8514,20,Female,32.2,102.0,144.0,90.0,1,High,0,0,0
8515,58,Male,27.9,120.0,193.0,104.0,0,Moderate,0,2,0
8516,51,Female,,118.0,177.0,102.0,0,Moderate,0,1,1
8517,54,Male,33.1,103.0,238.0,100.0,0,High,0,3,0
8518,86,Male,23.1,116.0,267.0,116.0,0,High,0,2,0
8519,84,Female,,134.0,194.0,74.0,0,Moderate,1,2,0
8520,38,Male,24.0,107.0,100.0,60.0,0,Moderate,0,0,0
8521,59,Male,25.6,123.0,243.0,88.0,0,High,2,0,0
8522,87,Female,34.9,112.0,215.0,172.0,0,Moderate,2,0,1
8523,70,Male,18.1,145.0,207.0,106.0,1,Low,0,2,0
8524,81,Male,20.9,169.0,247.0,74.0,0,Moderate,1,3,1
8525,49,Female,20.0,141.0,181.0,107.0,1,Moderate,0,3,0
8526,38,Female,35.2,139.0,165.0,113.0,0,High,0,1,0
8527,54,Male,24.1,136.0,183.0,111.0,0,Moderate,1,1,0
8528,76,Female,25.7,138.0,227.0,126.0,0,Low,2,0,0
8529,84,Male,18.6,138.0,245.0,98.0,0,Low,0,1,0
8530,67,Male,26.1,116.0,266.0,107.0,0,High,1,1,0
8531,68,Male,32.3,142.0,219.0,151.0,0,Moderate,1,4,0
8532,54,Female,28.9,136.0,192.0,122.0,0,Low,0,0,0
8533,41,Male,26.9,114.0,224.0,110.0,0,Moderate,0,0,1
8534,48,Male,18.9,133.0,157.0,95.0,0,Low,1,1,0
8535,53,Female,25.7,115.0,250.0,88.0,0,Low,0,2,1
8536,76,Female,28.3,124.0,216.0,74.0,0,Low,3,0,0
8537,57,Male,22.0,140.0,190.0,115.0,0,Moderate,0,5,0
8538,75,Female,31.1,141.0,171.0,144.0,0,Moderate,2,3,1
8539,19,Male,32.4,110.0,203.0,124.0,1,Low,0,1,0
8540,72,Female,24.6,127.0,195.0,116.0,1,Moderate,0,3,1
8541,54,Male,31.5,129.0,193.0,88.0,0,Moderate,1,0,0
8542,89,Male,26.9,109.0,151.0,89.0,0,Low,2,1,0
8543,51,Female,33.8,113.0,179.0,81.0,1,Low,0,0,0
8544,52,Female,38.7,105.0,174.0,115.0,0,Moderate,0,2,0
8545,27,Female,21.5,117.0,199.0,,0,Moderate,2,0,0
8546,76,Female,31.7,152.0,198.0,93.0,1,Moderate,1,4,1
8547,68,Male,34.7,139.0,103.0,114.0,1,Moderate,4,1,1
8548,80,Female,22.2,127.0,194.0,117.0,0,High,1,2,0
8549,24,Female,,105.0,127.0,133.0,1,Low,0,3,0
8550,33,Female,24.3,107.0,147.0,60.0,0,Moderate,1,2,0
8551,81,Male,26.8,168.0,249.0,92.0,1,Low,0,5,1
8552,21,Male,25.5,116.0,116.0,84.0,0,Low,1,0,0
8553,54,Female,26.4,130.0,208.0,81.0,0,Moderate,1,1,0
8554,47,Female,32.1,90.0,174.0,102.0,0,Moderate,0,2,0
8555,85,Male,17.1,118.0,186.0,60.0,0,High,0,3,0
8556,79,Male,22.1,134.0,172.0,89.0,0,Low,4,0,0
8557,82,Male,31.2,128.0,223.0,112.0,0,Moderate,2,3,1
8558,38,Male,30.5,123.0,205.0,83.0,0,Low,1,2,0
8559,60,Female,21.7,130.0,134.0,85.0,1,High,4,0,0
8560,68,Female,30.6,141.0,248.0,111.0,0,Moderate,1,1,0
8561,87,Female,34.8,108.0,168.0,119.0,1,High,1,1,0
8562,18,Female,27.2,96.0,194.0,63.0,0,Moderate,0,0,0
8563,88,Male,22.0,137.0,169.0,116.0,0,Low,2,4,1
8564,43,Female,32.3,112.0,174.0,131.0,1,Moderate,0,2,0
8565,27,Male,37.0,112.0,135.0,100.0,0,High,1,0,0
8566,62,Male,22.6,131.0,181.0,142.0,0,Low,0,0,0
8567,74,Male,27.7,121.0,199.0,118.0,0,Low,0,1,1
8568,27,Male,33.5,120.0,140.0,122.0,0,Moderate,1,1,0
8569,20,Male,28.1,123.0,192.0,124.0,1,Moderate,0,0,0
8570,82,Male,17.9,137.0,228.0,65.0,0,Low,3,1,1
8571,85,Male,29.9,149.0,315.0,100.0,0,Low,1,3,1
8572,29,Male,22.1,85.0,220.0,114.0,1,Low,0,0,0
8573,83,Female,20.5,127.0,256.0,75.0,0,Moderate,2,2,0
8574,83,Female,18.0,151.0,144.0,83.0,0,High,2,0,0
8575,89,Male,34.0,125.0,140.0,130.0,1,Moderate,0,2,0
8576,33,Female,22.9,103.0,175.0,107.0,0,Moderate,0,1,0
8577,59,Female,29.3,126.0,267.0,109.0,0,Low,3,0,0
8578,89,Male,30.7,138.0,,112.0,0,High,1,1,1
8579,82,Male,28.4,128.0,185.0,102.0,0,High,0,1,0
8580,61,Male,29.1,158.0,178.0,130.0,0,Moderate,0,1,0
8581,32,Female,29.6,123.0,207.0,163.0,1,Moderate,1,1,1
8582,24,Male,28.3,101.0,175.0,114.0,1,High,1,0,0
8583,36,Male,23.3,97.0,181.0,133.0,0,Moderate,0,2,0
8584,22,Female,22.8,122.0,205.0,88.0,0,Low,0,1,0
8585,32,Female,26.9,104.0,289.0,87.0,0,Low,0,0,0
8586,23,Female,26.8,150.0,231.0,84.0,0,Low,0,1,0
8587,72,Male,29.9,140.0,277.0,,0,Moderate,1,3,1
8588,60,Male,33.6,137.0,130.0,107.0,0,Moderate,1,0,0
8589,55,Male,29.4,131.0,238.0,131.0,0,Low,0,0,0
8590,76,Male,23.0,152.0,172.0,125.0,0,Moderate,3,2,0
8591,47,Female,15.5,86.0,257.0,76.0,0,Moderate,0,0,0
8592,47,Male,23.3,105.0,245.0,91.0,0,Moderate,2,0,0
8593,32,Female,20.1,135.0,209.0,95.0,0,Moderate,1,0,0
8594,50,Male,23.5,149.0,167.0,106.0,0,High,2,1,0
8595,30,Female,28.8,98.0,167.0,123.0,0,Low,0,0,0
8596,60,Female,28.0,99.0,185.0,96.0,0,High,1,0,0
8597,89,Male,37.7,141.0,243.0,115.0,1,Low,0,1,1
8598,56,Female,30.2,135.0,213.0,145.0,0,Moderate,1,0,0
8599,39,Female,38.0,124.0,243.0,113.0,1,Moderate,1,1,0
8600,67,Male,31.4,130.0,265.0,96.0,0,Moderate,2,3,1
8601,77,Male,33.5,105.0,176.0,112.0,0,High,0,0,0
8602,51,Female,25.5,119.0,214.0,105.0,0,High,1,2,0
8603,36,Female,21.6,116.0,206.0,60.0,0,Low,0,1,0
8604,69,Male,25.0,123.0,201.0,91.0,1,Moderate,1,0,0
8605,31,Male,27.4,88.0,221.0,116.0,0,Moderate,2,1,0
8606,89,Male,24.0,148.0,233.0,153.0,0,Moderate,3,2,0
8607,40,Female,22.0,135.0,168.0,84.0,0,Low,2,0,0
8608,43,Female,29.8,110.0,186.0,129.0,0,High,0,2,0
8609,70,Male,22.0,129.0,192.0,103.0,0,Low,1,0,0
8610,18,Male,19.1,106.0,151.0,124.0,0,High,0,1,0
8611,32,Female,21.3,111.0,183.0,81.0,0,High,1,0,0
8612,27,Male,26.2,125.0,134.0,133.0,0,High,0,0,0
8613,46,Female,22.0,132.0,211.0,134.0,0,Moderate,1,3,1
8614,57,Female,26.2,145.0,252.0,141.0,1,High,0,1,0
8615,30,Female,30.8,135.0,187.0,147.0,1,Low,1,0,0
8616,42,Female,30.7,119.0,227.0,115.0,0,Moderate,0,4,0
8617,73,Female,23.9,179.0,212.0,116.0,0,Moderate,7,1,1
8618,85,Male,20.3,162.0,174.0,85.0,1,Moderate,2,0,1
8619,19,Female,24.3,104.0,256.0,60.0,1,Moderate,0,0,0
8620,63,Female,31.1,132.0,109.0,117.0,0,Moderate,2,0,0
8621,19,Female,32.4,85.0,180.0,108.0,0,Low,2,0,0
8622,55,Male,29.4,127.0,168.0,133.0,0,High,0,0,0
8623,81,Female,,163.0,271.0,137.0,0,Moderate,2,2,0
8624,75,Female,,178.0,216.0,91.0,1,Moderate,3,0,1
8625,34,Male,24.8,117.0,284.0,163.0,0,High,0,1,0
8626,36,Male,35.7,125.0,189.0,127.0,0,High,0,3,0
8627,74,Female,26.1,143.0,178.0,70.0,1,Moderate,0,2,0
8628,77,Female,33.1,166.0,144.0,84.0,1,High,1,0,1
8629,38,Female,31.4,105.0,231.0,60.0,0,Moderate,0,1,0
8630,18,Male,16.6,156.0,147.0,110.0,1,Low,1,1,0
8631,50,Male,22.2,120.0,179.0,85.0,0,Moderate,0,1,0
8632,62,Female,20.8,110.0,248.0,74.0,0,Low,0,1,0
8633,49,Male,17.7,120.0,235.0,75.0,0,Moderate,0,1,0
8634,85,Female,32.3,124.0,189.0,105.0,0,Low,2,0,0
8635,76,Female,38.9,141.0,191.0,137.0,0,Moderate,2,3,0
8636,74,Male,26.1,107.0,140.0,61.0,1,Low,3,1,0
8637,19,Female,32.2,116.0,101.0,84.0,0,Low,0,1,0
8638,79,Female,35.7,146.0,239.0,129.0,1,Moderate,2,0,0
8639,72,Male,28.6,156.0,239.0,92.0,0,Low,1,1,1
8640,46,Male,27.4,134.0,207.0,121.0,0,High,1,1,0
8641,60,Male,26.1,151.0,207.0,91.0,0,Low,0,1,0
8642,77,Female,30.5,125.0,182.0,151.0,0,Moderate,1,1,0
8643,83,Male,32.3,143.0,267.0,118.0,1,Moderate,0,1,0
8644,57,Male,30.0,92.0,131.0,141.0,0,Moderate,0,1,0
8645,20,Male,29.9,113.0,162.0,123.0,0,Low,0,0,0
8646,62,Male,27.2,135.0,207.0,120.0,1,High,0,2,0
8647,66,Male,18.7,138.0,203.0,74.0,0,Low,0,1,0
8648,22,Female,,90.0,181.0,143.0,0,Moderate,0,1,0
8649,76,Female,20.4,128.0,188.0,101.0,0,Moderate,1,1,1
8650,32,Male,30.9,115.0,207.0,86.0,0,Low,1,2,0
8651,82,Female,31.7,129.0,165.0,60.0,0,Moderate,0,2,0
8652,57,Female,21.2,139.0,193.0,101.0,0,Low,0,1,0
8653,41,Male,24.2,118.0,207.0,140.0,1,Moderate,1,2,0
8654,22,Female,39.2,117.0,168.0,98.0,0,Low,0,0,0
8655,19,Female,27.1,106.0,180.0,81.0,0,Moderate,0,2,0
8656,71,Male,20.8,149.0,214.0,88.0,1,Moderate,1,0,1
8657,45,Female,31.9,141.0,126.0,140.0,0,High,1,0,0
8658,78,Male,23.3,130.0,146.0,60.0,0,Low,1,2,0
8659,34,Female,16.9,165.0,192.0,74.0,0,Moderate,0,0,0
8660,84,Female,30.4,125.0,189.0,84.0,0,Moderate,3,0,1
8661,85,Male,22.5,153.0,192.0,113.0,0,Low,2,3,1
8662,25,Female,29.3,101.0,204.0,105.0,1,Moderate,1,0,0
8663,64,Male,23.0,142.0,,90.0,0,Moderate,1,0,0
8664,85,Male,31.4,148.0,121.0,106.0,0,Low,1,1,1
8665,41,Female,28.5,106.0,253.0,128.0,0,Moderate,0,0,0
8666,22,Male,15.0,113.0,227.0,117.0,1,Moderate,0,2,0
8667,81,Male,29.6,166.0,,135.0,0,Low,1,0,0
8668,52,Female,25.9,113.0,153.0,118.0,0,Moderate,0,0,0
8669,19,Male,35.3,121.0,177.0,153.0,1,Moderate,2,1,1
8670,78,Female,29.7,140.0,161.0,85.0,0,High,0,1,0
8671,66,Male,31.7,130.0,201.0,122.0,0,Moderate,0,0,1
8672,23,Female,23.6,88.0,,161.0,1,Low,1,0,0
8673,36,Male,23.2,133.0,147.0,60.0,0,Moderate,2,1,0
8674,19,Male,27.4,114.0,199.0,92.0,0,Moderate,2,0,0
8675,86,Female,25.5,155.0,203.0,76.0,0,High,1,0,0
8676,19,Female,34.9,118.0,245.0,124.0,0,Moderate,1,0,0
8677,75,Male,26.7,135.0,211.0,142.0,0,Low,0,1,0
8678,54,Female,20.8,132.0,100.0,110.0,1,Moderate,1,1,0
8679,59,Female,22.9,112.0,131.0,94.0,0,Low,3,2,1
8680,76,Male,32.8,159.0,288.0,127.0,0,Moderate,3,1,1
8681,82,Male,26.6,130.0,197.0,97.0,0,Moderate,0,0,0
8682,27,Male,26.3,111.0,193.0,109.0,0,Moderate,1,0,1
8683,19,Female,33.3,135.0,180.0,130.0,0,Low,2,0,0
8684,26,Male,22.5,121.0,237.0,144.0,0,Low,2,0,0
8685,67,Female,15.2,127.0,131.0,100.0,0,Low,0,1,0
8686,58,Female,22.8,134.0,250.0,105.0,0,Moderate,2,2,1
8687,24,Male,28.8,126.0,230.0,160.0,0,Moderate,0,1,0
8688,34,Male,26.1,118.0,187.0,60.0,0,High,3,1,0
8689,56,Female,18.9,142.0,214.0,91.0,0,Low,0,0,1
8690,70,Female,33.1,112.0,191.0,94.0,1,Moderate,2,0,0
8691,42,Male,28.4,126.0,127.0,101.0,0,Low,0,0,0
8692,86,Female,29.6,150.0,235.0,124.0,0,High,2,0,0
8693,89,Male,29.8,149.0,224.0,134.0,0,Moderate,1,4,1
8694,73,Male,20.4,97.0,217.0,82.0,0,Low,3,0,0
8695,50,Male,29.2,123.0,213.0,125.0,0,Moderate,1,1,1
8696,81,Female,32.5,116.0,188.0,89.0,1,High,0,5,1
8697,70,Female,33.8,153.0,,81.0,0,Low,1,3,1
8698,55,Female,31.5,120.0,198.0,113.0,1,Low,1,2,1
8699,49,Female,30.3,143.0,215.0,104.0,0,Moderate,1,0,0
8700,77,Male,17.9,115.0,198.0,131.0,0,Low,1,1,0
8701,58,Male,27.4,134.0,239.0,161.0,0,Low,1,2,0
8702,31,Female,22.2,118.0,189.0,82.0,0,Low,1,0,0
8703,89,Male,34.6,183.0,211.0,69.0,1,Low,1,0,1
8704,22,Female,33.7,134.0,227.0,79.0,1,Moderate,0,1,0
8705,68,Female,22.3,149.0,139.0,77.0,1,High,0,2,0
8706,65,Male,27.2,163.0,192.0,111.0,0,Low,1,0,0
8707,60,Female,28.9,133.0,177.0,101.0,0,High,0,0,0
8708,21,Female,32.5,113.0,195.0,80.0,1,Moderate,1,1,0
8709,53,Male,18.3,123.0,209.0,139.0,0,Low,1,0,0
8710,82,Female,15.3,141.0,211.0,106.0,0,Moderate,1,2,0
8711,35,Male,27.7,85.0,160.0,152.0,0,Moderate,0,1,0
8712,67,Male,15.0,131.0,203.0,60.0,0,Low,2,3,0
8713,79,Female,28.4,139.0,222.0,140.0,0,Low,2,2,1
8714,86,Female,30.8,135.0,206.0,106.0,0,Moderate,2,0,0
8715,55,Male,34.3,102.0,240.0,105.0,0,Moderate,0,1,0
8716,40,Female,24.1,119.0,,102.0,0,Moderate,1,1,0
8717,68,Female,28.4,107.0,205.0,89.0,0,Low,1,0,0
8718,53,Female,31.1,154.0,107.0,107.0,1,Moderate,0,1,0
8719,63,Female,21.0,125.0,193.0,121.0,0,High,0,1,0
8720,71,Male,32.5,99.0,229.0,62.0,0,Moderate,0,2,0
8721,69,Female,29.0,128.0,194.0,147.0,0,Moderate,1,0,1
8722,35,Male,24.2,134.0,199.0,111.0,0,Moderate,0,0,0
8723,72,Male,28.3,136.0,,104.0,0,Moderate,1,3,0
8724,57,Male,26.7,113.0,207.0,129.0,1,High,0,1,0
8725,85,Male,31.8,126.0,266.0,121.0,0,Low,0,1,0
8726,65,Female,25.5,126.0,232.0,90.0,0,Low,2,2,0
8727,82,Female,28.7,129.0,162.0,87.0,0,Low,1,1,0
8728,88,Female,24.1,118.0,151.0,140.0,0,High,0,0,0
8729,89,Male,22.3,138.0,231.0,60.0,0,Low,0,1,0
8730,71,Female,28.4,111.0,250.0,102.0,0,High,1,0,0
8731,61,Male,22.6,144.0,137.0,62.0,0,Low,0,0,0
8732,26,Male,31.9,134.0,175.0,125.0,1,Moderate,0,1,0
8733,45,Male,30.8,107.0,283.0,108.0,0,Moderate,0,0,0
8734,52,Female,23.3,114.0,186.0,67.0,0,High,0,3,0
8735,74,Male,28.7,127.0,303.0,85.0,0,Low,0,2,0
8736,60,Female,,128.0,169.0,101.0,0,Moderate,0,4,0
8737,49,Female,18.7,129.0,170.0,101.0,0,High,0,0,0
8738,28,Female,24.2,125.0,157.0,60.0,0,High,1,2,0
8739,69,Male,27.2,139.0,156.0,87.0,1,High,0,0,0
8740,49,Female,30.4,150.0,130.0,114.0,0,High,0,1,0
8741,20,Male,28.3,115.0,172.0,138.0,1,Low,2,1,0
8742,38,Female,32.5,100.0,195.0,135.0,0,Low,1,3,0
8743,81,Female,22.1,110.0,183.0,86.0,1,Moderate,0,3,1
8744,26,Male,25.4,143.0,165.0,129.0,0,Low,0,0,0
8745,47,Male,36.5,132.0,248.0,110.0,0,High,0,2,0
8746,54,Female,16.9,130.0,234.0,60.0,0,Moderate,0,3,0
8747,24,Male,25.0,123.0,172.0,140.0,0,Low,0,1,0
8748,29,Female,21.6,120.0,,109.0,1,High,1,0,0
8749,85,Female,26.4,144.0,150.0,109.0,1,Low,1,2,1
8750,60,Female,25.1,123.0,210.0,103.0,0,Moderate,1,1,0
8751,33,Female,30.8,136.0,184.0,118.0,0,Moderate,0,0,0
8752,30,Male,28.9,110.0,,108.0,0,High,0,1,0
8753,48,Female,20.3,110.0,195.0,88.0,0,Moderate,0,0,0
8754,70,Female,,105.0,200.0,84.0,0,Low,1,1,0
8755,70,Male,27.5,128.0,155.0,108.0,0,Low,1,0,0
8756,32,Male,31.6,139.0,250.0,89.0,0,Moderate,1,0,0
8757,70,Male,40.9,125.0,241.0,95.0,0,Moderate,1,1,1
8758,82,Male,31.4,114.0,196.0,118.0,1,Low,2,1,1
8759,34,Male,21.9,124.0,120.0,123.0,0,Moderate,1,0,0
8760,19,Male,27.0,104.0,,84.0,0,Moderate,1,0,0
8761,87,Female,28.5,163.0,290.0,91.0,0,Low,2,3,1
8762,55,Male,24.6,144.0,191.0,60.0,0,Low,0,0,0
8763,73,Male,30.1,113.0,235.0,75.0,0,Low,1,0,0
8764,41,Male,15.0,119.0,154.0,60.0,0,Moderate,0,2,0
8765,39,Female,30.5,109.0,178.0,135.0,0,High,0,3,0
8766,34,Male,24.9,101.0,177.0,60.0,0,Low,1,0,0
8767,33,Male,,118.0,196.0,,0,Moderate,0,1,0
8768,51,Female,35.6,138.0,199.0,110.0,1,High,2,1,0
8769,25,Male,20.6,115.0,147.0,112.0,0,Moderate,0,2,0
8770,78,Male,,127.0,174.0,138.0,0,High,2,2,0
8771,54,Female,,91.0,194.0,111.0,0,Low,0,0,0
8772,83,Female,28.4,126.0,145.0,136.0,0,Moderate,1,1,0
8773,54,Female,18.6,135.0,166.0,134.0,0,Moderate,1,2,0
8774,39,Female,34.9,100.0,184.0,151.0,0,Low,0,1,0
8775,55,Male,26.3,147.0,213.0,87.0,0,Moderate,2,2,0
8776,29,Female,24.6,108.0,242.0,60.0,1,Moderate,0,0,0
8777,77,Male,25.8,138.0,190.0,100.0,1,Low,2,1,1
8778,69,Male,25.4,125.0,206.0,107.0,1,Moderate,2,3,1
8779,28,Female,21.0,98.0,113.0,60.0,0,Moderate,0,1,0
8780,59,Male,28.4,135.0,212.0,109.0,0,Low,1,1,0
8781,56,Male,24.2,118.0,,60.0,0,Moderate,0,0,0
8782,32,Female,31.2,105.0,174.0,151.0,0,High,0,1,0
8783,26,Male,30.3,85.0,201.0,122.0,0,High,1,1,0
8784,72,Female,36.4,154.0,226.0,97.0,1,Low,1,4,0
8785,37,Male,26.3,121.0,133.0,107.0,0,Moderate,0,1,1
8786,55,Female,23.1,144.0,228.0,106.0,0,Moderate,0,1,0
8787,35,Male,19.4,130.0,186.0,107.0,0,Moderate,1,0,0
8788,65,Male,39.6,148.0,251.0,124.0,0,Low,0,0,1
8789,21,Male,31.1,106.0,236.0,135.0,0,Low,0,1,0
8790,43,Female,23.7,101.0,253.0,67.0,0,Low,1,1,0
8791,57,Male,36.8,140.0,144.0,115.0,0,Low,1,3,0
8792,49,Female,35.0,127.0,210.0,163.0,1,Low,0,2,1
8793,62,Male,20.1,122.0,141.0,86.0,1,Low,1,2,0
8794,30,Female,23.4,130.0,234.0,106.0,0,Low,0,1,0
8795,49,Female,26.8,130.0,249.0,79.0,0,Low,1,1,0
8796,72,Female,21.6,143.0,243.0,154.0,0,Low,2,0,1
8797,42,Male,27.0,106.0,175.0,112.0,1,High,0,0,0
8798,29,Female,31.4,133.0,205.0,78.0,0,Low,0,1,0
8799,79,Female,19.9,135.0,189.0,123.0,0,High,1,0,0
8800,74,Female,29.1,151.0,208.0,80.0,0,Moderate,0,3,1
8801,66,Male,33.9,146.0,199.0,132.0,1,Moderate,1,0,0
8802,75,Female,29.7,145.0,132.0,136.0,0,Low,3,1,1
8803,74,Female,27.1,132.0,176.0,158.0,0,High,0,0,0
8804,71,Female,23.8,144.0,292.0,106.0,0,Low,1,1,0
8805,54,Male,32.1,144.0,194.0,113.0,0,Low,1,0,0
8806,19,Female,21.0,124.0,186.0,60.0,0,Low,1,0,0
8807,60,Female,28.8,132.0,200.0,96.0,0,Low,2,1,1
8808,37,Male,27.6,132.0,173.0,87.0,0,Low,1,3,1
8809,73,Female,33.7,125.0,208.0,110.0,0,High,0,1,0
8810,51,Female,24.3,150.0,180.0,88.0,1,Moderate,0,2,0
8811,83,Male,24.8,110.0,125.0,122.0,0,High,1,2,0
8812,60,Female,20.7,129.0,230.0,82.0,0,Moderate,1,0,1
8813,57,Female,29.9,121.0,260.0,121.0,0,Low,1,2,1
8814,84,Male,,127.0,168.0,99.0,0,Moderate,1,0,0
8815,52,Female,22.8,131.0,180.0,83.0,0,Low,0,1,0
8816,45,Male,23.3,105.0,249.0,81.0,1,High,2,1,0
8817,44,Male,30.5,157.0,163.0,116.0,1,Moderate,0,1,0
8818,81,Female,21.4,114.0,225.0,,0,Low,4,3,1
8819,72,Female,21.9,117.0,350.0,79.0,1,Moderate,0,3,1
8820,29,Female,32.4,101.0,209.0,114.0,0,Moderate,2,0,0
8821,53,Female,26.6,129.0,199.0,117.0,0,High,0,1,0
8822,44,Male,32.8,139.0,226.0,113.0,0,Moderate,0,3,0
8823,64,Female,25.5,138.0,232.0,60.0,0,Moderate,1,0,0
8824,21,Male,27.5,138.0,155.0,118.0,0,Moderate,0,0,0
8825,69,Male,28.4,118.0,139.0,68.0,0,Low,2,1,0
8826,71,Male,35.1,143.0,228.0,,1,Low,2,2,1
8827,34,Female,34.7,115.0,215.0,82.0,1,Moderate,1,1,0
8828,28,Female,33.8,121.0,173.0,110.0,0,High,0,1,0
8829,63,Male,24.0,147.0,264.0,76.0,0,Moderate,0,4,0
8830,36,Female,22.1,93.0,243.0,61.0,1,High,0,0,0
8831,85,Female,31.7,169.0,242.0,121.0,0,Moderate,3,1,1
8832,73,Female,35.1,131.0,196.0,116.0,0,Moderate,2,4,1
8833,86,Female,33.9,112.0,134.0,134.0,0,Low,3,1,1
8834,56,Male,27.6,116.0,191.0,87.0,0,Moderate,0,0,0
8835,85,Male,31.5,139.0,143.0,110.0,0,Low,1,2,1
8836,19,Female,31.6,103.0,100.0,132.0,0,Moderate,2,0,0
8837,38,Female,28.3,88.0,214.0,73.0,0,Moderate,1,0,0
8838,18,Female,28.6,115.0,224.0,90.0,1,Moderate,0,2,0
8839,66,Male,28.0,119.0,129.0,132.0,0,High,2,2,0
8840,54,Female,23.2,137.0,187.0,100.0,1,Moderate,0,0,0
8841,38,Male,23.7,104.0,188.0,96.0,0,Moderate,3,0,0
8842,39,Male,23.6,157.0,178.0,99.0,0,Moderate,0,1,0
8843,64,Male,18.7,138.0,150.0,125.0,0,Low,0,1,1
8844,30,Male,28.3,121.0,236.0,106.0,1,Low,2,0,0
8845,55,Male,27.3,137.0,146.0,107.0,0,Low,1,2,0
8846,62,Female,31.7,100.0,127.0,111.0,0,High,0,2,0
8847,35,Male,34.4,112.0,135.0,73.0,0,Low,3,1,0
8848,34,Male,34.8,148.0,205.0,129.0,1,High,1,0,0
8849,43,Male,35.3,117.0,181.0,95.0,0,Low,0,1,0
8850,60,Female,23.3,127.0,,67.0,0,Moderate,0,0,0
8851,36,Female,19.6,113.0,208.0,60.0,0,Moderate,0,0,0
8852,45,Female,,147.0,205.0,73.0,0,Moderate,0,2,0
8853,57,Female,35.1,124.0,111.0,60.0,0,Moderate,1,1,0
8854,31,Male,36.1,98.0,205.0,91.0,0,Moderate,1,2,0
8855,58,Male,30.2,169.0,244.0,98.0,0,Low,0,1,0
8856,27,Male,16.5,95.0,179.0,118.0,0,Low,0,0,0
8857,28,Male,,116.0,175.0,110.0,0,Moderate,0,1,0
8858,35,Female,30.6,106.0,259.0,117.0,0,Moderate,0,0,0
8859,38,Male,34.4,110.0,162.0,149.0,0,High,0,0,0
8860,20,Female,35.4,98.0,174.0,60.0,0,Low,0,1,0
8861,87,Male,32.5,129.0,226.0,123.0,0,Low,0,2,1
8862,40,Male,24.3,137.0,192.0,109.0,0,Moderate,2,0,0
8863,75,Female,21.8,103.0,197.0,119.0,1,Moderate,0,1,0
8864,82,Male,30.4,156.0,214.0,63.0,1,Moderate,5,0,1
8865,75,Female,23.1,151.0,267.0,85.0,0,Low,3,1,1
8866,77,Female,35.6,143.0,239.0,93.0,0,Low,0,2,1
8867,25,Female,18.1,118.0,180.0,60.0,0,Low,1,1,0
8868,44,Male,30.6,127.0,159.0,170.0,0,Low,0,0,0
8869,71,Female,29.3,155.0,178.0,94.0,0,Low,0,1,0
8870,59,Female,26.4,100.0,236.0,128.0,0,Low,0,1,1
8871,18,Male,22.4,125.0,118.0,117.0,1,Moderate,1,0,0
8872,58,Female,16.2,116.0,290.0,60.0,0,Low,1,0,0
8873,75,Female,24.6,147.0,206.0,88.0,0,Moderate,0,1,0
8874,77,Male,24.7,125.0,156.0,103.0,0,High,2,3,1
8875,45,Female,33.6,135.0,199.0,125.0,0,Low,3,1,1
8876,35,Female,23.2,95.0,157.0,108.0,0,Low,0,1,0
8877,40,Male,30.0,94.0,174.0,155.0,0,Low,1,1,0
8878,39,Female,20.4,119.0,132.0,119.0,0,Low,0,2,0
8879,42,Female,30.1,145.0,182.0,126.0,0,Low,1,3,0
8880,39,Male,15.2,130.0,109.0,114.0,0,High,1,0,0
8881,50,Male,39.0,133.0,172.0,157.0,0,Low,1,0,0
8882,20,Female,26.7,128.0,149.0,88.0,0,Low,0,1,0
8883,37,Male,15.0,114.0,169.0,60.0,0,Low,1,0,0
8884,40,Female,23.6,131.0,161.0,84.0,1,Low,3,2,0
8885,29,Female,22.7,108.0,,63.0,0,Low,1,0,0
8886,81,Female,23.9,131.0,244.0,75.0,0,High,2,2,0
8887,66,Male,25.5,128.0,217.0,105.0,1,Low,2,4,1
8888,83,Male,23.9,128.0,261.0,86.0,0,Moderate,0,1,1
8889,58,Male,23.0,127.0,180.0,116.0,0,Low,0,0,0
8890,25,Female,21.1,112.0,,105.0,0,Moderate,3,0,0
8891,83,Male,32.0,125.0,225.0,121.0,0,High,2,0,0
8892,50,Male,34.1,123.0,239.0,82.0,0,Low,0,2,0
8893,67,Male,26.1,133.0,176.0,81.0,1,Moderate,0,2,0
8894,45,Female,27.4,106.0,222.0,60.0,0,Moderate,1,0,0
8895,53,Female,21.3,133.0,164.0,112.0,1,Low,2,1,0
8896,53,Female,27.9,118.0,175.0,156.0,0,Low,0,0,0
8897,38,Male,28.8,124.0,175.0,112.0,1,Low,0,0,0
8898,57,Male,26.3,117.0,,111.0,0,Low,1,0,0
8899,70,Male,29.7,149.0,164.0,95.0,0,Low,1,3,0
8900,19,Male,29.2,129.0,143.0,102.0,1,Moderate,0,0,0
8901,27,Male,21.7,100.0,159.0,131.0,1,Low,0,0,0
8902,78,Female,34.1,143.0,211.0,117.0,0,Moderate,1,3,0
8903,59,Male,26.4,151.0,164.0,121.0,0,Low,1,0,0
8904,88,Male,36.7,123.0,224.0,,0,Low,1,1,0
8905,61,Female,29.8,115.0,187.0,138.0,0,Low,0,0,0
8906,65,Female,38.3,142.0,228.0,122.0,0,Moderate,1,4,0
8907,82,Male,34.0,115.0,213.0,118.0,1,Low,0,1,1
8908,65,Female,28.7,118.0,269.0,97.0,0,Moderate,1,1,0
8909,41,Male,23.5,106.0,195.0,113.0,0,Moderate,2,0,0
8910,56,Female,23.6,139.0,152.0,89.0,0,Low,0,0,0
8911,34,Male,30.4,108.0,179.0,119.0,0,Low,0,1,0
8912,42,Male,28.3,118.0,192.0,134.0,0,High,0,1,0
8913,66,Female,24.3,119.0,168.0,,0,Low,0,0,0
8914,28,Male,32.1,136.0,242.0,64.0,0,Moderate,0,0,0
8915,66,Male,27.7,117.0,191.0,105.0,0,Moderate,2,1,0
8916,60,Male,32.1,106.0,176.0,130.0,0,Moderate,0,1,1
8917,40,Female,22.1,98.0,197.0,106.0,1,Moderate,0,0,0
8918,21,Female,33.0,126.0,146.0,82.0,0,Low,0,0,0
8919,68,Male,30.3,144.0,241.0,133.0,0,Moderate,1,1,1
8920,77,Female,34.1,154.0,238.0,165.0,1,High,2,1,1
8921,70,Male,32.9,112.0,210.0,91.0,0,Moderate,2,1,0
8922,48,Female,27.0,121.0,216.0,86.0,0,Low,0,0,0
8923,65,Male,26.6,169.0,184.0,105.0,0,High,0,2,0
8924,47,Male,37.3,119.0,136.0,116.0,1,Moderate,1,0,0
8925,43,Male,25.9,114.0,179.0,135.0,0,Moderate,0,3,1
8926,41,Male,31.6,122.0,171.0,119.0,0,Moderate,0,1,0
8927,33,Male,25.4,128.0,109.0,95.0,0,Moderate,0,0,0
8928,87,Male,17.3,146.0,173.0,76.0,0,Moderate,2,0,1
8929,65,Male,20.7,120.0,156.0,60.0,0,Moderate,1,3,0
8930,30,Female,29.7,109.0,145.0,144.0,0,High,2,0,0
8931,80,Male,31.4,131.0,261.0,127.0,0,High,0,1,0
8932,28,Male,29.8,106.0,203.0,107.0,0,High,1,0,0
8933,60,Female,33.8,109.0,,117.0,0,High,0,1,0
8934,29,Male,29.7,147.0,204.0,106.0,0,Low,1,1,0
8935,44,Female,23.2,116.0,233.0,60.0,0,Low,0,1,0
8936,65,Female,30.8,125.0,204.0,73.0,0,Low,2,1,0
8937,89,Female,28.4,134.0,272.0,102.0,1,Moderate,1,4,1
8938,89,Female,24.3,137.0,168.0,,0,Moderate,3,2,0
8939,82,Female,30.1,143.0,208.0,109.0,0,High,0,0,0
8940,34,Male,27.9,112.0,148.0,150.0,0,Moderate,0,1,0
8941,24,Female,24.2,134.0,229.0,94.0,0,Moderate,0,0,0
8942,83,Female,26.5,146.0,227.0,84.0,0,High,1,1,0
8943,84,Female,35.3,134.0,257.0,118.0,1,High,3,0,1
8944,38,Male,,110.0,136.0,80.0,0,Low,1,2,0
8945,19,Male,28.5,132.0,157.0,111.0,0,Moderate,1,0,0
8946,64,Male,27.8,127.0,134.0,87.0,1,High,0,1,0
8947,23,Female,19.6,96.0,195.0,100.0,0,Moderate,1,1,0
8948,20,Male,37.0,131.0,164.0,114.0,1,Low,0,0,0
8949,85,Female,33.2,126.0,241.0,110.0,0,Low,3,4,1
8950,53,Male,31.6,140.0,198.0,128.0,0,Moderate,1,1,0
8951,26,Male,15.0,85.0,102.0,107.0,0,Moderate,1,1,0
8952,65,Female,27.7,124.0,139.0,159.0,0,High,2,1,0
8953,44,Female,26.8,141.0,195.0,123.0,0,Low,1,0,0
8954,56,Female,31.3,127.0,216.0,105.0,1,High,0,1,0
8955,82,Female,25.0,146.0,127.0,86.0,0,High,0,3,0
8956,35,Female,26.2,105.0,184.0,113.0,1,Moderate,0,1,0
8957,64,Female,30.9,135.0,163.0,148.0,0,Moderate,0,2,0
8958,77,Male,23.2,135.0,166.0,122.0,1,Low,0,1,0
8959,48,Female,24.3,128.0,169.0,83.0,0,Low,0,0,0
8960,87,Female,28.6,171.0,218.0,119.0,0,Low,1,2,1
8961,50,Female,34.9,146.0,168.0,122.0,0,Low,0,1,1
8962,51,Female,,138.0,120.0,139.0,0,Low,1,0,0
8963,81,Female,33.4,149.0,215.0,122.0,1,Moderate,0,1,1
8964,63,Male,27.8,115.0,188.0,113.0,0,Low,1,3,0
8965,80,Female,35.7,128.0,,86.0,0,High,2,1,0
8966,74,Female,17.9,109.0,195.0,113.0,1,High,0,2,0
8967,69,Male,38.6,111.0,,85.0,0,Low,1,0,0
8968,35,Female,39.3,106.0,189.0,125.0,0,High,0,0,0
8969,46,Female,30.0,123.0,184.0,95.0,0,Moderate,2,1,0
8970,80,Female,32.1,116.0,216.0,96.0,0,High,3,1,0
8971,62,Female,27.3,129.0,199.0,121.0,0,Moderate,1,0,0
8972,38,Male,26.3,118.0,220.0,104.0,1,Low,1,2,0
8973,41,Female,24.1,104.0,251.0,60.0,0,Moderate,1,0,0
8974,73,Female,27.2,157.0,206.0,100.0,0,Moderate,2,1,0
8975,30,Male,30.6,97.0,161.0,100.0,0,High,1,1,0
8976,26,Female,29.8,134.0,128.0,142.0,0,Moderate,1,0,0
8977,73,Male,38.4,97.0,231.0,89.0,0,Moderate,1,1,0
8978,38,Female,28.1,119.0,155.0,156.0,1,Moderate,0,1,0
8979,73,Female,19.3,114.0,296.0,116.0,1,High,2,2,1
8980,56,Female,,117.0,304.0,111.0,1,Moderate,0,0,0
8981,89,Female,20.8,168.0,206.0,85.0,0,Moderate,1,0,0
8982,55,Male,24.4,121.0,134.0,85.0,0,Low,0,3,0
8983,80,Male,29.0,118.0,235.0,116.0,0,High,4,3,1
8984,79,Female,29.8,143.0,289.0,88.0,1,High,1,1,0
8985,33,Male,19.6,113.0,137.0,92.0,1,Moderate,0,0,0
8986,89,Female,23.4,141.0,287.0,72.0,0,High,2,1,0
8987,71,Male,19.4,118.0,135.0,113.0,0,Moderate,1,1,0
8988,25,Female,30.9,102.0,127.0,115.0,1,Moderate,1,0,0
8989,18,Female,34.0,101.0,191.0,103.0,0,High,1,1,0
8990,37,Male,20.8,133.0,227.0,90.0,0,Moderate,1,1,0
8991,19,Male,33.0,111.0,177.0,95.0,0,Moderate,0,0,0
8992,43,Male,32.6,106.0,209.0,121.0,0,High,0,1,0
8993,89,Female,23.9,141.0,256.0,68.0,0,High,1,1,0
8994,52,Male,16.6,127.0,242.0,114.0,1,Moderate,1,1,0
8995,19,Female,21.6,123.0,156.0,102.0,0,Low,0,0,0
8996,53,Male,24.2,118.0,164.0,89.0,0,High,0,0,0
8997,33,Female,36.0,118.0,227.0,133.0,1,Low,0,2,0
8998,79,Female,26.8,142.0,227.0,115.0,0,Moderate,4,4,1
8999,24,Male,22.0,100.0,204.0,71.0,0,Moderate,0,0,0
9000,73,Male,,147.0,181.0,141.0,0,High,1,5,1
9001,50,Male,,125.0,219.0,60.0,0,Moderate,0,2,0
9002,19,Female,30.3,97.0,138.0,138.0,0,Moderate,1,1,0
9003,66,Female,22.1,113.0,212.0,94.0,0,Moderate,0,3,0
9004,50,Female,22.9,123.0,199.0,125.0,1,Moderate,0,2,0
9005,73,Female,29.6,124.0,211.0,146.0,0,Moderate,2,0,0
9006,62,Female,,141.0,231.0,108.0,0,Low,0,1,1
9007,74,Male,39.6,129.0,168.0,113.0,0,Moderate,1,0,0
9008,51,Male,21.8,130.0,221.0,106.0,1,Low,1,1,0
9009,18,Female,24.2,100.0,180.0,72.0,1,High,2,0,0
9010,27,Female,30.3,117.0,153.0,101.0,0,Low,1,1,0
9011,51,Female,33.9,146.0,,104.0,0,High,0,0,0
9012,46,Female,15.6,121.0,265.0,60.0,0,Low,0,2,0
9013,75,Male,28.0,125.0,205.0,94.0,0,Moderate,3,4,1
9014,47,Female,24.8,110.0,180.0,121.0,1,Moderate,1,1,1
9015,79,Female,16.9,135.0,166.0,109.0,0,Moderate,1,2,0
9016,31,Male,20.1,141.0,227.0,91.0,0,Moderate,2,0,1
9017,45,Male,24.4,101.0,231.0,103.0,0,Moderate,0,1,0
9018,72,Female,27.8,132.0,237.0,98.0,0,Low,0,1,1
9019,26,Male,33.0,89.0,181.0,68.0,1,Moderate,0,0,0
9020,41,Male,29.4,115.0,219.0,82.0,0,Moderate,0,1,0
9021,72,Male,32.7,137.0,175.0,138.0,0,Moderate,1,0,0
9022,60,Female,27.6,103.0,208.0,137.0,0,Moderate,1,0,0
9023,74,Male,23.6,126.0,205.0,78.0,0,Moderate,2,2,0
9024,55,Male,26.5,131.0,208.0,133.0,0,Low,1,0,0
9025,79,Male,31.3,137.0,141.0,80.0,0,Moderate,2,1,0
9026,81,Male,33.2,141.0,282.0,100.0,0,Moderate,0,2,0
9027,88,Male,26.7,123.0,276.0,101.0,0,Low,1,1,0
9028,26,Female,22.4,121.0,139.0,91.0,1,Low,0,0,0
9029,60,Male,29.3,119.0,222.0,90.0,0,Low,1,1,0
9030,26,Male,30.1,128.0,126.0,113.0,0,High,0,2,0
9031,34,Female,34.3,85.0,190.0,135.0,0,Moderate,0,0,0
9032,39,Female,23.8,117.0,106.0,63.0,0,Low,2,0,0
9033,64,Female,23.8,131.0,191.0,104.0,0,High,2,0,0
9034,49,Female,31.7,146.0,176.0,137.0,0,Moderate,0,0,0
9035,80,Male,25.3,137.0,254.0,92.0,0,Moderate,1,3,0
9036,39,Male,25.0,124.0,253.0,88.0,0,High,0,0,0
9037,62,Male,34.4,135.0,,93.0,1,Moderate,1,0,0
9038,72,Male,20.0,153.0,250.0,147.0,0,Moderate,1,0,0
9039,88,Female,38.8,132.0,217.0,160.0,1,Moderate,1,1,1
9040,35,Male,24.1,97.0,202.0,93.0,0,Low,0,0,0
9041,70,Female,32.3,106.0,220.0,143.0,0,Moderate,1,1,1
9042,24,Female,26.9,127.0,137.0,91.0,0,Low,2,0,0
9043,57,Female,29.0,131.0,242.0,104.0,0,Low,2,0,1
9044,47,Female,26.1,120.0,220.0,76.0,1,Moderate,0,2,0
9045,87,Female,32.2,129.0,241.0,64.0,0,Moderate,2,0,0
9046,73,Male,25.6,136.0,120.0,88.0,0,Low,2,0,0
9047,84,Female,24.3,140.0,229.0,90.0,0,High,1,3,0
9048,79,Female,37.5,143.0,248.0,131.0,0,Low,1,2,0
9049,47,Female,27.7,106.0,193.0,123.0,0,High,0,2,0
9050,70,Male,23.8,104.0,186.0,97.0,0,Moderate,0,2,0
9051,20,Female,19.3,100.0,128.0,68.0,0,Low,1,0,0
9052,58,Female,37.8,106.0,145.0,103.0,1,Low,0,1,1
9053,21,Male,24.5,92.0,186.0,143.0,0,Moderate,0,0,0
9054,70,Female,38.8,157.0,196.0,138.0,1,Low,1,0,1
9055,87,Male,29.7,102.0,204.0,146.0,0,Moderate,1,2,1
9056,67,Male,28.3,138.0,262.0,153.0,0,Low,3,2,0
9057,78,Female,28.4,149.0,161.0,90.0,0,Low,1,1,0
9058,34,Female,39.7,135.0,174.0,144.0,0,Moderate,1,1,0
9059,89,Male,15.4,143.0,279.0,65.0,0,Low,0,0,0
9060,57,Male,28.7,149.0,187.0,134.0,0,Low,1,0,1
9061,66,Male,26.0,159.0,,125.0,0,Moderate,2,1,0
9062,73,Female,26.3,128.0,200.0,60.0,1,Moderate,0,1,0
9063,64,Male,28.3,137.0,229.0,117.0,0,High,1,1,1
9064,40,Female,26.0,142.0,112.0,81.0,0,Moderate,1,1,0
9065,62,Male,28.5,115.0,193.0,98.0,0,High,2,2,0
9066,65,Female,27.4,126.0,205.0,88.0,0,Moderate,0,1,0
9067,79,Male,20.3,125.0,172.0,119.0,0,High,0,1,0
9068,52,Male,29.6,133.0,209.0,91.0,0,Low,0,1,1
9069,54,Male,31.4,96.0,227.0,78.0,0,Moderate,0,1,0
9070,54,Female,24.5,149.0,214.0,81.0,1,High,1,0,0
9071,26,Female,37.8,125.0,251.0,115.0,0,High,0,0,0
9072,24,Male,34.8,125.0,166.0,127.0,0,High,0,0,0
9073,19,Male,32.1,85.0,198.0,143.0,0,Moderate,0,0,0
9074,65,Female,32.1,114.0,221.0,125.0,0,Moderate,1,2,0
9075,48,Male,27.7,148.0,185.0,121.0,1,Low,0,0,0
9076,80,Male,,133.0,253.0,134.0,0,Low,0,1,0
9077,68,Male,36.1,104.0,215.0,139.0,1,Moderate,0,2,1
9078,28,Female,31.9,121.0,138.0,139.0,0,Low,1,0,0
9079,25,Male,24.4,127.0,211.0,166.0,0,Low,0,0,0
9080,44,Male,27.3,131.0,173.0,126.0,1,Low,0,2,0
9081,84,Male,30.7,134.0,200.0,118.0,0,Moderate,4,1,1
9082,21,Female,32.1,133.0,171.0,100.0,1,High,1,0,0
9083,31,Female,27.1,107.0,213.0,113.0,0,Moderate,0,0,0
9084,20,Female,24.4,123.0,221.0,131.0,0,High,1,1,0
9085,47,Male,36.2,126.0,187.0,86.0,0,High,2,2,0
9086,89,Male,21.6,137.0,206.0,130.0,0,Low,1,1,1
9087,67,Male,22.3,125.0,126.0,87.0,1,High,1,3,1
9088,53,Female,20.2,121.0,170.0,89.0,0,Low,0,0,0
9089,28,Male,22.3,118.0,148.0,112.0,0,Low,1,0,0
9090,43,Female,34.4,118.0,203.0,102.0,0,Moderate,0,2,0
9091,55,Male,34.5,138.0,193.0,127.0,0,Moderate,0,0,0
9092,37,Male,27.1,112.0,154.0,75.0,0,Moderate,1,1,0
9093,68,Male,30.2,156.0,210.0,132.0,0,Low,2,1,1
9094,88,Female,27.4,129.0,211.0,111.0,0,Moderate,2,2,0
9095,32,Female,20.9,133.0,100.0,96.0,0,High,0,0,0
9096,36,Female,39.7,136.0,230.0,130.0,0,High,0,2,0
9097,27,Male,35.1,120.0,222.0,116.0,1,Low,2,2,0
9098,70,Female,29.4,133.0,196.0,120.0,0,High,0,0,0
9099,51,Female,22.8,114.0,209.0,94.0,0,Moderate,2,0,0
9100,38,Male,26.3,113.0,177.0,96.0,0,High,0,1,0
9101,33,Female,23.7,123.0,126.0,60.0,0,Low,0,0,0
9102,23,Female,28.0,115.0,264.0,,0,High,1,0,0
9103,52,Male,29.2,145.0,224.0,78.0,0,Low,0,2,0
9104,67,Male,25.6,124.0,239.0,145.0,0,Moderate,3,1,1
9105,34,Male,19.5,113.0,176.0,88.0,0,High,1,0,0
9106,18,Female,39.2,87.0,222.0,154.0,0,Moderate,0,0,0
9107,52,Male,28.8,136.0,144.0,135.0,0,Moderate,3,0,1
9108,66,Male,30.0,139.0,194.0,134.0,0,Moderate,0,0,0
9109,42,Female,25.2,138.0,219.0,104.0,0,Moderate,0,1,0
9110,36,Male,18.9,137.0,164.0,63.0,0,Low,2,2,0
9111,29,Male,27.0,130.0,219.0,100.0,0,Moderate,2,2,0
9112,71,Male,25.7,146.0,217.0,95.0,0,Moderate,1,3,1
9113,80,Female,31.4,145.0,218.0,109.0,0,Low,1,1,0
9114,73,Male,32.5,145.0,179.0,81.0,1,Low,1,2,1
9115,55,Male,31.7,97.0,213.0,104.0,0,Low,0,1,0
9116,70,Female,32.9,114.0,278.0,60.0,1,Moderate,0,0,0
9117,46,Male,37.4,103.0,200.0,112.0,1,Low,1,0,0
9118,19,Female,29.6,134.0,201.0,112.0,0,Low,1,1,1
9119,44,Male,33.5,110.0,219.0,94.0,0,Moderate,1,1,0
9120,68,Female,30.2,121.0,161.0,102.0,0,High,1,1,0
9121,64,Female,17.0,130.0,197.0,95.0,1,Low,0,2,1
9122,89,Female,26.7,119.0,208.0,131.0,0,Low,0,4,1
9123,89,Male,22.7,145.0,134.0,126.0,0,Moderate,1,0,0
9124,35,Male,28.8,86.0,217.0,115.0,0,Low,0,0,0
9125,18,Female,23.1,95.0,144.0,99.0,0,High,2,0,0
9126,37,Male,30.8,124.0,214.0,120.0,0,High,0,1,0
9127,81,Male,32.9,116.0,182.0,160.0,0,Moderate,2,0,1
9128,76,Female,34.1,155.0,286.0,128.0,0,Low,2,1,1
9129,25,Female,36.4,117.0,172.0,125.0,0,Low,0,0,0
9130,29,Female,18.3,136.0,258.0,121.0,0,High,0,0,0
9131,58,Female,20.9,134.0,,98.0,0,Moderate,1,1,0
9132,65,Female,43.6,130.0,,106.0,0,Low,2,0,1
9133,88,Male,33.1,122.0,274.0,125.0,0,Moderate,1,4,1
9134,72,Male,28.7,148.0,171.0,112.0,0,Moderate,1,0,0
9135,33,Female,27.7,126.0,188.0,100.0,0,Low,0,1,0
9136,20,Female,27.2,148.0,201.0,119.0,1,Low,0,0,0
9137,63,Male,,143.0,217.0,60.0,0,Moderate,1,1,0
9138,57,Male,23.3,121.0,200.0,86.0,1,Moderate,0,1,0
9139,84,Male,26.9,142.0,208.0,82.0,0,Moderate,0,1,0
9140,59,Female,23.6,135.0,232.0,80.0,0,High,0,1,0
9141,54,Female,24.3,145.0,204.0,97.0,0,Low,2,1,1
9142,39,Male,41.6,142.0,226.0,102.0,1,Moderate,1,0,0
9143,24,Male,26.1,113.0,197.0,147.0,0,Moderate,0,1,0
9144,81,Female,29.0,116.0,235.0,120.0,0,Moderate,2,0,0
9145,77,Male,28.8,105.0,252.0,87.0,0,High,1,1,0
9146,29,Male,30.7,99.0,173.0,65.0,0,Low,0,1,0
9147,68,Male,24.9,122.0,246.0,87.0,1,High,3,0,0
9148,44,Female,34.4,147.0,186.0,107.0,0,Low,1,0,0
9149,49,Female,29.9,149.0,141.0,93.0,0,Low,0,0,0
9150,79,Male,20.4,151.0,197.0,162.0,0,High,0,1,0
9151,78,Male,26.9,154.0,182.0,62.0,0,Low,0,1,0
9152,31,Female,26.6,107.0,200.0,106.0,0,High,0,0,0
9153,40,Female,26.3,97.0,179.0,101.0,0,Moderate,0,1,0
9154,77,Male,30.3,118.0,213.0,103.0,0,Moderate,1,1,0
9155,84,Male,31.0,104.0,251.0,60.0,0,Low,5,1,0
9156,23,Female,30.3,98.0,238.0,109.0,1,Moderate,0,0,0
9157,78,Male,29.4,127.0,220.0,113.0,0,High,1,2,0
9158,53,Male,28.0,129.0,238.0,125.0,0,Low,0,1,0
9159,60,Female,15.7,131.0,193.0,102.0,0,Moderate,1,1,0
9160,23,Male,31.8,105.0,122.0,143.0,0,Low,0,0,0
9161,66,Male,30.2,140.0,158.0,60.0,0,Low,1,0,0
9162,66,Female,22.1,120.0,196.0,92.0,1,Moderate,3,1,0
9163,65,Male,29.0,130.0,233.0,173.0,1,Low,0,2,0
9164,74,Male,31.1,116.0,200.0,138.0,0,High,1,1,0
9165,86,Female,33.9,155.0,258.0,77.0,1,Moderate,1,1,0
9166,79,Male,30.3,135.0,279.0,112.0,0,Moderate,3,1,1
9167,71,Female,29.3,143.0,172.0,81.0,1,Moderate,0,3,0
9168,88,Female,32.7,119.0,295.0,102.0,1,High,1,4,1
9169,66,Female,25.8,133.0,141.0,155.0,0,Low,2,2,1
9170,66,Female,29.8,140.0,273.0,134.0,1,High,1,1,0
9171,57,Male,24.1,95.0,197.0,61.0,0,Low,0,1,0
9172,73,Female,33.6,152.0,198.0,94.0,0,High,3,1,0
9173,23,Male,18.6,96.0,181.0,93.0,0,High,0,0,0
9174,54,Male,32.0,130.0,167.0,105.0,0,High,0,2,0
9175,48,Male,27.6,153.0,251.0,114.0,0,Low,1,1,0
9176,83,Female,32.8,152.0,185.0,93.0,0,Low,0,2,1
9177,23,Female,23.2,92.0,160.0,90.0,1,High,1,0,0
9178,64,Female,28.0,127.0,150.0,86.0,0,Moderate,1,2,0
9179,31,Female,27.8,138.0,158.0,97.0,0,Moderate,0,0,0
9180,81,Male,29.9,123.0,184.0,127.0,0,Moderate,3,1,0
9181,79,Female,21.7,129.0,180.0,,1,Low,3,0,1
9182,34,Female,31.0,113.0,180.0,92.0,0,Moderate,0,0,0
9183,80,Male,17.3,145.0,168.0,121.0,0,Moderate,2,3,1
9184,53,Male,23.8,101.0,257.0,128.0,1,High,1,3,0
9185,87,Male,18.9,148.0,208.0,94.0,0,Moderate,0,2,0
9186,70,Female,32.1,122.0,219.0,105.0,0,High,0,0,0
9187,20,Male,29.7,114.0,213.0,155.0,0,Low,0,0,0
9188,32,Female,30.0,115.0,263.0,151.0,1,Moderate,2,0,0
9189,47,Female,35.6,134.0,,78.0,0,High,2,2,0
9190,33,Male,25.8,119.0,177.0,134.0,1,Moderate,0,1,0
9191,27,Male,30.9,140.0,143.0,155.0,0,Moderate,1,1,0
9192,88,Male,27.9,154.0,227.0,123.0,0,Low,0,2,1
9193,80,Male,27.0,123.0,250.0,93.0,1,Low,1,0,1
9194,49,Male,34.7,146.0,200.0,107.0,0,Moderate,0,1,1
9195,33,Female,39.0,124.0,189.0,166.0,0,Moderate,0,3,0
9196,31,Male,25.1,121.0,194.0,124.0,0,High,0,1,0
9197,83,Female,32.1,150.0,140.0,126.0,1,Moderate,3,1,1
9198,41,Female,29.3,105.0,196.0,169.0,0,Moderate,0,2,1
9199,18,Female,29.3,92.0,207.0,82.0,0,Moderate,0,0,0
9200,46,Female,28.9,124.0,191.0,105.0,0,Moderate,2,1,0
9201,50,Male,25.7,115.0,238.0,108.0,1,Moderate,0,1,0
9202,62,Female,15.0,162.0,245.0,83.0,1,Moderate,0,1,1
9203,42,Female,35.9,110.0,172.0,70.0,0,Moderate,0,0,0
9204,84,Male,23.7,138.0,229.0,126.0,0,Low,1,4,0
9205,64,Male,26.2,133.0,204.0,84.0,0,High,0,2,0
9206,89,Female,26.3,158.0,137.0,84.0,0,Low,1,1,0
9207,44,Female,23.2,107.0,185.0,90.0,1,Low,0,2,0
9208,64,Male,28.8,104.0,163.0,102.0,0,High,3,1,0
9209,44,Female,27.3,145.0,197.0,102.0,0,Moderate,1,1,0
9210,68,Male,23.6,133.0,230.0,125.0,0,High,0,0,1
9211,71,Female,28.3,145.0,197.0,137.0,0,Moderate,1,2,1
9212,41,Female,27.3,136.0,156.0,99.0,0,Moderate,0,2,0
9213,85,Male,32.6,154.0,221.0,97.0,1,Moderate,0,0,0
9214,79,Female,20.1,129.0,302.0,92.0,0,Moderate,1,2,0
9215,82,Male,23.1,126.0,128.0,76.0,0,High,1,1,0
9216,33,Female,31.5,87.0,195.0,111.0,0,Moderate,1,0,0
9217,69,Female,24.0,116.0,184.0,76.0,0,Moderate,3,4,0
9218,25,Female,22.5,117.0,166.0,154.0,0,High,0,1,0
9219,25,Male,24.3,105.0,179.0,105.0,0,Moderate,3,3,1
9220,88,Male,26.9,120.0,201.0,91.0,0,Low,2,4,1
9221,29,Female,27.0,118.0,207.0,123.0,1,Low,0,0,1
9222,80,Female,,157.0,201.0,72.0,0,Low,1,2,0
9223,49,Male,21.8,124.0,112.0,79.0,1,Moderate,0,0,0
9224,39,Female,31.8,103.0,238.0,123.0,0,High,1,0,0
9225,23,Female,34.8,136.0,224.0,119.0,0,Moderate,0,0,0
9226,66,Female,17.0,118.0,180.0,118.0,0,Moderate,2,3,0
9227,69,Male,19.0,155.0,206.0,60.0,0,Low,1,1,0
9228,51,Male,33.0,121.0,242.0,135.0,0,Moderate,0,1,1
9229,76,Male,36.1,136.0,247.0,104.0,0,Moderate,0,1,0
9230,41,Male,15.8,147.0,242.0,60.0,0,Moderate,3,1,0
9231,57,Male,32.0,106.0,213.0,67.0,1,Low,0,0,0
9232,38,Male,36.5,104.0,218.0,104.0,0,Moderate,0,0,0
9233,59,Male,22.8,123.0,253.0,140.0,0,Moderate,0,0,0
9234,27,Male,36.2,115.0,170.0,143.0,1,Low,1,0,1
9235,52,Female,26.5,168.0,213.0,147.0,0,Moderate,4,0,1
9236,57,Male,29.2,113.0,117.0,,0,Low,0,2,0
9237,58,Male,23.5,107.0,139.0,103.0,0,Low,0,0,0
9238,50,Female,33.0,110.0,214.0,72.0,1,Low,0,0,0
9239,64,Female,32.1,134.0,227.0,71.0,1,Moderate,1,1,0
9240,54,Female,37.0,134.0,182.0,115.0,1,Low,0,3,1
9241,38,Male,35.4,109.0,166.0,81.0,0,Moderate,0,0,0
9242,33,Male,27.4,119.0,173.0,83.0,0,Moderate,1,1,0
9243,64,Female,44.6,161.0,209.0,131.0,1,Moderate,0,0,0
9244,85,Female,34.9,138.0,125.0,149.0,1,Moderate,1,2,1
9245,72,Male,30.5,138.0,224.0,110.0,0,Moderate,2,1,1
9246,63,Female,22.0,160.0,203.0,63.0,0,Low,0,2,1
9247,84,Female,19.1,126.0,221.0,60.0,0,Low,3,2,0
9248,82,Female,19.6,124.0,206.0,98.0,0,Moderate,1,2,0
9249,54,Female,22.4,119.0,144.0,82.0,0,Low,0,1,0
9250,25,Female,35.1,108.0,141.0,119.0,1,Moderate,0,1,0
9251,63,Male,30.2,100.0,259.0,104.0,1,High,0,1,0
9252,62,Female,24.1,131.0,177.0,99.0,0,Low,1,1,0
9253,37,Female,26.8,124.0,219.0,136.0,0,Low,2,1,0
9254,79,Male,26.1,132.0,168.0,131.0,0,High,0,4,1
9255,80,Male,31.9,139.0,209.0,121.0,0,Moderate,0,2,1
9256,41,Male,22.7,126.0,174.0,76.0,0,High,1,0,0
9257,52,Male,29.4,105.0,185.0,94.0,0,Low,0,2,0
9258,32,Female,29.2,123.0,173.0,128.0,1,Moderate,1,2,0
9259,30,Male,,127.0,240.0,133.0,1,High,3,0,0
9260,37,Female,36.2,95.0,262.0,85.0,1,High,1,0,0
9261,44,Female,25.9,146.0,201.0,143.0,0,Low,1,1,0
9262,37,Female,22.0,101.0,173.0,78.0,0,Moderate,1,1,0
9263,28,Female,32.2,99.0,133.0,130.0,1,Moderate,1,3,1
9264,50,Female,27.8,128.0,142.0,179.0,0,Moderate,0,1,0
9265,62,Female,29.7,138.0,256.0,67.0,0,Low,0,0,0
9266,41,Male,21.0,134.0,135.0,110.0,0,Moderate,0,0,0
9267,56,Female,32.0,136.0,181.0,104.0,0,Low,1,1,0
9268,37,Male,,112.0,194.0,134.0,0,Low,0,1,0
9269,68,Male,20.6,133.0,105.0,80.0,0,High,1,3,0
9270,64,Female,29.4,125.0,154.0,60.0,0,Moderate,2,0,0
9271,87,Male,23.2,141.0,163.0,80.0,1,High,1,0,0
9272,21,Male,42.3,116.0,155.0,135.0,0,Low,2,2,0
9273,79,Female,34.3,127.0,219.0,150.0,0,Moderate,4,1,0
9274,42,Female,29.1,117.0,230.0,118.0,1,Low,1,2,0
9275,22,Female,20.7,86.0,156.0,134.0,0,Low,1,0,0
9276,67,Female,22.1,144.0,186.0,85.0,0,High,0,2,0
9277,30,Female,31.6,123.0,180.0,96.0,0,Low,1,0,0
9278,30,Female,20.0,85.0,154.0,104.0,1,Moderate,0,0,0
9279,88,Female,20.2,151.0,230.0,86.0,0,High,2,2,0
9280,33,Male,27.5,118.0,204.0,135.0,0,Low,1,0,0
9281,57,Female,28.2,112.0,100.0,70.0,0,High,2,3,0
9282,32,Female,29.6,102.0,210.0,131.0,0,Low,1,0,0
9283,26,Male,25.1,106.0,188.0,134.0,1,Low,1,2,0
9284,18,Male,32.6,99.0,189.0,122.0,1,Moderate,0,0,0
9285,19,Female,22.8,101.0,224.0,123.0,1,Low,0,0,0
9286,52,Female,30.9,153.0,128.0,94.0,0,Moderate,0,0,0
9287,49,Female,28.7,131.0,147.0,86.0,1,High,0,1,0
9288,20,Male,30.8,147.0,177.0,119.0,0,Low,1,0,0
9289,43,Female,34.0,126.0,103.0,96.0,0,Moderate,0,4,0
9290,37,Female,25.0,130.0,180.0,110.0,0,Low,1,0,0
9291,59,Female,23.9,114.0,232.0,109.0,0,Moderate,0,2,0
9292,89,Male,18.2,136.0,230.0,91.0,0,Moderate,2,3,1
9293,67,Female,16.4,130.0,207.0,97.0,0,Moderate,1,2,0
9294,84,Male,26.5,147.0,203.0,121.0,0,Low,0,1,1
9295,31,Male,26.9,118.0,169.0,102.0,0,Moderate,1,0,0
9296,33,Female,21.5,125.0,168.0,85.0,0,Moderate,1,0,1
9297,72,Male,22.7,138.0,215.0,120.0,0,Low,1,2,0
9298,40,Male,35.9,117.0,131.0,125.0,0,Moderate,1,1,0
9299,79,Male,32.3,129.0,265.0,124.0,1,Low,3,2,1
9300,51,Male,20.6,115.0,167.0,111.0,0,Low,1,1,0
9301,32,Male,25.1,136.0,207.0,106.0,1,Low,1,2,1
9302,78,Female,29.7,130.0,212.0,100.0,0,Low,1,1,1
9303,57,Female,24.1,133.0,155.0,85.0,0,Low,0,0,0
9304,75,Female,23.1,131.0,257.0,97.0,0,Low,2,3,1
9305,50,Male,25.6,142.0,236.0,116.0,0,Moderate,1,1,0
9306,27,Male,33.5,85.0,124.0,128.0,1,Low,0,0,1
9307,67,Female,34.0,136.0,201.0,119.0,0,Moderate,0,1,0
9308,26,Female,23.5,97.0,191.0,109.0,0,Moderate,2,1,0
9309,65,Male,30.0,137.0,124.0,,1,Moderate,1,1,1
9310,48,Female,27.5,122.0,113.0,94.0,0,Low,0,0,0
9311,74,Male,22.0,110.0,175.0,115.0,0,High,0,0,0
9312,80,Female,25.9,141.0,160.0,82.0,0,Low,1,0,0
9313,47,Male,20.5,128.0,154.0,100.0,0,Moderate,0,0,0
9314,81,Male,33.9,132.0,161.0,116.0,1,High,4,3,0
9315,25,Male,36.0,115.0,178.0,115.0,0,Moderate,1,0,0
9316,25,Male,25.2,119.0,149.0,120.0,0,High,0,1,0
9317,89,Female,23.9,158.0,257.0,107.0,0,Moderate,5,2,1
9318,59,Female,33.3,123.0,206.0,83.0,0,Low,0,4,0
9319,50,Female,34.2,141.0,225.0,129.0,0,Low,1,0,1
9320,29,Male,21.4,117.0,120.0,84.0,0,High,1,0,0
9321,38,Female,26.7,142.0,165.0,,0,High,0,1,0
9322,67,Male,27.2,127.0,209.0,125.0,1,Moderate,1,3,0
9323,77,Male,23.3,124.0,226.0,,0,Low,0,2,1
9324,83,Female,29.6,119.0,187.0,99.0,0,Moderate,0,1,0
9325,47,Female,23.7,123.0,174.0,108.0,1,Low,0,1,0
9326,50,Male,24.5,112.0,180.0,100.0,1,Moderate,1,1,1
9327,29,Male,26.9,140.0,173.0,89.0,0,High,0,2,0
9328,23,Female,19.3,102.0,264.0,68.0,0,Low,1,0,0
9329,49,Female,16.2,114.0,206.0,70.0,0,Moderate,1,0,0
9330,59,Male,32.6,137.0,201.0,,1,Low,1,2,0
9331,25,Female,23.4,135.0,135.0,97.0,0,Moderate,1,1,0
9332,47,Female,39.2,136.0,147.0,108.0,1,Moderate,0,3,1
9333,64,Male,38.3,147.0,194.0,85.0,0,Low,0,0,0
9334,76,Female,24.7,133.0,251.0,94.0,0,Moderate,2,2,0
9335,85,Female,40.4,136.0,205.0,107.0,1,High,2,0,0
9336,42,Female,32.7,154.0,185.0,120.0,0,High,0,0,0
9337,46,Male,24.0,151.0,165.0,110.0,1,Low,0,0,0
9338,80,Female,15.0,147.0,144.0,123.0,1,Moderate,2,2,0
9339,67,Female,31.3,149.0,220.0,128.0,0,Low,3,1,0
9340,37,Female,27.7,134.0,179.0,78.0,0,Moderate,1,0,0
9341,67,Female,29.9,112.0,220.0,60.0,1,Moderate,0,1,0
9342,29,Male,26.2,117.0,190.0,64.0,1,Low,1,0,0
9343,50,Male,21.2,149.0,158.0,84.0,0,Low,0,0,0
9344,40,Female,,133.0,199.0,61.0,0,Low,1,1,0
9345,89,Female,31.4,138.0,165.0,95.0,0,Moderate,2,1,1
9346,20,Female,25.6,139.0,188.0,104.0,0,High,1,1,0
9347,79,Female,25.5,141.0,207.0,88.0,0,High,1,1,0
9348,38,Female,19.1,133.0,248.0,101.0,0,High,0,0,0
9349,20,Male,28.0,120.0,147.0,91.0,0,Moderate,0,0,0
9350,65,Male,21.4,139.0,,77.0,1,Moderate,0,2,1
9351,66,Female,,140.0,187.0,157.0,0,High,1,1,0
9352,28,Male,23.5,138.0,207.0,99.0,0,Low,1,2,0
9353,20,Male,25.9,137.0,100.0,106.0,0,Moderate,0,1,0
9354,26,Female,39.4,109.0,216.0,144.0,0,High,0,1,0
9355,47,Male,25.8,130.0,186.0,126.0,0,Moderate,0,0,0
9356,27,Female,25.1,137.0,140.0,93.0,1,Moderate,0,1,0
9357,68,Male,30.7,129.0,190.0,137.0,0,Moderate,1,1,0
9358,23,Male,17.7,95.0,153.0,80.0,1,High,0,2,0
9359,74,Male,34.4,119.0,160.0,142.0,0,Low,2,1,1
9360,80,Male,33.0,122.0,136.0,81.0,0,Low,0,2,0
9361,69,Female,30.4,124.0,232.0,102.0,1,High,1,0,1
9362,85,Female,15.0,125.0,191.0,94.0,0,High,0,3,0
9363,85,Male,26.1,154.0,198.0,113.0,0,Moderate,0,0,1
9364,21,Male,20.5,110.0,213.0,74.0,0,Low,0,1,0
9365,42,Female,33.7,142.0,193.0,72.0,0,High,0,1,0
9366,72,Female,33.3,115.0,147.0,126.0,0,High,0,1,0
9367,42,Female,29.6,117.0,,103.0,1,Low,0,0,0
9368,71,Male,20.9,134.0,262.0,86.0,0,Moderate,0,4,0
9369,73,Female,35.7,146.0,226.0,160.0,0,High,1,2,0
9370,89,Male,26.1,157.0,182.0,96.0,1,Moderate,1,0,0
9371,41,Female,37.4,113.0,135.0,106.0,0,Low,1,2,0
9372,43,Male,29.0,138.0,157.0,61.0,0,High,3,1,0
9373,19,Male,30.3,87.0,183.0,81.0,1,Moderate,1,0,0
9374,38,Female,25.0,135.0,243.0,125.0,0,Moderate,0,1,0
9375,38,Female,35.2,99.0,160.0,98.0,0,Moderate,1,0,0
9376,50,Female,30.8,132.0,170.0,127.0,1,Moderate,1,3,1
9377,48,Male,35.4,142.0,233.0,83.0,0,High,0,2,1
9378,79,Male,28.5,149.0,193.0,85.0,0,Moderate,0,0,0
9379,73,Male,27.2,107.0,272.0,82.0,0,Moderate,4,2,1
9380,70,Male,30.8,125.0,199.0,123.0,0,Moderate,1,1,0
9381,18,Male,35.4,125.0,223.0,111.0,1,Moderate,1,1,0
9382,51,Male,33.1,136.0,210.0,85.0,1,Moderate,0,1,0
9383,70,Male,28.3,136.0,232.0,125.0,0,Low,1,2,1
9384,35,Male,17.3,85.0,181.0,104.0,0,Low,1,0,0
9385,48,Male,32.0,143.0,190.0,121.0,0,Moderate,0,1,1
9386,70,Female,19.6,154.0,221.0,102.0,0,Low,0,2,0
9387,75,Female,27.7,136.0,238.0,84.0,1,High,1,1,0
9388,79,Male,26.9,139.0,229.0,138.0,0,Moderate,2,0,0
9389,48,Female,19.7,132.0,127.0,92.0,0,Moderate,1,2,0
9390,46,Female,29.5,147.0,203.0,115.0,0,Moderate,0,2,0
9391,45,Male,39.3,127.0,168.0,132.0,0,Low,3,0,0
9392,66,Male,25.8,128.0,182.0,79.0,1,High,2,0,0
9393,48,Female,31.7,130.0,211.0,161.0,0,Low,0,0,0
9394,46,Male,40.5,123.0,258.0,123.0,0,Moderate,0,0,0
9395,30,Male,32.2,118.0,176.0,113.0,0,Low,1,0,0
9396,52,Male,24.0,97.0,271.0,90.0,0,High,0,1,0
9397,35,Male,28.8,128.0,146.0,137.0,0,Moderate,0,0,0
9398,55,Male,30.1,145.0,244.0,140.0,0,High,3,3,0
9399,81,Male,35.4,152.0,227.0,121.0,0,High,1,1,0
9400,73,Male,34.2,148.0,214.0,77.0,0,Low,2,4,1
9401,52,Male,15.0,125.0,249.0,84.0,0,Moderate,0,3,1
9402,88,Male,22.8,141.0,190.0,97.0,1,Moderate,2,3,1
9403,88,Female,27.1,157.0,263.0,93.0,0,Moderate,5,1,0
9404,49,Male,21.9,139.0,187.0,72.0,0,Moderate,0,2,1
9405,72,Male,15.0,156.0,182.0,60.0,1,Low,3,0,0
9406,42,Female,23.5,111.0,141.0,138.0,1,Moderate,1,0,0
9407,81,Male,27.5,125.0,271.0,125.0,0,Moderate,0,0,0
9408,44,Male,24.6,118.0,235.0,103.0,0,Low,1,0,0
9409,36,Female,22.0,105.0,170.0,81.0,0,Moderate,1,0,0
9410,27,Male,27.7,96.0,204.0,115.0,0,Low,0,2,0
9411,78,Male,29.4,142.0,214.0,114.0,0,High,0,0,0
9412,39,Male,24.9,128.0,176.0,92.0,0,Low,1,0,0
9413,76,Male,35.0,138.0,245.0,126.0,0,Moderate,0,0,1
9414,24,Female,27.8,122.0,158.0,119.0,0,Low,2,0,0
9415,54,Female,22.7,103.0,114.0,117.0,0,High,0,3,0
9416,48,Female,21.3,117.0,204.0,74.0,0,Moderate,0,0,0
9417,49,Female,26.3,120.0,197.0,115.0,1,Low,1,3,1
9418,30,Female,33.6,119.0,162.0,145.0,0,Low,0,2,1
9419,23,Male,23.0,92.0,148.0,107.0,0,Moderate,3,0,0
9420,42,Female,30.8,107.0,132.0,168.0,0,High,1,0,0
9421,51,Female,28.0,118.0,182.0,102.0,0,Moderate,0,0,0
9422,75,Female,38.5,151.0,174.0,76.0,0,High,2,0,0
9423,51,Female,29.6,130.0,232.0,87.0,0,Moderate,1,0,0
9424,35,Male,23.7,136.0,207.0,83.0,1,Moderate,1,1,0
9425,36,Male,31.6,118.0,170.0,126.0,1,Low,2,2,0
9426,62,Female,31.7,129.0,221.0,133.0,0,Low,1,0,0
9427,49,Male,25.3,133.0,190.0,106.0,0,Moderate,0,3,0
9428,82,Female,21.1,133.0,201.0,104.0,0,Moderate,1,1,1
9429,49,Female,30.4,115.0,192.0,160.0,0,Moderate,0,0,0
9430,58,Male,27.8,104.0,266.0,85.0,0,Moderate,1,2,0
9431,22,Female,19.2,106.0,205.0,92.0,0,Low,1,0,0
9432,31,Male,28.9,132.0,174.0,96.0,0,High,1,1,0
9433,79,Male,24.0,155.0,243.0,,0,Low,2,0,0
9434,42,Male,19.2,110.0,224.0,60.0,0,Low,2,2,0
9435,48,Female,25.6,97.0,204.0,137.0,0,Low,0,1,0
9436,60,Male,34.6,143.0,188.0,96.0,0,Moderate,2,0,1
9437,22,Female,34.1,116.0,166.0,108.0,0,Moderate,0,0,0
9438,54,Female,32.7,105.0,156.0,124.0,0,Moderate,0,2,0
9439,42,Male,29.0,85.0,198.0,77.0,0,Moderate,2,1,0
9440,28,Male,30.8,102.0,161.0,89.0,0,Moderate,0,0,0
9441,48,Male,28.0,117.0,177.0,106.0,0,Low,0,0,0
9442,50,Female,21.4,107.0,219.0,86.0,0,Moderate,1,0,0
9443,31,Female,22.5,129.0,250.0,66.0,0,Moderate,0,0,0
9444,57,Female,24.2,114.0,213.0,117.0,0,Low,0,3,0
9445,71,Male,35.2,133.0,202.0,104.0,1,Low,1,2,0
9446,37,Male,33.4,158.0,188.0,118.0,1,Low,2,0,1
9447,87,Male,21.6,140.0,257.0,99.0,0,Low,1,3,0
9448,62,Male,27.8,127.0,216.0,131.0,1,Low,1,2,0
9449,73,Male,25.3,132.0,214.0,112.0,1,High,2,1,0
9450,23,Female,26.6,126.0,192.0,82.0,0,Low,0,0,0
9451,73,Female,24.6,142.0,152.0,132.0,0,High,1,4,0
9452,42,Female,35.2,106.0,206.0,104.0,0,Low,0,0,0
9453,69,Male,27.4,125.0,171.0,84.0,1,Low,1,2,1
9454,75,Male,28.7,123.0,222.0,82.0,0,Moderate,1,0,0
9455,36,Male,28.7,116.0,160.0,60.0,0,Low,0,0,0
9456,36,Male,21.8,149.0,210.0,82.0,1,High,2,1,0
9457,22,Male,28.1,125.0,175.0,117.0,1,Moderate,1,1,0
9458,61,Female,33.3,128.0,157.0,78.0,0,High,1,0,0
9459,73,Female,35.6,153.0,195.0,161.0,0,Low,2,0,0
9460,47,Female,21.2,127.0,277.0,60.0,0,Low,0,0,0
9461,29,Female,19.1,91.0,100.0,74.0,0,High,1,0,0
9462,40,Male,27.8,148.0,196.0,67.0,0,Low,0,1,0
9463,47,Male,33.6,121.0,155.0,138.0,0,Moderate,0,1,0
9464,83,Male,29.5,100.0,264.0,125.0,0,Moderate,0,2,0
9465,26,Female,31.2,91.0,214.0,104.0,0,Low,1,0,0
9466,42,Female,20.0,140.0,198.0,60.0,0,Moderate,0,2,0
9467,63,Male,24.4,104.0,236.0,70.0,0,High,2,0,0
9468,35,Male,15.4,141.0,197.0,95.0,1,Moderate,1,0,0
9469,81,Male,26.7,137.0,211.0,87.0,0,Low,3,0,0
9470,83,Male,,148.0,189.0,74.0,0,High,0,2,0
9471,45,Female,34.8,119.0,179.0,114.0,0,High,0,0,0
9472,71,Female,36.1,141.0,188.0,107.0,1,Moderate,1,1,0
9473,72,Female,28.3,138.0,206.0,61.0,1,Moderate,2,1,0
9474,67,Male,19.2,130.0,132.0,60.0,1,Moderate,0,4,0
9475,31,Male,29.6,101.0,225.0,75.0,0,Moderate,0,0,0
9476,21,Male,37.7,121.0,254.0,101.0,0,Low,0,1,0
9477,43,Male,30.1,93.0,175.0,112.0,0,Low,0,0,0
9478,27,Female,34.0,132.0,228.0,,0,Low,1,0,0
9479,39,Male,24.8,124.0,184.0,133.0,0,Low,1,0,0
9480,63,Female,22.7,137.0,179.0,62.0,0,Low,0,3,1
9481,60,Male,27.1,87.0,185.0,113.0,0,Low,0,0,0
9482,33,Female,16.9,101.0,190.0,70.0,0,Low,1,4,0
9483,19,Male,40.0,106.0,152.0,175.0,0,Moderate,0,1,0
9484,34,Male,28.3,130.0,210.0,104.0,0,Low,0,0,0
9485,50,Male,32.3,110.0,175.0,98.0,0,High,0,0,0
9486,74,Female,25.0,174.0,,109.0,1,Moderate,0,1,0
9487,44,Female,19.0,119.0,191.0,99.0,0,High,1,0,0
9488,38,Female,35.3,105.0,163.0,107.0,0,Low,0,0,0
9489,57,Female,21.3,124.0,186.0,112.0,0,Low,0,2,0
9490,23,Female,29.4,100.0,179.0,148.0,0,High,1,0,0
9491,34,Male,29.9,100.0,136.0,133.0,0,Moderate,0,0,0
9492,20,Female,27.9,131.0,235.0,102.0,1,Low,0,2,0
9493,55,Male,23.2,135.0,228.0,146.0,0,High,1,0,1
9494,49,Female,26.7,133.0,171.0,117.0,0,Moderate,1,1,0
9495,59,Female,22.3,149.0,199.0,70.0,0,High,0,3,0
9496,62,Female,32.0,137.0,225.0,,0,Moderate,2,1,0
9497,46,Male,30.6,107.0,201.0,104.0,1,Moderate,1,1,0
9498,80,Female,27.4,147.0,281.0,91.0,0,Low,2,2,1
9499,84,Female,24.4,119.0,203.0,110.0,0,Low,1,0,1
9500,25,Male,39.1,109.0,228.0,73.0,0,Low,1,0,0
9501,84,Male,20.3,136.0,161.0,137.0,0,Low,1,3,1
9502,32,Female,19.0,116.0,141.0,110.0,0,High,1,0,0
9503,35,Female,27.0,91.0,252.0,,0,Low,2,2,0
9504,56,Female,26.1,112.0,182.0,119.0,1,High,1,0,0
9505,20,Male,33.5,114.0,136.0,126.0,0,High,0,0,0
9506,44,Male,31.1,113.0,190.0,149.0,0,Moderate,1,0,0
9507,32,Female,27.7,137.0,234.0,151.0,0,Moderate,1,0,0
9508,52,Male,30.3,146.0,167.0,159.0,0,High,1,4,0
9509,76,Female,30.2,116.0,206.0,102.0,0,Moderate,0,0,0
9510,84,Female,39.1,138.0,142.0,136.0,0,High,2,0,0
9511,33,Female,28.9,144.0,169.0,95.0,0,Moderate,2,0,0
9512,57,Male,23.8,125.0,236.0,126.0,0,Low,0,1,0
9513,52,Female,28.6,119.0,166.0,60.0,0,Moderate,0,2,0
9514,47,Female,15.0,138.0,145.0,60.0,0,Low,0,2,0
9515,63,Male,27.3,125.0,172.0,94.0,0,Moderate,0,1,0
9516,89,Female,33.5,159.0,191.0,113.0,0,Low,1,1,1
9517,47,Female,30.8,114.0,223.0,115.0,1,Moderate,0,1,0
9518,22,Male,29.1,108.0,195.0,141.0,0,High,1,0,0
9519,83,Female,31.1,149.0,233.0,94.0,0,Low,3,1,0
9520,85,Male,33.6,139.0,214.0,81.0,0,Moderate,5,0,0
9521,41,Female,35.3,124.0,167.0,107.0,1,Moderate,0,1,0
9522,54,Female,30.0,96.0,167.0,93.0,0,Low,2,2,0
9523,80,Male,25.8,130.0,226.0,118.0,0,Low,0,4,1
9524,54,Male,15.0,140.0,257.0,128.0,0,Low,0,0,0
9525,52,Male,32.9,113.0,160.0,151.0,0,Low,2,2,1
9526,84,Female,30.3,148.0,173.0,138.0,0,Low,1,1,1
9527,77,Female,28.3,139.0,165.0,92.0,0,Moderate,1,1,0
9528,54,Male,23.7,123.0,229.0,96.0,0,High,0,0,0
9529,29,Female,32.8,139.0,183.0,124.0,0,Moderate,0,0,0
9530,49,Male,26.1,119.0,216.0,84.0,0,Low,0,3,0
9531,66,Male,,126.0,184.0,88.0,1,Low,1,2,1
9532,37,Female,27.2,117.0,212.0,115.0,0,Low,0,1,1
9533,56,Female,30.0,128.0,187.0,74.0,0,Moderate,0,1,0
9534,65,Male,21.2,143.0,144.0,125.0,0,Moderate,1,1,0
9535,24,Female,30.6,92.0,217.0,100.0,0,Low,0,0,0
9536,59,Female,23.5,142.0,198.0,114.0,0,Moderate,1,0,0
9537,71,Male,23.7,133.0,194.0,106.0,0,Low,3,3,1
9538,33,Female,32.4,128.0,197.0,145.0,0,Moderate,1,3,1
9539,57,Male,22.0,166.0,144.0,60.0,0,Low,1,1,0
9540,69,Male,32.4,123.0,221.0,145.0,0,High,2,1,1
9541,21,Female,28.1,95.0,158.0,139.0,1,Moderate,2,0,0
9542,64,Male,18.4,133.0,196.0,,0,Low,2,1,0
9543,36,Female,35.0,126.0,231.0,130.0,0,Low,2,1,1
9544,46,Female,29.2,138.0,217.0,124.0,1,Low,1,0,0
9545,64,Male,29.7,121.0,195.0,85.0,0,Moderate,0,2,1
9546,18,Female,33.0,101.0,175.0,115.0,0,Moderate,0,1,0
9547,19,Male,35.7,90.0,100.0,140.0,0,Moderate,0,0,0
9548,50,Female,28.6,103.0,164.0,61.0,0,Low,1,1,0
9549,86,Male,30.9,131.0,219.0,123.0,1,Low,2,2,1
9550,18,Female,29.5,112.0,150.0,111.0,1,Moderate,5,0,0
9551,74,Male,25.6,166.0,157.0,119.0,0,High,2,0,0
9552,23,Male,18.8,88.0,200.0,60.0,0,Moderate,1,0,0
9553,53,Male,28.7,131.0,246.0,88.0,0,High,0,1,0
9554,49,Male,35.1,113.0,167.0,80.0,0,High,0,2,0
9555,51,Male,30.7,129.0,229.0,74.0,1,Low,0,0,1
9556,23,Female,21.6,107.0,209.0,119.0,0,High,0,0,0
9557,72,Female,33.5,149.0,169.0,99.0,0,Moderate,1,1,0
9558,37,Female,25.8,137.0,161.0,86.0,1,Low,1,0,1
9559,73,Male,16.0,131.0,275.0,118.0,0,Moderate,2,1,0
9560,65,Female,33.1,153.0,160.0,105.0,0,Moderate,0,1,0
9561,57,Male,22.3,140.0,,123.0,0,Low,0,1,0
9562,40,Male,37.3,144.0,265.0,92.0,1,Low,0,1,0
9563,64,Female,33.8,129.0,180.0,106.0,0,Moderate,0,2,1
9564,89,Female,26.2,154.0,266.0,80.0,0,Low,1,1,0
9565,84,Male,30.0,125.0,173.0,123.0,0,High,1,3,0
9566,83,Female,40.8,123.0,217.0,119.0,0,High,1,1,1
9567,33,Female,33.0,154.0,228.0,132.0,0,Moderate,0,0,0
9568,60,Male,28.8,111.0,182.0,111.0,1,Moderate,1,1,0
9569,46,Male,43.4,117.0,197.0,77.0,0,High,0,1,0
9570,87,Female,28.1,108.0,242.0,100.0,0,Low,3,2,1
9571,86,Male,30.7,124.0,179.0,70.0,1,High,2,4,1
9572,80,Female,22.4,120.0,295.0,108.0,0,Moderate,3,2,1
9573,29,Male,18.3,107.0,224.0,107.0,1,High,1,2,0
9574,40,Male,25.9,126.0,176.0,121.0,1,Low,1,1,0
9575,69,Female,27.7,140.0,196.0,103.0,0,Moderate,1,1,0
9576,71,Male,29.3,116.0,278.0,66.0,0,High,1,0,0
9577,43,Male,19.7,110.0,178.0,100.0,0,Moderate,1,0,0
9578,27,Male,31.1,134.0,166.0,121.0,0,Low,0,0,0
9579,27,Female,22.9,144.0,227.0,95.0,0,Low,0,0,0
9580,67,Female,30.8,151.0,150.0,113.0,1,Moderate,1,4,1
9581,50,Female,32.6,99.0,192.0,64.0,0,Low,2,0,0
9582,53,Male,25.3,145.0,200.0,104.0,0,High,1,1,0
9583,76,Female,22.2,164.0,181.0,95.0,0,Moderate,0,3,1
9584,19,Male,36.0,87.0,120.0,86.0,0,Moderate,1,0,1
9585,72,Male,32.3,150.0,209.0,126.0,0,Low,2,2,1
9586,37,Male,28.3,124.0,215.0,94.0,0,Low,2,0,0
9587,85,Female,35.6,132.0,187.0,123.0,0,High,0,2,0
9588,86,Male,28.0,139.0,168.0,119.0,0,Moderate,2,3,1
9589,54,Female,24.1,133.0,245.0,109.0,1,Moderate,0,2,0
9590,40,Male,22.0,140.0,210.0,63.0,0,High,0,1,0
9591,34,Male,26.9,137.0,173.0,95.0,1,Low,0,1,0
9592,31,Female,,94.0,220.0,167.0,1,Low,1,0,0
9593,89,Female,35.1,128.0,224.0,153.0,0,Moderate,2,4,1
9594,31,Male,27.6,120.0,253.0,128.0,0,Moderate,1,1,0
9595,50,Male,34.2,150.0,220.0,122.0,1,Low,2,1,1
9596,52,Male,26.3,85.0,143.0,78.0,0,Moderate,0,0,0
9597,66,Female,23.2,121.0,178.0,95.0,1,Moderate,1,2,0
9598,78,Male,20.3,110.0,186.0,85.0,0,Low,1,0,0
9599,58,Male,24.7,106.0,211.0,100.0,1,Moderate,1,0,1
9600,72,Male,20.5,148.0,194.0,60.0,1,Low,0,1,1
9601,58,Male,38.6,119.0,156.0,146.0,0,Moderate,0,2,0
9602,49,Male,29.9,87.0,217.0,60.0,0,Moderate,0,1,0
9603,29,Female,27.0,115.0,223.0,127.0,0,Low,0,0,0
9604,33,Female,37.0,152.0,183.0,142.0,0,Moderate,3,2,1
9605,49,Male,20.3,96.0,202.0,156.0,0,Moderate,1,3,1
9606,21,Female,26.7,123.0,144.0,98.0,0,Low,1,0,0
9607,40,Male,38.5,147.0,170.0,,1,Low,0,0,0
9608,51,Female,26.7,125.0,177.0,108.0,0,Low,0,4,1
9609,52,Male,41.0,157.0,217.0,139.0,1,High,0,3,1
9610,76,Male,31.8,124.0,218.0,,0,Low,0,1,0
9611,87,Male,34.7,161.0,201.0,85.0,1,Moderate,2,0,1
9612,70,Female,34.8,151.0,191.0,130.0,0,Moderate,2,3,0
9613,23,Female,27.5,115.0,107.0,106.0,0,Moderate,1,0,0
9614,47,Female,24.8,100.0,255.0,76.0,1,Moderate,0,2,0
9615,70,Male,26.9,116.0,126.0,63.0,0,Low,1,1,0
9616,60,Male,22.1,91.0,216.0,162.0,0,Low,2,1,1
9617,50,Male,27.1,135.0,196.0,127.0,0,Low,0,1,0
9618,49,Male,27.5,132.0,184.0,120.0,0,Moderate,0,2,0
9619,47,Male,36.8,125.0,,116.0,0,Moderate,0,3,0
9620,59,Female,30.8,126.0,174.0,128.0,0,Low,0,1,0
9621,30,Female,40.5,140.0,210.0,97.0,1,Low,1,1,0
9622,55,Male,15.6,132.0,148.0,94.0,0,Moderate,0,0,0
9623,32,Male,20.8,110.0,198.0,103.0,1,Low,1,1,0
9624,67,Male,25.5,133.0,178.0,76.0,0,Moderate,2,2,0
9625,80,Female,35.7,168.0,194.0,114.0,0,Moderate,2,0,0
9626,54,Female,26.9,136.0,,94.0,0,Moderate,1,4,0
9627,45,Female,19.4,117.0,186.0,74.0,0,High,0,0,0
9628,85,Male,26.2,137.0,232.0,90.0,0,High,5,0,0
9629,65,Male,20.9,138.0,201.0,60.0,0,Low,1,3,0
9630,48,Female,19.8,118.0,229.0,123.0,0,Low,0,4,1
9631,20,Male,38.5,106.0,220.0,162.0,0,Moderate,0,1,1
9632,19,Male,25.6,114.0,191.0,79.0,0,Moderate,0,2,0
9633,33,Male,28.5,143.0,212.0,136.0,0,Moderate,1,2,1
9634,35,Male,27.0,132.0,264.0,104.0,0,High,1,0,0
9635,69,Female,26.1,125.0,151.0,103.0,1,Low,1,3,1
9636,54,Male,22.9,140.0,238.0,66.0,1,Moderate,1,0,0
9637,89,Female,25.8,139.0,273.0,89.0,0,Low,1,2,0
9638,56,Male,29.4,133.0,214.0,122.0,0,High,0,2,0
9639,83,Male,35.3,141.0,284.0,91.0,0,Moderate,0,1,0
9640,57,Female,32.7,94.0,266.0,94.0,0,Low,0,1,1
9641,43,Female,20.8,85.0,179.0,83.0,0,Moderate,0,0,0
9642,69,Female,32.9,135.0,195.0,60.0,1,Low,1,3,1
9643,50,Female,30.1,111.0,215.0,118.0,0,Moderate,1,2,1
9644,37,Female,24.1,94.0,,118.0,1,Low,0,0,0
9645,52,Female,28.5,113.0,299.0,,0,Low,2,2,0
9646,65,Female,30.6,145.0,232.0,135.0,0,Low,0,0,0
9647,45,Female,27.8,129.0,194.0,95.0,0,Low,0,0,0
9648,68,Male,30.1,144.0,150.0,156.0,0,Moderate,1,2,0
9649,88,Male,22.8,146.0,224.0,77.0,0,Moderate,1,1,0
9650,47,Male,38.5,109.0,148.0,115.0,0,Moderate,0,0,0
9651,39,Male,16.9,134.0,218.0,82.0,0,Low,0,0,0
9652,46,Male,30.7,133.0,100.0,115.0,0,Moderate,2,2,1
9653,78,Female,29.5,133.0,262.0,102.0,0,Moderate,1,0,1
9654,30,Female,31.0,119.0,169.0,108.0,0,Moderate,0,0,0
9655,88,Male,,151.0,150.0,83.0,0,Low,1,1,1
9656,47,Male,33.9,112.0,,103.0,0,Moderate,2,2,0
9657,78,Female,26.9,152.0,210.0,60.0,0,Low,0,1,0
9658,74,Male,21.0,142.0,205.0,117.0,0,Low,1,3,1
9659,74,Female,21.5,133.0,259.0,71.0,0,High,1,0,0
9660,83,Female,28.2,161.0,226.0,94.0,1,Low,3,1,1
9661,31,Male,18.7,98.0,,66.0,0,Moderate,0,4,0
9662,60,Female,37.4,121.0,191.0,134.0,1,Moderate,0,4,0
9663,25,Male,33.3,105.0,199.0,100.0,0,Low,0,0,0
9664,39,Male,37.5,127.0,,60.0,0,Moderate,1,0,0
9665,20,Female,37.0,133.0,190.0,126.0,0,Low,0,0,0
9666,67,Female,25.6,115.0,175.0,84.0,0,High,3,2,0
9667,61,Female,22.7,182.0,251.0,98.0,0,Low,0,0,0
9668,71,Female,15.0,122.0,208.0,110.0,0,Moderate,2,0,0
9669,30,Male,25.3,124.0,210.0,77.0,0,High,2,0,0
9670,41,Female,37.2,122.0,200.0,118.0,0,Low,0,0,0
9671,66,Male,22.9,131.0,272.0,79.0,0,Moderate,0,1,1
9672,77,Male,26.3,122.0,149.0,130.0,0,Moderate,1,2,1
9673,81,Female,24.4,153.0,206.0,103.0,0,High,0,2,0
9674,23,Male,29.6,102.0,145.0,108.0,0,Low,0,1,0
9675,46,Male,34.6,95.0,115.0,83.0,1,Low,2,1,1
9676,18,Male,19.0,96.0,140.0,113.0,0,High,0,0,0
9677,76,Male,20.1,157.0,253.0,118.0,0,Moderate,2,2,1
9678,26,Female,35.7,137.0,182.0,97.0,0,Moderate,0,1,0
9679,77,Female,31.5,102.0,200.0,115.0,0,Moderate,1,1,0
9680,29,Female,26.1,131.0,214.0,119.0,0,Moderate,1,0,0
9681,19,Male,36.9,85.0,184.0,177.0,0,High,0,0,0
9682,81,Female,20.0,135.0,234.0,,0,Moderate,5,0,1
9683,49,Female,32.6,105.0,207.0,113.0,0,Moderate,0,1,0
9684,48,Male,,139.0,215.0,101.0,0,High,1,0,0
9685,64,Female,30.8,139.0,185.0,108.0,0,Moderate,0,1,0
9686,37,Male,15.0,136.0,228.0,108.0,0,Moderate,1,0,0
9687,67,Female,26.1,126.0,157.0,81.0,0,Low,2,0,0
9688,48,Female,31.6,121.0,191.0,136.0,1,Low,0,1,0
9689,37,Female,27.2,96.0,230.0,65.0,0,High,1,0,0
9690,46,Male,34.4,107.0,187.0,133.0,0,High,1,1,0
9691,18,Female,34.2,129.0,,140.0,0,Moderate,0,0,0
9692,39,Female,22.2,127.0,,119.0,0,Moderate,1,0,0
9693,60,Female,32.0,130.0,254.0,119.0,1,Low,1,1,1
9694,27,Female,22.0,137.0,189.0,108.0,1,Low,1,1,0
9695,26,Male,27.8,96.0,146.0,96.0,1,Low,1,0,0
9696,65,Male,31.1,142.0,125.0,81.0,1,Low,0,2,0
9697,48,Male,22.9,105.0,221.0,106.0,0,Low,1,0,0
9698,27,Male,31.8,141.0,232.0,114.0,0,Low,0,2,0
9699,71,Male,24.7,141.0,,126.0,0,Moderate,0,0,0
9700,73,Male,24.3,148.0,141.0,98.0,0,Moderate,2,1,0
9701,20,Female,31.4,103.0,186.0,115.0,0,Moderate,1,1,0
9702,32,Male,22.9,154.0,167.0,107.0,0,Low,0,1,0
9703,44,Male,22.6,155.0,198.0,114.0,0,Moderate,0,0,0
9704,70,Female,33.2,139.0,279.0,138.0,1,Low,1,4,1
9705,23,Female,28.1,134.0,211.0,82.0,0,Moderate,1,0,0
9706,76,Male,19.5,129.0,230.0,113.0,1,Low,2,3,1
9707,40,Female,32.2,101.0,188.0,108.0,0,High,2,2,0
9708,27,Male,25.3,130.0,199.0,119.0,0,Low,1,0,0
9709,80,Male,19.8,121.0,183.0,133.0,1,Low,0,2,0
9710,24,Male,15.0,137.0,203.0,60.0,1,Low,1,2,1
9711,27,Female,32.5,134.0,176.0,144.0,0,Low,1,1,0
9712,86,Male,22.8,141.0,182.0,96.0,0,Low,2,3,0
9713,55,Female,20.7,130.0,228.0,74.0,0,High,1,0,1
9714,51,Female,31.0,141.0,111.0,99.0,1,Low,0,1,1
9715,67,Male,31.9,135.0,183.0,85.0,0,Moderate,2,0,1
9716,63,Female,23.2,123.0,225.0,113.0,0,Low,0,1,0
9717,62,Male,32.5,105.0,248.0,86.0,0,Moderate,1,2,0
9718,19,Female,38.8,129.0,197.0,,0,Moderate,0,0,0
9719,57,Male,34.9,133.0,173.0,134.0,0,Low,0,1,1
9720,38,Female,34.1,165.0,187.0,121.0,1,Low,0,1,0
9721,76,Male,29.2,133.0,219.0,60.0,1,Moderate,1,1,0
9722,54,Male,25.1,131.0,256.0,68.0,0,Moderate,0,0,0
9723,26,Female,27.2,122.0,218.0,103.0,1,Moderate,0,1,0
9724,81,Female,29.9,146.0,246.0,108.0,1,Moderate,1,1,1
9725,38,Male,20.6,105.0,191.0,120.0,0,High,0,2,0
9726,37,Male,23.3,119.0,148.0,60.0,0,Moderate,2,1,0
9727,85,Male,19.6,150.0,159.0,75.0,0,Low,2,1,0
9728,73,Female,28.8,128.0,195.0,129.0,1,High,1,1,0
9729,79,Female,28.0,148.0,236.0,98.0,1,Low,1,2,1
9730,65,Male,23.9,132.0,183.0,89.0,0,High,0,0,0
9731,83,Female,32.0,143.0,233.0,70.0,0,Moderate,3,0,0
9732,26,Male,21.8,135.0,153.0,125.0,0,Moderate,0,0,0
9733,61,Female,23.7,125.0,176.0,88.0,0,High,2,3,0
9734,39,Male,31.8,98.0,243.0,140.0,0,Moderate,1,0,0
9735,46,Male,32.6,119.0,222.0,151.0,0,Low,0,0,0
9736,35,Female,23.1,107.0,176.0,134.0,0,Moderate,2,0,0
9737,32,Male,28.8,85.0,154.0,107.0,1,Low,1,1,0
9738,49,Male,23.2,123.0,231.0,87.0,0,Moderate,2,3,0
9739,84,Male,26.4,140.0,245.0,90.0,0,Low,4,3,1
9740,63,Female,28.3,146.0,226.0,158.0,0,Low,0,1,1
9741,43,Female,30.6,104.0,185.0,105.0,0,Moderate,0,0,0
9742,49,Male,29.2,126.0,153.0,135.0,1,Moderate,0,1,0
9743,56,Female,29.0,145.0,197.0,120.0,0,Low,1,1,0
9744,35,Female,21.6,111.0,241.0,87.0,1,Low,1,1,1
9745,55,Male,29.6,135.0,163.0,102.0,0,Moderate,0,2,0
9746,68,Female,30.5,157.0,206.0,141.0,0,Moderate,2,1,0
9747,35,Male,31.3,90.0,250.0,112.0,1,Low,0,0,0
9748,60,Male,23.5,133.0,188.0,88.0,1,Low,1,1,0
9749,69,Female,32.5,150.0,200.0,92.0,0,Moderate,1,1,0
9750,55,Male,20.3,121.0,146.0,104.0,0,High,0,0,0
9751,39,Male,25.1,143.0,213.0,89.0,1,Low,0,0,1
9752,57,Male,26.0,138.0,170.0,119.0,0,High,0,2,0
9753,75,Male,20.6,162.0,148.0,162.0,0,High,0,3,0
9754,33,Female,25.9,128.0,150.0,117.0,0,Moderate,1,0,0
9755,59,Female,28.7,158.0,207.0,154.0,0,High,0,0,0
9756,66,Female,17.5,135.0,,73.0,0,Moderate,0,2,0
9757,41,Female,25.3,100.0,138.0,120.0,0,Moderate,0,1,0
9758,45,Male,17.9,113.0,214.0,125.0,0,Moderate,3,3,0
9759,81,Male,38.7,152.0,208.0,157.0,0,Low,2,1,1
9760,44,Male,28.7,139.0,157.0,141.0,0,Moderate,1,1,1
9761,61,Female,28.2,124.0,188.0,107.0,0,High,2,0,0
9762,28,Male,28.8,146.0,250.0,131.0,0,Moderate,1,1,0
9763,84,Female,30.8,131.0,261.0,84.0,1,Low,1,1,1
9764,60,Male,32.9,136.0,196.0,155.0,0,Low,0,0,0
9765,72,Female,18.9,140.0,237.0,69.0,0,Low,2,0,0
9766,61,Female,34.7,108.0,,148.0,0,Low,0,0,0
9767,43,Male,34.4,121.0,124.0,142.0,0,High,1,0,0
9768,42,Male,27.1,160.0,117.0,132.0,0,Low,1,0,0
9769,68,Male,26.8,117.0,169.0,158.0,0,High,0,0,0
9770,79,Male,15.0,145.0,150.0,116.0,0,Moderate,1,0,0
9771,27,Female,20.7,98.0,194.0,62.0,1,Moderate,1,0,0
9772,78,Female,30.4,120.0,188.0,125.0,0,Moderate,3,2,0
9773,77,Male,34.1,112.0,225.0,66.0,1,Low,2,1,1
9774,25,Female,31.5,131.0,199.0,109.0,0,Moderate,1,1,0
9775,25,Female,27.1,102.0,209.0,94.0,0,Moderate,2,0,0
9776,68,Female,38.1,152.0,169.0,137.0,0,Low,2,2,1
9777,78,Female,33.0,126.0,229.0,92.0,0,High,0,2,1
9778,46,Male,25.3,126.0,157.0,82.0,0,Low,1,0,0
9779,64,Male,39.5,136.0,229.0,136.0,0,Moderate,0,1,0
9780,89,Female,21.5,113.0,261.0,128.0,0,Low,2,1,1
9781,41,Male,19.4,125.0,218.0,94.0,1,Low,0,3,0
9782,34,Female,25.2,125.0,180.0,163.0,1,Moderate,0,1,0
9783,89,Female,23.3,157.0,236.0,91.0,1,Low,3,3,1
9784,38,Female,25.5,105.0,131.0,121.0,0,Moderate,0,1,1
9785,52,Male,31.9,113.0,129.0,121.0,0,Low,1,3,0
9786,49,Male,27.3,135.0,212.0,97.0,0,Moderate,0,1,1
9787,55,Female,27.5,149.0,247.0,140.0,0,Low,1,1,1
9788,37,Female,27.8,111.0,142.0,83.0,1,Low,2,2,0
9789,66,Male,15.0,111.0,204.0,60.0,1,Moderate,0,2,1
9790,67,Female,19.2,126.0,220.0,91.0,0,Moderate,0,0,0
9791,32,Female,25.4,102.0,163.0,96.0,0,Low,1,1,0
9792,52,Female,22.9,132.0,,127.0,0,Moderate,0,1,0
9793,22,Female,26.2,98.0,204.0,71.0,0,Moderate,1,0,0
9794,33,Female,35.2,135.0,,130.0,0,Moderate,0,1,0
9795,89,Female,27.1,142.0,219.0,116.0,1,Moderate,2,1,1
9796,54,Female,20.2,142.0,160.0,104.0,0,Low,0,1,0
9797,62,Male,23.1,90.0,200.0,127.0,0,Low,0,5,1
9798,81,Female,36.9,108.0,195.0,118.0,0,High,1,0,1
9799,69,Male,35.9,152.0,191.0,119.0,0,Low,1,2,1
9800,75,Female,30.8,122.0,187.0,122.0,0,Moderate,0,5,1
9801,69,Male,18.9,108.0,203.0,91.0,0,High,1,1,0
9802,53,Male,29.2,123.0,164.0,73.0,0,High,0,2,0
9803,63,Male,29.6,133.0,202.0,98.0,0,Low,0,2,1
9804,38,Male,27.6,118.0,175.0,99.0,0,Low,1,2,0
9805,82,Female,24.4,144.0,176.0,87.0,0,Low,0,0,0
9806,30,Female,25.5,123.0,111.0,95.0,1,Low,2,0,0
9807,81,Female,24.0,140.0,247.0,105.0,1,Moderate,0,0,1
9808,81,Female,21.2,157.0,239.0,90.0,1,Moderate,1,1,1
9809,28,Female,35.0,117.0,153.0,138.0,0,Moderate,0,1,0
9810,69,Female,32.4,131.0,230.0,135.0,0,High,0,1,0
9811,89,Male,25.9,151.0,176.0,60.0,0,Low,1,1,1
9812,59,Female,29.4,137.0,188.0,71.0,1,Low,2,0,0
9813,42,Male,29.6,108.0,171.0,60.0,1,Moderate,1,1,0
9814,81,Female,40.4,134.0,200.0,117.0,0,Moderate,1,2,1
9815,54,Female,32.3,133.0,222.0,104.0,1,Moderate,2,1,0
9816,26,Female,32.1,107.0,168.0,116.0,0,Low,0,2,1
9817,35,Female,27.7,111.0,175.0,128.0,0,High,0,1,0
9818,67,Male,25.1,109.0,232.0,101.0,0,Low,2,1,0
9819,50,Female,35.1,85.0,197.0,101.0,0,Moderate,1,0,0
9820,33,Female,31.1,113.0,164.0,111.0,0,Low,0,2,0
9821,75,Male,22.9,136.0,217.0,86.0,0,Moderate,0,1,0
9822,26,Male,30.0,99.0,221.0,71.0,0,High,0,1,0
9823,33,Female,32.1,141.0,227.0,137.0,0,Moderate,0,1,0
9824,51,Female,16.0,109.0,145.0,101.0,1,Moderate,1,1,0
9825,20,Female,22.4,129.0,132.0,136.0,1,Moderate,2,2,0
9826,45,Female,29.5,130.0,230.0,76.0,0,Moderate,1,0,0
9827,83,Male,16.9,171.0,201.0,60.0,0,Moderate,0,0,0
9828,85,Male,17.8,146.0,129.0,68.0,1,Low,1,0,1
9829,80,Female,26.0,112.0,182.0,114.0,0,High,3,0,0
9830,41,Male,30.2,139.0,174.0,132.0,0,Moderate,0,2,0
9831,22,Male,30.5,142.0,169.0,117.0,1,High,0,1,0
9832,76,Male,36.2,106.0,237.0,122.0,0,Moderate,4,3,1
9833,44,Male,28.0,133.0,157.0,,0,Moderate,0,0,0
9834,71,Female,25.5,146.0,241.0,91.0,0,Moderate,1,0,0
9835,26,Male,20.3,113.0,194.0,123.0,0,High,0,0,0
9836,66,Male,25.4,92.0,154.0,154.0,0,High,3,0,0
9837,60,Male,31.4,124.0,188.0,84.0,1,Moderate,0,1,0
9838,84,Male,31.6,128.0,231.0,105.0,0,Low,2,2,1
9839,25,Female,29.0,141.0,184.0,72.0,0,Moderate,0,0,0
9840,47,Female,30.5,123.0,208.0,85.0,0,Low,0,1,1
9841,89,Male,34.5,132.0,192.0,126.0,1,Low,3,2,1
9842,46,Male,27.9,114.0,214.0,62.0,0,Low,1,0,0
9843,65,Female,35.0,135.0,187.0,96.0,0,Low,0,0,0
9844,29,Female,23.5,119.0,281.0,127.0,0,Moderate,1,1,0
9845,70,Female,27.1,119.0,155.0,111.0,0,Moderate,3,0,0
9846,37,Female,24.9,125.0,291.0,122.0,0,Low,2,2,0
9847,59,Female,31.9,119.0,163.0,78.0,0,Moderate,0,0,0
9848,81,Male,21.9,94.0,259.0,100.0,0,High,1,3,0
9849,65,Male,25.7,141.0,234.0,,0,Moderate,3,1,0
9850,52,Male,17.3,135.0,161.0,74.0,0,Low,0,1,0
9851,31,Male,30.8,122.0,208.0,98.0,1,Moderate,1,1,0
9852,42,Female,34.4,115.0,172.0,130.0,1,Moderate,1,1,0
9853,79,Female,32.5,134.0,220.0,89.0,1,Low,1,1,1
9854,33,Female,32.0,132.0,192.0,131.0,0,Moderate,0,3,0
9855,65,Female,32.1,120.0,189.0,65.0,0,High,1,2,0
9856,52,Male,,139.0,,60.0,0,Moderate,1,0,0
9857,41,Male,30.9,98.0,203.0,119.0,0,High,0,1,0
9858,69,Female,31.2,134.0,170.0,85.0,1,Moderate,1,0,0
9859,44,Male,23.9,123.0,159.0,86.0,0,Low,1,1,0
9860,38,Female,26.4,137.0,225.0,127.0,0,High,0,0,0
9861,56,Female,27.9,112.0,214.0,122.0,0,High,0,1,0
9862,72,Male,25.7,120.0,156.0,71.0,0,Low,1,1,0
9863,80,Female,18.9,113.0,172.0,107.0,1,Low,1,2,0
9864,63,Female,20.7,120.0,120.0,88.0,0,Moderate,0,2,0
9865,65,Male,,134.0,237.0,118.0,0,High,2,1,0
9866,74,Male,32.5,105.0,233.0,112.0,0,High,2,0,1
9867,37,Male,27.6,113.0,147.0,67.0,0,Moderate,0,1,0
9868,36,Male,42.7,130.0,213.0,108.0,1,Moderate,1,1,1
9869,52,Male,22.4,124.0,271.0,60.0,0,Low,1,0,0
9870,63,Female,29.9,131.0,143.0,,0,Moderate,1,3,0
9871,64,Male,34.6,106.0,179.0,126.0,0,High,1,2,0
9872,29,Male,33.4,116.0,125.0,96.0,0,Low,0,0,0
9873,74,Male,31.1,134.0,243.0,108.0,0,Low,1,3,1
9874,44,Male,33.4,120.0,188.0,89.0,1,Moderate,0,0,0
9875,81,Male,27.8,138.0,195.0,139.0,1,High,4,2,0
9876,70,Male,36.6,127.0,214.0,85.0,0,High,1,1,0
9877,88,Female,34.6,131.0,193.0,108.0,0,Moderate,1,3,1
9878,63,Female,22.8,113.0,,65.0,0,Moderate,0,2,0
9879,55,Male,29.3,142.0,208.0,114.0,1,Moderate,0,0,0
9880,31,Female,19.0,99.0,162.0,121.0,0,Low,1,1,0
9881,46,Female,35.9,126.0,175.0,63.0,0,Moderate,0,1,0
9882,79,Female,28.7,164.0,204.0,124.0,0,Moderate,0,1,1
9883,45,Female,34.9,141.0,196.0,158.0,1,Low,0,1,0
9884,21,Male,26.9,123.0,203.0,108.0,0,High,0,1,0
9885,35,Female,17.3,124.0,210.0,,0,Moderate,0,1,0
9886,60,Female,42.0,126.0,143.0,125.0,1,High,1,3,1
9887,63,Male,,115.0,255.0,92.0,0,Moderate,1,5,0
9888,88,Female,22.0,134.0,216.0,149.0,0,Low,1,2,0
9889,85,Male,33.8,146.0,200.0,136.0,0,Low,2,1,1
9890,56,Male,38.7,133.0,164.0,145.0,0,High,4,0,1
9891,57,Male,26.4,140.0,274.0,160.0,1,Moderate,0,1,1
9892,75,Male,27.0,153.0,297.0,140.0,0,Moderate,0,0,0
9893,21,Female,28.8,112.0,251.0,104.0,1,Moderate,2,0,1
9894,60,Female,21.4,132.0,205.0,98.0,0,High,0,1,0
9895,52,Female,23.7,95.0,209.0,162.0,0,High,0,0,0
9896,74,Male,37.3,169.0,264.0,100.0,0,Moderate,0,1,0
9897,75,Male,,127.0,198.0,100.0,0,Low,0,2,0
9898,65,Female,22.9,141.0,223.0,73.0,0,Low,0,0,0
9899,65,Male,25.0,124.0,211.0,60.0,0,Moderate,0,0,0
9900,67,Female,33.4,124.0,276.0,91.0,0,Low,1,0,0
9901,59,Female,16.6,124.0,254.0,68.0,0,High,0,2,1
9902,34,Male,28.9,99.0,182.0,91.0,0,High,0,0,0
9903,38,Female,41.0,85.0,247.0,141.0,0,Moderate,0,0,0
9904,71,Female,38.7,151.0,205.0,121.0,0,Low,1,1,0
9905,62,Male,30.7,138.0,180.0,136.0,0,Low,2,2,1
9906,35,Female,34.7,105.0,177.0,120.0,0,Moderate,0,0,0
9907,81,Female,34.7,143.0,216.0,120.0,0,Moderate,1,0,0
9908,88,Male,26.8,151.0,184.0,97.0,1,Moderate,0,1,0
9909,63,Male,32.6,118.0,182.0,163.0,0,High,0,1,0
9910,34,Female,37.3,126.0,132.0,108.0,0,Low,2,0,0
9911,85,Female,20.5,153.0,181.0,120.0,0,High,2,3,0
9912,35,Male,30.7,97.0,196.0,79.0,1,High,0,0,0
9913,49,Male,29.5,133.0,234.0,102.0,0,High,1,3,0
9914,79,Female,28.1,141.0,244.0,159.0,0,Moderate,3,2,1
9915,55,Male,27.6,157.0,214.0,124.0,1,Moderate,1,0,1
9916,35,Male,28.8,129.0,,71.0,0,Moderate,1,0,0
9917,23,Male,29.2,109.0,149.0,81.0,1,Moderate,1,1,0
9918,43,Male,33.7,118.0,184.0,156.0,0,Low,0,2,0
9919,66,Male,30.1,163.0,240.0,112.0,0,Moderate,1,2,1
9920,69,Male,26.5,126.0,183.0,97.0,0,High,2,0,0
9921,34,Male,22.9,129.0,141.0,79.0,0,Low,0,1,0
9922,29,Male,24.9,114.0,240.0,94.0,0,Low,0,0,0
9923,68,Female,28.9,149.0,176.0,144.0,1,Low,0,2,1
9924,29,Male,23.6,136.0,142.0,82.0,0,Moderate,0,2,0
9925,22,Female,32.7,115.0,190.0,97.0,0,Moderate,0,0,0
9926,53,Male,29.9,120.0,195.0,125.0,0,Low,1,1,1
9927,59,Male,33.8,121.0,180.0,87.0,1,Moderate,1,0,0
9928,35,Female,24.0,92.0,188.0,76.0,0,Low,0,0,0
9929,33,Female,22.9,121.0,151.0,99.0,1,Moderate,0,0,1
9930,34,Male,33.7,121.0,168.0,115.0,0,High,0,0,0
9931,42,Female,28.2,109.0,190.0,86.0,0,Low,0,1,0
9932,18,Male,26.4,85.0,102.0,116.0,0,Moderate,0,0,0
9933,18,Male,31.3,117.0,215.0,117.0,0,Moderate,1,1,0
9934,44,Male,31.1,128.0,140.0,60.0,0,Moderate,2,1,0
9935,19,Female,20.6,120.0,144.0,116.0,0,Moderate,0,1,0
9936,40,Female,35.1,106.0,228.0,102.0,0,Moderate,0,1,1
9937,59,Female,25.2,134.0,221.0,123.0,0,Moderate,3,0,0
9938,20,Male,36.9,112.0,183.0,173.0,0,Moderate,0,1,0
9939,62,Male,20.2,143.0,136.0,94.0,0,Low,2,0,0
9940,62,Female,29.2,114.0,178.0,91.0,0,Moderate,0,1,0
9941,59,Female,26.5,147.0,191.0,140.0,0,High,0,2,0
9942,63,Female,16.6,154.0,196.0,69.0,1,Low,0,2,0
9943,76,Female,31.1,136.0,251.0,160.0,1,High,1,1,0
9944,23,Male,16.9,122.0,257.0,79.0,0,Low,0,1,0
9945,30,Female,25.9,131.0,208.0,87.0,0,Moderate,0,2,0
9946,40,Female,33.6,105.0,170.0,176.0,0,Moderate,3,3,0
9947,67,Female,24.6,123.0,250.0,111.0,0,Low,0,0,0
9948,80,Male,22.5,138.0,188.0,141.0,0,Moderate,2,1,0
9949,84,Female,31.9,169.0,112.0,111.0,0,Low,3,0,0
9950,59,Female,26.1,109.0,152.0,101.0,0,Low,0,3,0
9951,47,Female,25.3,150.0,103.0,60.0,0,Moderate,0,1,0
9952,47,Male,34.5,121.0,179.0,142.0,0,Low,0,2,1
9953,22,Female,21.1,115.0,174.0,107.0,0,Moderate,2,3,0
9954,51,Female,25.0,145.0,135.0,99.0,0,Moderate,1,0,0
9955,54,Male,32.3,159.0,165.0,128.0,0,Moderate,0,0,0
9956,32,Female,20.7,125.0,132.0,97.0,1,Low,1,2,0
9957,73,Male,37.3,152.0,202.0,95.0,0,Low,2,1,0
9958,76,Male,26.3,119.0,176.0,113.0,0,High,0,1,0
9959,39,Female,32.3,113.0,228.0,107.0,0,High,1,2,0
9960,83,Male,32.3,115.0,218.0,132.0,0,High,0,1,1
9961,25,Male,26.7,108.0,243.0,97.0,0,Moderate,2,1,0
9962,83,Male,24.9,146.0,194.0,90.0,0,Moderate,0,0,0
9963,73,Female,27.3,136.0,288.0,91.0,0,Moderate,2,2,0
9964,34,Male,31.4,147.0,187.0,88.0,0,Moderate,1,4,0
9965,64,Male,22.1,163.0,182.0,85.0,0,Low,0,2,1
9966,40,Female,20.9,119.0,282.0,108.0,0,Low,0,1,0
9967,75,Male,,123.0,138.0,98.0,0,Low,2,0,1
9968,29,Female,23.5,136.0,163.0,70.0,0,Moderate,0,0,0
9969,35,Female,29.4,140.0,124.0,129.0,0,Low,0,2,0
9970,40,Female,26.4,129.0,120.0,101.0,0,Low,0,1,0
9971,32,Female,26.6,130.0,107.0,124.0,0,Low,0,1,0
9972,41,Female,35.4,131.0,214.0,111.0,0,High,0,0,0
9973,61,Female,27.0,113.0,150.0,90.0,0,Moderate,1,1,0
9974,63,Female,25.5,110.0,192.0,60.0,1,Moderate,2,1,0
9975,57,Female,26.0,127.0,232.0,74.0,1,Low,0,1,0
9976,31,Female,24.7,115.0,203.0,79.0,1,Moderate,0,2,0
9977,32,Female,23.8,123.0,202.0,108.0,0,Moderate,2,0,0
9978,84,Male,24.8,135.0,258.0,99.0,0,Low,1,2,1
9979,36,Female,36.6,93.0,249.0,92.0,1,Low,2,1,0
9980,25,Male,31.4,85.0,135.0,60.0,1,Moderate,3,0,0
9981,50,Male,25.6,137.0,213.0,115.0,0,High,0,2,0
9982,18,Male,32.9,103.0,169.0,136.0,0,Low,0,1,0
9983,42,Male,18.8,118.0,185.0,119.0,0,Moderate,0,0,0
9984,79,Male,35.1,126.0,152.0,91.0,0,Moderate,2,3,0
9985,37,Female,34.6,106.0,168.0,142.0,0,Moderate,0,0,0
9986,68,Male,39.8,116.0,188.0,138.0,0,Low,2,1,1
9987,53,Male,33.1,142.0,251.0,128.0,0,High,2,5,0
9988,43,Male,29.9,119.0,148.0,93.0,0,Moderate,1,0,0
9989,65,Male,34.6,140.0,112.0,112.0,0,Moderate,0,1,0
9990,60,Male,24.1,141.0,200.0,149.0,0,Moderate,2,2,1
9991,40,Female,25.3,127.0,142.0,146.0,1,Low,0,2,0
9992,34,Male,27.1,132.0,182.0,104.0,0,Moderate,0,1,0
9993,84,Male,35.0,137.0,237.0,121.0,1,Low,1,0,1
9994,30,Male,22.8,140.0,181.0,60.0,0,Low,0,0,0
9995,87,Female,22.2,151.0,197.0,130.0,0,Low,2,3,1
9996,51,Male,28.8,141.0,190.0,127.0,0,High,2,1,0
9997,89,Male,31.4,124.0,247.0,120.0,1,High,1,4,1
9998,43,Male,23.6,127.0,148.0,85.0,0,Low,1,0,0
9999,58,Male,31.2,98.0,227.0,113.0,0,Moderate,2,0,0
10000,62,Male,35.0,152.0,163.0,154.0,0,Moderate,0,1,1
