patient_id,age,gender,bmi,systolic_bp,cholesterol,glucose,smoker,physical_activity,prior_admissions,chronic_conditions,high_risk_outcome,age_band,pulse_pressure_proxy,metabolic_flag,utilisation_score,predicted_risk_score,risk_segment
7900,39,Male,,126.0,230.0,121.0,0,High,0,3,0,18-39,46.0,0,3,0.2785,Medium
323,62,Male,26.8,155.0,215.0,61.0,0,Low,0,1,1,55-69,75.0,0,1,0.4703,Medium
6368,30,Male,29.1,135.0,174.0,136.0,1,Moderate,0,1,0,18-39,55.0,1,1,0.3379,Medium
8187,49,Female,38.0,119.0,190.0,110.0,0,High,1,2,0,40-54,39.0,1,3,0.3083,Medium
3315,47,Female,38.0,130.0,228.0,100.0,0,High,1,0,0,40-54,50.0,1,1,0.2196,Medium
6355,71,Male,15.0,119.0,168.0,,0,Low,0,2,0,70+,39.0,0,2,0.4266,Medium
9565,84,Male,30.0,125.0,173.0,123.0,0,High,1,3,0,70+,45.0,0,4,0.6154,High
2165,86,Male,24.5,177.0,155.0,105.0,0,Moderate,1,0,0,70+,97.0,0,1,0.5636,High
3540,77,Male,32.1,119.0,191.0,96.0,0,Moderate,0,3,1,70+,39.0,1,3,0.6234,High
2619,65,Male,29.7,119.0,185.0,71.0,1,Low,3,1,1,55-69,39.0,0,4,0.7331,High
8379,86,Male,25.7,140.0,,115.0,0,Moderate,2,2,0,70+,60.0,0,4,0.7728,High
255,65,Male,24.5,123.0,215.0,91.0,1,Moderate,2,2,0,55-69,43.0,0,4,0.6984,High
527,84,Female,30.7,145.0,259.0,111.0,1,High,1,1,1,70+,65.0,2,2,0.7651,High
5016,85,Female,32.9,138.0,255.0,71.0,0,Moderate,0,0,0,70+,58.0,2,0,0.5366,High
7389,35,Male,33.4,116.0,207.0,139.0,1,Low,2,2,1,18-39,36.0,2,4,0.7507,High
2242,65,Male,27.7,122.0,214.0,102.0,0,High,1,0,0,55-69,42.0,0,1,0.2202,Medium
8442,31,Female,27.6,111.0,223.0,118.0,1,Moderate,0,0,0,18-39,31.0,0,0,0.2332,Medium
3245,70,Male,30.1,129.0,230.0,124.0,0,Low,2,1,1,70+,49.0,1,3,0.7785,High
3925,63,Female,26.9,146.0,221.0,60.0,1,High,1,0,0,55-69,66.0,0,1,0.3099,Medium
9312,80,Female,25.9,141.0,160.0,82.0,0,Low,1,0,0,70+,61.0,0,1,0.4916,Medium
4309,75,Female,19.7,154.0,320.0,110.0,0,Moderate,1,2,0,70+,74.0,1,3,0.7945,High
4087,37,Male,28.1,124.0,205.0,104.0,0,High,1,1,0,18-39,44.0,0,2,0.1387,Low
6531,22,Female,32.0,114.0,150.0,116.0,0,Moderate,0,1,0,18-39,34.0,1,1,0.103,Low
2157,49,Female,40.8,146.0,180.0,117.0,0,Low,2,2,1,40-54,66.0,1,4,0.7554,High
602,74,Female,29.7,116.0,321.0,144.0,0,Low,1,0,1,70+,36.0,2,1,0.8089,High
8935,44,Female,23.2,116.0,233.0,60.0,0,Low,0,1,0,40-54,36.0,0,1,0.2243,Medium
302,77,Female,31.6,142.0,271.0,93.0,0,Moderate,3,1,1,70+,62.0,2,4,0.7997,High
1869,20,Male,17.4,114.0,204.0,83.0,1,Low,1,1,0,18-39,34.0,0,2,0.215,Medium
3415,61,Male,34.8,151.0,224.0,118.0,1,Moderate,0,2,1,55-69,71.0,1,2,0.7868,High
6917,20,Female,31.4,110.0,116.0,128.0,1,Low,0,0,0,18-39,30.0,2,0,0.1694,Low
4412,60,Male,21.3,104.0,250.0,60.0,0,Moderate,1,1,0,55-69,24.0,1,2,0.2525,Medium
915,60,Male,31.5,147.0,239.0,116.0,0,Moderate,0,0,0,55-69,67.0,1,0,0.447,Medium
2360,33,Male,27.7,105.0,111.0,131.0,1,Moderate,1,1,0,18-39,25.0,1,2,0.2202,Medium
6292,64,Female,18.7,147.0,240.0,78.0,0,Low,0,1,0,55-69,67.0,0,1,0.4636,Medium
8109,65,Male,30.1,132.0,154.0,96.0,0,Moderate,1,2,0,55-69,52.0,1,3,0.4577,Medium
5334,82,Female,31.7,129.0,128.0,135.0,0,Low,1,4,0,70+,49.0,2,5,0.8629,High
657,73,Female,21.9,119.0,276.0,84.0,1,High,2,3,0,70+,39.0,1,5,0.7208,High
6376,80,Male,37.9,117.0,205.0,115.0,0,Moderate,0,1,0,70+,37.0,1,1,0.6041,High
7484,31,Female,21.6,130.0,241.0,153.0,0,Moderate,0,2,0,18-39,50.0,2,2,0.3313,Medium
755,57,Female,21.6,132.0,178.0,90.0,0,High,2,0,0,55-69,52.0,0,2,0.1412,Low
6041,46,Female,22.2,113.0,244.0,95.0,0,Moderate,0,1,0,40-54,33.0,1,1,0.2074,Medium
2751,35,Female,31.4,121.0,209.0,132.0,0,High,0,1,0,18-39,41.0,2,1,0.1451,Low
3684,59,Female,33.9,114.0,158.0,138.0,0,Moderate,0,0,0,55-69,34.0,2,0,0.2781,Medium
2024,61,Female,25.8,145.0,,91.0,1,Moderate,1,1,0,55-69,65.0,0,2,0.5656,High
5196,47,Female,26.8,136.0,207.0,88.0,0,High,0,0,0,40-54,56.0,0,0,0.0999,Low
7463,33,Male,19.9,85.0,172.0,89.0,0,Moderate,0,0,0,18-39,5.0,0,0,0.042,Low
5170,18,Female,,131.0,186.0,100.0,0,High,1,1,0,18-39,51.0,0,2,0.0702,Low
6572,63,Male,33.6,119.0,,110.0,0,Low,0,0,0,55-69,39.0,1,0,0.4419,Medium
7393,38,Male,34.1,98.0,150.0,137.0,0,Low,0,2,0,18-39,18.0,2,2,0.3433,Medium
9593,89,Female,35.1,128.0,224.0,153.0,0,Moderate,2,4,1,70+,48.0,2,6,0.9448,High
1468,45,Female,24.5,131.0,222.0,149.0,0,Low,1,5,1,40-54,51.0,1,6,0.828,High
2481,64,Female,23.3,131.0,195.0,88.0,0,Moderate,0,0,0,55-69,51.0,0,0,0.2215,Medium
6021,36,Male,30.4,121.0,,134.0,1,Low,2,0,0,18-39,41.0,2,2,0.5573,High
8702,31,Female,22.2,118.0,189.0,82.0,0,Low,1,0,0,18-39,38.0,0,1,0.135,Low
7553,53,Female,17.4,150.0,209.0,60.0,0,High,1,0,0,40-54,70.0,0,1,0.0958,Low
6896,72,Female,30.3,149.0,150.0,68.0,0,Low,1,3,1,70+,69.0,1,4,0.6922,High
8723,72,Male,28.3,136.0,,104.0,0,Moderate,1,3,0,70+,56.0,0,4,0.6896,High
6477,35,Female,24.7,153.0,178.0,133.0,1,Low,0,1,0,18-39,73.0,1,1,0.509,High
6580,49,Male,28.9,124.0,235.0,68.0,0,Low,1,1,1,40-54,44.0,0,2,0.4124,Medium
2642,53,Male,34.0,104.0,,130.0,0,Low,0,2,1,40-54,24.0,2,2,0.5437,High
6741,18,Male,25.9,96.0,128.0,74.0,0,High,0,2,0,18-39,16.0,0,2,0.0243,Low
978,59,Male,21.5,151.0,220.0,120.0,0,High,1,1,0,55-69,71.0,0,2,0.3172,Medium
8315,20,Male,30.9,112.0,153.0,103.0,0,High,2,1,0,18-39,32.0,1,3,0.0719,Low
1156,60,Female,37.3,111.0,227.0,171.0,0,Moderate,0,0,0,55-69,31.0,2,0,0.5123,High
2601,80,Female,31.6,150.0,202.0,94.0,1,Moderate,0,3,1,70+,70.0,1,3,0.8444,High
9587,85,Female,35.6,132.0,187.0,123.0,0,High,0,2,0,70+,52.0,1,2,0.569,High
3576,67,Female,20.6,133.0,188.0,104.0,1,Low,1,4,0,55-69,53.0,0,5,0.8527,High
6172,40,Female,29.8,130.0,248.0,109.0,1,Low,0,3,0,40-54,50.0,1,3,0.7486,High
5156,79,Male,38.3,119.0,184.0,60.0,0,Low,2,1,1,70+,39.0,1,3,0.6773,High
9547,19,Male,35.7,90.0,100.0,140.0,0,Moderate,0,0,0,18-39,10.0,2,0,0.0537,Low
3183,71,Female,25.2,134.0,191.0,85.0,0,Low,2,1,0,70+,54.0,0,3,0.6072,High
6321,73,Female,24.8,161.0,214.0,125.0,0,Moderate,1,1,0,70+,81.0,0,2,0.6528,High
4232,84,Female,26.5,130.0,238.0,104.0,0,Low,1,2,0,70+,50.0,0,3,0.8181,High
4201,66,Female,15.0,113.0,217.0,92.0,0,Moderate,1,1,0,55-69,33.0,0,2,0.2801,Medium
119,35,Female,35.4,107.0,170.0,98.0,0,Low,1,0,0,18-39,27.0,1,1,0.2153,Medium
2842,68,Male,28.0,134.0,224.0,133.0,0,High,1,2,0,55-69,54.0,1,3,0.5233,High
8009,39,Female,28.9,129.0,214.0,111.0,0,Moderate,0,0,0,18-39,49.0,0,0,0.1867,Low
1581,39,Female,26.3,120.0,168.0,119.0,0,Low,0,0,0,18-39,40.0,0,0,0.1944,Low
1922,56,Male,35.5,133.0,233.0,106.0,0,High,1,3,0,55-69,53.0,1,4,0.5339,High
3402,84,Male,33.1,132.0,228.0,134.0,1,Moderate,1,0,0,70+,52.0,2,1,0.8159,High
4618,61,Male,33.8,133.0,137.0,88.0,1,Moderate,1,2,0,55-69,53.0,1,3,0.5835,High
8278,69,Male,31.3,137.0,257.0,88.0,0,High,2,3,0,55-69,57.0,2,5,0.6602,High
7886,31,Male,25.2,102.0,168.0,89.0,0,High,1,2,0,18-39,22.0,0,3,0.0758,Low
8003,37,Male,22.0,98.0,222.0,104.0,1,Moderate,0,2,0,18-39,18.0,0,2,0.304,Medium
317,70,Male,17.8,148.0,278.0,114.0,0,Low,1,1,0,70+,68.0,1,2,0.7228,High
9239,64,Female,32.1,134.0,227.0,71.0,1,Moderate,1,1,0,55-69,54.0,1,2,0.6194,High
1189,58,Female,27.8,106.0,231.0,94.0,0,Low,0,1,0,55-69,26.0,0,1,0.4096,Medium
3753,87,Female,34.6,149.0,250.0,93.0,0,Moderate,2,1,1,70+,69.0,2,3,0.8181,High
2101,83,Female,25.8,134.0,229.0,84.0,0,Low,0,0,0,70+,54.0,0,0,0.5594,High
4585,60,Male,24.8,122.0,279.0,110.0,0,Low,0,0,0,55-69,42.0,1,0,0.4872,Medium
6906,18,Male,25.6,106.0,157.0,68.0,0,High,1,0,0,18-39,26.0,0,1,0.0204,Low
9897,75,Male,,127.0,198.0,100.0,0,Low,0,2,0,70+,47.0,0,2,0.6524,High
5751,81,Female,24.0,167.0,173.0,71.0,1,Low,3,3,1,70+,87.0,0,6,0.9236,High
5010,37,Female,30.3,113.0,180.0,103.0,0,Moderate,1,3,0,18-39,33.0,1,4,0.3301,Medium
1646,39,Female,21.2,126.0,209.0,64.0,1,Moderate,1,0,0,18-39,46.0,0,1,0.1929,Low
1768,51,Female,28.0,112.0,228.0,86.0,0,High,0,1,0,40-54,32.0,0,1,0.1381,Low
8391,89,Male,32.5,138.0,,90.0,0,Low,2,1,0,70+,58.0,1,3,0.8133,High
1908,29,Male,27.8,124.0,205.0,121.0,0,Low,0,2,0,18-39,44.0,0,2,0.3511,Medium
6889,25,Female,25.7,120.0,187.0,93.0,0,Moderate,1,0,0,18-39,40.0,0,1,0.0908,Low
818,25,Male,22.9,110.0,148.0,81.0,0,Moderate,0,2,0,18-39,30.0,0,2,0.0755,Low
6952,49,Male,28.1,124.0,217.0,115.0,0,High,0,1,0,40-54,44.0,0,1,0.1834,Low
4828,56,Female,36.5,130.0,218.0,111.0,0,Moderate,0,0,1,55-69,50.0,1,0,0.3607,Medium
638,39,Male,34.7,104.0,181.0,81.0,0,High,1,1,0,18-39,24.0,1,2,0.1021,Low
5489,79,Male,34.2,109.0,183.0,99.0,0,Low,1,0,0,70+,29.0,1,1,0.5591,High
5639,25,Female,28.6,121.0,237.0,150.0,1,Moderate,3,1,0,18-39,41.0,1,4,0.5893,High
2964,22,Male,19.3,104.0,153.0,60.0,1,Low,0,1,0,18-39,24.0,0,1,0.103,Low
1992,49,Male,32.8,120.0,194.0,144.0,0,Moderate,1,1,0,40-54,40.0,2,2,0.4294,Medium
4531,20,Male,29.2,110.0,178.0,145.0,1,Low,2,0,0,18-39,30.0,1,2,0.3828,Medium
5666,51,Male,25.9,105.0,167.0,60.0,0,Low,0,2,1,40-54,25.0,0,2,0.2398,Medium
4924,66,Female,32.1,100.0,199.0,125.0,1,Moderate,0,1,0,55-69,20.0,1,1,0.5585,High
6329,23,Female,35.0,133.0,176.0,126.0,0,Moderate,1,0,0,18-39,53.0,2,1,0.1719,Low
9671,66,Male,22.9,131.0,272.0,79.0,0,Moderate,0,1,1,55-69,51.0,1,1,0.4057,Medium
2303,59,Male,15.6,129.0,193.0,117.0,0,High,2,2,0,55-69,49.0,0,4,0.288,Medium
3488,87,Male,31.6,155.0,218.0,98.0,1,Moderate,1,5,1,70+,75.0,1,6,0.9582,High
706,58,Female,25.0,137.0,261.0,88.0,0,Low,1,0,0,55-69,57.0,1,1,0.4894,Medium
3904,18,Female,22.1,94.0,185.0,114.0,0,Low,1,0,1,18-39,14.0,0,1,0.0935,Low
844,20,Male,34.9,112.0,216.0,152.0,0,Low,0,0,0,18-39,32.0,2,0,0.2531,Medium
7101,51,Male,,125.0,196.0,95.0,0,Moderate,1,2,0,40-54,45.0,0,3,0.376,Medium
4945,20,Male,17.9,107.0,198.0,124.0,0,Low,1,0,0,18-39,27.0,0,1,0.1194,Low
1043,47,Male,24.4,133.0,188.0,101.0,1,Moderate,1,1,0,40-54,53.0,0,2,0.4171,Medium
156,65,Male,32.3,117.0,254.0,124.0,1,Moderate,1,0,1,55-69,37.0,2,1,0.6755,High
1687,48,Female,26.2,114.0,183.0,107.0,0,Moderate,0,2,1,40-54,34.0,0,2,0.2598,Medium
7098,26,Female,32.9,113.0,214.0,76.0,0,Low,0,0,0,18-39,33.0,1,0,0.1427,Low
5232,53,Female,32.6,127.0,172.0,127.0,0,High,0,0,0,40-54,47.0,2,0,0.149,Low
5801,26,Male,21.3,115.0,210.0,123.0,0,High,0,1,1,18-39,35.0,0,1,0.0687,Low
6103,53,Male,20.7,122.0,209.0,110.0,0,Moderate,1,3,0,40-54,42.0,0,4,0.4612,Medium
4617,39,Female,27.0,122.0,197.0,,0,High,0,0,0,18-39,42.0,0,0,0.0747,Low
5543,39,Male,29.6,135.0,181.0,101.0,1,High,1,1,0,18-39,55.0,0,2,0.2518,Medium
3389,38,Male,24.8,126.0,164.0,125.0,1,Moderate,1,1,0,18-39,46.0,0,2,0.3503,Medium
1545,34,Female,28.5,113.0,175.0,126.0,0,Low,1,1,1,18-39,33.0,1,2,0.2993,Medium
7887,41,Male,25.0,104.0,209.0,122.0,0,Low,1,0,0,40-54,24.0,0,1,0.2702,Medium
2732,55,Male,32.4,150.0,147.0,97.0,0,Moderate,0,0,0,55-69,70.0,1,0,0.2342,Medium
9001,50,Male,,125.0,219.0,60.0,0,Moderate,0,2,0,40-54,45.0,0,2,0.2669,Medium
6111,80,Male,15.7,136.0,224.0,91.0,0,Low,2,4,0,70+,56.0,0,6,0.8505,High
8696,81,Female,32.5,116.0,188.0,89.0,1,High,0,5,1,70+,36.0,1,5,0.7681,High
6794,23,Female,28.8,113.0,284.0,110.0,0,Low,3,1,1,18-39,33.0,1,4,0.4919,Medium
2265,25,Male,31.2,96.0,271.0,99.0,0,Low,0,1,0,18-39,16.0,2,1,0.2523,Medium
2889,28,Female,22.1,103.0,,134.0,0,Low,1,0,0,18-39,23.0,1,1,0.1747,Low
580,25,Female,37.2,121.0,238.0,98.0,0,High,0,2,0,18-39,41.0,1,2,0.1629,Low
7255,32,Female,32.8,87.0,181.0,98.0,0,High,0,2,0,18-39,7.0,1,2,0.08,Low
6634,71,Female,22.7,141.0,200.0,137.0,0,High,1,2,0,70+,61.0,1,3,0.4757,Medium
7418,49,Male,24.4,125.0,146.0,81.0,0,Moderate,1,1,0,40-54,45.0,0,2,0.1714,Low
7566,85,Female,32.0,170.0,226.0,147.0,1,Low,0,1,1,70+,90.0,2,1,0.9354,High
9415,54,Female,22.7,103.0,114.0,117.0,0,High,0,3,0,40-54,23.0,0,3,0.1332,Low
8903,59,Male,26.4,151.0,164.0,121.0,0,Low,1,0,0,55-69,71.0,0,1,0.4742,Medium
4044,25,Female,30.6,130.0,211.0,81.0,0,Moderate,0,0,0,18-39,50.0,1,0,0.0994,Low
6163,34,Female,27.3,99.0,177.0,103.0,0,Low,0,0,0,18-39,19.0,0,0,0.1289,Low
146,79,Male,29.9,132.0,195.0,123.0,0,Low,1,1,0,70+,52.0,0,2,0.7428,High
3569,72,Female,17.6,143.0,194.0,138.0,1,Low,0,1,1,70+,63.0,1,1,0.7286,High
9584,19,Male,36.0,87.0,120.0,86.0,0,Moderate,1,0,1,18-39,7.0,1,1,0.0454,Low
7251,42,Female,27.4,133.0,226.0,94.0,0,Low,0,1,0,40-54,53.0,0,1,0.3539,Medium
5970,22,Female,23.5,105.0,255.0,113.0,0,High,0,1,0,18-39,25.0,1,1,0.0705,Low
448,86,Male,27.6,129.0,265.0,133.0,0,Moderate,3,1,0,70+,49.0,2,4,0.8519,High
3605,84,Male,30.5,138.0,230.0,153.0,1,Moderate,6,1,0,70+,58.0,2,7,0.9661,High
9123,89,Male,22.7,145.0,134.0,126.0,0,Moderate,1,0,0,70+,65.0,1,1,0.4827,Medium
241,28,Female,31.7,100.0,120.0,127.0,0,Moderate,1,0,0,18-39,20.0,2,1,0.0859,Low
7655,27,Female,24.8,126.0,196.0,106.0,0,Low,0,0,0,18-39,46.0,0,0,0.1502,Low
6416,22,Male,26.6,122.0,,60.0,0,High,1,2,0,18-39,42.0,0,3,0.0698,Low
9196,31,Male,25.1,121.0,194.0,124.0,0,High,0,1,0,18-39,41.0,0,1,0.0898,Low
3380,46,Male,24.1,116.0,173.0,96.0,1,Moderate,1,0,0,40-54,36.0,0,1,0.2477,Medium
6700,46,Male,34.9,119.0,176.0,151.0,0,Low,0,2,0,40-54,39.0,2,2,0.5625,High
9353,20,Male,25.9,137.0,100.0,106.0,0,Moderate,0,1,0,18-39,57.0,0,1,0.0665,Low
7253,73,Female,38.1,166.0,252.0,129.0,0,Low,1,1,0,70+,86.0,3,2,0.8866,High
9776,68,Female,38.1,152.0,169.0,137.0,0,Low,2,2,1,55-69,72.0,2,4,0.8612,High
2666,56,Female,30.7,127.0,214.0,100.0,0,Moderate,0,1,0,55-69,47.0,1,1,0.3432,Medium
147,20,Female,22.1,85.0,,78.0,1,Low,1,1,0,18-39,5.0,0,2,0.1692,Low
8497,88,Male,32.4,139.0,159.0,93.0,0,High,2,1,1,70+,59.0,1,3,0.4983,Medium
1740,32,Male,24.2,157.0,197.0,72.0,0,Moderate,1,0,0,18-39,77.0,0,1,0.1407,Low
7414,41,Male,23.0,110.0,157.0,100.0,0,Moderate,0,1,0,40-54,30.0,0,1,0.1128,Low
4345,44,Male,24.3,154.0,178.0,131.0,1,High,0,1,0,40-54,74.0,1,1,0.2907,Medium
4835,88,Male,27.2,127.0,169.0,93.0,0,Moderate,1,1,0,70+,47.0,0,2,0.5338,High
1347,79,Female,28.9,119.0,215.0,161.0,1,Low,2,1,0,70+,39.0,1,3,0.9108,High
768,52,Male,22.6,123.0,204.0,84.0,0,Low,0,2,0,40-54,43.0,0,2,0.3768,Medium
8344,68,Female,28.2,145.0,243.0,83.0,0,Moderate,2,1,0,55-69,65.0,1,3,0.6041,High
5851,30,Male,30.1,127.0,212.0,78.0,0,High,0,0,0,18-39,47.0,1,0,0.0577,Low
7938,49,Female,31.2,123.0,173.0,71.0,0,Moderate,0,0,0,40-54,43.0,1,0,0.1331,Low
8106,57,Female,25.3,126.0,175.0,128.0,0,Moderate,2,2,0,55-69,46.0,1,4,0.5097,High
8167,25,Female,23.2,142.0,135.0,81.0,0,Moderate,1,0,0,18-39,62.0,0,1,0.0662,Low
3786,57,Male,38.7,133.0,,138.0,0,Low,0,2,0,55-69,53.0,2,2,0.7217,High
7983,57,Female,34.0,151.0,,60.0,0,High,1,0,0,55-69,71.0,1,1,0.1802,Low
5947,36,Female,30.0,94.0,215.0,99.0,1,Low,0,1,0,18-39,14.0,0,1,0.372,Medium
4793,87,Male,20.6,154.0,,68.0,0,Low,1,3,1,70+,74.0,0,4,0.7902,High
2882,35,Male,27.2,129.0,191.0,120.0,0,Moderate,1,3,0,18-39,49.0,0,4,0.4002,Medium
7182,75,Female,26.0,128.0,135.0,93.0,1,Low,1,1,0,70+,48.0,0,2,0.6484,High
8593,32,Female,20.1,135.0,209.0,95.0,0,Moderate,1,0,0,18-39,55.0,0,1,0.1257,Low
6739,44,Male,37.7,133.0,265.0,145.0,0,Low,0,0,0,40-54,53.0,3,0,0.5868,High
1160,42,Female,27.7,92.0,172.0,108.0,1,Low,0,1,0,40-54,12.0,0,1,0.3382,Medium
6242,29,Male,18.8,111.0,177.0,60.0,0,Low,1,0,0,18-39,31.0,0,1,0.0786,Low
2283,41,Female,28.1,125.0,224.0,96.0,0,Moderate,2,3,0,40-54,45.0,0,5,0.5027,High
6854,24,Female,36.1,109.0,163.0,64.0,0,Low,1,1,0,18-39,29.0,1,2,0.1596,Low
5462,18,Female,19.5,159.0,223.0,119.0,0,High,0,2,0,18-39,79.0,0,2,0.1189,Low
7439,60,Female,25.7,138.0,229.0,60.0,0,High,0,0,0,55-69,58.0,0,0,0.1262,Low
1587,77,Male,31.1,144.0,216.0,127.0,0,Moderate,1,2,1,70+,64.0,2,3,0.7665,High
6611,42,Female,34.9,136.0,136.0,118.0,1,Moderate,1,0,0,40-54,56.0,1,1,0.353,Medium
1573,70,Female,27.3,142.0,,142.0,0,High,2,0,1,70+,62.0,1,2,0.4157,Medium
8469,68,Female,25.3,142.0,200.0,122.0,0,Low,1,1,0,55-69,62.0,0,2,0.6553,High
5333,46,Female,38.3,118.0,218.0,162.0,0,Moderate,1,0,1,40-54,38.0,2,1,0.4564,Medium
885,76,Male,26.1,137.0,238.0,126.0,0,High,2,2,0,70+,57.0,1,4,0.6466,High
4983,31,Male,24.0,126.0,214.0,124.0,0,Moderate,1,1,0,18-39,46.0,0,2,0.2314,Medium
8019,35,Female,29.1,106.0,198.0,139.0,1,Moderate,0,0,0,18-39,26.0,1,0,0.2622,Medium
3259,58,Male,33.8,127.0,191.0,116.0,0,Moderate,0,1,0,55-69,47.0,1,1,0.3933,Medium
2285,67,Female,36.6,134.0,219.0,140.0,0,Low,0,1,1,55-69,54.0,2,1,0.7355,High
9859,44,Male,23.9,123.0,159.0,86.0,0,Low,1,1,0,40-54,43.0,0,2,0.2482,Medium
8355,58,Male,30.5,157.0,225.0,102.0,0,Moderate,0,0,0,55-69,77.0,1,0,0.3896,Medium
3390,66,Male,28.0,142.0,174.0,140.0,1,Moderate,0,0,0,55-69,62.0,1,0,0.5573,High
1632,82,Female,21.8,140.0,223.0,60.0,0,Moderate,1,1,0,70+,60.0,0,2,0.4754,Medium
4444,50,Male,20.1,134.0,151.0,64.0,0,Moderate,0,0,0,40-54,54.0,0,0,0.0851,Low
2639,28,Female,28.6,111.0,119.0,182.0,0,Low,0,0,0,18-39,31.0,1,0,0.183,Low
8970,80,Female,32.1,116.0,216.0,96.0,0,High,3,1,0,70+,36.0,1,4,0.5331,High
6154,42,Male,21.1,86.0,,120.0,1,Low,1,0,0,40-54,6.0,0,1,0.3125,Medium
9726,37,Male,23.3,119.0,148.0,60.0,0,Moderate,2,1,0,18-39,39.0,0,3,0.1157,Low
7359,81,Female,30.8,131.0,259.0,121.0,0,Low,1,0,0,70+,51.0,2,1,0.7684,High
8900,19,Male,29.2,129.0,143.0,102.0,1,Moderate,0,0,0,18-39,49.0,0,0,0.1158,Low
6797,23,Female,26.4,89.0,138.0,100.0,1,Moderate,1,2,0,18-39,9.0,0,3,0.1641,Low
2186,38,Female,30.6,135.0,207.0,98.0,0,Low,4,1,1,18-39,55.0,1,5,0.5924,High
4115,38,Female,19.6,127.0,,96.0,0,Moderate,0,2,0,18-39,47.0,0,2,0.181,Low
7003,87,Female,18.9,172.0,,109.0,0,High,2,1,0,70+,92.0,0,3,0.5619,High
4623,77,Female,24.2,138.0,219.0,127.0,0,Low,0,0,0,70+,58.0,1,0,0.5984,High
7643,48,Male,35.5,123.0,170.0,113.0,0,Low,2,2,0,40-54,43.0,1,4,0.6188,High
327,35,Female,27.9,102.0,148.0,,0,Moderate,0,2,0,18-39,22.0,0,2,0.1384,Low
2575,73,Male,19.7,151.0,177.0,71.0,0,Low,2,1,0,70+,71.0,0,3,0.5612,High
6176,50,Male,26.0,121.0,141.0,159.0,0,Low,0,3,0,40-54,41.0,1,3,0.5568,High
4290,40,Female,26.9,122.0,223.0,93.0,0,Low,0,0,0,40-54,42.0,0,0,0.2294,Medium
8052,86,Female,25.1,147.0,253.0,102.0,1,Low,0,2,0,70+,67.0,1,2,0.9012,High
2457,78,Male,16.2,127.0,222.0,71.0,0,Low,2,1,0,70+,47.0,0,3,0.5727,High
9538,33,Female,32.4,128.0,197.0,145.0,0,Moderate,1,3,1,18-39,48.0,2,4,0.5,Medium
724,26,Male,21.1,119.0,183.0,60.0,1,Low,2,3,0,18-39,39.0,0,5,0.4224,Medium
4858,63,Female,24.1,131.0,270.0,85.0,0,Low,0,2,1,55-69,51.0,1,2,0.6184,High
2079,36,Female,19.6,119.0,172.0,105.0,0,Low,1,1,0,18-39,39.0,0,2,0.2113,Medium
8623,81,Female,,163.0,271.0,137.0,0,Moderate,2,2,0,70+,83.0,2,4,0.8972,High
2772,20,Female,29.8,126.0,183.0,60.0,0,High,1,0,0,18-39,46.0,0,1,0.0359,Low
5598,66,Male,23.8,152.0,178.0,137.0,0,Low,2,2,0,55-69,72.0,1,4,0.7786,High
3780,50,Female,24.2,130.0,114.0,60.0,0,Moderate,0,1,0,40-54,50.0,0,1,0.0967,Low
7309,72,Male,33.6,125.0,212.0,159.0,0,High,6,2,1,70+,45.0,2,8,0.8636,High
2551,65,Male,34.1,131.0,157.0,64.0,0,Moderate,1,2,1,55-69,51.0,1,3,0.4169,Medium
4521,89,Female,27.2,140.0,116.0,,0,Low,0,2,1,70+,60.0,0,2,0.6604,High
1517,52,Male,21.4,123.0,286.0,95.0,0,High,1,0,0,40-54,43.0,1,1,0.1824,Low
1639,31,Male,21.7,115.0,149.0,109.0,0,Moderate,1,3,0,18-39,35.0,0,4,0.2024,Medium
6894,66,Male,20.6,136.0,,67.0,0,Low,1,2,1,55-69,56.0,0,3,0.5134,High
3075,59,Female,18.6,131.0,158.0,89.0,1,Moderate,0,1,0,55-69,51.0,0,1,0.3,Medium
7776,79,Female,40.4,109.0,285.0,114.0,1,Low,0,1,1,70+,29.0,2,1,0.8955,High
4001,40,Male,26.9,125.0,203.0,115.0,0,Low,0,0,0,40-54,45.0,0,0,0.2559,Medium
1111,63,Male,21.0,134.0,201.0,88.0,0,Low,1,0,0,55-69,54.0,0,1,0.3786,Medium
5846,29,Female,23.8,103.0,184.0,89.0,0,High,0,0,0,18-39,23.0,0,0,0.0298,Low
9098,70,Female,29.4,133.0,196.0,120.0,0,High,0,0,0,70+,53.0,0,0,0.247,Medium
377,71,Male,24.2,128.0,206.0,124.0,1,High,2,0,0,70+,48.0,0,2,0.4952,Medium
9589,54,Female,24.1,133.0,245.0,109.0,1,Moderate,0,2,0,40-54,53.0,1,2,0.6087,High
3001,74,Female,17.0,147.0,,96.0,0,Moderate,2,1,1,70+,67.0,0,3,0.4948,Medium
4204,27,Male,29.5,132.0,180.0,137.0,0,High,1,0,0,18-39,52.0,1,1,0.1006,Low
3976,67,Male,37.7,116.0,195.0,138.0,0,Moderate,0,1,1,55-69,36.0,2,1,0.534,High
5096,30,Male,24.4,133.0,153.0,148.0,0,Low,0,1,0,18-39,53.0,1,1,0.2543,Medium
5636,60,Female,30.9,119.0,152.0,112.0,0,Moderate,0,1,0,55-69,39.0,1,1,0.2809,Medium
2080,27,Male,29.0,128.0,214.0,88.0,0,Moderate,1,0,0,18-39,48.0,0,1,0.1376,Low
4711,38,Female,33.8,118.0,156.0,132.0,1,Moderate,0,0,0,18-39,38.0,2,0,0.2708,Medium
4936,60,Male,26.1,123.0,150.0,77.0,0,Low,0,2,0,55-69,43.0,0,2,0.3613,Medium
7445,66,Female,31.1,120.0,190.0,68.0,1,Moderate,1,0,0,55-69,40.0,1,1,0.4196,Medium
537,50,Male,31.9,96.0,243.0,157.0,0,Moderate,0,1,1,40-54,16.0,3,1,0.4087,Medium
4014,53,Female,26.0,125.0,224.0,63.0,0,Low,0,1,0,40-54,45.0,0,1,0.3205,Medium
8508,56,Female,29.4,156.0,236.0,,0,Low,1,2,1,55-69,76.0,0,3,0.7382,High
972,48,Female,26.3,121.0,172.0,69.0,0,Low,0,1,0,40-54,41.0,0,1,0.219,Medium
8724,57,Male,26.7,113.0,207.0,129.0,1,High,0,1,0,55-69,33.0,1,1,0.3343,Medium
4451,79,Female,36.3,141.0,270.0,108.0,1,Moderate,0,1,1,70+,61.0,2,1,0.8422,High
4158,39,Male,29.2,104.0,144.0,137.0,0,High,1,1,0,18-39,24.0,1,2,0.1113,Low
8310,59,Male,40.3,119.0,248.0,166.0,0,Moderate,0,1,1,55-69,39.0,3,1,0.6681,High
4576,73,Male,25.0,126.0,206.0,111.0,1,High,1,0,0,70+,46.0,0,1,0.4133,Medium
2672,79,Male,19.8,144.0,187.0,111.0,1,Low,2,1,0,70+,64.0,0,3,0.8238,High
5618,31,Female,30.4,149.0,195.0,127.0,0,Moderate,1,0,0,18-39,69.0,2,1,0.2397,Medium
4187,37,Male,27.6,105.0,160.0,156.0,1,Low,0,0,1,18-39,25.0,1,0,0.3546,Medium
5221,39,Male,26.9,103.0,,116.0,0,Moderate,0,4,0,18-39,23.0,0,4,0.3703,Medium
2031,58,Female,,88.0,264.0,137.0,1,Low,0,4,0,55-69,8.0,2,4,0.8593,High
5866,58,Male,25.5,117.0,202.0,92.0,0,Low,0,4,0,55-69,37.0,0,4,0.6263,High
2726,62,Female,24.3,141.0,241.0,116.0,0,Moderate,0,2,0,55-69,61.0,1,2,0.544,High
2925,48,Male,20.5,128.0,212.0,60.0,0,High,0,1,0,40-54,48.0,0,1,0.0813,Low
481,38,Male,31.2,113.0,217.0,105.0,0,Low,0,0,0,18-39,33.0,1,0,0.2457,Medium
50,74,Female,26.0,164.0,,152.0,0,Low,0,2,1,70+,84.0,1,2,0.8188,High
4886,32,Female,26.4,154.0,172.0,64.0,0,Moderate,0,1,0,18-39,74.0,0,1,0.1241,Low
2146,49,Male,28.8,116.0,,133.0,0,Moderate,1,3,0,40-54,36.0,1,4,0.5289,High
2278,21,Male,26.5,132.0,107.0,95.0,1,Low,0,0,0,18-39,52.0,0,0,0.1348,Low
3102,27,Female,27.5,102.0,172.0,79.0,0,Low,0,2,0,18-39,22.0,0,2,0.1569,Low
4682,30,Female,,107.0,198.0,102.0,0,Low,0,0,0,18-39,27.0,0,0,0.1433,Low
9245,72,Male,30.5,138.0,224.0,110.0,0,Moderate,2,1,1,70+,58.0,1,3,0.6748,High
7510,51,Male,33.6,133.0,219.0,125.0,0,Low,0,1,0,40-54,53.0,1,1,0.5587,High
9043,57,Female,29.0,131.0,242.0,104.0,0,Low,2,0,1,55-69,51.0,1,2,0.5781,High
7106,42,Female,27.7,126.0,149.0,110.0,0,Low,0,0,0,40-54,46.0,0,0,0.1936,Low
3285,47,Female,25.9,140.0,216.0,96.0,0,Low,0,1,0,40-54,60.0,0,1,0.3853,Medium
8462,88,Male,18.1,144.0,255.0,60.0,1,Moderate,1,4,1,70+,64.0,1,5,0.8775,High
1602,71,Male,23.9,127.0,185.0,99.0,0,High,2,3,0,70+,47.0,0,5,0.4776,Medium
3400,69,Female,26.9,139.0,205.0,133.0,0,Moderate,2,2,0,55-69,59.0,1,4,0.7181,High
5219,21,Female,,91.0,135.0,111.0,0,Low,0,0,0,18-39,11.0,0,0,0.066,Low
5321,40,Female,28.0,130.0,189.0,119.0,0,Moderate,1,0,0,40-54,50.0,0,1,0.2144,Medium
5632,58,Male,35.1,141.0,227.0,96.0,0,Moderate,1,1,0,55-69,61.0,1,2,0.5281,High
3584,40,Male,21.2,138.0,170.0,78.0,1,Moderate,0,2,0,40-54,58.0,0,2,0.2835,Medium
962,47,Male,16.0,127.0,192.0,70.0,0,Low,0,2,0,40-54,47.0,0,2,0.2435,Medium
292,37,Female,29.4,122.0,221.0,158.0,1,Moderate,0,1,0,18-39,42.0,1,1,0.4928,Medium
7872,36,Female,29.0,141.0,111.0,100.0,0,Moderate,1,0,0,18-39,61.0,0,1,0.1161,Low
5125,26,Male,26.2,129.0,141.0,144.0,0,Low,0,0,0,18-39,49.0,1,0,0.1591,Low
1764,61,Male,34.8,107.0,226.0,92.0,0,Low,1,1,1,55-69,27.0,1,2,0.5616,High
3029,34,Male,19.5,116.0,246.0,61.0,0,High,0,0,0,18-39,36.0,1,0,0.0399,Low
8430,58,Male,23.0,143.0,130.0,130.0,1,Low,0,0,1,55-69,63.0,1,0,0.4664,Medium
5761,26,Male,26.5,116.0,126.0,93.0,0,Low,0,1,0,18-39,36.0,0,1,0.1086,Low
5115,35,Female,32.2,125.0,183.0,107.0,1,Low,0,2,0,18-39,45.0,1,2,0.5279,High
7741,28,Female,31.7,120.0,133.0,125.0,0,Moderate,1,0,0,18-39,40.0,1,1,0.1167,Low
3150,25,Male,26.6,142.0,242.0,67.0,0,Low,0,0,0,18-39,62.0,1,0,0.1681,Low
5188,26,Female,33.3,96.0,172.0,108.0,0,High,3,1,0,18-39,16.0,1,4,0.117,Low
7201,67,Female,19.8,106.0,180.0,78.0,0,High,1,0,0,55-69,26.0,0,1,0.0944,Low
8760,19,Male,27.0,104.0,,84.0,0,Moderate,1,0,0,18-39,24.0,0,1,0.0656,Low
9781,41,Male,19.4,125.0,218.0,94.0,1,Low,0,3,0,40-54,45.0,0,3,0.5679,High
4434,26,Female,25.9,97.0,137.0,,0,Moderate,0,0,0,18-39,17.0,0,0,0.045,Low
8717,68,Female,28.4,107.0,205.0,89.0,0,Low,1,0,0,55-69,27.0,0,1,0.4166,Medium
9212,41,Female,27.3,136.0,156.0,99.0,0,Moderate,0,2,0,40-54,56.0,0,2,0.2248,Medium
7653,38,Male,28.3,105.0,228.0,73.0,0,High,0,1,0,18-39,25.0,0,1,0.0793,Low
5036,34,Female,25.3,124.0,128.0,92.0,0,High,1,0,0,18-39,44.0,0,1,0.0427,Low
9878,63,Female,22.8,113.0,,65.0,0,Moderate,0,2,0,55-69,33.0,0,2,0.2553,Medium
6516,40,Male,19.5,106.0,237.0,78.0,0,Moderate,1,1,0,40-54,26.0,0,2,0.158,Low
9684,48,Male,,139.0,215.0,101.0,0,High,1,0,0,40-54,59.0,0,1,0.1657,Low
674,24,Female,18.0,112.0,156.0,132.0,0,Low,2,0,0,18-39,32.0,1,2,0.1424,Low
973,52,Female,26.5,130.0,268.0,88.0,0,High,1,2,0,40-54,50.0,1,3,0.3279,Medium
2918,86,Female,,142.0,263.0,130.0,0,Moderate,2,1,1,70+,62.0,2,3,0.829,High
970,20,Female,20.3,121.0,134.0,119.0,1,Moderate,1,2,0,18-39,41.0,0,3,0.1967,Low
2530,59,Male,27.8,135.0,184.0,85.0,0,High,0,1,0,55-69,55.0,0,1,0.1667,Low
3590,83,Female,28.5,118.0,155.0,115.0,0,High,1,2,0,70+,38.0,0,3,0.4247,Medium
5867,69,Female,18.3,120.0,223.0,97.0,0,Low,2,1,0,55-69,40.0,0,3,0.5671,High
5980,61,Female,30.5,112.0,173.0,87.0,1,Low,1,1,1,55-69,32.0,1,2,0.5856,High
8366,68,Male,27.9,99.0,224.0,116.0,0,High,1,1,0,55-69,19.0,0,2,0.2954,Medium
3633,20,Female,18.4,132.0,100.0,71.0,0,Moderate,4,0,0,18-39,52.0,0,4,0.0625,Low
3388,71,Female,33.6,123.0,201.0,105.0,0,Moderate,1,1,0,70+,43.0,1,2,0.5333,High
1199,75,Female,22.0,143.0,204.0,69.0,0,High,3,3,0,70+,63.0,0,6,0.5561,High
3877,68,Female,23.1,136.0,243.0,87.0,0,Moderate,1,4,1,55-69,56.0,1,5,0.7175,High
8674,19,Male,27.4,114.0,199.0,92.0,0,Moderate,2,0,0,18-39,34.0,0,2,0.1051,Low
9055,87,Male,29.7,102.0,204.0,146.0,0,Moderate,1,2,1,70+,22.0,1,3,0.7428,High
5269,68,Male,43.2,118.0,202.0,108.0,0,High,0,0,0,55-69,38.0,1,0,0.2955,Medium
2795,22,Male,27.9,112.0,171.0,111.0,0,Moderate,1,0,0,18-39,32.0,0,1,0.0899,Low
4340,54,Male,25.7,129.0,219.0,115.0,0,Moderate,1,4,1,40-54,49.0,0,5,0.6585,High
9761,61,Female,28.2,124.0,188.0,107.0,0,High,2,0,0,55-69,44.0,0,2,0.2244,Medium
4439,42,Male,20.1,126.0,250.0,80.0,1,Low,1,0,0,40-54,46.0,1,1,0.4069,Medium
4773,30,Male,23.8,139.0,125.0,144.0,1,Moderate,1,2,1,18-39,59.0,1,3,0.3766,Medium
3487,42,Female,21.7,127.0,176.0,61.0,1,Moderate,1,0,0,40-54,47.0,0,1,0.1713,Low
1359,25,Male,26.2,95.0,200.0,104.0,0,Low,1,0,0,18-39,15.0,0,1,0.1374,Low
3015,53,Male,25.5,117.0,194.0,87.0,1,High,0,2,0,40-54,37.0,0,2,0.2693,Medium
9594,31,Male,27.6,120.0,253.0,128.0,0,Moderate,1,1,0,18-39,40.0,2,2,0.3047,Medium
7031,82,Male,28.3,145.0,201.0,152.0,0,Low,2,2,1,70+,65.0,1,4,0.9013,High
3435,34,Male,25.6,126.0,183.0,60.0,1,Moderate,0,2,0,18-39,46.0,0,2,0.2342,Medium
2674,31,Male,37.0,122.0,206.0,94.0,0,Low,0,0,0,18-39,42.0,1,0,0.2329,Medium
468,60,Male,28.6,132.0,128.0,152.0,0,Low,1,2,0,55-69,52.0,1,3,0.6321,High
5664,50,Female,36.2,121.0,182.0,113.0,0,Low,0,0,0,40-54,41.0,1,0,0.3518,Medium
3880,21,Male,19.2,96.0,165.0,106.0,0,Low,0,0,0,18-39,16.0,0,0,0.06,Low
817,21,Female,31.2,119.0,169.0,93.0,0,Low,1,0,0,18-39,39.0,1,1,0.1374,Low
9273,79,Female,34.3,127.0,219.0,150.0,0,Moderate,4,1,0,70+,47.0,2,5,0.8663,High
427,80,Female,30.4,114.0,219.0,63.0,0,High,0,1,0,70+,34.0,1,1,0.2513,Medium
9289,43,Female,34.0,126.0,103.0,96.0,0,Moderate,0,4,0,40-54,46.0,1,4,0.3208,Medium
3548,81,Female,28.4,125.0,220.0,82.0,0,Moderate,2,4,0,70+,45.0,0,6,0.8173,High
26,64,Male,27.1,122.0,242.0,92.0,0,Moderate,1,3,1,55-69,42.0,1,4,0.624,High
907,47,Female,16.7,112.0,206.0,82.0,0,Low,0,0,0,40-54,32.0,0,0,0.1439,Low
556,54,Female,33.5,142.0,212.0,118.0,0,Low,0,1,1,40-54,62.0,1,1,0.5738,High
5520,55,Female,17.9,107.0,194.0,93.0,0,Low,1,1,0,55-69,27.0,0,2,0.2916,Medium
6808,83,Female,29.8,137.0,204.0,107.0,0,Low,1,0,0,70+,57.0,0,1,0.6841,High
8045,47,Female,35.5,152.0,180.0,122.0,0,Low,1,1,0,40-54,72.0,1,2,0.5867,High
69,23,Male,25.4,112.0,157.0,113.0,0,Low,0,1,0,18-39,32.0,0,1,0.1353,Low
8951,26,Male,15.0,85.0,102.0,107.0,0,Moderate,1,1,0,18-39,5.0,0,2,0.0367,Low
4952,21,Female,28.7,117.0,125.0,60.0,1,Moderate,2,1,0,18-39,37.0,0,3,0.1347,Low
6233,28,Male,35.1,114.0,206.0,124.0,0,Moderate,0,1,0,18-39,34.0,1,1,0.2107,Medium
5847,26,Female,26.7,105.0,215.0,60.0,1,Low,0,1,0,18-39,25.0,0,1,0.2193,Medium
5951,46,Female,32.6,115.0,178.0,79.0,0,Moderate,0,0,0,40-54,35.0,1,0,0.1312,Low
5752,33,Male,23.3,99.0,226.0,61.0,0,Moderate,0,0,0,18-39,19.0,0,0,0.0624,Low
1443,85,Male,31.0,149.0,220.0,108.0,0,Low,2,1,0,70+,69.0,1,3,0.8566,High
2120,68,Female,27.9,141.0,228.0,112.0,0,High,2,0,0,55-69,61.0,0,2,0.3864,Medium
5773,47,Female,17.8,117.0,210.0,75.0,0,Low,1,1,0,40-54,37.0,0,2,0.2493,Medium
3386,35,Female,31.9,129.0,161.0,75.0,0,Low,1,2,0,18-39,49.0,1,3,0.3158,Medium
329,28,Female,25.5,104.0,203.0,107.0,0,Moderate,1,0,0,18-39,24.0,0,1,0.1047,Low
5284,72,Female,29.0,120.0,159.0,100.0,0,Low,2,0,0,70+,40.0,0,2,0.5062,High
4420,25,Female,23.5,115.0,141.0,123.0,0,Moderate,1,1,0,18-39,35.0,0,2,0.1069,Low
2903,80,Male,41.8,133.0,225.0,98.0,0,Moderate,1,1,0,70+,53.0,1,2,0.7345,High
1875,47,Female,15.0,124.0,,60.0,0,High,0,0,0,40-54,44.0,0,0,0.0381,Low
4278,73,Female,26.1,140.0,157.0,105.0,0,High,2,4,0,70+,60.0,0,6,0.6044,High
2516,77,Male,15.9,124.0,227.0,102.0,0,Moderate,1,0,0,70+,44.0,0,1,0.3626,Medium
2534,30,Male,25.1,118.0,182.0,158.0,1,High,0,0,0,18-39,38.0,1,0,0.1421,Low
749,40,Male,29.1,136.0,137.0,110.0,0,Low,0,0,1,40-54,56.0,0,0,0.2013,Medium
7908,69,Female,40.0,111.0,210.0,101.0,0,Moderate,1,2,1,55-69,31.0,1,3,0.6375,High
6927,45,Male,39.7,101.0,146.0,131.0,0,Low,1,0,0,40-54,21.0,2,1,0.3357,Medium
5564,25,Male,30.5,119.0,193.0,173.0,0,Low,1,0,0,18-39,39.0,2,1,0.3326,Medium
1660,36,Female,24.7,92.0,262.0,63.0,0,Moderate,0,1,0,18-39,12.0,1,1,0.1156,Low
5576,56,Female,22.6,128.0,211.0,145.0,0,Low,0,0,0,55-69,48.0,1,0,0.4151,Medium
7190,21,Male,30.9,101.0,193.0,120.0,0,Moderate,0,1,0,18-39,21.0,1,1,0.1163,Low
2462,33,Female,25.2,138.0,100.0,74.0,0,Low,1,1,0,18-39,58.0,0,2,0.1411,Low
2703,33,Female,34.2,126.0,237.0,117.0,0,Moderate,2,0,0,18-39,46.0,1,2,0.3245,Medium
2047,50,Female,27.1,109.0,198.0,91.0,0,Moderate,0,0,0,40-54,29.0,0,0,0.1451,Low
9990,60,Male,24.1,141.0,200.0,149.0,0,Moderate,2,2,1,55-69,61.0,1,4,0.6687,High
7494,36,Female,34.9,129.0,226.0,156.0,0,Moderate,1,0,1,18-39,49.0,2,1,0.3749,Medium
7548,76,Female,27.6,136.0,183.0,123.0,0,High,0,0,0,70+,56.0,0,0,0.2647,Medium
6518,58,Female,32.2,108.0,205.0,136.0,0,Low,0,2,0,55-69,28.0,2,2,0.6047,High
5572,67,Female,41.6,120.0,183.0,102.0,0,Moderate,1,0,0,55-69,40.0,1,1,0.4464,Medium
5063,62,Female,26.7,127.0,248.0,101.0,0,Low,0,4,0,55-69,47.0,1,4,0.773,High
2152,41,Female,27.8,152.0,,80.0,0,Moderate,0,0,0,40-54,72.0,0,0,0.1636,Low
3158,89,Female,15.0,154.0,153.0,127.0,1,High,0,0,0,70+,74.0,1,0,0.3968,Medium
4673,33,Male,33.5,128.0,166.0,130.0,0,High,0,0,0,18-39,48.0,2,0,0.0881,Low
9602,49,Male,29.9,87.0,217.0,60.0,0,Moderate,0,1,0,40-54,7.0,0,1,0.1436,Low
3111,56,Male,28.6,115.0,228.0,140.0,0,Low,0,1,0,55-69,35.0,1,1,0.5474,High
808,25,Male,34.5,123.0,143.0,102.0,1,Low,0,1,0,18-39,43.0,1,1,0.3044,Medium
5542,29,Male,35.3,102.0,183.0,164.0,0,Low,0,0,0,18-39,22.0,2,0,0.2665,Medium
97,35,Female,28.1,152.0,223.0,123.0,1,High,0,0,0,18-39,72.0,0,0,0.239,Medium
4327,79,Male,18.0,150.0,253.0,104.0,0,Moderate,1,1,0,70+,70.0,1,2,0.6144,High
6670,44,Male,24.3,110.0,171.0,143.0,0,Moderate,0,2,0,40-54,30.0,1,2,0.2676,Medium
3222,36,Female,29.3,123.0,134.0,98.0,0,Moderate,0,0,0,18-39,43.0,0,0,0.0864,Low
7669,38,Female,25.0,111.0,165.0,106.0,0,High,0,1,0,18-39,31.0,0,1,0.0664,Low
1463,21,Female,28.1,114.0,183.0,115.0,1,Moderate,0,1,0,18-39,34.0,0,1,0.1928,Low
3685,88,Male,26.8,144.0,228.0,85.0,1,Moderate,1,2,1,70+,64.0,0,3,0.8475,High
2518,55,Male,23.5,144.0,211.0,102.0,0,High,1,1,0,55-69,64.0,0,2,0.2386,Medium
9757,41,Female,25.3,100.0,138.0,120.0,0,Moderate,0,1,0,40-54,20.0,0,1,0.1157,Low
9030,26,Male,30.1,128.0,126.0,113.0,0,High,0,2,0,18-39,48.0,1,2,0.0784,Low
1417,63,Female,27.0,137.0,186.0,106.0,0,Moderate,1,1,0,55-69,57.0,0,2,0.4222,Medium
722,85,Female,29.8,136.0,260.0,,1,Low,3,0,1,70+,56.0,1,3,0.9177,High
3551,49,Female,25.7,131.0,145.0,122.0,0,Low,2,1,0,40-54,51.0,0,3,0.4406,Medium
2381,30,Male,25.3,115.0,253.0,76.0,0,High,1,1,0,18-39,35.0,1,2,0.0956,Low
2315,34,Female,20.6,139.0,,90.0,0,High,1,0,0,18-39,59.0,0,1,0.0666,Low
7961,44,Female,30.9,131.0,232.0,106.0,0,Moderate,1,0,0,40-54,51.0,1,1,0.2949,Medium
688,60,Female,32.6,146.0,222.0,142.0,0,Moderate,0,0,1,55-69,66.0,2,0,0.4852,Medium
8794,30,Female,23.4,130.0,234.0,106.0,0,Low,0,1,0,18-39,50.0,0,1,0.2669,Medium
502,64,Male,24.8,146.0,206.0,86.0,0,Moderate,1,3,0,55-69,66.0,0,4,0.5977,High
9362,85,Female,15.0,125.0,191.0,94.0,0,High,0,3,0,70+,45.0,0,3,0.3563,Medium
8876,35,Female,23.2,95.0,157.0,108.0,0,Low,0,1,0,18-39,15.0,0,1,0.1368,Low
7846,42,Male,26.9,94.0,,119.0,1,Moderate,0,2,0,40-54,14.0,0,2,0.3682,Medium
1363,43,Female,19.0,136.0,227.0,60.0,1,Low,2,0,0,40-54,56.0,0,2,0.4044,Medium
7724,20,Male,21.4,119.0,194.0,139.0,0,High,1,1,0,18-39,39.0,1,2,0.0798,Low
9429,49,Female,30.4,115.0,192.0,160.0,0,Moderate,0,0,0,40-54,35.0,2,0,0.2836,Medium
3683,33,Female,23.4,92.0,163.0,114.0,1,Moderate,0,2,0,18-39,12.0,0,2,0.2107,Medium
4436,84,Female,19.4,128.0,211.0,81.0,0,High,5,2,0,70+,48.0,0,7,0.6406,High
7464,83,Female,16.4,130.0,175.0,60.0,0,Moderate,1,1,0,70+,50.0,0,2,0.3157,Medium
312,66,Male,19.0,100.0,269.0,78.0,0,Moderate,1,3,0,55-69,20.0,1,4,0.5008,High
8811,83,Male,24.8,110.0,125.0,122.0,0,High,1,2,0,70+,30.0,0,3,0.3344,Medium
2880,88,Female,23.6,122.0,214.0,115.0,1,Low,0,1,0,70+,42.0,0,1,0.8045,High
5750,26,Female,20.6,155.0,243.0,94.0,0,High,0,0,0,18-39,75.0,1,0,0.0698,Low
4621,62,Male,26.7,136.0,226.0,118.0,1,Moderate,0,2,1,55-69,56.0,0,2,0.6985,High
6881,40,Female,22.2,99.0,184.0,72.0,0,Low,1,1,0,40-54,19.0,0,2,0.1687,Low
1746,88,Male,27.0,152.0,268.0,101.0,0,Low,2,3,1,70+,72.0,1,5,0.9393,High
3894,32,Female,37.7,111.0,194.0,157.0,1,Low,0,0,0,18-39,31.0,2,0,0.4918,Medium
1682,18,Male,38.9,99.0,246.0,102.0,0,Low,0,0,0,18-39,19.0,2,0,0.1888,Low
7326,82,Female,25.4,132.0,205.0,85.0,1,Moderate,3,2,0,70+,52.0,0,5,0.8392,High
7830,46,Male,28.5,124.0,137.0,123.0,0,Moderate,0,0,0,40-54,44.0,0,0,0.1486,Low
4592,20,Female,33.6,117.0,195.0,99.0,1,Moderate,0,1,0,18-39,37.0,1,1,0.2151,Medium
9102,23,Female,28.0,115.0,264.0,,0,High,1,0,0,18-39,35.0,1,1,0.088,Low
2098,79,Male,33.2,119.0,166.0,113.0,0,High,3,2,0,70+,39.0,1,5,0.591,High
416,66,Female,21.0,134.0,158.0,91.0,0,Moderate,0,0,0,55-69,54.0,0,0,0.1835,Low
2478,30,Female,25.2,111.0,260.0,110.0,0,Moderate,0,2,0,18-39,31.0,1,2,0.2447,Medium
1364,32,Male,25.2,136.0,217.0,71.0,1,Low,0,0,0,18-39,56.0,0,0,0.2787,Medium
4322,50,Female,35.5,138.0,222.0,142.0,0,Moderate,0,0,0,40-54,58.0,2,0,0.4103,Medium
2848,45,Female,36.4,132.0,200.0,110.0,0,Low,3,0,0,40-54,52.0,1,3,0.5666,High
5660,71,Male,20.3,140.0,297.0,93.0,0,Low,0,3,0,70+,60.0,1,3,0.7945,High
2440,22,Male,22.9,120.0,204.0,91.0,1,Moderate,0,0,0,18-39,40.0,0,0,0.1212,Low
1171,63,Male,38.4,129.0,266.0,177.0,0,Moderate,0,1,1,55-69,49.0,3,1,0.7552,High
3886,47,Female,22.1,123.0,227.0,73.0,1,Low,0,0,0,40-54,43.0,0,0,0.3364,Medium
8158,29,Male,23.1,116.0,,108.0,0,Low,0,0,0,18-39,36.0,0,0,0.1388,Low
15,69,Female,23.9,139.0,,115.0,0,Moderate,2,3,0,55-69,59.0,0,5,0.7146,High
3176,58,Female,23.9,132.0,140.0,87.0,1,Moderate,0,1,0,55-69,52.0,0,1,0.3103,Medium
5313,33,Male,15.4,120.0,171.0,97.0,0,Moderate,2,1,0,18-39,40.0,0,3,0.1282,Low
1283,46,Male,24.4,113.0,183.0,67.0,0,High,0,1,0,40-54,33.0,0,1,0.0658,Low
6461,30,Male,23.7,124.0,159.0,110.0,0,High,1,2,0,18-39,44.0,0,3,0.1033,Low
2942,85,Male,20.6,167.0,185.0,90.0,0,Moderate,2,4,1,70+,87.0,0,6,0.8417,High
3125,49,Male,27.5,101.0,194.0,152.0,0,Moderate,0,0,1,40-54,21.0,1,0,0.2207,Medium
5473,75,Female,28.8,134.0,141.0,119.0,0,High,2,2,1,70+,54.0,0,4,0.4635,Medium
9588,86,Male,28.0,139.0,168.0,119.0,0,Moderate,2,3,1,70+,59.0,0,5,0.8172,High
2552,41,Female,25.5,109.0,161.0,117.0,0,High,2,0,0,40-54,29.0,0,2,0.0924,Low
1762,47,Male,29.6,85.0,197.0,60.0,1,Low,0,3,1,40-54,5.0,0,3,0.4691,Medium
7935,65,Male,,116.0,205.0,75.0,1,Low,1,0,0,55-69,36.0,0,1,0.5469,High
5470,37,Female,21.2,109.0,215.0,117.0,0,Moderate,0,0,0,18-39,29.0,0,0,0.115,Low
5124,66,Male,25.0,115.0,254.0,101.0,0,High,1,0,0,55-69,35.0,1,1,0.2377,Medium
3454,43,Male,31.6,123.0,214.0,122.0,1,Low,0,2,0,40-54,43.0,1,2,0.6748,High
5580,45,Male,21.2,122.0,222.0,60.0,0,Moderate,0,2,0,40-54,42.0,0,2,0.1893,Low
9283,26,Male,25.1,106.0,188.0,134.0,1,Low,1,2,0,18-39,26.0,1,3,0.4729,Medium
4784,72,Male,28.1,129.0,176.0,158.0,0,Low,1,2,0,70+,49.0,1,3,0.7845,High
5088,35,Female,,112.0,255.0,141.0,0,Low,0,1,1,18-39,32.0,2,1,0.4011,Medium
841,38,Female,26.9,131.0,193.0,106.0,0,High,1,0,0,18-39,51.0,0,1,0.1003,Low
9779,64,Male,39.5,136.0,229.0,136.0,0,Moderate,0,1,0,55-69,56.0,2,1,0.6445,High
2536,88,Female,28.2,155.0,263.0,76.0,0,Moderate,3,1,0,70+,75.0,1,4,0.8229,High
2280,66,Male,32.9,114.0,206.0,95.0,0,Low,0,1,1,55-69,34.0,1,1,0.5094,High
871,50,Male,35.2,159.0,201.0,145.0,0,Moderate,1,0,0,40-54,79.0,2,1,0.512,High
9940,62,Female,29.2,114.0,178.0,91.0,0,Moderate,0,1,0,55-69,34.0,0,1,0.2637,Medium
6721,80,Female,22.2,150.0,188.0,94.0,0,High,1,1,1,70+,70.0,0,2,0.3542,Medium
5849,61,Male,23.7,131.0,242.0,106.0,0,Moderate,1,4,1,55-69,51.0,1,5,0.7072,High
3863,35,Male,33.8,102.0,167.0,76.0,0,Low,0,0,0,18-39,22.0,1,0,0.1268,Low
5570,33,Male,15.0,108.0,151.0,115.0,1,Moderate,0,0,0,18-39,28.0,0,0,0.0962,Low
3793,36,Female,28.6,131.0,258.0,134.0,1,Low,1,0,0,18-39,51.0,2,1,0.6118,High
3273,64,Male,34.6,123.0,158.0,136.0,0,High,0,2,0,55-69,43.0,2,2,0.3468,Medium
6241,64,Male,24.3,136.0,133.0,98.0,0,High,0,0,0,55-69,56.0,0,0,0.1023,Low
4260,19,Male,21.3,101.0,193.0,86.0,0,Moderate,0,0,0,18-39,21.0,0,0,0.0392,Low
1961,78,Female,35.8,111.0,200.0,179.0,0,High,1,1,1,70+,31.0,2,2,0.5962,High
9364,21,Male,20.5,110.0,213.0,74.0,0,Low,0,1,0,18-39,30.0,0,1,0.1036,Low
3560,51,Female,25.7,147.0,155.0,128.0,0,Low,0,4,0,40-54,67.0,1,4,0.6635,High
3827,42,Male,28.1,89.0,145.0,66.0,1,Low,1,1,0,40-54,9.0,0,2,0.2572,Medium
2150,79,Female,23.2,119.0,211.0,62.0,0,Moderate,3,3,0,70+,39.0,0,6,0.6832,High
4527,19,Male,,133.0,188.0,97.0,0,Low,0,2,0,18-39,53.0,0,2,0.2273,Medium
7664,62,Female,23.9,139.0,196.0,130.0,0,Low,1,1,0,55-69,59.0,1,2,0.5965,High
5859,42,Male,27.8,115.0,176.0,98.0,0,Moderate,2,1,0,40-54,35.0,0,3,0.2467,Medium
5675,53,Male,27.2,122.0,118.0,,1,Low,0,0,1,40-54,42.0,0,0,0.3263,Medium
1350,60,Female,24.7,102.0,176.0,87.0,0,Moderate,1,0,0,55-69,22.0,0,1,0.171,Low
3614,23,Female,29.6,98.0,177.0,106.0,0,Moderate,1,0,0,18-39,18.0,0,1,0.0821,Low
5667,32,Male,31.4,144.0,208.0,94.0,0,High,1,2,0,18-39,64.0,1,3,0.2063,Medium
6727,80,Male,33.3,155.0,145.0,131.0,0,Low,0,1,0,70+,75.0,2,1,0.7199,High
5692,60,Male,24.1,136.0,217.0,65.0,1,Low,0,0,1,55-69,56.0,0,0,0.4623,Medium
3672,24,Male,35.7,119.0,230.0,130.0,0,High,0,1,0,18-39,39.0,2,1,0.139,Low
9190,33,Male,25.8,119.0,177.0,134.0,1,Moderate,0,1,0,18-39,39.0,1,1,0.2862,Medium
6520,21,Female,27.1,112.0,212.0,116.0,0,Low,0,0,0,18-39,32.0,0,0,0.1442,Low
1676,88,Female,20.6,186.0,206.0,124.0,0,High,3,2,0,70+,106.0,0,5,0.7993,High
6396,24,Male,30.3,135.0,250.0,101.0,1,Low,0,0,0,18-39,55.0,2,0,0.3835,Medium
5552,43,Male,25.4,153.0,184.0,103.0,0,Low,2,0,1,40-54,73.0,0,2,0.396,Medium
8791,57,Male,36.8,140.0,144.0,115.0,0,Low,1,3,0,55-69,60.0,1,4,0.7237,High
1565,58,Male,27.7,111.0,139.0,82.0,0,High,3,2,0,55-69,31.0,0,5,0.2379,Medium
8818,81,Female,21.4,114.0,225.0,,0,Low,4,3,1,70+,34.0,0,7,0.8862,High
9313,47,Male,20.5,128.0,154.0,100.0,0,Moderate,0,0,0,40-54,48.0,0,0,0.107,Low
7142,72,Female,,128.0,123.0,89.0,0,Low,0,3,0,70+,48.0,0,3,0.5516,High
4688,38,Male,27.0,167.0,237.0,76.0,0,Moderate,1,0,1,18-39,87.0,0,1,0.2627,Medium
3321,24,Male,30.8,133.0,202.0,145.0,0,High,0,1,0,18-39,53.0,2,1,0.1301,Low
9760,44,Male,28.7,139.0,157.0,141.0,0,Moderate,1,1,1,40-54,59.0,1,2,0.3382,Medium
5151,29,Female,34.8,115.0,179.0,89.0,1,Moderate,0,1,0,18-39,35.0,1,1,0.2311,Medium
656,56,Female,21.4,122.0,162.0,116.0,0,Moderate,0,1,0,55-69,42.0,0,1,0.2142,Medium
9096,36,Female,39.7,136.0,230.0,130.0,0,High,0,2,0,18-39,56.0,2,2,0.3282,Medium
9750,55,Male,20.3,121.0,146.0,104.0,0,High,0,0,0,55-69,41.0,0,0,0.0653,Low
9768,42,Male,27.1,160.0,117.0,132.0,0,Low,1,0,0,40-54,80.0,1,1,0.3188,Medium
4416,49,Male,23.8,108.0,,85.0,0,Low,0,0,0,40-54,28.0,0,0,0.1835,Low
1239,39,Female,25.0,118.0,227.0,77.0,0,Moderate,1,1,0,18-39,38.0,0,2,0.1937,Low
4061,28,Female,27.1,143.0,151.0,60.0,0,Moderate,0,0,0,18-39,63.0,0,0,0.0604,Low
5844,18,Male,25.1,111.0,182.0,154.0,0,Moderate,0,1,0,18-39,31.0,1,1,0.1235,Low
2883,58,Female,21.2,94.0,179.0,60.0,1,Moderate,1,0,0,55-69,14.0,0,1,0.1856,Low
763,86,Female,25.3,154.0,209.0,100.0,1,Moderate,0,1,0,70+,74.0,0,1,0.7497,High
1314,79,Female,25.2,131.0,231.0,125.0,0,Low,1,2,1,70+,51.0,0,3,0.8135,High
1637,29,Male,27.1,105.0,189.0,,0,Low,0,2,0,18-39,25.0,0,2,0.2364,Medium
621,49,Male,,142.0,181.0,98.0,0,Moderate,0,1,0,40-54,62.0,0,1,0.2582,Medium
903,33,Male,24.9,132.0,194.0,102.0,0,Low,0,1,0,18-39,52.0,0,1,0.2414,Medium
8288,45,Female,27.9,165.0,167.0,81.0,0,Moderate,0,1,0,40-54,85.0,0,1,0.2342,Medium
5071,83,Female,22.5,139.0,188.0,76.0,1,Low,1,1,1,70+,59.0,0,2,0.7449,High
4494,36,Female,25.7,108.0,192.0,103.0,1,Moderate,0,1,0,18-39,28.0,0,1,0.2345,Medium
6001,62,Female,29.6,104.0,252.0,95.0,0,High,1,2,0,55-69,24.0,1,3,0.3474,Medium
9958,76,Male,26.3,119.0,176.0,113.0,0,High,0,1,0,70+,39.0,0,1,0.2539,Medium
4875,31,Male,37.2,85.0,197.0,65.0,0,High,2,1,0,18-39,5.0,1,3,0.0866,Low
3036,86,Female,23.0,151.0,281.0,60.0,0,High,0,0,0,70+,71.0,1,0,0.3381,Medium
123,65,Female,29.1,128.0,209.0,94.0,0,Low,0,1,0,55-69,48.0,0,1,0.5075,High
9425,36,Male,31.6,118.0,170.0,126.0,1,Low,2,2,0,18-39,38.0,2,4,0.6617,High
5813,39,Male,35.3,115.0,170.0,,0,Low,1,3,1,18-39,35.0,1,4,0.5213,High
4546,72,Male,26.2,128.0,278.0,139.0,0,Low,1,0,0,70+,48.0,2,1,0.7363,High
4376,60,Male,28.2,142.0,188.0,104.0,0,Moderate,0,1,0,55-69,62.0,0,1,0.3655,Medium
220,82,Female,31.5,149.0,274.0,60.0,0,Low,4,0,1,70+,69.0,2,4,0.8502,High
3693,32,Female,33.5,116.0,205.0,139.0,0,Low,0,0,0,18-39,36.0,2,0,0.281,Medium
4294,24,Male,34.6,111.0,168.0,180.0,0,Low,0,1,0,18-39,31.0,2,1,0.3368,Medium
3393,75,Female,30.6,129.0,256.0,104.0,0,Moderate,0,3,0,70+,49.0,2,3,0.7375,High
2658,37,Male,21.7,110.0,147.0,66.0,0,High,0,1,0,18-39,30.0,0,1,0.0331,Low
7568,34,Male,35.8,117.0,170.0,104.0,0,Moderate,0,0,0,18-39,37.0,1,0,0.1309,Low
7399,20,Male,30.8,100.0,182.0,143.0,1,Low,0,1,0,18-39,20.0,2,1,0.3274,Medium
851,88,Male,29.1,136.0,248.0,93.0,0,Low,1,2,0,70+,56.0,1,3,0.8552,High
304,82,Male,29.5,120.0,181.0,106.0,0,Moderate,0,3,0,70+,40.0,0,3,0.6501,High
8311,21,Male,31.4,107.0,151.0,102.0,0,Moderate,0,0,0,18-39,27.0,1,0,0.0579,Low
2824,88,Female,35.3,147.0,109.0,138.0,0,High,0,1,0,70+,67.0,2,1,0.4419,Medium
4262,32,Male,31.7,92.0,180.0,152.0,0,High,1,0,0,18-39,12.0,2,1,0.0918,Low
6574,63,Male,26.9,137.0,215.0,140.0,1,Moderate,1,1,0,55-69,57.0,1,2,0.72,High
2467,39,Female,24.8,118.0,245.0,150.0,0,High,1,1,0,18-39,38.0,2,2,0.2253,Medium
9090,43,Female,34.4,118.0,203.0,102.0,0,Moderate,0,2,0,40-54,38.0,1,2,0.3239,Medium
3819,63,Female,33.7,164.0,200.0,108.0,1,High,0,0,0,55-69,84.0,1,0,0.4482,Medium
4198,26,Male,21.8,112.0,150.0,,0,Moderate,1,2,0,18-39,32.0,0,3,0.1239,Low
6571,78,Female,23.4,151.0,175.0,111.0,0,Moderate,0,0,0,70+,71.0,0,0,0.39,Medium
6940,87,Male,29.5,149.0,223.0,86.0,0,Low,0,1,1,70+,69.0,0,1,0.7429,High
1940,32,Female,30.6,133.0,162.0,68.0,0,Low,0,1,0,18-39,53.0,1,1,0.1735,Low
8944,38,Male,,110.0,136.0,80.0,0,Low,1,2,0,18-39,30.0,0,3,0.2322,Medium
1048,61,Female,22.5,139.0,189.0,73.0,0,Moderate,1,1,0,55-69,59.0,0,2,0.294,Medium
8916,60,Male,32.1,106.0,176.0,130.0,0,Moderate,0,1,1,55-69,26.0,2,1,0.3363,Medium
6585,70,Male,22.9,148.0,226.0,60.0,0,High,1,2,0,70+,68.0,0,3,0.3463,Medium
5261,89,Male,28.6,112.0,182.0,94.0,0,Moderate,0,2,0,70+,32.0,0,2,0.5583,High
929,48,Male,28.1,127.0,154.0,132.0,0,High,1,2,0,40-54,47.0,1,3,0.237,Medium
9600,72,Male,20.5,148.0,194.0,60.0,1,Low,0,1,1,70+,68.0,0,1,0.5908,High
5485,56,Female,28.1,117.0,259.0,127.0,0,Moderate,1,2,0,55-69,37.0,2,3,0.5843,High
8720,71,Male,32.5,99.0,229.0,62.0,0,Moderate,0,2,0,70+,19.0,1,2,0.4102,Medium
1524,28,Female,20.9,100.0,181.0,107.0,0,Low,0,1,0,18-39,20.0,0,1,0.1259,Low
702,62,Female,29.1,123.0,207.0,123.0,0,High,1,0,0,55-69,43.0,0,1,0.2433,Medium
5971,71,Female,24.6,127.0,220.0,62.0,0,Moderate,0,3,0,70+,47.0,0,3,0.4849,Medium
4493,68,Male,34.5,116.0,141.0,108.0,0,Low,2,1,0,55-69,36.0,1,3,0.5949,High
3447,41,Male,33.2,87.0,240.0,81.0,0,Low,0,1,0,40-54,7.0,1,1,0.2688,Medium
5883,78,Female,20.0,153.0,204.0,129.0,0,Moderate,1,2,0,70+,73.0,1,3,0.6894,High
8534,48,Male,18.9,133.0,157.0,95.0,0,Low,1,1,0,40-54,53.0,0,2,0.2726,Medium
511,89,Female,33.2,144.0,209.0,113.0,0,Moderate,1,2,0,70+,64.0,1,3,0.8121,High
2090,19,Female,28.2,108.0,178.0,,0,Low,1,1,0,18-39,28.0,0,2,0.1678,Low
8562,18,Female,27.2,96.0,194.0,63.0,0,Moderate,0,0,0,18-39,16.0,0,0,0.0354,Low
6498,81,Male,28.9,124.0,270.0,78.0,1,Low,2,0,0,70+,44.0,1,2,0.8361,High
9790,67,Female,19.2,126.0,220.0,91.0,0,Moderate,0,0,0,55-69,46.0,0,0,0.2354,Medium
852,75,Female,24.3,123.0,213.0,121.0,0,Moderate,3,2,1,70+,43.0,0,5,0.7372,High
6247,74,Female,32.4,110.0,143.0,95.0,0,High,1,0,1,70+,30.0,1,1,0.1739,Low
4486,44,Female,28.8,124.0,244.0,93.0,0,Moderate,1,1,0,40-54,44.0,1,2,0.3217,Medium
7800,31,Male,25.6,128.0,212.0,97.0,0,Moderate,0,0,0,18-39,48.0,0,0,0.116,Low
184,68,Female,31.9,145.0,197.0,117.0,0,Moderate,3,2,0,55-69,65.0,1,5,0.7724,High
3443,50,Male,25.0,120.0,154.0,132.0,0,Low,0,4,0,40-54,40.0,1,4,0.5823,High
4143,29,Female,32.9,102.0,188.0,159.0,1,Moderate,1,0,0,18-39,22.0,2,1,0.3252,Medium
2059,46,Male,24.7,114.0,188.0,128.0,0,High,0,0,0,40-54,34.0,1,0,0.0909,Low
5203,78,Male,18.4,127.0,180.0,122.0,0,Moderate,0,1,0,70+,47.0,0,1,0.3935,Medium
4353,57,Male,30.6,129.0,197.0,134.0,0,Moderate,2,3,0,55-69,49.0,2,5,0.7072,High
7282,37,Male,24.9,147.0,208.0,138.0,0,High,1,0,1,18-39,67.0,1,1,0.1606,Low
3857,43,Male,27.3,100.0,176.0,60.0,0,High,0,0,0,40-54,20.0,0,0,0.0366,Low
4807,51,Female,37.3,99.0,133.0,111.0,0,Low,1,2,1,40-54,19.0,1,3,0.4451,Medium
5050,83,Male,33.8,138.0,193.0,83.0,0,High,2,1,0,70+,58.0,1,3,0.5052,High
3526,33,Female,37.8,127.0,138.0,84.0,0,High,0,2,1,18-39,47.0,1,2,0.1029,Low
2580,58,Female,25.1,115.0,157.0,122.0,0,High,0,0,0,55-69,35.0,0,0,0.1017,Low
1055,23,Male,31.4,126.0,257.0,86.0,0,Moderate,0,1,0,18-39,46.0,2,1,0.177,Low
4840,85,Male,29.3,109.0,225.0,109.0,0,Moderate,0,2,1,70+,29.0,0,2,0.6399,High
6414,18,Male,26.0,99.0,152.0,91.0,0,Moderate,0,1,0,18-39,19.0,0,1,0.0495,Low
717,55,Female,37.0,154.0,195.0,165.0,0,Moderate,0,0,0,55-69,74.0,2,0,0.5279,High
7441,29,Male,29.4,97.0,237.0,,0,Moderate,0,2,0,18-39,17.0,0,2,0.2063,Medium
407,49,Male,15.9,107.0,154.0,96.0,0,High,0,0,0,40-54,27.0,0,0,0.0376,Low
6818,54,Female,23.6,115.0,185.0,92.0,0,Low,0,2,0,40-54,35.0,0,2,0.3616,Medium
9330,59,Male,32.6,137.0,201.0,,1,Low,1,2,0,55-69,57.0,1,3,0.8106,High
9675,46,Male,34.6,95.0,115.0,83.0,1,Low,2,1,1,40-54,15.0,1,3,0.4082,Medium
6162,33,Male,41.5,106.0,100.0,141.0,0,Low,0,1,0,18-39,26.0,2,1,0.2538,Medium
7109,38,Male,27.1,114.0,122.0,81.0,0,Low,1,0,0,18-39,34.0,0,1,0.1233,Low
1234,71,Male,29.0,140.0,,126.0,0,Low,4,2,0,70+,60.0,1,6,0.8843,High
2625,84,Male,26.0,147.0,201.0,97.0,0,High,0,2,0,70+,67.0,0,2,0.4717,Medium
3961,86,Female,27.7,126.0,257.0,116.0,0,Moderate,0,2,0,70+,46.0,1,2,0.7371,High
6453,88,Female,25.0,133.0,161.0,67.0,0,Moderate,1,4,0,70+,53.0,0,5,0.6943,High
9003,66,Female,22.1,113.0,212.0,94.0,0,Moderate,0,3,0,55-69,33.0,0,3,0.4455,Medium
3550,63,Female,20.4,145.0,201.0,60.0,1,Moderate,0,1,0,55-69,65.0,0,1,0.387,Medium
3781,22,Male,26.2,132.0,100.0,94.0,1,High,0,1,0,18-39,52.0,0,1,0.0594,Low
5969,31,Female,26.5,126.0,216.0,105.0,1,Moderate,1,1,1,18-39,46.0,0,2,0.3492,Medium
6269,37,Female,32.4,95.0,215.0,98.0,1,High,2,1,0,18-39,15.0,1,3,0.252,Medium
834,28,Male,28.7,132.0,204.0,89.0,0,High,1,0,0,18-39,52.0,0,1,0.0748,Low
6356,44,Female,24.3,143.0,175.0,107.0,0,Moderate,0,1,0,40-54,63.0,0,1,0.2132,Medium
3008,48,Female,24.2,123.0,172.0,118.0,1,Moderate,2,0,0,40-54,43.0,0,2,0.3828,Medium
5524,84,Female,26.9,146.0,221.0,104.0,0,High,1,2,0,70+,66.0,0,3,0.5944,High
3814,49,Female,21.4,158.0,155.0,78.0,0,High,0,1,0,40-54,78.0,0,1,0.0976,Low
9910,34,Female,37.3,126.0,132.0,108.0,0,Low,2,0,0,18-39,46.0,1,2,0.2857,Medium
9268,37,Male,,112.0,194.0,134.0,0,Low,0,1,0,18-39,32.0,1,1,0.3041,Medium
6257,62,Male,27.9,131.0,272.0,60.0,0,Low,0,1,0,55-69,51.0,1,1,0.5052,High
2485,42,Male,29.4,124.0,211.0,104.0,0,Moderate,0,1,0,40-54,44.0,0,1,0.2419,Medium
8978,38,Female,28.1,119.0,155.0,156.0,1,Moderate,0,1,0,18-39,39.0,1,1,0.3548,Medium
2200,30,Male,27.6,94.0,134.0,103.0,1,Low,1,1,0,18-39,14.0,0,2,0.2511,Medium
2439,78,Female,26.6,138.0,230.0,102.0,1,Moderate,3,1,0,70+,58.0,0,4,0.8405,High
5917,41,Male,22.0,118.0,230.0,86.0,0,Moderate,0,0,0,40-54,38.0,0,0,0.1226,Low
4759,50,Male,30.0,133.0,125.0,114.0,0,Low,0,0,0,40-54,53.0,0,0,0.25,Medium
517,81,Female,28.4,141.0,207.0,129.0,0,Moderate,2,2,0,70+,61.0,1,4,0.7999,High
5702,45,Female,37.2,137.0,186.0,138.0,0,High,1,0,0,40-54,57.0,2,1,0.232,Medium
9899,65,Male,25.0,124.0,211.0,60.0,0,Moderate,0,0,0,55-69,44.0,0,0,0.1969,Low
2837,87,Male,28.5,130.0,199.0,114.0,0,High,3,3,1,70+,50.0,0,6,0.7671,High
8435,42,Female,19.2,137.0,206.0,,0,Moderate,0,0,0,40-54,57.0,0,0,0.1411,Low
2852,46,Male,30.7,99.0,173.0,123.0,1,Low,1,1,1,40-54,19.0,1,2,0.5271,High
2141,68,Male,26.1,142.0,212.0,90.0,0,Moderate,0,1,0,55-69,62.0,0,1,0.4127,Medium
9526,84,Female,30.3,148.0,173.0,138.0,0,Low,1,1,1,70+,68.0,2,2,0.8005,High
1561,38,Male,23.9,121.0,151.0,87.0,0,Low,1,1,0,18-39,41.0,0,2,0.2015,Medium
1135,62,Female,27.5,126.0,140.0,106.0,1,Moderate,1,2,0,55-69,46.0,0,3,0.5574,High
4102,89,Female,25.0,142.0,276.0,62.0,1,Low,0,0,0,70+,62.0,1,0,0.7817,High
3031,70,Male,44.1,116.0,233.0,113.0,0,High,2,1,0,70+,36.0,1,3,0.5926,High
3655,66,Female,32.3,152.0,233.0,131.0,0,Moderate,1,1,0,55-69,72.0,2,2,0.6856,High
7949,59,Male,24.3,116.0,234.0,107.0,1,Low,1,1,1,55-69,36.0,0,2,0.6834,High
8931,80,Male,31.4,131.0,261.0,127.0,0,High,0,1,0,70+,51.0,3,1,0.537,High
5350,59,Male,29.9,100.0,243.0,137.0,1,High,1,0,0,55-69,20.0,2,1,0.4003,Medium
4082,38,Female,21.3,119.0,163.0,,0,High,0,1,0,18-39,39.0,0,1,0.0615,Low
5635,73,Male,19.7,132.0,180.0,125.0,0,Moderate,1,2,0,70+,52.0,0,3,0.543,High
1092,50,Male,28.6,133.0,190.0,121.0,0,High,1,0,0,40-54,53.0,0,1,0.1751,Low
4393,18,Female,32.6,101.0,221.0,124.0,1,Low,0,0,0,18-39,21.0,1,0,0.2753,Medium
5892,48,Male,32.5,129.0,158.0,105.0,0,Moderate,0,2,0,40-54,49.0,1,2,0.3105,Medium
8736,60,Female,,128.0,169.0,101.0,0,Moderate,0,4,0,55-69,48.0,0,4,0.528,High
8437,31,Male,24.2,158.0,159.0,92.0,0,Low,0,1,0,18-39,78.0,0,1,0.2175,Medium
5498,53,Male,27.5,152.0,171.0,98.0,0,Low,0,0,1,40-54,72.0,0,0,0.3318,Medium
3619,49,Female,,147.0,314.0,144.0,1,High,1,1,0,40-54,67.0,2,2,0.6667,High
7257,83,Male,23.3,129.0,191.0,99.0,0,Moderate,1,0,0,70+,49.0,0,1,0.4274,Medium
7959,87,Male,27.8,117.0,221.0,104.0,1,Moderate,3,0,1,70+,37.0,0,3,0.7961,High
2002,22,Male,26.3,143.0,211.0,87.0,0,Low,2,1,0,18-39,63.0,0,3,0.3074,Medium
1450,25,Female,22.4,132.0,165.0,122.0,0,Moderate,2,1,0,18-39,52.0,0,3,0.1787,Low
5236,79,Female,29.8,157.0,222.0,126.0,0,High,0,1,1,70+,77.0,1,1,0.5223,High
2051,30,Male,29.8,135.0,171.0,80.0,1,Low,0,2,0,18-39,55.0,0,2,0.4081,Medium
3477,57,Male,33.8,145.0,204.0,122.0,0,Low,1,3,0,55-69,65.0,1,4,0.805,High
4208,85,Male,29.1,114.0,180.0,110.0,0,Moderate,3,2,0,70+,34.0,0,5,0.7506,High
3783,25,Male,39.5,100.0,140.0,141.0,0,High,0,0,0,18-39,20.0,2,0,0.059,Low
4179,51,Female,19.6,121.0,143.0,147.0,0,Low,0,1,0,40-54,41.0,1,1,0.2999,Medium
3339,79,Female,22.5,146.0,127.0,60.0,0,Moderate,1,1,0,70+,66.0,0,2,0.3098,Medium
3074,74,Male,28.5,142.0,205.0,74.0,0,Moderate,4,1,1,70+,62.0,0,5,0.6854,High
6957,30,Male,35.7,107.0,192.0,81.0,0,High,2,1,0,18-39,27.0,1,3,0.1149,Low
7140,40,Female,26.2,125.0,183.0,83.0,0,High,1,1,0,40-54,45.0,0,2,0.0995,Low
5887,89,Male,28.2,126.0,183.0,71.0,0,Moderate,0,3,0,70+,46.0,0,3,0.6238,High
4816,39,Female,29.5,101.0,187.0,123.0,0,Low,0,1,0,18-39,21.0,0,1,0.2713,Medium
8928,87,Male,17.3,146.0,173.0,76.0,0,Moderate,2,0,1,70+,66.0,0,2,0.4212,Medium
3587,50,Female,22.2,109.0,161.0,110.0,0,Low,0,0,0,40-54,29.0,0,0,0.179,Low
1976,21,Male,17.5,110.0,199.0,131.0,0,Moderate,1,2,0,18-39,30.0,1,3,0.1546,Low
6038,41,Male,27.2,139.0,165.0,136.0,1,High,0,2,1,40-54,59.0,1,2,0.322,Medium
4481,51,Female,17.7,150.0,173.0,116.0,1,Low,0,0,1,40-54,70.0,0,0,0.4176,Medium
5868,81,Male,19.9,125.0,194.0,60.0,0,Moderate,2,2,0,70+,45.0,0,4,0.5056,High
4608,52,Male,30.9,108.0,189.0,67.0,0,Moderate,2,2,0,40-54,28.0,1,4,0.3434,Medium
5041,43,Female,28.9,149.0,172.0,101.0,0,High,2,0,0,40-54,69.0,0,2,0.159,Low
9173,23,Male,18.6,96.0,181.0,93.0,0,High,0,0,0,18-39,16.0,0,0,0.019,Low
6311,52,Male,26.6,103.0,210.0,139.0,0,High,0,1,0,40-54,23.0,1,1,0.1777,Low
6852,56,Female,26.1,132.0,231.0,100.0,1,High,0,2,0,55-69,52.0,0,2,0.4275,Medium
9601,58,Male,38.6,119.0,156.0,146.0,0,Moderate,0,2,0,55-69,39.0,2,2,0.5174,High
4922,80,Male,20.8,145.0,225.0,76.0,0,Low,1,3,0,70+,65.0,0,4,0.7849,High
4533,68,Female,38.2,136.0,235.0,108.0,1,Low,2,3,0,55-69,56.0,1,5,0.9455,High
974,52,Female,28.9,146.0,259.0,85.0,0,Moderate,0,3,0,40-54,66.0,1,3,0.5647,High
1975,58,Male,29.4,126.0,215.0,118.0,0,Low,0,1,1,55-69,46.0,0,1,0.5275,High
201,44,Male,33.2,99.0,185.0,114.0,0,Moderate,1,1,0,40-54,19.0,1,2,0.2561,Medium
3121,62,Male,38.0,125.0,175.0,127.0,0,High,2,2,1,55-69,45.0,2,4,0.5072,High
144,47,Male,28.9,153.0,,82.0,0,Low,0,0,0,40-54,73.0,0,0,0.3076,Medium
1109,85,Male,36.2,129.0,214.0,94.0,1,Moderate,1,1,0,70+,49.0,1,2,0.81,High
7318,81,Female,32.3,140.0,248.0,164.0,1,Low,3,1,1,70+,60.0,3,4,0.9645,High
6109,61,Female,,169.0,195.0,61.0,0,Low,1,2,0,55-69,89.0,0,3,0.6238,High
6351,42,Female,18.9,95.0,168.0,200.0,0,Low,0,0,0,40-54,15.0,1,0,0.2509,Medium
3360,55,Male,21.7,122.0,171.0,70.0,0,Moderate,2,0,0,55-69,42.0,0,2,0.1745,Low
5137,51,Male,24.9,122.0,196.0,116.0,0,High,0,2,0,40-54,42.0,0,2,0.2011,Medium
9865,65,Male,,134.0,237.0,118.0,0,High,2,1,0,55-69,54.0,0,3,0.4594,Medium
4174,43,Female,21.2,116.0,134.0,78.0,0,Moderate,0,2,0,40-54,36.0,0,2,0.1121,Low
2194,33,Male,34.7,94.0,191.0,166.0,0,Low,2,2,0,18-39,14.0,2,4,0.5765,High
9609,52,Male,41.0,157.0,217.0,139.0,1,High,0,3,1,40-54,77.0,2,3,0.7639,High
651,53,Female,37.4,107.0,160.0,,0,Low,1,0,1,40-54,27.0,1,1,0.3493,Medium
4681,41,Male,26.8,127.0,182.0,129.0,1,Moderate,0,1,0,40-54,47.0,1,1,0.371,Medium
2465,51,Female,22.4,153.0,172.0,80.0,0,Low,2,1,0,40-54,73.0,0,3,0.4282,Medium
321,41,Female,22.4,111.0,239.0,96.0,0,Low,0,1,0,40-54,31.0,0,1,0.2683,Medium
3007,61,Female,31.5,103.0,183.0,118.0,0,High,0,0,1,55-69,23.0,1,0,0.1384,Low
7314,29,Male,32.5,137.0,165.0,91.0,0,Moderate,0,0,0,18-39,57.0,1,0,0.1071,Low
149,77,Female,28.9,148.0,175.0,80.0,0,High,0,0,0,70+,68.0,0,0,0.2132,Medium
7420,70,Male,32.4,107.0,230.0,99.0,0,High,2,2,0,70+,27.0,1,4,0.4872,Medium
6543,40,Male,21.9,108.0,224.0,60.0,0,Moderate,0,2,0,40-54,28.0,0,2,0.1483,Low
7341,81,Male,28.3,131.0,133.0,149.0,1,Low,1,1,0,70+,51.0,1,2,0.8222,High
7673,69,Female,,143.0,196.0,107.0,1,Low,1,2,1,55-69,63.0,0,3,0.8352,High
5226,53,Female,24.4,123.0,168.0,119.0,0,Moderate,0,1,0,40-54,43.0,0,1,0.2347,Medium
8253,20,Female,29.3,108.0,167.0,117.0,1,Moderate,1,0,0,18-39,28.0,0,1,0.1579,Low
5058,77,Male,24.1,136.0,170.0,158.0,0,Low,2,0,1,70+,56.0,1,2,0.7086,High
169,42,Female,31.8,111.0,202.0,89.0,0,High,0,0,0,40-54,31.0,1,0,0.0755,Low
2202,18,Female,28.8,102.0,167.0,91.0,0,High,0,0,0,18-39,22.0,0,0,0.023,Low
6493,39,Male,21.5,111.0,187.0,128.0,1,Moderate,1,2,0,18-39,31.0,1,3,0.4078,Medium
251,30,Female,26.4,113.0,224.0,92.0,0,Moderate,0,0,0,18-39,33.0,0,0,0.0997,Low
2297,30,Female,33.7,106.0,165.0,86.0,0,Low,0,1,0,18-39,26.0,1,1,0.1655,Low
2559,20,Male,38.1,144.0,210.0,136.0,0,Moderate,0,1,0,18-39,64.0,2,1,0.2817,Medium
6381,38,Male,19.6,110.0,233.0,60.0,0,Moderate,0,0,0,18-39,30.0,0,0,0.0741,Low
1658,80,Female,22.7,152.0,206.0,102.0,0,Low,2,0,0,70+,72.0,0,2,0.6877,High
6785,35,Male,37.7,136.0,143.0,107.0,0,Moderate,0,0,0,18-39,56.0,1,0,0.1533,Low
3249,28,Female,23.5,132.0,217.0,111.0,0,High,0,0,0,18-39,52.0,0,0,0.0639,Low
9696,65,Male,31.1,142.0,125.0,81.0,1,Low,0,2,0,55-69,62.0,1,2,0.6374,High
4971,79,Male,15.6,131.0,163.0,112.0,1,Moderate,0,0,0,70+,51.0,0,0,0.4076,Medium
9986,68,Male,39.8,116.0,188.0,138.0,0,Low,2,1,1,55-69,36.0,2,3,0.7793,High
4336,48,Male,22.1,103.0,243.0,147.0,0,Moderate,0,1,0,40-54,23.0,2,1,0.2992,Medium
7672,49,Male,25.8,139.0,162.0,117.0,1,Moderate,2,3,0,40-54,59.0,0,5,0.6933,High
2307,41,Female,40.0,114.0,153.0,135.0,0,High,1,2,1,40-54,34.0,2,3,0.2559,Medium
159,54,Female,34.5,135.0,182.0,102.0,0,Moderate,1,0,0,40-54,55.0,1,1,0.3193,Medium
6961,38,Male,33.9,101.0,124.0,78.0,0,Low,2,0,0,18-39,21.0,1,2,0.167,Low
4995,64,Female,31.4,140.0,230.0,111.0,0,Moderate,1,2,1,55-69,60.0,1,3,0.6588,High
7810,44,Female,25.3,144.0,139.0,100.0,1,Moderate,0,1,0,40-54,64.0,0,1,0.2866,Medium
1339,73,Female,26.8,118.0,166.0,60.0,0,High,1,0,0,70+,38.0,0,1,0.1282,Low
2558,80,Female,29.5,124.0,184.0,84.0,0,Moderate,3,0,0,70+,44.0,0,3,0.5268,High
8193,33,Female,28.3,131.0,151.0,79.0,0,Low,1,0,0,18-39,51.0,0,1,0.1563,Low
6209,38,Male,32.4,104.0,131.0,64.0,0,Low,1,0,0,18-39,24.0,1,1,0.1196,Low
4155,34,Male,35.3,166.0,185.0,129.0,0,Low,0,0,0,18-39,86.0,2,0,0.399,Medium
4415,53,Male,29.4,94.0,164.0,133.0,1,High,0,2,0,40-54,14.0,1,2,0.2963,Medium
4639,62,Female,31.3,116.0,,141.0,0,High,1,0,0,55-69,36.0,2,1,0.2593,Medium
2667,35,Male,23.8,128.0,172.0,122.0,1,Low,0,1,0,18-39,48.0,0,1,0.3909,Medium
7623,78,Male,20.3,172.0,210.0,68.0,0,Low,1,2,0,70+,92.0,0,3,0.7305,High
6994,69,Male,37.6,146.0,165.0,88.0,0,High,2,0,0,55-69,66.0,1,2,0.3361,Medium
4719,46,Male,30.5,141.0,,118.0,0,Moderate,0,0,0,40-54,61.0,1,0,0.2531,Medium
4437,65,Female,31.2,123.0,228.0,127.0,0,High,1,2,1,55-69,43.0,2,3,0.4809,Medium
3572,78,Female,24.8,122.0,262.0,108.0,0,Low,0,1,0,70+,42.0,1,1,0.6732,High
1440,86,Male,31.7,135.0,256.0,109.0,0,High,3,2,0,70+,55.0,2,5,0.7924,High
3354,70,Male,15.0,122.0,217.0,75.0,0,Moderate,1,1,0,70+,42.0,0,2,0.2961,Medium
3365,29,Male,28.0,126.0,164.0,129.0,0,Moderate,0,1,0,18-39,46.0,1,1,0.1553,Low
9016,31,Male,20.1,141.0,227.0,91.0,0,Moderate,2,0,1,18-39,61.0,0,2,0.1788,Low
8767,33,Male,,118.0,196.0,,0,Moderate,0,1,0,18-39,38.0,0,1,0.1557,Low
4580,39,Male,31.5,119.0,243.0,100.0,1,High,0,0,1,18-39,39.0,2,0,0.1959,Low
6905,64,Female,,119.0,188.0,98.0,0,Moderate,0,1,0,55-69,39.0,0,1,0.3054,Medium
5878,35,Male,31.0,122.0,173.0,105.0,0,Moderate,2,1,0,18-39,42.0,1,3,0.2527,Medium
484,75,Male,37.7,136.0,267.0,92.0,0,Low,0,2,0,70+,56.0,2,2,0.8269,High
1491,37,Female,34.2,120.0,228.0,111.0,1,Moderate,3,2,0,18-39,40.0,1,5,0.6989,High
1710,33,Male,28.2,144.0,179.0,107.0,1,Moderate,1,0,0,18-39,64.0,0,1,0.3,Medium
473,49,Female,26.4,135.0,197.0,69.0,1,High,0,0,0,40-54,55.0,0,0,0.1467,Low
7819,67,Female,41.2,118.0,179.0,160.0,0,Moderate,3,0,0,55-69,38.0,2,3,0.7007,High
7339,25,Male,22.4,119.0,198.0,60.0,0,High,1,1,0,18-39,39.0,0,2,0.0455,Low
3314,34,Female,28.9,121.0,146.0,155.0,0,Low,0,0,0,18-39,41.0,1,0,0.2221,Medium
3606,27,Male,34.3,126.0,171.0,135.0,0,Low,0,0,0,18-39,46.0,2,0,0.228,Medium
6613,84,Male,27.1,138.0,181.0,,0,Low,3,0,0,70+,58.0,0,3,0.7427,High
4967,34,Male,23.1,110.0,197.0,63.0,0,Moderate,0,2,0,18-39,30.0,0,2,0.1156,Low
6874,41,Male,28.1,129.0,192.0,120.0,0,Moderate,0,1,0,40-54,49.0,0,1,0.2432,Medium
203,53,Female,33.5,106.0,198.0,106.0,0,Moderate,1,0,0,40-54,26.0,1,1,0.2623,Medium
837,76,Male,32.3,119.0,204.0,95.0,0,Low,2,2,1,70+,39.0,1,4,0.7804,High
6569,29,Female,36.0,103.0,202.0,114.0,0,Low,2,0,0,18-39,23.0,1,2,0.3015,Medium
7891,33,Male,35.3,85.0,166.0,136.0,0,Moderate,0,1,0,18-39,5.0,2,1,0.155,Low
6717,58,Male,24.6,122.0,203.0,97.0,1,High,1,0,0,55-69,42.0,0,1,0.2539,Medium
6596,53,Male,40.2,146.0,217.0,141.0,0,Moderate,0,3,0,40-54,66.0,2,3,0.7433,High
2833,39,Male,19.6,120.0,188.0,79.0,0,Low,0,0,0,18-39,40.0,0,0,0.1225,Low
1167,19,Female,17.9,109.0,139.0,105.0,0,Moderate,1,0,0,18-39,29.0,0,1,0.0395,Low
6400,85,Male,25.2,140.0,,90.0,0,High,2,2,1,70+,60.0,0,4,0.5535,High
2671,75,Female,35.9,119.0,201.0,127.0,1,Low,5,1,1,70+,39.0,2,6,0.9425,High
9906,35,Female,34.7,105.0,177.0,120.0,0,Moderate,0,0,0,18-39,25.0,1,0,0.1357,Low
2316,18,Male,24.9,127.0,110.0,137.0,0,High,1,0,0,18-39,47.0,1,1,0.037,Low
9789,66,Male,15.0,111.0,204.0,60.0,1,Moderate,0,2,1,55-69,31.0,0,2,0.3491,Medium
2168,78,Male,25.0,153.0,257.0,105.0,1,Low,0,0,1,70+,73.0,1,0,0.8015,High
989,35,Male,33.5,107.0,184.0,166.0,0,Moderate,0,1,0,18-39,27.0,2,1,0.2739,Medium
7149,38,Male,29.2,157.0,231.0,78.0,0,Moderate,0,0,0,18-39,77.0,0,0,0.2055,Medium
3227,59,Male,33.5,138.0,148.0,130.0,0,Low,1,2,1,55-69,58.0,2,3,0.6649,High
8929,65,Male,20.7,120.0,156.0,60.0,0,Moderate,1,3,0,55-69,40.0,0,4,0.3275,Medium
2804,22,Male,28.9,123.0,264.0,103.0,0,Low,0,0,0,18-39,43.0,1,0,0.2161,Medium
9002,19,Female,30.3,97.0,138.0,138.0,0,Moderate,1,1,0,18-39,17.0,2,2,0.1043,Low
3750,83,Male,32.2,139.0,222.0,137.0,0,High,2,1,0,70+,59.0,2,3,0.6781,High
9057,78,Female,28.4,149.0,161.0,90.0,0,Low,1,1,0,70+,69.0,0,2,0.635,High
8135,71,Male,32.5,141.0,192.0,94.0,0,Low,2,0,0,70+,61.0,1,2,0.642,High
6349,52,Male,24.8,139.0,253.0,140.0,0,Moderate,0,0,0,40-54,59.0,2,0,0.3751,Medium
5621,19,Female,31.3,98.0,180.0,82.0,0,Moderate,3,1,0,18-39,18.0,1,4,0.1368,Low
2959,54,Male,,110.0,201.0,109.0,1,Low,1,0,0,40-54,30.0,0,1,0.5228,High
7777,77,Female,27.6,153.0,266.0,110.0,0,Moderate,0,2,1,70+,73.0,1,2,0.7454,High
7826,80,Female,26.4,140.0,178.0,133.0,0,Moderate,1,1,0,70+,60.0,1,2,0.6147,High
9495,59,Female,22.3,149.0,199.0,70.0,0,High,0,3,0,55-69,69.0,0,3,0.2635,Medium
9176,83,Female,32.8,152.0,185.0,93.0,0,Low,0,2,1,70+,72.0,1,2,0.7723,High
1259,56,Female,24.6,101.0,191.0,175.0,0,Low,1,1,1,55-69,21.0,1,2,0.5488,High
2844,52,Female,23.1,128.0,235.0,60.0,0,Moderate,1,0,0,40-54,48.0,0,1,0.1924,Low
1032,30,Female,27.6,104.0,213.0,103.0,1,Moderate,1,1,0,18-39,24.0,0,2,0.2833,Medium
2166,84,Female,22.1,141.0,219.0,89.0,0,Moderate,2,0,0,70+,61.0,0,2,0.5464,High
5,49,Male,30.4,125.0,184.0,112.0,0,Low,0,0,0,40-54,45.0,1,0,0.3066,Medium
9418,30,Female,33.6,119.0,162.0,145.0,0,Low,0,2,1,18-39,39.0,2,2,0.3752,Medium
9597,66,Female,23.2,121.0,178.0,95.0,1,Moderate,1,2,0,55-69,41.0,0,3,0.5693,High
9126,37,Male,30.8,124.0,214.0,120.0,0,High,0,1,0,18-39,44.0,1,1,0.1475,Low
5998,88,Male,26.7,120.0,169.0,132.0,1,Low,1,0,0,70+,40.0,1,1,0.7831,High
6691,50,Male,23.6,115.0,206.0,109.0,1,Low,1,2,0,40-54,35.0,0,3,0.6462,High
3255,35,Female,40.1,87.0,248.0,110.0,0,Low,0,0,0,18-39,7.0,2,0,0.2847,Medium
3895,61,Female,28.0,156.0,182.0,138.0,0,Low,0,1,0,55-69,76.0,1,1,0.6135,High
227,76,Male,36.4,162.0,216.0,92.0,0,Moderate,1,1,1,70+,82.0,1,2,0.7093,High
1224,65,Female,19.1,102.0,226.0,134.0,1,Low,1,1,1,55-69,22.0,1,2,0.6829,High
6619,41,Male,31.1,131.0,181.0,116.0,0,Low,1,0,0,40-54,51.0,1,1,0.335,Medium
8631,50,Male,22.2,120.0,179.0,85.0,0,Moderate,0,1,0,40-54,40.0,0,1,0.1576,Low
7993,66,Male,30.8,125.0,254.0,75.0,0,Low,2,0,0,55-69,45.0,2,2,0.5955,High
6379,59,Male,29.6,135.0,208.0,93.0,1,Moderate,0,1,0,55-69,55.0,0,1,0.5242,High
9792,52,Female,22.9,132.0,,127.0,0,Moderate,0,1,0,40-54,52.0,1,1,0.2915,Medium
2317,24,Male,26.2,132.0,218.0,90.0,0,High,0,0,0,18-39,52.0,0,0,0.0521,Low
6817,81,Female,22.2,124.0,257.0,85.0,1,Moderate,1,6,1,70+,44.0,1,7,0.9331,High
3629,78,Female,28.8,143.0,207.0,104.0,1,Moderate,1,2,1,70+,63.0,0,3,0.8165,High
7936,29,Male,28.7,122.0,206.0,153.0,0,Low,0,2,0,18-39,42.0,1,2,0.4339,Medium
1523,31,Male,18.9,115.0,181.0,60.0,0,Moderate,2,2,0,18-39,35.0,0,4,0.1338,Low
487,42,Female,29.6,99.0,185.0,94.0,0,Moderate,1,1,0,40-54,19.0,0,2,0.1824,Low
1197,69,Male,32.2,107.0,156.0,132.0,0,Low,1,2,0,55-69,27.0,2,3,0.6566,High
2373,22,Male,28.2,124.0,137.0,110.0,0,High,0,0,0,18-39,44.0,0,0,0.0334,Low
7246,50,Male,31.5,112.0,174.0,157.0,0,Moderate,0,1,0,40-54,32.0,2,1,0.3364,Medium
613,74,Male,24.4,126.0,196.0,66.0,0,High,0,0,0,70+,46.0,0,0,0.1363,Low
7292,72,Male,30.8,111.0,213.0,89.0,0,Low,1,0,0,70+,31.0,1,1,0.5014,High
6434,43,Female,22.1,118.0,209.0,124.0,0,Moderate,0,0,0,40-54,38.0,0,0,0.1593,Low
8213,87,Male,19.1,136.0,200.0,100.0,0,Low,0,3,0,70+,56.0,0,3,0.7589,High
7651,44,Female,28.0,136.0,199.0,150.0,0,Low,1,0,0,40-54,56.0,1,1,0.4563,Medium
2436,58,Female,26.0,126.0,205.0,100.0,0,Low,0,1,0,55-69,46.0,0,1,0.421,Medium
8871,18,Male,22.4,125.0,118.0,117.0,1,Moderate,1,0,0,18-39,45.0,0,1,0.1033,Low
3663,87,Female,30.0,125.0,292.0,60.0,0,High,1,1,0,70+,45.0,1,2,0.5073,High
2735,50,Male,30.7,110.0,243.0,156.0,0,High,1,1,0,40-54,30.0,3,2,0.3369,Medium
1634,81,Male,26.9,135.0,173.0,121.0,0,Low,3,2,0,70+,55.0,0,5,0.8501,High
8004,43,Male,23.9,115.0,246.0,105.0,0,Low,0,1,0,40-54,35.0,1,1,0.3375,Medium
3826,83,Female,26.0,137.0,221.0,161.0,0,Low,0,1,1,70+,57.0,1,1,0.8008,High
4755,33,Female,28.0,110.0,213.0,117.0,0,Low,0,1,0,18-39,30.0,0,1,0.2677,Medium
2924,56,Female,22.0,139.0,167.0,67.0,0,High,0,1,0,55-69,59.0,0,1,0.0963,Low
1205,64,Male,35.8,142.0,207.0,101.0,0,Moderate,1,2,0,55-69,62.0,1,3,0.6477,High
2715,54,Male,29.2,129.0,212.0,80.0,0,Moderate,0,1,0,40-54,49.0,0,1,0.2792,Medium
3738,56,Female,23.6,136.0,256.0,138.0,0,Moderate,2,1,0,55-69,56.0,2,3,0.5979,High
5785,59,Male,31.0,145.0,198.0,109.0,0,Low,2,1,0,55-69,65.0,1,3,0.6769,High
191,67,Male,17.8,165.0,218.0,90.0,1,Moderate,2,4,1,55-69,85.0,0,6,0.866,High
1137,70,Female,23.0,125.0,262.0,88.0,0,High,5,2,1,70+,45.0,1,7,0.6621,High
1303,68,Male,25.3,142.0,203.0,78.0,0,Moderate,2,0,0,55-69,62.0,0,2,0.3999,Medium
6547,67,Female,29.8,114.0,170.0,108.0,0,High,2,1,0,55-69,34.0,0,3,0.2948,Medium
1558,73,Female,25.6,104.0,171.0,109.0,0,Moderate,1,2,0,70+,24.0,0,3,0.4536,Medium
7230,61,Male,26.1,105.0,205.0,132.0,0,High,2,3,1,55-69,25.0,1,5,0.4722,Medium
654,75,Female,21.4,134.0,229.0,65.0,0,High,2,1,0,70+,54.0,0,3,0.3226,Medium
5133,52,Female,21.2,123.0,230.0,92.0,0,High,0,1,0,40-54,43.0,0,1,0.1337,Low
2001,81,Female,27.0,119.0,145.0,169.0,0,High,1,3,0,70+,39.0,1,4,0.6046,High
6174,32,Female,34.1,109.0,190.0,114.0,1,Moderate,1,0,1,18-39,29.0,1,1,0.2794,Medium
7698,35,Female,31.9,113.0,123.0,65.0,0,Moderate,1,0,0,18-39,33.0,1,1,0.0695,Low
4172,36,Female,29.6,119.0,278.0,118.0,0,High,2,1,0,18-39,39.0,1,3,0.2815,Medium
6056,79,Female,30.0,124.0,293.0,109.0,0,Low,4,1,0,70+,44.0,1,5,0.9088,High
5943,32,Male,34.3,133.0,135.0,133.0,0,Moderate,2,0,0,18-39,53.0,2,2,0.222,Medium
4848,24,Male,19.5,121.0,,61.0,0,Moderate,1,0,0,18-39,41.0,0,1,0.055,Low
7166,46,Female,29.4,132.0,242.0,138.0,0,Moderate,2,0,0,40-54,52.0,2,2,0.4525,Medium
3907,69,Female,35.9,143.0,245.0,106.0,0,High,2,0,0,55-69,63.0,2,2,0.4902,Medium
8662,25,Female,29.3,101.0,204.0,105.0,1,Moderate,1,0,0,18-39,21.0,0,1,0.1893,Low
2019,69,Male,35.5,130.0,257.0,116.0,0,Low,2,1,1,55-69,50.0,2,3,0.8266,High
2463,52,Female,33.0,112.0,265.0,111.0,0,Low,0,1,0,40-54,32.0,2,1,0.5338,High
6910,89,Male,37.2,151.0,193.0,123.0,1,High,3,1,1,70+,71.0,1,4,0.8696,High
1597,65,Female,26.2,145.0,214.0,82.0,0,Moderate,0,0,0,55-69,65.0,0,0,0.2992,Medium
5757,41,Male,33.1,151.0,174.0,110.0,1,High,2,0,0,40-54,71.0,1,2,0.324,Medium
9665,20,Female,37.0,133.0,190.0,126.0,0,Low,0,0,0,18-39,53.0,2,0,0.2279,Medium
3066,57,Female,23.7,118.0,157.0,60.0,0,Low,3,0,0,55-69,38.0,0,3,0.2907,Medium
3516,88,Female,27.0,128.0,159.0,133.0,0,High,3,3,1,70+,48.0,1,6,0.7332,High
8687,24,Male,28.8,126.0,230.0,160.0,0,Moderate,0,1,0,18-39,46.0,1,1,0.2687,Medium
5439,48,Male,27.5,130.0,251.0,98.0,0,High,1,0,0,40-54,50.0,1,1,0.1807,Low
6014,60,Female,33.1,98.0,161.0,114.0,0,Moderate,0,0,0,55-69,18.0,1,0,0.2017,Medium
529,83,Female,21.3,135.0,253.0,,1,Low,0,1,1,70+,55.0,1,1,0.8149,High
9134,72,Male,28.7,148.0,171.0,112.0,0,Moderate,1,0,0,70+,68.0,0,1,0.452,Medium
5127,35,Male,35.5,114.0,169.0,148.0,0,Low,0,1,0,18-39,34.0,2,1,0.3587,Medium
5084,49,Male,28.7,127.0,184.0,120.0,1,Moderate,0,0,0,40-54,47.0,0,0,0.3528,Medium
9236,57,Male,29.2,113.0,117.0,,0,Low,0,2,0,55-69,33.0,0,2,0.3533,Medium
9117,46,Male,37.4,103.0,200.0,112.0,1,Low,1,0,0,40-54,23.0,1,1,0.5422,High
8240,52,Female,21.3,150.0,181.0,,0,Low,0,1,0,40-54,70.0,0,1,0.3694,Medium
2424,77,Female,23.0,160.0,249.0,102.0,0,High,0,2,0,70+,80.0,1,2,0.5174,High
397,21,Female,22.2,144.0,161.0,132.0,0,Low,1,0,0,18-39,64.0,1,1,0.1762,Low
2803,89,Male,29.8,139.0,275.0,105.0,1,Low,0,3,1,70+,59.0,1,3,0.9513,High
6267,67,Male,27.6,114.0,,,0,High,2,2,0,55-69,34.0,0,4,0.3932,Medium
4963,88,Male,29.6,142.0,318.0,126.0,0,Low,0,3,1,70+,62.0,2,3,0.9436,High
7055,85,Male,19.8,130.0,196.0,72.0,0,Low,2,2,0,70+,50.0,0,4,0.7071,High
2375,68,Male,31.8,124.0,183.0,129.0,1,Moderate,2,3,0,55-69,44.0,2,5,0.852,High
8076,78,Female,35.0,124.0,294.0,164.0,1,Low,1,0,0,70+,44.0,3,1,0.9293,High
3446,69,Male,36.2,119.0,210.0,126.0,0,Moderate,1,1,0,55-69,39.0,2,2,0.604,High
1959,65,Male,27.0,122.0,176.0,,0,Moderate,0,1,0,55-69,42.0,0,1,0.3169,Medium
7276,33,Male,27.5,131.0,155.0,120.0,0,Moderate,0,1,0,18-39,51.0,0,1,0.1585,Low
9235,52,Female,26.5,168.0,213.0,147.0,0,Moderate,4,0,1,40-54,88.0,1,4,0.6817,High
9083,31,Female,27.1,107.0,213.0,113.0,0,Moderate,0,0,0,18-39,27.0,0,0,0.1121,Low
2395,52,Female,24.6,124.0,130.0,120.0,0,Moderate,0,1,0,40-54,44.0,0,1,0.1879,Low
6900,77,Female,22.1,142.0,240.0,105.0,0,Moderate,2,2,0,70+,62.0,0,4,0.7319,High
8256,52,Female,15.0,112.0,272.0,75.0,0,Moderate,2,0,0,40-54,32.0,1,2,0.2153,Medium
1246,88,Female,36.1,152.0,175.0,119.0,1,Low,1,1,0,70+,72.0,1,2,0.9106,High
338,40,Male,28.4,129.0,147.0,90.0,0,Moderate,1,0,1,40-54,49.0,0,1,0.1303,Low
8537,57,Male,22.0,140.0,190.0,115.0,0,Moderate,0,5,0,55-69,60.0,0,5,0.6479,High
3947,19,Female,24.8,86.0,168.0,104.0,0,Moderate,1,1,0,18-39,6.0,0,2,0.0671,Low
5197,85,Female,20.3,107.0,259.0,125.0,0,Low,1,0,0,70+,27.0,1,1,0.6559,High
3796,37,Male,26.8,118.0,240.0,121.0,1,Low,1,0,0,18-39,38.0,0,1,0.5065,High
9469,81,Male,26.7,137.0,211.0,87.0,0,Low,3,0,0,70+,57.0,0,3,0.7233,High
7438,85,Female,32.6,140.0,213.0,84.0,1,Low,1,0,0,70+,60.0,1,1,0.814,High
5848,66,Female,22.5,117.0,234.0,87.0,0,Moderate,2,1,0,55-69,37.0,0,3,0.44,Medium
3813,66,Male,35.0,141.0,225.0,100.0,0,Low,0,1,0,55-69,61.0,1,1,0.659,High
1849,55,Male,29.1,103.0,159.0,92.0,0,Moderate,1,0,0,55-69,23.0,0,1,0.1684,Low
9938,20,Male,36.9,112.0,183.0,173.0,0,Moderate,0,1,0,18-39,32.0,2,1,0.2334,Medium
6510,20,Female,18.5,110.0,151.0,136.0,0,Moderate,0,1,0,18-39,30.0,1,1,0.0675,Low
9934,44,Male,31.1,128.0,140.0,60.0,0,Moderate,2,1,0,40-54,48.0,1,3,0.1915,Low
7640,78,Female,29.9,135.0,199.0,82.0,0,Low,0,2,1,70+,55.0,0,2,0.6736,High
9637,89,Female,25.8,139.0,273.0,89.0,0,Low,1,2,0,70+,59.0,1,3,0.8618,High
2046,89,Male,28.6,144.0,183.0,96.0,0,Low,2,4,0,70+,64.0,0,6,0.9188,High
2808,40,Female,36.2,143.0,145.0,92.0,1,High,1,0,0,40-54,63.0,1,1,0.1934,Low
7432,77,Male,24.9,154.0,182.0,63.0,0,Moderate,1,0,0,70+,74.0,0,1,0.3634,Medium
8783,26,Male,30.3,85.0,201.0,122.0,0,High,1,1,0,18-39,5.0,1,2,0.0808,Low
1282,71,Male,19.8,160.0,220.0,115.0,0,High,2,4,1,70+,80.0,0,6,0.7181,High
1839,34,Male,21.6,136.0,174.0,60.0,1,Moderate,0,0,0,18-39,56.0,0,0,0.1191,Low
3244,55,Male,20.2,135.0,296.0,99.0,0,Low,0,1,0,55-69,55.0,1,1,0.5289,High
422,67,Male,25.4,147.0,155.0,71.0,0,Low,2,2,0,55-69,67.0,0,4,0.6062,High
7040,73,Male,25.6,127.0,245.0,66.0,1,High,3,3,1,70+,47.0,1,6,0.7435,High
7304,33,Female,28.6,145.0,218.0,73.0,0,Low,1,0,0,18-39,65.0,0,1,0.256,Medium
7968,34,Female,30.2,119.0,,97.0,0,High,2,1,0,18-39,39.0,1,3,0.1408,Low
7374,43,Female,20.2,129.0,233.0,112.0,0,Low,0,0,0,40-54,49.0,0,0,0.263,Medium
8663,64,Male,23.0,142.0,,90.0,0,Moderate,1,0,0,55-69,62.0,0,1,0.3057,Medium
5679,62,Male,35.6,149.0,171.0,159.0,0,Moderate,1,0,0,55-69,69.0,2,1,0.5643,High
5405,19,Female,27.2,95.0,214.0,72.0,0,High,1,1,0,18-39,15.0,0,2,0.0428,Low
3608,67,Male,31.9,104.0,172.0,142.0,0,Low,0,1,0,55-69,24.0,2,1,0.5351,High
125,79,Female,27.9,125.0,247.0,109.0,1,High,0,2,1,70+,45.0,1,2,0.6555,High
4037,67,Female,26.0,133.0,228.0,106.0,1,Low,1,1,0,55-69,53.0,0,2,0.7758,High
9545,64,Male,29.7,121.0,195.0,85.0,0,Moderate,0,2,1,55-69,41.0,0,2,0.3963,Medium
5506,78,Female,31.1,135.0,261.0,109.0,0,Moderate,2,1,1,70+,55.0,2,3,0.7579,High
574,21,Female,36.3,120.0,173.0,,0,Low,0,2,0,18-39,40.0,1,2,0.2671,Medium
2456,52,Male,,140.0,270.0,94.0,0,Moderate,1,0,0,40-54,60.0,1,1,0.3841,Medium
1345,31,Female,22.8,121.0,117.0,121.0,1,Moderate,0,1,0,18-39,41.0,0,1,0.159,Low
6948,47,Male,30.2,94.0,241.0,114.0,0,Moderate,0,3,0,40-54,14.0,2,3,0.421,Medium
9112,71,Male,25.7,146.0,217.0,95.0,0,Moderate,1,3,1,70+,66.0,0,4,0.6984,High
6315,79,Female,23.7,125.0,200.0,131.0,0,Moderate,0,2,0,70+,45.0,1,2,0.5895,High
7787,69,Male,28.2,139.0,222.0,116.0,1,Low,2,2,0,55-69,59.0,0,4,0.8979,High
5921,28,Female,33.9,94.0,141.0,102.0,0,Low,0,0,0,18-39,14.0,1,0,0.1012,Low
1081,84,Male,34.6,120.0,175.0,101.0,0,Moderate,0,4,0,70+,40.0,1,4,0.7573,High
4642,20,Male,38.8,114.0,199.0,101.0,0,Low,1,1,0,18-39,34.0,1,2,0.2824,Medium
8426,50,Male,25.6,160.0,253.0,60.0,0,Moderate,1,1,0,40-54,80.0,1,2,0.3763,Medium
3226,73,Female,30.9,130.0,209.0,81.0,1,Moderate,3,3,1,70+,50.0,1,6,0.8687,High
9252,62,Female,24.1,131.0,177.0,99.0,0,Low,1,1,0,55-69,51.0,0,2,0.4604,Medium
4233,61,Female,33.4,144.0,232.0,64.0,0,Moderate,0,1,0,55-69,64.0,1,1,0.398,Medium
4802,60,Female,35.2,134.0,158.0,129.0,0,Moderate,0,0,0,55-69,54.0,2,0,0.329,Medium
9402,88,Male,22.8,141.0,190.0,97.0,1,Moderate,2,3,1,70+,61.0,0,5,0.8781,High
2676,60,Male,20.2,154.0,203.0,60.0,0,Moderate,0,1,0,55-69,74.0,0,1,0.2496,Medium
6657,81,Female,22.9,145.0,280.0,109.0,1,Low,2,1,0,70+,65.0,1,3,0.9155,High
4250,45,Male,24.9,100.0,201.0,86.0,0,Moderate,0,3,0,40-54,20.0,0,3,0.2504,Medium
2503,72,Male,34.9,122.0,112.0,77.0,0,Moderate,2,5,1,70+,42.0,1,7,0.72,High
4024,38,Female,30.4,115.0,,141.0,0,High,0,0,0,18-39,35.0,2,0,0.1047,Low
7821,29,Female,31.9,126.0,167.0,82.0,1,Low,1,1,0,18-39,46.0,1,2,0.3638,Medium
5588,89,Male,36.7,170.0,225.0,134.0,0,Moderate,1,3,1,70+,90.0,2,4,0.9332,High
3984,66,Male,35.1,121.0,208.0,68.0,0,High,1,0,0,55-69,41.0,1,1,0.2044,Medium
8110,77,Female,29.4,136.0,200.0,118.0,0,High,1,1,0,70+,56.0,0,2,0.4444,Medium
9154,77,Male,30.3,118.0,213.0,103.0,0,Moderate,1,1,0,70+,38.0,1,2,0.5528,High
5721,88,Female,24.5,144.0,250.0,88.0,0,Moderate,3,1,0,70+,64.0,1,4,0.7816,High
7505,72,Female,23.3,133.0,207.0,106.0,0,Low,1,2,1,70+,53.0,0,3,0.6917,High
589,78,Female,27.0,135.0,206.0,101.0,0,High,0,2,0,70+,55.0,0,2,0.4122,Medium
8922,48,Female,27.0,121.0,216.0,86.0,0,Low,0,0,0,40-54,41.0,0,0,0.2522,Medium
6272,72,Male,18.4,112.0,228.0,60.0,0,Moderate,1,2,0,70+,32.0,0,3,0.3752,Medium
8196,62,Male,19.9,108.0,239.0,77.0,1,Low,0,2,0,55-69,28.0,0,2,0.5948,High
5452,71,Male,18.5,133.0,172.0,73.0,0,Low,1,2,1,70+,53.0,0,3,0.4943,Medium
4649,39,Female,24.3,119.0,172.0,,0,Low,1,0,0,18-39,39.0,0,1,0.2019,Medium
4064,55,Male,,128.0,246.0,,0,Low,1,1,0,55-69,48.0,1,2,0.5733,High
8050,75,Female,23.8,147.0,176.0,138.0,0,Moderate,0,0,1,70+,67.0,1,0,0.4264,Medium
805,71,Female,28.3,125.0,137.0,94.0,0,Moderate,2,0,0,70+,45.0,0,2,0.3255,Medium
9863,80,Female,18.9,113.0,172.0,107.0,1,Low,1,2,0,70+,33.0,0,3,0.7436,High
7686,64,Male,,125.0,189.0,106.0,0,Moderate,1,1,0,55-69,45.0,0,2,0.4085,Medium
4173,54,Male,31.8,122.0,195.0,131.0,0,High,0,0,0,40-54,42.0,2,0,0.1714,Low
8656,71,Male,20.8,149.0,214.0,88.0,1,Moderate,1,0,1,70+,69.0,0,1,0.5484,High
6114,62,Female,30.7,103.0,266.0,123.0,0,Moderate,0,0,0,55-69,23.0,2,0,0.3793,Medium
1201,81,Female,38.2,138.0,249.0,114.0,0,High,2,3,1,70+,58.0,2,5,0.8264,High
2185,63,Male,26.5,98.0,202.0,60.0,1,Moderate,2,1,1,55-69,18.0,0,3,0.441,Medium
5245,43,Male,15.6,122.0,149.0,111.0,0,Low,0,1,0,40-54,42.0,0,1,0.1718,Low
3178,39,Female,33.9,103.0,186.0,122.0,0,High,0,2,0,18-39,23.0,1,2,0.1581,Low
1661,62,Male,31.3,118.0,245.0,97.0,0,Low,0,1,0,55-69,38.0,2,1,0.5458,High
1452,20,Female,25.7,144.0,262.0,60.0,0,Moderate,0,0,0,18-39,64.0,1,0,0.0956,Low
6913,39,Male,30.2,122.0,206.0,121.0,0,Low,0,1,0,18-39,42.0,1,1,0.3601,Medium
5567,33,Female,23.1,113.0,215.0,71.0,0,Moderate,0,0,0,18-39,33.0,0,0,0.0734,Low
9064,40,Female,26.0,142.0,112.0,81.0,0,Moderate,1,1,0,40-54,62.0,0,2,0.135,Low
1563,35,Female,18.7,115.0,213.0,62.0,1,Moderate,0,1,0,18-39,35.0,0,1,0.1533,Low
9007,74,Male,39.6,129.0,168.0,113.0,0,Moderate,1,0,0,70+,49.0,1,1,0.5166,High
4326,46,Female,30.0,114.0,193.0,69.0,0,Low,2,0,0,40-54,34.0,0,2,0.2816,Medium
4746,39,Female,23.5,128.0,147.0,83.0,0,Low,2,1,0,18-39,48.0,0,3,0.2499,Medium
9140,59,Female,23.6,135.0,232.0,80.0,0,High,0,1,0,55-69,55.0,0,1,0.1819,Low
1017,45,Female,15.0,125.0,212.0,,0,Moderate,1,3,0,40-54,45.0,0,4,0.3389,Medium
7586,19,Male,22.2,118.0,173.0,81.0,0,Moderate,0,1,0,18-39,38.0,0,1,0.0575,Low
9340,37,Female,27.7,134.0,179.0,78.0,0,Moderate,1,0,0,18-39,54.0,0,1,0.1331,Low
6408,64,Female,30.3,126.0,287.0,66.0,0,Moderate,0,2,1,55-69,46.0,2,2,0.5231,High
8524,81,Male,20.9,169.0,247.0,74.0,0,Moderate,1,3,1,70+,89.0,1,4,0.7739,High
1604,40,Female,,120.0,255.0,108.0,0,High,0,1,1,40-54,40.0,1,1,0.1558,Low
3419,25,Male,31.2,121.0,149.0,113.0,0,High,1,0,0,18-39,41.0,1,1,0.0568,Low
3625,77,Male,25.7,138.0,173.0,117.0,0,Moderate,1,3,0,70+,58.0,0,4,0.6997,High
5294,70,Male,22.5,160.0,210.0,127.0,0,Moderate,1,2,0,70+,80.0,1,3,0.6837,High
4461,25,Female,25.1,164.0,100.0,76.0,0,Low,0,1,1,18-39,84.0,0,1,0.1204,Low
3331,62,Female,27.3,115.0,179.0,116.0,0,Low,1,2,0,55-69,35.0,0,3,0.5809,High
1101,52,Female,17.2,118.0,194.0,106.0,0,Low,0,2,0,40-54,38.0,0,2,0.3433,Medium
4700,19,Male,28.4,127.0,126.0,94.0,0,Moderate,2,0,0,18-39,47.0,0,2,0.0791,Low
1358,27,Female,22.8,121.0,161.0,95.0,0,High,2,0,0,18-39,41.0,0,2,0.0502,Low
845,18,Female,25.7,110.0,202.0,83.0,0,Low,0,1,0,18-39,30.0,0,1,0.1152,Low
8047,48,Male,22.2,99.0,181.0,124.0,1,Moderate,0,1,0,40-54,19.0,0,1,0.2911,Medium
284,53,Female,21.0,148.0,250.0,84.0,0,Low,0,1,0,40-54,68.0,1,1,0.4324,Medium
9037,62,Male,34.4,135.0,,93.0,1,Moderate,1,0,0,55-69,55.0,1,1,0.5508,High
3369,48,Female,30.1,121.0,,127.0,0,Low,1,2,1,40-54,41.0,2,3,0.5685,High
1103,84,Female,20.3,169.0,183.0,93.0,0,Moderate,1,0,0,70+,89.0,0,1,0.4933,Medium
7809,25,Male,33.9,115.0,197.0,121.0,0,Low,1,1,0,18-39,35.0,1,2,0.3178,Medium
8340,51,Male,27.0,135.0,194.0,102.0,0,Low,2,2,1,40-54,55.0,0,4,0.6105,High
283,66,Male,26.4,126.0,207.0,181.0,1,Moderate,2,0,0,55-69,46.0,1,2,0.7644,High
9657,78,Female,26.9,152.0,210.0,60.0,0,Low,0,1,0,70+,72.0,0,1,0.5751,High
2721,63,Female,27.1,133.0,116.0,95.0,0,Moderate,0,0,0,55-69,53.0,0,0,0.1662,Low
9017,45,Male,24.4,101.0,231.0,103.0,0,Moderate,0,1,0,40-54,21.0,0,1,0.1968,Low
5146,72,Male,29.3,121.0,186.0,84.0,0,Moderate,3,4,1,70+,41.0,0,7,0.7766,High
8799,79,Female,19.9,135.0,189.0,123.0,0,High,1,0,0,70+,55.0,0,1,0.2785,Medium
4557,29,Female,32.3,122.0,170.0,132.0,1,Moderate,1,0,0,18-39,42.0,2,1,0.2833,Medium
2892,58,Male,35.7,136.0,172.0,96.0,1,Moderate,3,0,1,55-69,56.0,1,3,0.6284,High
3525,38,Female,33.4,87.0,149.0,98.0,0,Low,3,1,0,18-39,7.0,1,4,0.3093,Medium
2305,83,Male,30.0,124.0,217.0,102.0,0,Low,2,0,1,70+,44.0,0,2,0.7197,High
5865,83,Female,37.9,146.0,205.0,94.0,0,Low,2,1,1,70+,66.0,1,3,0.845,High
9513,52,Female,28.6,119.0,166.0,60.0,0,Moderate,0,2,0,40-54,39.0,0,2,0.2004,Medium
4272,56,Female,24.8,128.0,141.0,156.0,0,Low,0,1,0,55-69,48.0,1,1,0.4265,Medium
5794,88,Female,26.7,171.0,196.0,60.0,1,Moderate,3,1,1,70+,91.0,0,4,0.8458,High
160,74,Female,27.5,143.0,,104.0,0,Low,1,2,1,70+,63.0,0,3,0.7451,High
7661,62,Male,26.4,118.0,190.0,108.0,0,Moderate,0,3,1,55-69,38.0,0,3,0.4752,Medium
5295,84,Male,34.5,143.0,253.0,71.0,1,Moderate,1,1,1,70+,63.0,2,2,0.8243,High
7099,35,Female,27.4,127.0,206.0,173.0,0,Moderate,0,1,0,18-39,47.0,1,1,0.3218,Medium
5610,26,Male,33.1,128.0,137.0,156.0,0,High,1,1,0,18-39,48.0,2,2,0.1303,Low
6599,27,Male,30.5,132.0,197.0,93.0,0,Low,0,2,0,18-39,52.0,1,2,0.3011,Medium
1445,28,Male,25.8,106.0,207.0,127.0,0,Moderate,0,0,0,18-39,26.0,1,0,0.1065,Low
9389,48,Female,19.7,132.0,127.0,92.0,0,Moderate,1,2,0,40-54,52.0,0,3,0.1969,Low
4850,82,Female,21.5,133.0,186.0,83.0,0,Low,2,4,0,70+,53.0,0,6,0.8356,High
1925,44,Female,37.7,129.0,109.0,64.0,0,High,0,0,0,40-54,49.0,1,0,0.051,Low
8939,82,Female,30.1,143.0,208.0,109.0,0,High,0,0,0,70+,63.0,1,0,0.3509,Medium
5799,58,Female,21.6,121.0,177.0,60.0,0,Moderate,0,1,0,55-69,41.0,0,1,0.1505,Low
4387,36,Male,38.3,140.0,193.0,124.0,0,High,0,1,0,18-39,60.0,1,1,0.2006,Medium
5823,80,Male,27.7,114.0,180.0,92.0,0,Low,1,2,1,70+,34.0,0,3,0.6645,High
158,58,Male,25.6,140.0,169.0,116.0,0,Moderate,1,2,0,55-69,60.0,0,3,0.4639,Medium
3147,64,Male,15.0,130.0,174.0,63.0,0,Low,0,1,0,55-69,50.0,0,1,0.2412,Medium
7379,43,Male,32.5,101.0,236.0,126.0,1,Moderate,0,1,0,40-54,21.0,2,1,0.4507,Medium
6144,87,Female,27.5,150.0,243.0,121.0,0,Low,2,1,1,70+,70.0,1,3,0.8818,High
2451,78,Female,21.7,126.0,196.0,60.0,1,Moderate,1,0,0,70+,46.0,0,1,0.4303,Medium
8985,33,Male,19.6,113.0,137.0,92.0,1,Moderate,0,0,0,18-39,33.0,0,0,0.0883,Low
3246,76,Male,20.6,134.0,210.0,89.0,0,Low,1,0,0,70+,54.0,0,1,0.497,Medium
8619,19,Female,24.3,104.0,256.0,60.0,1,Moderate,0,0,0,18-39,24.0,1,0,0.0994,Low
6827,56,Female,27.4,109.0,156.0,95.0,0,Low,0,0,0,55-69,29.0,0,0,0.213,Medium
6801,79,Male,24.8,144.0,213.0,107.0,1,Moderate,0,1,0,70+,64.0,0,1,0.6997,High
8942,83,Female,26.5,146.0,227.0,84.0,0,High,1,1,0,70+,66.0,0,2,0.4523,Medium
4768,18,Male,32.2,118.0,129.0,104.0,1,Moderate,0,1,0,18-39,38.0,1,1,0.1392,Low
9698,27,Male,31.8,141.0,232.0,114.0,0,Low,0,2,0,18-39,61.0,1,2,0.4527,Medium
3628,35,Male,15.2,128.0,182.0,100.0,0,Moderate,1,0,0,18-39,48.0,0,1,0.0941,Low
575,18,Female,19.8,109.0,297.0,129.0,1,High,1,0,0,18-39,29.0,2,1,0.1473,Low
741,76,Female,32.0,155.0,173.0,113.0,0,Low,2,2,1,70+,75.0,1,4,0.8393,High
4057,78,Female,33.4,139.0,201.0,83.0,0,High,1,2,0,70+,59.0,1,3,0.4958,Medium
9824,51,Female,16.0,109.0,145.0,101.0,1,Moderate,1,1,0,40-54,29.0,0,2,0.2323,Medium
3411,23,Female,22.0,108.0,163.0,155.0,1,Low,4,0,0,18-39,28.0,1,4,0.4501,Medium
4085,54,Male,26.0,162.0,219.0,92.0,0,Low,1,1,0,40-54,82.0,0,2,0.5751,High
6546,64,Female,37.5,154.0,227.0,112.0,1,Low,1,2,1,55-69,74.0,1,3,0.9077,High
8627,74,Female,26.1,143.0,178.0,70.0,1,Moderate,0,2,0,70+,63.0,0,2,0.5996,High
4081,83,Male,31.4,130.0,204.0,128.0,0,High,1,1,0,70+,50.0,2,2,0.5259,High
9531,66,Male,,126.0,184.0,88.0,1,Low,1,2,1,55-69,46.0,0,3,0.7382,High
4199,86,Female,24.4,104.0,181.0,145.0,0,Moderate,1,1,1,70+,24.0,1,2,0.5691,High
6324,87,Female,,127.0,217.0,107.0,0,Low,1,1,1,70+,47.0,0,2,0.7558,High
6043,43,Female,29.8,119.0,205.0,60.0,0,High,0,1,0,40-54,39.0,0,1,0.0849,Low
2409,51,Male,20.8,119.0,165.0,104.0,0,Low,0,2,0,40-54,39.0,0,2,0.3241,Medium
5573,35,Male,25.4,108.0,115.0,105.0,1,Moderate,0,2,0,18-39,28.0,0,2,0.1971,Low
2649,85,Female,35.5,111.0,246.0,73.0,0,Low,0,0,0,70+,31.0,2,0,0.5986,High
8383,47,Male,28.7,122.0,235.0,106.0,0,Low,0,0,0,40-54,42.0,0,0,0.3404,Medium
9410,27,Male,27.7,96.0,204.0,115.0,0,Low,0,2,0,18-39,16.0,0,2,0.2485,Medium
9505,20,Male,33.5,114.0,136.0,126.0,0,High,0,0,0,18-39,34.0,2,0,0.0392,Low
8733,45,Male,30.8,107.0,283.0,108.0,0,Moderate,0,0,0,40-54,27.0,2,0,0.2672,Medium
8230,73,Male,18.1,121.0,225.0,,1,High,1,2,1,70+,41.0,0,3,0.5196,High
6565,20,Male,45.1,85.0,208.0,96.0,0,High,2,0,0,18-39,5.0,1,2,0.0895,Low
5365,37,Female,21.4,137.0,100.0,113.0,0,Low,1,1,0,18-39,57.0,0,2,0.1932,Low
3219,88,Male,28.5,117.0,196.0,73.0,0,Low,0,1,0,70+,37.0,0,1,0.5772,High
7902,48,Male,27.9,137.0,201.0,99.0,0,Moderate,0,1,0,40-54,57.0,0,1,0.2739,Medium
9499,84,Female,24.4,119.0,203.0,110.0,0,Low,1,0,1,70+,39.0,0,1,0.5931,High
3181,34,Female,30.1,129.0,178.0,102.0,0,Moderate,0,0,0,18-39,49.0,1,0,0.1231,Low
7483,51,Female,26.0,123.0,207.0,93.0,0,Moderate,0,1,0,40-54,43.0,0,1,0.2367,Medium
4962,54,Female,29.6,129.0,179.0,83.0,1,High,0,0,0,40-54,49.0,0,0,0.1794,Low
779,37,Male,31.5,141.0,248.0,97.0,0,Moderate,0,0,0,18-39,61.0,2,0,0.2332,Medium
9692,39,Female,22.2,127.0,,119.0,0,Moderate,1,0,0,18-39,47.0,0,1,0.1734,Low
7066,52,Male,25.7,99.0,173.0,75.0,1,Moderate,2,1,0,40-54,19.0,0,3,0.3387,Medium
9440,28,Male,30.8,102.0,161.0,89.0,0,Moderate,0,0,0,18-39,22.0,1,0,0.0621,Low
4314,25,Female,30.4,102.0,224.0,117.0,0,Moderate,1,0,0,18-39,22.0,1,1,0.14,Low
7033,83,Female,21.1,150.0,238.0,100.0,0,High,3,1,1,70+,70.0,0,4,0.6021,High
164,47,Female,26.1,122.0,165.0,91.0,0,Low,0,4,0,40-54,42.0,0,4,0.4861,Medium
922,59,Female,34.4,115.0,173.0,103.0,1,Moderate,0,1,0,55-69,35.0,1,1,0.4659,Medium
8270,54,Male,25.8,117.0,149.0,133.0,0,Moderate,0,1,0,40-54,37.0,1,1,0.2398,Medium
9422,75,Female,38.5,151.0,174.0,76.0,0,High,2,0,0,70+,71.0,1,2,0.3857,Medium
7158,71,Female,29.0,128.0,250.0,132.0,1,Moderate,1,0,0,70+,48.0,2,1,0.7243,High
1006,84,Male,28.4,154.0,224.0,106.0,0,Low,1,1,1,70+,74.0,0,2,0.8126,High
3836,70,Female,27.0,125.0,170.0,105.0,0,Moderate,1,2,0,70+,45.0,0,3,0.497,Medium
1322,37,Male,25.2,114.0,150.0,91.0,1,Moderate,0,2,0,18-39,34.0,0,2,0.2378,Medium
2778,83,Female,23.0,129.0,192.0,92.0,0,High,2,1,0,70+,49.0,0,3,0.387,Medium
340,86,Male,25.4,134.0,185.0,140.0,0,Low,0,3,1,70+,54.0,1,3,0.8399,High
6457,39,Male,25.2,163.0,202.0,90.0,0,Moderate,0,1,0,18-39,83.0,0,1,0.2414,Medium
4911,86,Male,21.9,116.0,216.0,120.0,1,Low,1,2,0,70+,36.0,0,3,0.8707,High
9837,60,Male,31.4,124.0,188.0,84.0,1,Moderate,0,1,0,55-69,44.0,1,1,0.4518,Medium
1591,70,Male,,126.0,244.0,66.0,0,Moderate,0,2,0,70+,46.0,1,2,0.4715,Medium
6413,24,Female,,108.0,162.0,121.0,0,High,0,0,0,18-39,28.0,0,0,0.0375,Low
37,79,Male,19.4,142.0,196.0,143.0,0,Moderate,0,1,1,70+,62.0,1,1,0.5395,High
6158,61,Female,22.5,124.0,189.0,108.0,0,High,0,0,0,55-69,44.0,0,0,0.12,Low
9171,57,Male,24.1,95.0,197.0,61.0,0,Low,0,1,0,55-69,15.0,0,1,0.2175,Medium
9537,71,Male,23.7,133.0,194.0,106.0,0,Low,3,3,1,70+,53.0,0,6,0.8316,High
1242,73,Male,29.8,103.0,203.0,81.0,0,High,4,1,1,70+,23.0,0,5,0.4222,Medium
2480,27,Female,24.1,148.0,171.0,142.0,0,Low,0,2,0,18-39,68.0,1,2,0.3557,Medium
6525,39,Female,24.9,149.0,147.0,130.0,0,Moderate,1,1,0,18-39,69.0,1,2,0.2537,Medium
9917,23,Male,29.2,109.0,149.0,81.0,1,Moderate,1,1,0,18-39,29.0,0,2,0.1522,Low
5047,73,Female,24.6,168.0,,107.0,0,Low,2,0,0,70+,88.0,0,2,0.6947,High
8066,64,Male,27.7,122.0,162.0,117.0,0,Low,3,1,0,55-69,42.0,0,4,0.6401,High
8841,38,Male,23.7,104.0,188.0,96.0,0,Moderate,3,0,0,18-39,24.0,0,3,0.1711,Low
3887,23,Male,27.4,103.0,250.0,94.0,0,Moderate,0,0,0,18-39,23.0,1,0,0.0914,Low
7063,88,Male,,134.0,253.0,93.0,0,Moderate,4,3,1,70+,54.0,1,7,0.9122,High
5104,53,Female,19.5,149.0,198.0,116.0,0,Low,1,1,0,40-54,69.0,0,2,0.4795,Medium
79,58,Female,26.5,136.0,174.0,88.0,0,Low,0,0,0,55-69,56.0,0,0,0.2925,Medium
3108,44,Male,22.8,103.0,127.0,125.0,0,High,1,1,0,40-54,23.0,0,2,0.0805,Low
157,27,Male,31.7,122.0,198.0,99.0,0,Moderate,1,1,0,18-39,42.0,1,2,0.1885,Low
8910,56,Female,23.6,139.0,152.0,89.0,0,Low,0,0,0,55-69,59.0,0,0,0.2341,Medium
6238,37,Male,29.7,134.0,247.0,137.0,1,High,0,3,0,18-39,54.0,2,3,0.5304,High
7311,80,Male,23.2,137.0,265.0,112.0,0,Low,0,2,1,70+,57.0,1,2,0.7932,High
3148,78,Female,25.4,110.0,267.0,85.0,0,Low,2,2,0,70+,30.0,1,4,0.7807,High
6842,79,Male,26.1,108.0,181.0,111.0,0,Moderate,1,3,0,70+,28.0,0,4,0.6333,High
4281,52,Female,29.5,97.0,236.0,113.0,0,Low,1,1,0,40-54,17.0,0,2,0.476,Medium
2332,79,Female,27.4,130.0,206.0,106.0,0,Low,1,2,0,70+,50.0,0,3,0.762,High
352,21,Male,21.9,118.0,218.0,68.0,0,Moderate,1,0,0,18-39,38.0,0,1,0.0666,Low
2384,46,Male,26.8,127.0,186.0,110.0,0,High,1,2,0,40-54,47.0,0,3,0.2187,Medium
9052,58,Female,37.8,106.0,145.0,103.0,1,Low,0,1,1,55-69,26.0,1,1,0.5452,High
7973,49,Female,29.2,127.0,180.0,63.0,0,Low,0,2,0,40-54,47.0,0,2,0.3332,Medium
3475,39,Female,27.6,102.0,160.0,115.0,0,Low,0,2,0,18-39,22.0,0,2,0.2712,Medium
1911,23,Male,32.7,102.0,224.0,123.0,1,Low,1,1,0,18-39,22.0,1,2,0.4648,Medium
5719,18,Male,16.5,141.0,151.0,121.0,0,Moderate,0,0,0,18-39,61.0,0,0,0.0538,Low
3165,27,Female,20.9,130.0,170.0,122.0,0,Low,2,2,0,18-39,50.0,0,4,0.3472,Medium
3806,79,Female,24.9,140.0,128.0,117.0,0,Low,1,2,0,70+,60.0,0,3,0.6738,High
7472,88,Male,28.7,125.0,250.0,120.0,0,Low,2,5,1,70+,45.0,1,7,0.9627,High
9008,51,Male,21.8,130.0,221.0,106.0,1,Low,1,1,0,40-54,50.0,0,2,0.616,High
3348,27,Male,33.1,97.0,239.0,128.0,0,Moderate,2,0,0,18-39,17.0,2,2,0.2309,Medium
6484,58,Female,29.4,123.0,164.0,106.0,0,Moderate,1,1,1,55-69,43.0,0,2,0.3289,Medium
2636,19,Female,28.1,106.0,148.0,87.0,0,Low,1,1,0,18-39,26.0,0,2,0.1145,Low
5538,78,Female,22.2,116.0,,82.0,0,Low,1,1,0,70+,36.0,0,2,0.5128,High
4117,19,Female,33.5,123.0,205.0,153.0,0,Moderate,1,1,0,18-39,43.0,2,2,0.2625,Medium
3901,55,Female,21.7,138.0,296.0,77.0,0,Low,2,2,0,55-69,58.0,1,4,0.6994,High
9012,46,Female,15.6,121.0,265.0,60.0,0,Low,0,2,0,40-54,41.0,1,2,0.2973,Medium
2380,65,Female,28.5,147.0,266.0,145.0,0,Low,1,0,1,55-69,67.0,2,1,0.7488,High
243,24,Female,26.4,95.0,160.0,89.0,0,Low,0,0,0,18-39,15.0,0,0,0.0691,Low
982,68,Male,25.6,121.0,176.0,79.0,0,Low,0,1,1,55-69,41.0,0,1,0.3787,Medium
2399,36,Female,,115.0,164.0,132.0,0,High,2,1,0,18-39,35.0,1,3,0.1458,Low
7569,43,Male,31.2,151.0,148.0,70.0,0,Moderate,2,1,0,40-54,71.0,1,3,0.2663,Medium
3225,61,Male,33.8,143.0,192.0,83.0,1,Low,1,0,0,55-69,63.0,1,1,0.6538,High
2105,80,Male,38.6,137.0,202.0,82.0,0,Moderate,2,1,0,70+,57.0,1,3,0.7017,High
9455,36,Male,28.7,116.0,160.0,60.0,0,Low,0,0,0,18-39,36.0,0,0,0.1049,Low
5187,80,Male,26.7,123.0,289.0,115.0,0,Moderate,1,2,0,70+,43.0,1,3,0.7798,High
3437,39,Female,33.2,133.0,177.0,78.0,1,Low,1,3,1,18-39,53.0,1,4,0.6561,High
2240,81,Male,24.0,100.0,,94.0,0,High,0,1,0,70+,20.0,0,1,0.213,Medium
3988,23,Female,29.9,115.0,113.0,100.0,0,Moderate,1,1,0,18-39,35.0,0,2,0.0853,Low
4795,46,Female,25.5,122.0,219.0,82.0,0,Moderate,0,0,0,40-54,42.0,0,0,0.148,Low
8197,42,Male,29.5,115.0,100.0,92.0,1,Low,1,0,0,40-54,35.0,0,1,0.2532,Medium
3758,57,Female,27.1,130.0,211.0,113.0,0,Moderate,1,0,0,55-69,50.0,0,1,0.3351,Medium
628,44,Female,30.0,102.0,172.0,78.0,0,Low,0,3,0,40-54,22.0,0,3,0.3361,Medium
6020,72,Female,23.2,140.0,185.0,60.0,0,Moderate,3,2,0,70+,60.0,0,5,0.559,High
938,28,Female,15.8,117.0,205.0,112.0,1,Low,1,1,0,18-39,37.0,0,2,0.3179,Medium
7855,71,Female,33.6,125.0,220.0,126.0,0,High,0,2,0,70+,45.0,2,2,0.4776,Medium
1792,81,Female,34.5,120.0,166.0,102.0,0,Moderate,1,0,1,70+,40.0,1,1,0.4539,Medium
3854,43,Male,28.6,156.0,186.0,121.0,0,Low,1,1,0,40-54,76.0,0,2,0.5118,High
855,38,Male,32.6,133.0,192.0,,0,Low,0,1,0,18-39,53.0,1,1,0.3444,Medium
2653,89,Female,29.9,134.0,213.0,84.0,0,Moderate,0,2,1,70+,54.0,0,2,0.6611,High
1010,55,Female,30.2,135.0,217.0,87.0,0,Low,0,0,0,55-69,55.0,1,0,0.3666,Medium
2449,74,Female,,123.0,216.0,83.0,0,Moderate,1,0,0,70+,43.0,0,1,0.3802,Medium
5494,32,Female,18.6,108.0,138.0,126.0,1,High,2,0,0,18-39,28.0,1,2,0.0919,Low
2254,54,Male,31.6,132.0,164.0,103.0,0,High,0,2,0,40-54,52.0,1,2,0.2198,Medium
1261,37,Male,35.6,116.0,194.0,153.0,0,Low,1,3,0,18-39,36.0,2,4,0.6732,High
6933,23,Male,33.8,120.0,169.0,116.0,0,High,0,2,0,18-39,40.0,1,2,0.1038,Low
2563,66,Female,29.2,145.0,240.0,121.0,0,Moderate,2,1,0,55-69,65.0,0,3,0.6905,High
8781,56,Male,24.2,118.0,,60.0,0,Moderate,0,0,0,55-69,38.0,0,0,0.128,Low
7827,38,Female,33.0,108.0,221.0,135.0,0,Low,0,0,1,18-39,28.0,2,0,0.3121,Medium
1082,89,Female,33.2,132.0,245.0,136.0,0,Moderate,0,1,0,70+,52.0,3,1,0.7643,High
9149,49,Female,29.9,149.0,141.0,93.0,0,Low,0,0,0,40-54,69.0,0,0,0.2573,Medium
5408,76,Female,24.3,118.0,120.0,119.0,1,Low,1,0,1,70+,38.0,0,1,0.5654,High
2544,45,Male,34.2,99.0,252.0,114.0,0,Moderate,0,1,0,40-54,19.0,2,1,0.3149,Medium
8251,62,Male,26.9,137.0,166.0,115.0,0,Moderate,1,4,0,55-69,57.0,0,5,0.6628,High
5657,77,Male,23.3,140.0,232.0,134.0,0,High,4,1,1,70+,60.0,1,5,0.6845,High
5894,41,Female,30.9,122.0,188.0,165.0,0,Low,1,0,0,40-54,42.0,2,1,0.4348,Medium
8912,42,Male,28.3,118.0,192.0,134.0,0,High,0,1,0,40-54,38.0,1,1,0.1438,Low
3399,18,Female,28.3,121.0,235.0,60.0,0,Low,0,1,0,18-39,41.0,0,1,0.1425,Low
9396,52,Male,24.0,97.0,271.0,90.0,0,High,0,1,0,40-54,17.0,1,1,0.1427,Low
4265,61,Female,21.8,137.0,247.0,123.0,1,Moderate,0,2,0,55-69,57.0,1,2,0.6875,High
8048,82,Male,33.7,129.0,163.0,62.0,0,Low,2,1,1,70+,49.0,1,3,0.654,High
7650,70,Female,18.2,138.0,206.0,92.0,0,Low,2,0,1,70+,58.0,0,2,0.4978,Medium
9950,59,Female,26.1,109.0,152.0,101.0,0,Low,0,3,0,55-69,29.0,0,3,0.4577,Medium
705,27,Female,29.2,156.0,199.0,132.0,0,Low,1,1,0,18-39,76.0,1,2,0.4334,Medium
2198,79,Female,31.1,150.0,173.0,155.0,0,Low,0,1,0,70+,70.0,2,1,0.7691,High
6130,44,Female,,136.0,,117.0,0,Moderate,1,3,0,40-54,56.0,0,4,0.4938,Medium
3507,78,Female,25.9,166.0,214.0,84.0,0,Low,2,0,0,70+,86.0,0,2,0.711,High
9903,38,Female,41.0,85.0,247.0,141.0,0,Moderate,0,0,0,18-39,5.0,3,0,0.2636,Medium
8672,23,Female,23.6,88.0,,161.0,1,Low,1,0,0,18-39,8.0,1,1,0.2954,Medium
4934,77,Male,33.0,121.0,192.0,91.0,0,Low,1,1,0,70+,41.0,1,2,0.647,High
4620,82,Male,19.9,138.0,262.0,60.0,0,High,0,2,0,70+,58.0,1,2,0.3748,Medium
3639,23,Male,29.6,98.0,143.0,82.0,1,Low,1,0,0,18-39,18.0,0,1,0.1547,Low
3661,58,Female,31.0,176.0,205.0,115.0,0,High,3,0,0,55-69,96.0,1,3,0.4731,Medium
7812,66,Male,29.2,125.0,235.0,102.0,0,Moderate,2,1,0,55-69,45.0,0,3,0.5814,High
8669,19,Male,35.3,121.0,177.0,153.0,1,Moderate,2,1,1,18-39,41.0,2,3,0.4437,Medium
8046,40,Female,21.7,105.0,205.0,113.0,1,Low,1,2,0,40-54,25.0,0,3,0.5223,High
7134,79,Female,38.9,129.0,200.0,96.0,0,Low,0,4,0,70+,49.0,1,4,0.8709,High
480,25,Female,20.0,119.0,282.0,119.0,0,Low,1,1,0,18-39,39.0,1,2,0.3294,Medium
8592,47,Male,23.3,105.0,245.0,91.0,0,Moderate,2,0,0,40-54,25.0,1,2,0.2309,Medium
1138,44,Male,33.5,133.0,202.0,105.0,0,Moderate,1,0,0,40-54,53.0,1,1,0.2785,Medium
1069,42,Male,31.8,129.0,217.0,106.0,0,Moderate,1,0,1,40-54,49.0,1,1,0.2656,Medium
1342,27,Female,32.3,124.0,153.0,109.0,1,Moderate,0,1,0,18-39,44.0,1,1,0.225,Medium
6937,52,Female,25.9,137.0,201.0,98.0,0,High,1,1,1,40-54,57.0,0,2,0.2011,Medium
5669,72,Male,30.4,146.0,267.0,132.0,0,High,3,1,1,70+,66.0,3,4,0.7163,High
9180,81,Male,29.9,123.0,184.0,127.0,0,Moderate,3,1,0,70+,43.0,1,4,0.7234,High
6635,80,Male,28.2,127.0,253.0,92.0,0,Moderate,0,2,1,70+,47.0,1,2,0.6455,High
6958,85,Male,30.0,121.0,152.0,148.0,0,Low,1,0,0,70+,41.0,1,1,0.6691,High
7737,29,Male,27.7,113.0,177.0,86.0,0,Low,1,1,0,18-39,33.0,0,2,0.1934,Low
7179,45,Female,30.0,132.0,202.0,76.0,0,Moderate,1,1,0,40-54,52.0,0,2,0.2612,Medium
7755,29,Male,30.3,114.0,160.0,85.0,1,Low,0,3,0,18-39,34.0,1,3,0.4165,Medium
9721,76,Male,29.2,133.0,219.0,60.0,1,Moderate,1,1,0,70+,53.0,0,2,0.6455,High
4139,81,Male,24.8,158.0,290.0,118.0,0,Low,1,0,0,70+,78.0,1,1,0.8199,High
6848,46,Female,29.0,121.0,201.0,136.0,0,Low,0,1,0,40-54,41.0,1,1,0.4246,Medium
8596,60,Female,28.0,99.0,185.0,96.0,0,High,1,0,0,55-69,19.0,0,1,0.1192,Low
8999,24,Male,22.0,100.0,204.0,71.0,0,Moderate,0,0,0,18-39,20.0,0,0,0.0431,Low
5723,67,Female,25.5,121.0,220.0,93.0,1,Low,1,1,1,55-69,41.0,0,2,0.705,High
1436,25,Female,27.8,124.0,156.0,104.0,0,High,1,0,0,18-39,44.0,0,1,0.0492,Low
4230,19,Female,26.9,85.0,160.0,77.0,0,High,0,0,0,18-39,5.0,0,0,0.0146,Low
2109,38,Male,19.7,104.0,208.0,88.0,0,Low,2,0,0,18-39,24.0,0,2,0.1942,Low
4492,32,Female,26.9,110.0,139.0,158.0,0,Moderate,0,1,0,18-39,30.0,1,1,0.1501,Low
9983,42,Male,18.8,118.0,185.0,119.0,0,Moderate,0,0,0,40-54,38.0,0,0,0.1142,Low
3666,50,Male,29.7,122.0,196.0,134.0,0,Low,0,0,0,40-54,42.0,1,0,0.3717,Medium
9862,72,Male,25.7,120.0,156.0,71.0,0,Low,1,1,0,70+,40.0,0,2,0.4152,Medium
256,28,Male,34.4,124.0,172.0,60.0,0,High,1,0,0,18-39,44.0,1,1,0.0502,Low
2040,50,Female,31.2,119.0,182.0,104.0,0,Moderate,2,1,0,40-54,39.0,1,3,0.3572,Medium
8558,38,Male,30.5,123.0,205.0,83.0,0,Low,1,2,0,18-39,43.0,1,3,0.406,Medium
2542,87,Male,34.2,132.0,182.0,93.0,1,Moderate,1,0,0,70+,52.0,1,1,0.7043,High
2941,69,Female,23.8,165.0,173.0,97.0,0,Moderate,1,1,0,55-69,85.0,0,2,0.4762,Medium
8510,78,Female,,142.0,206.0,109.0,0,High,0,4,0,70+,62.0,0,4,0.6333,High
3271,29,Male,39.9,111.0,257.0,136.0,1,Low,1,0,1,18-39,31.0,3,1,0.6151,High
7124,54,Male,21.8,141.0,163.0,129.0,1,Low,1,0,0,40-54,61.0,1,1,0.5393,High
5372,71,Female,21.4,150.0,210.0,113.0,0,Moderate,1,1,0,70+,70.0,0,2,0.5315,High
7427,59,Male,,133.0,188.0,137.0,0,Moderate,0,1,0,55-69,53.0,1,1,0.4043,Medium
5409,58,Male,26.3,110.0,184.0,114.0,1,Moderate,0,0,0,55-69,30.0,0,0,0.3335,Medium
6060,45,Female,30.6,120.0,216.0,89.0,0,Moderate,0,0,0,40-54,40.0,1,0,0.1743,Low
7615,74,Male,26.5,142.0,230.0,109.0,0,Low,2,0,1,70+,62.0,0,2,0.7109,High
265,89,Female,39.0,133.0,289.0,120.0,0,Moderate,3,0,1,70+,53.0,2,3,0.8854,High
4405,36,Female,30.3,129.0,172.0,113.0,0,Low,2,0,0,18-39,49.0,1,2,0.3188,Medium
8601,77,Male,33.5,105.0,176.0,112.0,0,High,0,0,0,70+,25.0,1,0,0.2146,Medium
591,75,Female,36.4,118.0,236.0,115.0,0,Low,0,3,1,70+,38.0,1,3,0.8393,High
5928,60,Female,25.8,126.0,157.0,127.0,1,Moderate,2,1,0,55-69,46.0,1,3,0.5844,High
9303,57,Female,24.1,133.0,155.0,85.0,0,Low,0,0,0,55-69,53.0,0,0,0.2266,Medium
2483,30,Male,22.7,103.0,120.0,106.0,0,Moderate,2,0,0,18-39,23.0,0,2,0.0722,Low
4120,21,Male,32.3,126.0,241.0,79.0,0,Low,2,0,0,18-39,46.0,2,2,0.2583,Medium
4897,79,Female,27.8,116.0,151.0,118.0,1,Low,1,2,0,70+,36.0,0,3,0.8034,High
7319,56,Female,34.0,106.0,124.0,135.0,0,Low,1,2,1,55-69,26.0,2,3,0.5166,High
7793,71,Female,31.4,122.0,185.0,97.0,0,Moderate,1,1,0,70+,42.0,1,2,0.4561,Medium
7903,42,Male,37.7,100.0,118.0,153.0,1,Moderate,1,1,0,40-54,20.0,2,2,0.4157,Medium
899,23,Female,25.0,126.0,148.0,89.0,0,Moderate,0,0,0,18-39,46.0,0,0,0.0512,Low
6444,76,Female,36.4,145.0,198.0,127.0,0,Moderate,1,2,0,70+,65.0,2,3,0.7758,High
7305,83,Female,,146.0,231.0,136.0,0,Moderate,2,2,1,70+,66.0,1,4,0.8492,High
6487,74,Male,39.7,155.0,171.0,104.0,0,High,2,2,1,70+,75.0,1,4,0.647,High
4063,63,Female,26.3,130.0,182.0,77.0,0,High,0,2,0,55-69,50.0,0,2,0.2025,Medium
8161,30,Female,26.2,124.0,166.0,138.0,1,Moderate,1,0,0,18-39,44.0,1,1,0.2542,Medium
3450,53,Male,27.0,124.0,248.0,104.0,0,High,0,2,0,40-54,44.0,1,2,0.2765,Medium
7596,74,Female,29.1,128.0,225.0,116.0,0,Low,2,1,1,70+,48.0,0,3,0.7698,High
8540,72,Female,24.6,127.0,195.0,116.0,1,Moderate,0,3,1,70+,47.0,0,3,0.7405,High
3456,80,Male,34.7,140.0,,102.0,0,Moderate,0,2,1,70+,60.0,1,2,0.6732,High
1910,85,Male,22.8,141.0,237.0,64.0,1,Low,5,2,0,70+,61.0,0,7,0.9447,High
979,43,Female,20.1,143.0,239.0,74.0,1,Moderate,0,1,0,40-54,63.0,0,1,0.328,Medium
3539,56,Male,26.3,107.0,192.0,140.0,0,High,1,1,0,55-69,27.0,1,2,0.2277,Medium
3859,41,Male,26.2,109.0,227.0,122.0,0,Low,0,1,0,40-54,29.0,0,1,0.3409,Medium
4992,55,Female,33.9,97.0,139.0,128.0,0,High,1,0,0,55-69,17.0,2,1,0.1227,Low
6641,41,Female,23.7,133.0,175.0,153.0,0,Low,2,0,0,40-54,53.0,1,2,0.408,Medium
5732,26,Male,33.3,137.0,,124.0,0,High,0,0,0,18-39,57.0,1,0,0.0922,Low
7480,49,Female,32.1,123.0,174.0,131.0,1,High,3,0,0,40-54,43.0,2,3,0.3986,Medium
9160,23,Male,31.8,105.0,122.0,143.0,0,Low,0,0,0,18-39,25.0,2,0,0.1198,Low
8520,38,Male,24.0,107.0,100.0,60.0,0,Moderate,0,0,0,18-39,27.0,0,0,0.0336,Low
4354,47,Male,29.2,99.0,174.0,94.0,0,Low,0,1,0,40-54,19.0,0,1,0.2394,Medium
1202,52,Female,23.7,126.0,155.0,125.0,0,High,0,1,0,40-54,46.0,0,1,0.1273,Low
635,31,Male,19.6,131.0,192.0,60.0,0,Moderate,2,1,0,18-39,51.0,0,3,0.129,Low
4960,85,Female,26.9,124.0,201.0,149.0,0,Moderate,1,3,1,70+,44.0,1,4,0.8174,High
5337,71,Male,,141.0,167.0,90.0,0,Moderate,1,2,0,70+,61.0,0,3,0.5191,High
3188,47,Female,33.7,130.0,151.0,107.0,1,High,0,1,0,40-54,50.0,1,1,0.236,Medium
5740,20,Female,,97.0,146.0,82.0,0,Moderate,2,0,0,18-39,17.0,0,2,0.0555,Low
3931,69,Female,22.2,111.0,200.0,78.0,0,Low,3,2,0,55-69,31.0,0,5,0.6376,High
9316,25,Male,25.2,119.0,149.0,120.0,0,High,0,1,0,18-39,39.0,0,1,0.0518,Low
4339,71,Male,29.7,135.0,,97.0,0,Low,1,1,0,70+,55.0,0,2,0.6358,High
3514,28,Female,21.1,117.0,189.0,83.0,0,Moderate,0,0,0,18-39,37.0,0,0,0.0576,Low
1614,67,Female,,131.0,209.0,110.0,0,High,1,1,0,55-69,51.0,0,2,0.3294,Medium
3104,49,Male,36.1,105.0,231.0,107.0,0,Low,0,2,0,40-54,25.0,1,2,0.5433,High
9315,25,Male,36.0,115.0,178.0,115.0,0,Moderate,1,0,0,18-39,35.0,1,1,0.1468,Low
8654,22,Female,39.2,117.0,168.0,98.0,0,Low,0,0,0,18-39,37.0,1,0,0.1531,Low
5387,34,Female,32.4,150.0,184.0,143.0,0,Low,1,0,0,18-39,70.0,2,1,0.4153,Medium
7,24,Female,28.8,147.0,215.0,86.0,0,Moderate,1,2,0,18-39,67.0,0,3,0.2633,Medium
6478,43,Female,25.6,145.0,192.0,95.0,1,Moderate,1,0,0,40-54,65.0,0,1,0.3385,Medium
5712,85,Female,28.3,152.0,230.0,115.0,1,Moderate,1,2,1,70+,72.0,0,3,0.891,High
9474,67,Male,19.2,130.0,132.0,60.0,1,Moderate,0,4,0,55-69,50.0,0,4,0.4997,Medium
6853,66,Female,35.1,145.0,197.0,175.0,0,Low,1,1,0,55-69,65.0,2,2,0.824,High
1025,77,Male,27.9,125.0,279.0,,0,Low,3,2,1,70+,45.0,1,5,0.8926,High
3725,18,Male,28.5,91.0,146.0,117.0,0,Moderate,0,1,0,18-39,11.0,0,1,0.0621,Low
6923,51,Male,,132.0,,103.0,0,Low,0,0,0,40-54,52.0,0,0,0.3149,Medium
3129,54,Female,25.3,133.0,185.0,104.0,1,Low,1,2,0,40-54,53.0,0,3,0.6906,High
5147,52,Male,24.1,143.0,,112.0,1,High,0,0,1,40-54,63.0,0,0,0.2339,Medium
2632,66,Female,34.3,117.0,170.0,112.0,0,Low,0,1,0,55-69,37.0,1,1,0.5083,High
3042,38,Female,25.8,123.0,141.0,152.0,0,High,0,0,0,18-39,43.0,1,0,0.0751,Low
8891,83,Male,32.0,125.0,225.0,121.0,0,High,2,0,0,70+,45.0,1,2,0.5185,High
6363,72,Female,25.0,138.0,182.0,113.0,1,Moderate,3,2,1,70+,58.0,0,5,0.82,High
949,86,Female,30.0,129.0,233.0,100.0,0,Moderate,4,1,1,70+,49.0,0,5,0.8232,High
8997,33,Female,36.0,118.0,227.0,133.0,1,Low,0,2,0,18-39,38.0,2,2,0.6699,High
9875,81,Male,27.8,138.0,195.0,139.0,1,High,4,2,0,70+,58.0,1,6,0.8679,High
8099,23,Female,30.4,112.0,212.0,95.0,0,Moderate,1,1,0,18-39,32.0,1,2,0.1509,Low
3090,51,Male,,147.0,148.0,130.0,1,High,0,0,0,40-54,67.0,1,0,0.231,Medium
7920,46,Female,29.3,110.0,240.0,126.0,0,Low,0,3,0,40-54,30.0,1,3,0.6125,High
4810,76,Female,26.6,137.0,224.0,142.0,0,Moderate,3,2,1,70+,57.0,1,5,0.8358,High
1704,32,Female,26.0,141.0,155.0,136.0,0,High,2,1,0,18-39,61.0,1,3,0.1599,Low
5889,65,Female,21.1,140.0,211.0,76.0,0,High,0,2,0,55-69,60.0,0,2,0.2322,Medium
8509,19,Male,22.2,124.0,151.0,126.0,1,Low,0,1,0,18-39,44.0,1,1,0.2297,Medium
6268,21,Female,22.5,117.0,164.0,112.0,1,High,1,1,0,18-39,37.0,0,2,0.0975,Low
7175,26,Male,35.2,121.0,107.0,110.0,0,High,1,0,0,18-39,41.0,1,1,0.0497,Low
8302,35,Male,26.4,120.0,146.0,109.0,0,Moderate,0,2,1,18-39,40.0,0,2,0.1652,Low
1957,56,Female,15.0,116.0,204.0,88.0,0,Moderate,2,1,0,55-69,36.0,0,3,0.2486,Medium
2665,33,Male,20.8,124.0,223.0,104.0,0,Low,0,0,0,18-39,44.0,0,0,0.1772,Low
3933,68,Male,19.9,126.0,196.0,86.0,0,High,0,2,0,55-69,46.0,0,2,0.2125,Medium
2931,30,Male,25.5,89.0,227.0,133.0,0,Moderate,0,1,0,18-39,9.0,1,1,0.1516,Low
5384,45,Male,30.9,153.0,186.0,141.0,0,Low,1,0,0,40-54,73.0,2,1,0.5003,High
7771,34,Female,26.2,113.0,100.0,133.0,0,High,0,0,0,18-39,33.0,1,0,0.0371,Low
8632,62,Female,20.8,110.0,248.0,74.0,0,Low,0,1,0,55-69,30.0,1,1,0.3575,Medium
3359,31,Male,25.5,124.0,185.0,70.0,0,Moderate,0,1,0,18-39,44.0,0,1,0.0977,Low
906,69,Female,26.1,131.0,146.0,101.0,1,Low,1,0,0,55-69,51.0,0,1,0.5678,High
2784,78,Female,30.4,141.0,209.0,135.0,1,Moderate,2,4,1,70+,61.0,2,6,0.9438,High
862,84,Male,30.1,93.0,247.0,124.0,0,Moderate,1,2,1,70+,13.0,2,3,0.7175,High
45,22,Female,28.1,138.0,182.0,133.0,0,Moderate,2,0,0,18-39,58.0,1,2,0.1927,Low
3383,87,Female,36.2,148.0,176.0,145.0,0,High,2,1,0,70+,68.0,2,3,0.7078,High
5920,83,Female,15.6,133.0,237.0,93.0,0,Moderate,0,2,0,70+,53.0,0,2,0.5329,High
4751,20,Female,26.6,113.0,225.0,104.0,0,Moderate,0,0,0,18-39,33.0,0,0,0.0846,Low
358,82,Female,24.2,137.0,,135.0,0,Moderate,2,1,0,70+,57.0,1,3,0.6945,High
9705,23,Female,28.1,134.0,211.0,82.0,0,Moderate,1,0,0,18-39,54.0,0,1,0.1158,Low
2720,29,Male,21.6,121.0,227.0,148.0,0,Low,0,1,0,18-39,41.0,1,1,0.3037,Medium
1825,73,Female,22.8,125.0,229.0,89.0,0,Low,0,4,0,70+,45.0,0,4,0.7577,High
1378,72,Female,19.9,103.0,232.0,131.0,1,Moderate,1,0,1,70+,23.0,1,1,0.5433,High
9798,81,Female,36.9,108.0,195.0,118.0,0,High,1,0,1,70+,28.0,1,1,0.3695,Medium
7105,38,Male,29.1,109.0,220.0,75.0,0,High,0,0,0,18-39,29.0,0,0,0.0596,Low
6091,33,Female,31.0,123.0,150.0,136.0,0,Low,0,1,0,18-39,43.0,2,1,0.2669,Medium
7035,79,Male,34.9,144.0,289.0,82.0,0,Low,4,1,1,70+,64.0,2,5,0.9196,High
1697,51,Female,21.4,120.0,233.0,83.0,0,Low,0,2,0,40-54,40.0,0,2,0.3921,Medium
4263,38,Male,25.6,143.0,164.0,99.0,0,High,0,1,0,18-39,63.0,0,1,0.0926,Low
7761,43,Male,27.4,109.0,186.0,105.0,0,Low,1,1,1,40-54,29.0,0,2,0.3176,Medium
8705,68,Female,22.3,149.0,139.0,77.0,1,High,0,2,0,55-69,69.0,0,2,0.3152,Medium
7869,61,Female,30.4,152.0,235.0,89.0,0,Low,1,1,1,55-69,72.0,1,2,0.6553,High
9631,20,Male,38.5,106.0,220.0,162.0,0,Moderate,0,1,1,18-39,26.0,2,1,0.2608,Medium
8795,49,Female,26.8,130.0,249.0,79.0,0,Low,1,1,0,40-54,50.0,1,2,0.4552,Medium
6492,58,Male,27.4,149.0,238.0,66.0,0,Low,0,1,0,55-69,69.0,0,1,0.4812,Medium
6128,81,Female,26.5,133.0,162.0,88.0,1,Low,2,0,0,70+,53.0,0,2,0.7208,High
2718,67,Female,32.6,122.0,219.0,121.0,1,Moderate,2,0,0,55-69,42.0,1,2,0.6997,High
1089,64,Male,31.1,113.0,193.0,64.0,0,Low,2,0,0,55-69,33.0,1,2,0.4088,Medium
7802,28,Male,34.3,121.0,211.0,60.0,0,Low,0,0,0,18-39,41.0,1,0,0.1487,Low
519,52,Female,30.2,108.0,,133.0,0,Moderate,0,0,0,40-54,28.0,2,0,0.234,Medium
2062,58,Male,30.1,146.0,172.0,82.0,0,Low,0,1,0,55-69,66.0,1,1,0.418,Medium
8209,40,Female,29.4,141.0,119.0,105.0,0,Moderate,1,0,0,40-54,61.0,0,1,0.1456,Low
9506,44,Male,31.1,113.0,190.0,149.0,0,Moderate,1,0,0,40-54,33.0,2,1,0.2819,Medium
5316,58,Female,32.5,127.0,241.0,85.0,1,Moderate,1,0,0,55-69,47.0,2,1,0.5264,High
7732,41,Male,24.6,131.0,178.0,63.0,0,Low,1,1,0,40-54,51.0,0,2,0.2345,Medium
4442,43,Male,28.5,115.0,150.0,75.0,1,Low,1,1,0,40-54,35.0,0,2,0.3655,Medium
5789,57,Female,29.0,127.0,234.0,105.0,0,Low,0,0,0,55-69,47.0,0,0,0.4263,Medium
6411,79,Female,31.2,144.0,229.0,143.0,0,Low,2,2,1,70+,64.0,2,4,0.9089,High
4277,22,Male,29.4,122.0,189.0,113.0,0,High,1,1,0,18-39,42.0,0,2,0.0907,Low
3675,64,Male,33.8,140.0,157.0,123.0,0,Moderate,1,5,1,55-69,60.0,1,6,0.8063,High
2413,85,Male,19.4,118.0,218.0,91.0,0,Low,1,0,1,70+,38.0,0,1,0.5276,High
5305,34,Male,28.3,120.0,192.0,99.0,0,High,1,1,0,18-39,40.0,0,2,0.1076,Low
3973,26,Male,31.2,123.0,117.0,102.0,0,Moderate,1,0,0,18-39,43.0,1,1,0.0816,Low
5410,69,Male,15.0,150.0,179.0,95.0,0,Low,1,3,0,55-69,70.0,0,4,0.6501,High
3794,65,Female,29.5,127.0,186.0,69.0,1,Moderate,1,1,0,55-69,47.0,0,2,0.5035,High
2260,89,Male,20.8,120.0,253.0,126.0,0,High,1,2,0,70+,40.0,2,3,0.6036,High
7488,54,Female,27.1,148.0,143.0,90.0,1,Moderate,1,1,0,40-54,68.0,0,2,0.4319,Medium
5960,81,Male,26.0,134.0,236.0,118.0,0,Moderate,1,0,1,70+,54.0,0,1,0.588,High
6582,43,Female,21.1,125.0,235.0,75.0,1,Low,0,1,0,40-54,45.0,0,1,0.4031,Medium
7474,36,Female,42.1,121.0,211.0,100.0,0,High,0,1,0,18-39,41.0,1,1,0.1675,Low
6305,39,Female,34.8,103.0,200.0,101.0,0,Low,2,2,0,18-39,23.0,1,4,0.4966,Medium
6429,66,Male,15.0,118.0,295.0,,1,Low,2,3,1,55-69,38.0,1,5,0.8823,High
3174,42,Male,27.0,102.0,246.0,110.0,1,Low,2,0,0,40-54,22.0,1,2,0.5427,High
8073,65,Female,15.0,113.0,130.0,65.0,0,Low,0,3,1,55-69,33.0,0,3,0.2804,Medium
1593,45,Female,30.4,139.0,178.0,99.0,0,Moderate,0,0,0,40-54,59.0,1,0,0.1825,Low
1220,49,Female,29.0,131.0,217.0,124.0,1,Moderate,0,1,1,40-54,51.0,0,1,0.5196,High
8680,76,Male,32.8,159.0,288.0,127.0,0,Moderate,3,1,1,70+,79.0,3,4,0.8917,High
85,63,Male,30.6,120.0,,128.0,0,Moderate,1,0,1,55-69,40.0,2,1,0.3937,Medium
8708,21,Female,32.5,113.0,195.0,80.0,1,Moderate,1,1,0,18-39,33.0,1,2,0.2145,Medium
9319,50,Female,34.2,141.0,225.0,129.0,0,Low,1,0,1,40-54,61.0,2,1,0.573,High
6674,55,Female,27.3,113.0,158.0,104.0,1,Moderate,0,3,0,55-69,33.0,0,3,0.5078,High
4006,86,Female,24.1,145.0,190.0,93.0,1,High,0,0,0,70+,65.0,0,0,0.4203,Medium
6859,48,Female,27.3,149.0,183.0,94.0,0,Low,0,0,0,40-54,69.0,0,0,0.2929,Medium
1434,58,Female,21.9,129.0,189.0,101.0,0,Low,2,1,0,55-69,49.0,0,3,0.4921,Medium
8175,19,Female,30.9,106.0,112.0,89.0,0,High,0,0,0,18-39,26.0,1,0,0.0176,Low
8111,40,Male,29.3,103.0,,85.0,0,Moderate,0,2,0,40-54,23.0,0,2,0.192,Low
1129,58,Female,26.1,124.0,130.0,64.0,0,Low,0,1,0,55-69,44.0,0,1,0.2174,Medium
4404,85,Male,22.2,140.0,240.0,90.0,0,Low,0,3,1,70+,60.0,0,3,0.8101,High
7476,70,Male,30.5,132.0,246.0,136.0,1,Moderate,1,0,1,70+,52.0,3,1,0.743,High
6844,42,Female,29.5,95.0,135.0,93.0,0,Moderate,0,1,0,40-54,15.0,0,1,0.0998,Low
5045,76,Male,32.8,108.0,227.0,132.0,0,High,2,2,1,70+,28.0,2,4,0.6201,High
3216,37,Male,27.8,128.0,201.0,138.0,0,Moderate,0,0,0,18-39,48.0,1,0,0.1979,Low
4067,79,Male,25.4,121.0,203.0,127.0,1,Moderate,0,0,0,70+,41.0,1,0,0.5878,High
9844,29,Female,23.5,119.0,281.0,127.0,0,Moderate,1,1,0,18-39,39.0,2,2,0.2896,Medium
6974,66,Female,35.6,119.0,291.0,168.0,0,High,2,2,0,55-69,39.0,3,4,0.7767,High
4357,87,Female,25.5,96.0,177.0,115.0,0,High,0,5,0,70+,16.0,0,5,0.5942,High
3513,27,Male,19.6,106.0,156.0,113.0,0,High,0,1,0,18-39,26.0,0,1,0.0368,Low
1078,29,Male,19.3,116.0,142.0,81.0,0,High,0,1,0,18-39,36.0,0,1,0.0283,Low
3567,48,Male,16.2,142.0,,94.0,0,Moderate,0,5,1,40-54,62.0,0,5,0.479,Medium
2728,20,Male,25.0,135.0,191.0,92.0,1,High,0,1,0,18-39,55.0,0,1,0.1007,Low
8075,77,Male,26.1,140.0,167.0,158.0,1,Low,3,2,1,70+,60.0,1,5,0.9341,High
7391,89,Female,33.9,169.0,268.0,88.0,0,Low,0,3,0,70+,89.0,2,3,0.9291,High
7530,22,Male,30.8,107.0,,139.0,0,Moderate,2,1,0,18-39,27.0,2,3,0.2343,Medium
8739,69,Male,27.2,139.0,156.0,87.0,1,High,0,0,0,55-69,59.0,0,0,0.2465,Medium
9113,80,Female,31.4,145.0,218.0,109.0,0,Low,1,1,0,70+,65.0,1,2,0.7866,High
2872,88,Male,26.1,139.0,159.0,122.0,1,Low,2,1,1,70+,59.0,0,3,0.8754,High
1240,20,Male,22.9,138.0,150.0,91.0,0,Moderate,0,2,1,18-39,58.0,0,2,0.1003,Low
4366,78,Female,29.2,156.0,192.0,118.0,1,Low,0,1,1,70+,76.0,0,1,0.8349,High
4474,27,Male,26.4,127.0,150.0,83.0,0,Moderate,1,1,0,18-39,47.0,0,2,0.1061,Low
8546,76,Female,31.7,152.0,198.0,93.0,1,Moderate,1,4,1,70+,72.0,1,5,0.8973,High
4417,51,Female,36.3,103.0,253.0,154.0,0,Moderate,2,0,1,40-54,23.0,3,2,0.5341,High
4234,37,Male,39.8,114.0,,110.0,0,High,1,0,0,18-39,34.0,1,1,0.1383,Low
4292,84,Female,27.8,141.0,199.0,133.0,0,Low,2,3,0,70+,61.0,1,5,0.9106,High
8227,61,Female,27.0,113.0,194.0,60.0,0,Moderate,1,0,0,55-69,33.0,0,1,0.1872,Low
2108,27,Male,19.0,120.0,193.0,106.0,0,Moderate,0,1,0,18-39,40.0,0,1,0.0971,Low
9445,71,Male,35.2,133.0,202.0,104.0,1,Low,1,2,0,70+,53.0,1,3,0.87,High
5107,72,Female,24.1,144.0,161.0,83.0,0,Low,3,1,0,70+,64.0,0,4,0.6385,High
7524,41,Male,37.5,111.0,206.0,116.0,1,Moderate,2,1,0,40-54,31.0,1,3,0.5719,High
4645,19,Male,28.2,112.0,240.0,100.0,0,Moderate,1,0,0,18-39,32.0,0,1,0.1183,Low
5262,23,Female,16.7,123.0,148.0,60.0,1,Moderate,0,0,0,18-39,43.0,0,0,0.0503,Low
4043,72,Female,25.9,132.0,203.0,117.0,0,Moderate,0,1,0,70+,52.0,0,1,0.4624,Medium
3131,43,Female,26.5,161.0,251.0,98.0,0,Moderate,1,1,1,40-54,81.0,1,2,0.424,Medium
8633,49,Male,17.7,120.0,235.0,75.0,0,Moderate,0,1,0,40-54,40.0,0,1,0.169,Low
8410,71,Male,29.2,145.0,181.0,134.0,0,Moderate,3,3,1,70+,65.0,1,6,0.8378,High
7645,25,Female,18.7,110.0,171.0,90.0,1,High,0,0,0,18-39,30.0,0,0,0.0413,Low
7027,35,Male,26.1,108.0,160.0,137.0,0,Low,1,1,0,18-39,28.0,1,2,0.2776,Medium
4140,54,Female,38.0,131.0,196.0,120.0,1,Moderate,0,0,0,40-54,51.0,1,0,0.5132,High
3926,59,Female,37.6,117.0,199.0,147.0,0,Low,1,0,0,55-69,37.0,2,1,0.6061,High
3670,33,Male,29.5,104.0,172.0,64.0,0,Moderate,2,0,0,18-39,24.0,0,2,0.0977,Low
6953,76,Female,29.9,146.0,256.0,145.0,0,Low,1,1,1,70+,66.0,2,2,0.8552,High
1172,63,Female,16.8,139.0,250.0,100.0,1,Moderate,0,1,0,55-69,59.0,1,1,0.5223,High
8418,50,Male,24.7,133.0,192.0,85.0,0,High,0,0,0,40-54,53.0,0,0,0.0869,Low
2271,41,Female,28.9,153.0,188.0,109.0,0,Moderate,0,0,0,40-54,73.0,0,0,0.2109,Medium
4178,69,Male,25.7,117.0,220.0,89.0,0,High,2,0,0,55-69,37.0,0,2,0.2474,Medium
8644,57,Male,30.0,92.0,131.0,141.0,0,Moderate,0,1,0,55-69,12.0,1,1,0.2245,Medium
4657,27,Male,,113.0,195.0,89.0,0,Low,0,1,0,18-39,33.0,0,1,0.1678,Low
3424,45,Female,27.5,140.0,140.0,131.0,1,High,1,0,0,40-54,60.0,1,1,0.2163,Medium
8532,54,Female,28.9,136.0,192.0,122.0,0,Low,0,0,0,40-54,56.0,0,0,0.398,Medium
5521,49,Female,34.1,144.0,175.0,90.0,0,Moderate,0,0,0,40-54,64.0,1,0,0.2193,Medium
3167,71,Male,26.6,140.0,182.0,128.0,1,Moderate,2,2,1,70+,60.0,1,4,0.8137,High
1466,26,Female,25.5,102.0,162.0,74.0,1,Moderate,0,0,0,18-39,22.0,0,0,0.0774,Low
9995,87,Female,22.2,151.0,197.0,130.0,0,Low,2,3,1,70+,71.0,1,5,0.9056,High
1229,29,Male,38.7,104.0,202.0,134.0,0,High,1,0,0,18-39,24.0,2,1,0.1219,Low
7270,60,Male,26.4,132.0,189.0,93.0,0,Low,1,2,0,55-69,52.0,0,3,0.5697,High
2410,19,Male,34.8,139.0,100.0,98.0,0,Low,1,0,0,18-39,59.0,1,1,0.1259,Low
8744,26,Male,25.4,143.0,165.0,129.0,0,Low,0,0,0,18-39,63.0,1,0,0.1814,Low
1370,63,Male,39.2,141.0,218.0,60.0,0,Moderate,2,2,1,55-69,61.0,1,4,0.6485,High
376,24,Female,28.1,104.0,226.0,123.0,1,Moderate,1,0,0,18-39,24.0,0,1,0.2416,Medium
1623,84,Female,19.9,142.0,221.0,60.0,0,Low,0,2,0,70+,62.0,0,2,0.6252,High
4609,80,Male,15.0,104.0,163.0,68.0,1,Low,2,6,1,70+,24.0,0,8,0.8804,High
6590,53,Female,39.1,130.0,220.0,129.0,1,Low,1,0,0,40-54,50.0,2,1,0.7509,High
2710,80,Male,32.1,129.0,199.0,104.0,0,Low,2,3,1,70+,49.0,1,5,0.8731,High
4098,28,Female,32.0,122.0,200.0,104.0,0,Moderate,0,0,0,18-39,42.0,1,0,0.1211,Low
2274,51,Female,29.2,114.0,200.0,97.0,1,Low,1,0,0,40-54,34.0,0,1,0.4902,Medium
7164,75,Male,27.5,144.0,246.0,103.0,0,High,1,1,0,70+,64.0,1,2,0.478,Medium
282,53,Female,26.9,127.0,198.0,82.0,0,High,0,2,0,40-54,47.0,0,2,0.1771,Low
6004,60,Female,25.6,140.0,183.0,131.0,0,Moderate,2,2,0,55-69,60.0,1,4,0.6025,High
9370,89,Male,26.1,157.0,182.0,96.0,1,Moderate,1,0,0,70+,77.0,0,1,0.7217,High
4004,50,Female,38.0,120.0,191.0,132.0,0,Low,1,3,1,40-54,40.0,2,4,0.7371,High
7727,18,Male,26.5,137.0,207.0,126.0,0,Moderate,0,0,0,18-39,57.0,1,0,0.1146,Low
9365,42,Female,33.7,142.0,193.0,72.0,0,High,0,1,0,40-54,62.0,1,1,0.1264,Low
7384,61,Male,30.9,144.0,257.0,113.0,0,Low,0,0,0,55-69,64.0,2,0,0.5909,High
181,85,Female,25.0,142.0,238.0,94.0,1,Low,3,1,0,70+,62.0,0,4,0.9147,High
23,31,Female,31.5,112.0,110.0,74.0,0,Moderate,1,1,0,18-39,32.0,1,2,0.0831,Low
2802,50,Male,28.8,110.0,218.0,110.0,1,Low,1,0,0,40-54,30.0,0,1,0.538,High
3843,58,Male,15.0,134.0,244.0,137.0,0,High,1,0,0,55-69,54.0,2,1,0.2122,Medium
2044,71,Female,29.3,108.0,116.0,71.0,0,Moderate,3,2,0,70+,28.0,0,5,0.418,Medium
7778,84,Female,33.3,151.0,223.0,138.0,0,Moderate,0,0,0,70+,71.0,2,0,0.6853,High
9520,85,Male,33.6,139.0,214.0,81.0,0,Moderate,5,0,0,70+,59.0,1,5,0.7944,High
2355,40,Female,30.4,121.0,245.0,125.0,1,Moderate,0,1,1,40-54,41.0,2,1,0.4761,Medium
3346,72,Female,30.5,153.0,185.0,112.0,0,Low,2,0,0,70+,73.0,1,2,0.6914,High
5076,45,Female,26.1,132.0,117.0,114.0,0,Low,0,2,0,40-54,52.0,0,2,0.3081,Medium
70,51,Female,27.9,137.0,188.0,86.0,1,Low,1,0,0,40-54,57.0,0,1,0.4968,Medium
7930,42,Male,29.9,112.0,144.0,64.0,0,Low,0,1,0,40-54,32.0,0,1,0.1584,Low
6578,24,Male,19.9,89.0,229.0,133.0,0,Moderate,1,1,0,18-39,9.0,1,2,0.1331,Low
6857,67,Female,24.5,125.0,245.0,98.0,0,High,0,2,0,55-69,45.0,1,2,0.331,Medium
5138,65,Female,37.1,133.0,201.0,128.0,0,Low,1,3,0,55-69,53.0,2,4,0.8423,High
8969,46,Female,30.0,123.0,184.0,95.0,0,Moderate,2,1,0,40-54,43.0,0,3,0.3135,Medium
5927,71,Female,23.6,112.0,225.0,78.0,0,Moderate,1,1,0,70+,32.0,0,2,0.3722,Medium
4074,85,Male,16.0,154.0,208.0,89.0,0,Moderate,0,4,0,70+,74.0,0,4,0.7198,High
8295,25,Male,26.1,129.0,240.0,85.0,1,Low,0,1,0,18-39,49.0,0,1,0.3647,Medium
492,80,Female,19.8,142.0,260.0,85.0,0,High,1,2,0,70+,62.0,1,3,0.4925,Medium
7189,36,Male,30.5,118.0,147.0,133.0,0,Moderate,0,0,0,18-39,38.0,2,0,0.1287,Low
7275,23,Female,22.4,109.0,199.0,87.0,0,High,0,1,0,18-39,29.0,0,1,0.0384,Low
6361,62,Female,20.0,115.0,103.0,100.0,0,High,2,4,0,55-69,35.0,0,6,0.2774,Medium
8115,40,Male,36.0,99.0,221.0,125.0,1,Low,1,1,1,40-54,19.0,1,2,0.6255,High
296,55,Male,22.6,119.0,214.0,102.0,0,Moderate,0,2,0,55-69,39.0,0,2,0.3285,Medium
388,77,Female,34.5,127.0,,99.0,0,Low,4,1,1,70+,47.0,1,5,0.837,High
5178,50,Female,22.4,148.0,181.0,159.0,0,High,2,1,0,40-54,68.0,1,3,0.3324,Medium
8780,59,Male,28.4,135.0,212.0,109.0,0,Low,1,1,0,55-69,55.0,0,2,0.5889,High
1980,75,Male,28.6,136.0,185.0,62.0,0,High,1,2,0,70+,56.0,0,3,0.3397,Medium
1750,69,Male,29.8,156.0,,156.0,0,Low,0,4,0,55-69,76.0,1,4,0.8977,High
6284,30,Male,36.4,143.0,173.0,112.0,0,Low,1,1,0,18-39,63.0,1,2,0.3968,Medium
1254,75,Female,22.7,123.0,271.0,77.0,0,Low,3,3,0,70+,43.0,1,6,0.856,High
1161,59,Male,28.4,117.0,213.0,60.0,0,Moderate,2,1,0,55-69,37.0,0,3,0.3435,Medium
7287,65,Male,29.5,126.0,242.0,76.0,0,Moderate,1,3,0,55-69,46.0,1,4,0.6267,High
8581,32,Female,29.6,123.0,207.0,163.0,1,Moderate,1,1,1,18-39,43.0,1,2,0.5111,High
8081,82,Female,,110.0,218.0,90.0,1,High,2,0,1,70+,30.0,0,2,0.4893,Medium
2801,75,Female,26.0,152.0,241.0,156.0,0,Moderate,5,1,1,70+,72.0,2,6,0.8997,High
3078,76,Female,28.4,139.0,,109.0,0,Low,3,1,0,70+,59.0,0,4,0.7951,High
1396,60,Female,19.1,150.0,199.0,86.0,0,Low,2,0,1,55-69,70.0,0,2,0.4349,Medium
2894,83,Female,26.0,129.0,183.0,70.0,0,Moderate,0,0,0,70+,49.0,0,0,0.3031,Medium
8826,71,Male,35.1,143.0,228.0,,1,Low,2,2,1,70+,63.0,1,4,0.9234,High
7429,81,Male,,133.0,208.0,74.0,0,Low,1,1,0,70+,53.0,0,2,0.647,High
9573,29,Male,18.3,107.0,224.0,107.0,1,High,1,2,0,18-39,27.0,0,3,0.1815,Low
9308,26,Female,23.5,97.0,191.0,109.0,0,Moderate,2,1,0,18-39,17.0,0,3,0.138,Low
9681,19,Male,36.9,85.0,184.0,177.0,0,High,0,0,0,18-39,5.0,2,0,0.0725,Low
9615,70,Male,26.9,116.0,126.0,63.0,0,Low,1,1,0,70+,36.0,0,2,0.3286,Medium
6707,19,Female,37.1,102.0,157.0,158.0,0,Low,0,0,0,18-39,22.0,2,0,0.177,Low
7851,40,Female,31.1,119.0,224.0,69.0,0,Low,0,3,0,40-54,39.0,1,3,0.4304,Medium
9959,39,Female,32.3,113.0,228.0,107.0,0,High,1,2,0,18-39,33.0,1,3,0.2314,Medium
7019,51,Female,28.6,165.0,,94.0,0,Low,1,3,0,40-54,85.0,0,4,0.7093,High
5774,19,Male,,122.0,221.0,128.0,0,Low,0,0,0,18-39,42.0,1,0,0.1815,Low
194,44,Female,31.1,109.0,152.0,99.0,0,Moderate,0,1,0,40-54,29.0,1,1,0.1522,Low
6630,39,Male,33.9,107.0,245.0,105.0,0,Low,0,0,0,18-39,27.0,2,0,0.2973,Medium
4331,31,Male,19.3,109.0,227.0,102.0,0,High,1,0,0,18-39,29.0,0,1,0.0578,Low
2569,45,Female,,98.0,171.0,60.0,0,Moderate,0,2,1,40-54,18.0,0,2,0.1319,Low
5901,84,Female,31.3,139.0,187.0,104.0,1,High,2,2,1,70+,59.0,1,4,0.7609,High
9233,59,Male,22.8,123.0,253.0,140.0,0,Moderate,0,0,0,55-69,43.0,2,0,0.3618,Medium
1969,78,Female,33.5,110.0,205.0,94.0,0,High,2,2,1,70+,30.0,1,4,0.5091,High
7468,59,Male,26.0,135.0,219.0,74.0,0,Moderate,0,2,0,55-69,55.0,0,2,0.3764,Medium
8814,84,Male,,127.0,168.0,99.0,0,Moderate,1,0,0,70+,47.0,0,1,0.4309,Medium
7625,81,Male,29.3,160.0,167.0,,0,Low,0,0,0,70+,80.0,0,0,0.6066,High
8904,88,Male,36.7,123.0,224.0,,0,Low,1,1,0,70+,43.0,1,2,0.8223,High
916,51,Female,24.5,109.0,205.0,128.0,0,Low,0,3,0,40-54,29.0,1,3,0.542,High
1252,47,Female,33.6,94.0,233.0,131.0,0,Moderate,0,0,0,40-54,14.0,2,0,0.2444,Medium
3978,89,Male,34.3,135.0,160.0,117.0,0,Moderate,1,1,1,70+,55.0,1,2,0.6777,High
4410,41,Female,32.7,113.0,251.0,99.0,0,High,1,1,0,40-54,33.0,2,2,0.1972,Low
6184,83,Male,25.4,174.0,300.0,72.0,0,Moderate,3,5,1,70+,94.0,1,8,0.9591,High
8854,31,Male,36.1,98.0,205.0,91.0,0,Moderate,1,2,0,18-39,18.0,1,3,0.2449,Medium
6134,47,Male,23.6,96.0,171.0,103.0,0,High,0,1,0,40-54,16.0,0,1,0.0712,Low
1456,22,Male,39.4,104.0,153.0,158.0,0,High,1,0,0,18-39,24.0,2,1,0.093,Low
675,62,Female,20.4,129.0,148.0,69.0,1,High,0,0,0,55-69,49.0,0,0,0.1163,Low
5095,49,Male,27.2,131.0,138.0,100.0,0,Low,0,1,0,40-54,51.0,0,1,0.2738,Medium
6418,25,Female,17.8,123.0,192.0,105.0,1,Moderate,1,0,1,18-39,43.0,0,1,0.1477,Low
2329,19,Male,28.0,132.0,194.0,70.0,0,Low,0,2,0,18-39,52.0,0,2,0.1883,Low
2770,87,Male,30.3,156.0,230.0,110.0,0,Moderate,1,2,1,70+,76.0,1,3,0.8275,High
9670,41,Female,37.2,122.0,200.0,118.0,0,Low,0,0,0,40-54,42.0,1,0,0.3402,Medium
450,38,Male,30.0,127.0,220.0,150.0,0,Moderate,2,1,0,18-39,47.0,1,3,0.4664,Medium
9777,78,Female,33.0,126.0,229.0,92.0,0,High,0,2,1,70+,46.0,1,2,0.4607,Medium
5950,54,Female,29.2,147.0,180.0,87.0,0,Moderate,0,1,0,40-54,67.0,0,1,0.2887,Medium
4191,48,Male,26.5,122.0,181.0,153.0,0,Moderate,0,0,0,40-54,42.0,1,0,0.239,Medium
6105,77,Female,33.1,134.0,167.0,108.0,0,High,4,1,0,70+,54.0,1,5,0.5828,High
5484,78,Male,28.0,128.0,216.0,82.0,0,Low,0,0,0,70+,48.0,0,0,0.4985,Medium
2004,50,Male,24.1,85.0,201.0,114.0,0,Moderate,0,0,0,40-54,5.0,0,0,0.1286,Low
1415,60,Male,25.9,137.0,182.0,146.0,0,Low,0,0,0,55-69,57.0,1,0,0.4635,Medium
1041,68,Female,28.4,129.0,134.0,,0,Moderate,1,1,0,55-69,49.0,0,2,0.3573,Medium
1256,24,Female,32.2,116.0,162.0,117.0,0,Low,1,1,0,18-39,36.0,1,2,0.2359,Medium
5009,69,Female,32.8,153.0,193.0,150.0,1,Moderate,3,0,1,55-69,73.0,2,3,0.8424,High
6527,19,Male,23.8,104.0,165.0,60.0,1,High,0,1,0,18-39,24.0,0,1,0.0393,Low
4867,51,Female,29.1,122.0,206.0,95.0,0,Moderate,0,2,1,40-54,42.0,0,2,0.335,Medium
6891,28,Female,36.4,162.0,109.0,142.0,0,Moderate,0,0,0,18-39,82.0,2,0,0.1715,Low
8431,24,Female,27.3,103.0,212.0,125.0,0,Low,1,0,0,18-39,23.0,0,1,0.1937,Low
8174,56,Male,32.3,125.0,180.0,113.0,1,Moderate,0,0,0,55-69,45.0,1,0,0.4078,Medium
9892,75,Male,27.0,153.0,297.0,140.0,0,Moderate,0,0,0,70+,73.0,2,0,0.6966,High
8221,40,Female,32.6,143.0,212.0,82.0,0,Low,0,4,0,40-54,63.0,1,4,0.6197,High
955,74,Male,22.2,152.0,,114.0,0,Low,3,0,0,70+,72.0,0,3,0.7132,High
3173,49,Female,,130.0,151.0,125.0,0,High,2,2,0,40-54,50.0,0,4,0.2771,Medium
7838,65,Female,25.4,137.0,191.0,81.0,0,Low,0,0,0,55-69,57.0,0,0,0.3454,Medium
7952,32,Male,21.5,140.0,206.0,112.0,0,Moderate,0,0,0,18-39,60.0,0,0,0.1296,Low
6982,60,Male,15.0,129.0,141.0,67.0,0,High,0,2,0,55-69,49.0,0,2,0.0871,Low
5212,28,Female,32.4,118.0,174.0,60.0,0,Low,0,0,0,18-39,38.0,1,0,0.104,Low
6749,44,Male,,107.0,237.0,87.0,0,Moderate,1,0,0,40-54,27.0,0,1,0.1901,Low
8984,79,Female,29.8,143.0,289.0,88.0,1,High,1,1,0,70+,63.0,1,2,0.7202,High
9175,48,Male,27.6,153.0,251.0,114.0,0,Low,1,1,0,40-54,73.0,1,2,0.6269,High
2504,25,Male,17.4,118.0,239.0,96.0,0,High,0,0,0,18-39,38.0,0,0,0.0393,Low
4562,48,Female,35.2,132.0,224.0,157.0,0,Low,0,2,0,40-54,52.0,2,2,0.7096,High
1503,34,Female,32.4,112.0,207.0,122.0,0,Moderate,0,1,0,18-39,32.0,1,1,0.2148,Medium
8606,89,Male,24.0,148.0,233.0,153.0,0,Moderate,3,2,0,70+,68.0,1,5,0.9073,High
9896,74,Male,37.3,169.0,264.0,100.0,0,Moderate,0,1,0,70+,89.0,2,1,0.7526,High
3019,61,Female,27.1,149.0,225.0,141.0,1,Low,1,0,0,55-69,69.0,1,1,0.7822,High
1165,55,Female,19.4,146.0,140.0,,0,Moderate,0,1,0,55-69,66.0,0,1,0.1983,Low
2806,87,Male,26.1,98.0,190.0,74.0,1,Low,3,1,1,70+,18.0,0,4,0.799,High
7943,59,Female,32.7,154.0,199.0,80.0,0,Moderate,1,1,0,55-69,74.0,1,2,0.4526,Medium
7728,42,Female,30.2,101.0,202.0,124.0,1,Low,1,0,0,40-54,21.0,1,1,0.4592,Medium
5777,46,Male,22.5,112.0,174.0,94.0,0,Low,0,1,0,40-54,32.0,0,1,0.2129,Medium
4237,86,Female,28.9,138.0,191.0,170.0,0,High,1,2,1,70+,58.0,1,3,0.7116,High
4600,70,Female,27.1,149.0,301.0,140.0,1,Low,1,1,1,70+,69.0,2,2,0.9212,High
8095,42,Male,37.7,133.0,131.0,142.0,1,High,0,0,0,40-54,53.0,2,0,0.222,Medium
1219,76,Male,27.5,130.0,158.0,158.0,0,Low,0,0,0,70+,50.0,1,0,0.5758,High
6726,60,Male,24.1,132.0,175.0,60.0,0,Low,1,3,1,55-69,52.0,0,4,0.5196,High
4610,49,Female,42.1,109.0,207.0,118.0,0,Moderate,1,1,0,40-54,29.0,1,2,0.4464,Medium
6334,24,Female,28.6,113.0,196.0,109.0,0,Moderate,0,0,0,18-39,33.0,0,0,0.0889,Low
1853,50,Female,27.0,132.0,203.0,130.0,0,Moderate,0,2,1,40-54,52.0,1,2,0.415,Medium
595,41,Female,28.3,130.0,,64.0,0,High,0,0,1,40-54,50.0,0,0,0.0604,Low
4652,88,Male,33.3,136.0,198.0,119.0,1,Moderate,1,2,0,70+,56.0,1,3,0.8825,High
4305,66,Male,29.4,137.0,203.0,71.0,0,Low,2,2,0,55-69,57.0,0,4,0.6893,High
4216,89,Female,40.5,132.0,238.0,97.0,0,Moderate,1,2,1,70+,52.0,1,3,0.8407,High
2301,37,Female,39.3,120.0,271.0,112.0,1,Low,0,0,0,18-39,40.0,2,0,0.5976,High
1702,30,Female,25.0,115.0,176.0,104.0,1,High,0,0,0,18-39,35.0,0,0,0.0782,Low
3353,25,Male,29.8,124.0,225.0,118.0,0,Moderate,1,0,0,18-39,44.0,0,1,0.1805,Low
1451,39,Female,23.5,125.0,144.0,60.0,0,Moderate,0,0,0,18-39,45.0,0,0,0.0565,Low
5953,31,Female,30.4,95.0,206.0,129.0,1,Moderate,1,2,0,18-39,15.0,2,3,0.4154,Medium
1464,21,Female,15.0,119.0,231.0,80.0,1,Moderate,1,1,0,18-39,39.0,0,2,0.1573,Low
2117,87,Male,33.5,112.0,178.0,100.0,0,Moderate,2,0,0,70+,32.0,1,2,0.5543,High
1852,36,Male,27.9,108.0,141.0,130.0,1,High,2,1,0,18-39,28.0,1,3,0.2089,Medium
3751,59,Male,36.1,91.0,170.0,154.0,0,High,0,2,0,55-69,11.0,2,2,0.2992,Medium
4254,42,Male,,107.0,174.0,132.0,1,Low,1,0,0,40-54,27.0,1,1,0.4243,Medium
5955,66,Female,25.7,132.0,199.0,60.0,0,Moderate,3,3,0,55-69,52.0,0,6,0.6233,High
8496,19,Male,30.5,138.0,231.0,113.0,1,Low,0,0,0,18-39,58.0,1,0,0.3574,Medium
6886,20,Male,33.3,102.0,143.0,105.0,0,Moderate,1,0,0,18-39,22.0,1,1,0.0714,Low
254,41,Male,27.5,179.0,199.0,136.0,0,Moderate,1,1,0,40-54,99.0,1,2,0.4847,Medium
3082,77,Female,25.9,134.0,158.0,119.0,0,Low,2,1,0,70+,54.0,0,3,0.6862,High
1286,21,Female,34.6,111.0,155.0,160.0,0,Moderate,0,2,0,18-39,31.0,2,2,0.2179,Medium
8552,21,Male,25.5,116.0,116.0,84.0,0,Low,1,0,0,18-39,36.0,0,1,0.0711,Low
5155,75,Female,34.0,127.0,233.0,124.0,0,Moderate,2,1,1,70+,47.0,1,3,0.7381,High
9267,56,Female,32.0,136.0,181.0,104.0,0,Low,1,1,0,55-69,56.0,1,2,0.5272,High
6770,32,Male,19.0,112.0,217.0,85.0,0,High,0,0,0,18-39,32.0,0,0,0.0371,Low
4333,79,Male,29.6,135.0,236.0,110.0,0,Low,0,1,0,70+,55.0,0,1,0.7279,High
8958,77,Male,23.2,135.0,166.0,122.0,1,Low,0,1,0,70+,55.0,0,1,0.7193,High
6192,21,Female,27.2,129.0,145.0,118.0,1,High,0,0,0,18-39,49.0,0,0,0.0711,Low
4929,31,Female,27.8,121.0,100.0,87.0,0,Moderate,0,0,0,18-39,41.0,0,0,0.0484,Low
8335,89,Male,22.5,116.0,198.0,60.0,1,Moderate,3,4,1,70+,36.0,0,7,0.8766,High
7685,55,Male,18.9,128.0,199.0,106.0,1,Moderate,0,1,0,55-69,48.0,0,1,0.3779,Medium
1998,89,Female,26.7,156.0,167.0,78.0,0,Low,1,2,1,70+,76.0,0,3,0.7678,High
8148,30,Female,,134.0,228.0,120.0,1,Low,1,2,1,18-39,54.0,0,3,0.6496,High
1141,81,Male,16.5,152.0,228.0,89.0,1,Moderate,1,3,1,70+,72.0,0,4,0.8248,High
5682,74,Female,,134.0,208.0,115.0,1,Moderate,2,0,0,70+,54.0,0,2,0.7067,High
6034,86,Female,29.1,138.0,255.0,86.0,0,High,1,1,0,70+,58.0,1,2,0.5319,High
8595,30,Female,28.8,98.0,167.0,123.0,0,Low,0,0,0,18-39,18.0,0,0,0.136,Low
1857,44,Female,21.8,111.0,194.0,60.0,0,Moderate,2,1,0,40-54,31.0,0,3,0.1614,Low
8319,34,Male,37.7,127.0,196.0,102.0,0,Low,0,0,0,18-39,47.0,1,0,0.2709,Medium
8296,67,Male,29.7,144.0,175.0,115.0,0,Low,1,0,1,55-69,64.0,0,1,0.5561,High
7295,35,Male,15.0,126.0,189.0,96.0,0,Moderate,0,1,0,18-39,46.0,0,1,0.0997,Low
6061,51,Male,30.1,115.0,221.0,88.0,1,Moderate,1,1,0,40-54,35.0,1,2,0.4745,Medium
3948,44,Female,29.8,88.0,194.0,117.0,0,High,1,1,0,40-54,8.0,0,2,0.126,Low
3260,47,Female,25.2,126.0,182.0,114.0,0,Low,0,0,0,40-54,46.0,0,0,0.253,Medium
7274,77,Male,25.5,139.0,213.0,90.0,0,Low,1,2,0,70+,59.0,0,3,0.7367,High
3940,54,Female,33.4,138.0,219.0,145.0,0,Low,1,0,0,40-54,58.0,2,1,0.6179,High
7196,81,Female,23.4,131.0,148.0,104.0,0,Low,2,1,1,70+,51.0,0,3,0.6305,High
6768,58,Male,20.0,120.0,175.0,71.0,0,Low,1,0,0,55-69,40.0,0,1,0.2226,Medium
3664,87,Female,24.3,131.0,222.0,93.0,0,Low,4,3,0,70+,51.0,0,7,0.9192,High
7081,42,Male,35.7,116.0,261.0,98.0,0,Moderate,0,1,0,40-54,36.0,2,1,0.3309,Medium
9743,56,Female,29.0,145.0,197.0,120.0,0,Low,1,1,0,55-69,65.0,0,2,0.5991,High
5179,24,Male,21.4,117.0,207.0,84.0,0,Moderate,1,1,0,18-39,37.0,0,2,0.1059,Low
9414,24,Female,27.8,122.0,158.0,119.0,0,Low,2,0,0,18-39,42.0,0,2,0.2033,Medium
7405,48,Male,24.3,134.0,273.0,165.0,1,Moderate,0,2,0,40-54,54.0,2,2,0.7463,High
2582,51,Female,21.0,107.0,273.0,91.0,0,High,0,2,0,40-54,27.0,1,2,0.1876,Low
766,74,Female,28.2,145.0,100.0,106.0,0,Moderate,0,1,0,70+,65.0,0,1,0.3307,Medium
1569,83,Female,34.1,164.0,187.0,106.0,0,Low,1,1,1,70+,84.0,1,2,0.8165,High
5577,59,Female,32.3,141.0,138.0,140.0,0,High,0,0,0,55-69,61.0,2,0,0.183,Low
9342,29,Male,26.2,117.0,190.0,64.0,1,Low,1,0,0,18-39,37.0,0,1,0.2219,Medium
6548,69,Female,25.4,129.0,260.0,114.0,0,Low,2,0,0,55-69,49.0,1,2,0.6833,High
5481,89,Female,23.5,160.0,255.0,100.0,0,Low,1,1,0,70+,80.0,1,2,0.836,High
1585,63,Male,33.4,117.0,211.0,104.0,1,Moderate,1,2,1,55-69,37.0,1,3,0.7118,High
1002,71,Male,31.0,118.0,253.0,147.0,0,Moderate,2,0,0,70+,38.0,3,2,0.667,High
606,56,Female,39.5,153.0,218.0,133.0,0,Moderate,0,2,0,55-69,73.0,2,2,0.6833,High
2292,41,Female,30.5,117.0,178.0,113.0,1,Low,0,2,0,40-54,37.0,1,2,0.5406,High
677,59,Male,31.7,125.0,133.0,119.0,0,Low,1,0,0,55-69,45.0,1,1,0.384,Medium
9796,54,Female,20.2,142.0,160.0,104.0,0,Low,0,1,0,40-54,62.0,0,1,0.3138,Medium
1960,31,Female,20.0,91.0,152.0,123.0,0,High,2,1,0,18-39,11.0,0,3,0.062,Low
7603,37,Female,19.9,117.0,181.0,91.0,0,Low,0,0,0,18-39,37.0,0,0,0.1193,Low
5199,58,Male,23.2,137.0,202.0,134.0,0,High,0,1,0,55-69,57.0,1,1,0.2375,Medium
2369,29,Female,30.7,109.0,222.0,135.0,0,Moderate,0,2,0,18-39,29.0,2,2,0.2727,Medium
3908,87,Female,24.7,151.0,167.0,110.0,0,High,2,2,0,70+,71.0,0,4,0.5938,High
1690,24,Male,30.7,105.0,178.0,70.0,0,Low,0,0,0,18-39,25.0,1,0,0.086,Low
4702,22,Male,30.6,116.0,206.0,118.0,1,Low,2,0,1,18-39,36.0,1,2,0.4105,Medium
8838,18,Female,28.6,115.0,224.0,90.0,1,Moderate,0,2,0,18-39,35.0,0,2,0.2481,Medium
1343,26,Female,27.3,126.0,180.0,116.0,0,Moderate,1,0,0,18-39,46.0,0,1,0.1265,Low
8040,69,Female,24.5,137.0,251.0,124.0,0,Moderate,2,2,0,55-69,57.0,1,4,0.7412,High
9753,75,Male,20.6,162.0,148.0,162.0,0,High,0,3,0,70+,82.0,1,3,0.5495,High
2560,60,Male,28.9,130.0,197.0,122.0,0,High,2,3,0,55-69,50.0,0,5,0.5342,High
5304,48,Male,33.0,107.0,217.0,163.0,1,Low,1,0,0,40-54,27.0,2,1,0.6807,High
7135,19,Female,26.4,118.0,234.0,123.0,0,Low,2,0,1,18-39,38.0,0,2,0.2626,Medium
760,70,Female,28.1,120.0,206.0,74.0,1,Moderate,0,1,0,70+,40.0,0,1,0.4916,Medium
5143,65,Male,23.1,112.0,211.0,108.0,0,Moderate,1,1,0,55-69,32.0,0,2,0.3771,Medium
3336,34,Male,30.5,134.0,195.0,108.0,0,Moderate,1,0,0,18-39,54.0,1,1,0.1962,Low
8790,43,Female,23.7,101.0,253.0,67.0,0,Low,1,1,0,40-54,21.0,1,2,0.2752,Medium
2085,27,Female,28.8,115.0,190.0,125.0,0,Low,0,0,0,18-39,35.0,0,0,0.1762,Low
8893,67,Male,26.1,133.0,176.0,81.0,1,Moderate,0,2,0,55-69,53.0,0,2,0.5429,High
3485,47,Male,30.1,124.0,181.0,116.0,1,High,0,0,0,40-54,44.0,1,0,0.1949,Low
4075,41,Female,20.3,97.0,134.0,60.0,0,Low,1,3,0,40-54,17.0,0,4,0.1885,Low
1442,54,Female,29.1,135.0,154.0,118.0,1,Moderate,0,0,0,40-54,55.0,0,0,0.3571,Medium
5746,19,Male,19.9,122.0,124.0,108.0,0,Moderate,2,0,0,18-39,42.0,0,2,0.0607,Low
9381,18,Male,35.4,125.0,223.0,111.0,1,Moderate,1,1,0,18-39,45.0,1,2,0.3625,Medium
8637,19,Female,32.2,116.0,101.0,84.0,0,Low,0,1,0,18-39,36.0,1,1,0.0825,Low
4355,52,Female,26.4,97.0,244.0,86.0,0,Moderate,0,0,1,40-54,17.0,1,0,0.1654,Low
7120,55,Female,29.6,162.0,184.0,60.0,0,Moderate,1,1,0,55-69,82.0,0,2,0.3406,Medium
4038,62,Male,23.7,123.0,350.0,120.0,0,Low,0,0,1,55-69,43.0,1,0,0.6485,High
2583,38,Female,26.0,147.0,162.0,89.0,0,High,0,1,0,18-39,67.0,0,1,0.0866,Low
6279,20,Male,22.8,121.0,166.0,133.0,1,Low,3,0,0,18-39,41.0,1,3,0.363,Medium
7454,87,Female,33.2,129.0,251.0,149.0,1,Low,1,3,1,70+,49.0,3,4,0.9688,High
8709,53,Male,18.3,123.0,209.0,139.0,0,Low,1,0,0,40-54,43.0,1,1,0.382,Medium
4112,52,Male,35.2,156.0,,85.0,1,Moderate,1,0,1,40-54,76.0,1,1,0.5223,High
7183,22,Female,36.0,136.0,175.0,60.0,0,Low,0,0,0,18-39,56.0,1,0,0.123,Low
1072,33,Female,25.0,146.0,215.0,123.0,0,Low,2,2,0,18-39,66.0,0,4,0.5697,High
7679,49,Female,33.1,114.0,158.0,139.0,0,Low,0,2,0,40-54,34.0,2,2,0.4826,Medium
2279,44,Male,30.2,123.0,220.0,126.0,1,Moderate,0,0,0,40-54,43.0,2,0,0.3875,Medium
4485,51,Male,21.3,123.0,213.0,115.0,0,Moderate,0,1,0,40-54,43.0,0,1,0.2553,Medium
3530,26,Male,32.2,138.0,171.0,87.0,1,Moderate,0,0,0,18-39,58.0,1,0,0.177,Low
5291,77,Male,28.0,145.0,203.0,152.0,0,Low,1,1,1,70+,65.0,1,2,0.8074,High
1867,25,Female,32.1,125.0,151.0,114.0,0,Low,0,0,0,18-39,45.0,1,0,0.1461,Low
5215,75,Male,33.7,127.0,176.0,117.0,0,Low,3,2,0,70+,47.0,1,5,0.8442,High
6084,84,Male,27.0,158.0,218.0,89.0,1,High,1,1,0,70+,78.0,0,2,0.6678,High
8785,37,Male,26.3,121.0,133.0,107.0,0,Moderate,0,1,1,18-39,41.0,0,1,0.1174,Low
3713,76,Female,30.7,131.0,306.0,103.0,1,High,4,0,0,70+,51.0,2,4,0.8096,High
8133,65,Male,31.2,145.0,150.0,119.0,0,Moderate,0,0,0,55-69,65.0,1,0,0.3288,Medium
4556,33,Female,32.0,110.0,145.0,107.0,0,High,1,0,0,18-39,30.0,1,1,0.0592,Low
5899,64,Male,37.9,146.0,247.0,62.0,0,Low,0,2,1,55-69,66.0,2,2,0.7046,High
6419,88,Male,25.6,154.0,190.0,118.0,0,Moderate,1,2,0,70+,74.0,0,3,0.7656,High
6164,26,Female,21.5,137.0,171.0,69.0,0,Low,0,1,0,18-39,57.0,0,1,0.1196,Low
3778,79,Female,29.5,178.0,207.0,97.0,0,Moderate,4,3,0,70+,98.0,0,7,0.9157,High
4128,24,Male,27.2,105.0,225.0,109.0,0,High,0,1,0,18-39,25.0,0,1,0.0699,Low
8459,47,Male,,107.0,186.0,101.0,0,Moderate,1,1,0,40-54,27.0,0,2,0.2271,Medium
6082,45,Male,28.0,129.0,214.0,71.0,0,Moderate,0,2,0,40-54,49.0,0,2,0.2649,Medium
9979,36,Female,36.6,93.0,249.0,92.0,1,Low,2,1,0,18-39,13.0,2,3,0.6024,High
3598,57,Female,31.7,100.0,192.0,,1,Low,1,3,1,55-69,20.0,1,4,0.7606,High
9963,73,Female,27.3,136.0,288.0,91.0,0,Moderate,2,2,0,70+,56.0,1,4,0.7696,High
5111,57,Female,22.4,119.0,219.0,103.0,1,Low,0,5,0,55-69,39.0,0,5,0.8372,High
3436,61,Female,26.8,139.0,221.0,60.0,1,Moderate,0,1,0,55-69,59.0,0,1,0.4545,Medium
2782,85,Male,23.4,130.0,164.0,98.0,1,Low,0,2,1,70+,50.0,0,2,0.7733,High
2170,88,Male,28.6,137.0,285.0,138.0,0,Low,1,1,1,70+,57.0,2,2,0.8962,High
7409,56,Male,30.4,146.0,144.0,105.0,0,Low,0,0,0,55-69,66.0,1,0,0.3327,Medium
7931,42,Male,24.0,119.0,264.0,131.0,0,Moderate,0,0,0,40-54,39.0,2,0,0.2431,Medium
8420,32,Female,30.5,113.0,220.0,129.0,0,Moderate,0,2,0,18-39,33.0,2,2,0.2848,Medium
7740,51,Female,21.7,94.0,222.0,75.0,0,Low,2,1,0,40-54,14.0,0,3,0.3225,Medium
4430,84,Female,30.8,136.0,193.0,134.0,0,Moderate,2,0,1,70+,56.0,2,2,0.6791,High
1506,35,Female,26.8,88.0,216.0,153.0,1,Moderate,0,2,0,18-39,8.0,1,2,0.4091,Medium
4317,88,Male,25.9,122.0,131.0,,0,Moderate,1,1,0,70+,42.0,0,2,0.4666,Medium
2954,49,Female,37.0,126.0,187.0,118.0,0,Moderate,2,2,0,40-54,46.0,1,4,0.5629,High
6007,38,Male,15.0,135.0,177.0,60.0,1,Moderate,0,1,0,18-39,55.0,0,1,0.1436,Low
8745,47,Male,36.5,132.0,248.0,110.0,0,High,0,2,0,40-54,52.0,2,2,0.3526,Medium
8452,80,Female,28.1,137.0,142.0,126.0,0,Moderate,3,4,1,70+,57.0,1,7,0.8518,High
5835,36,Female,34.3,114.0,121.0,117.0,0,Moderate,0,0,0,18-39,34.0,1,0,0.1026,Low
3005,68,Male,35.6,132.0,154.0,103.0,1,High,2,3,1,55-69,52.0,1,5,0.6999,High
5162,19,Male,37.3,106.0,151.0,127.0,0,Low,0,0,0,18-39,26.0,2,0,0.1373,Low
6432,71,Male,30.7,144.0,171.0,139.0,1,Low,3,0,1,70+,64.0,2,3,0.8586,High
6062,74,Female,27.0,138.0,236.0,76.0,0,Moderate,2,2,0,70+,58.0,0,4,0.673,High
6169,76,Female,27.1,114.0,245.0,60.0,0,High,1,0,0,70+,34.0,1,1,0.216,Medium
1895,27,Female,38.9,92.0,234.0,82.0,0,Low,0,3,0,18-39,12.0,1,3,0.3778,Medium
1413,36,Female,22.7,110.0,180.0,86.0,0,High,2,0,0,18-39,30.0,0,2,0.0603,Low
3374,54,Female,31.4,163.0,211.0,139.0,0,Low,1,1,0,40-54,83.0,2,2,0.7189,High
8707,60,Female,28.9,133.0,177.0,101.0,0,High,0,0,0,55-69,53.0,0,0,0.1411,Low
5991,21,Male,,114.0,195.0,99.0,0,High,0,2,0,18-39,34.0,0,2,0.0733,Low
5253,69,Male,26.9,141.0,201.0,60.0,0,High,0,1,0,55-69,61.0,0,1,0.1994,Low
8895,53,Female,21.3,133.0,164.0,112.0,1,Low,2,1,0,40-54,53.0,0,3,0.6093,High
9888,88,Female,22.0,134.0,216.0,149.0,0,Low,1,2,0,70+,54.0,1,3,0.8581,High
9800,75,Female,30.8,122.0,187.0,122.0,0,Moderate,0,5,1,70+,42.0,1,5,0.7958,High
5468,42,Male,37.0,92.0,161.0,131.0,1,Moderate,0,1,0,40-54,12.0,2,1,0.3421,Medium
4146,38,Male,22.3,132.0,164.0,112.0,0,High,1,1,0,18-39,52.0,0,2,0.1039,Low
7285,26,Male,41.3,104.0,249.0,98.0,0,Low,0,1,0,18-39,24.0,2,1,0.3315,Medium
7290,21,Male,23.2,144.0,160.0,85.0,0,Moderate,0,1,0,18-39,64.0,0,1,0.0818,Low
2568,63,Male,28.9,145.0,,115.0,0,Low,0,0,0,55-69,65.0,0,0,0.4911,Medium
5454,74,Male,26.2,142.0,245.0,126.0,0,Low,1,2,1,70+,62.0,2,3,0.8306,High
1809,24,Female,25.2,110.0,136.0,,0,Low,2,0,0,18-39,30.0,0,2,0.1258,Low
9156,23,Female,30.3,98.0,238.0,109.0,1,Moderate,0,0,0,18-39,18.0,1,0,0.1821,Low
2057,70,Female,20.8,135.0,174.0,113.0,1,Low,0,5,1,70+,55.0,0,5,0.8775,High
4756,61,Female,26.9,153.0,177.0,92.0,0,Moderate,1,2,0,55-69,73.0,0,3,0.4884,Medium
2963,88,Male,,167.0,192.0,92.0,0,Low,1,1,1,70+,87.0,0,2,0.7917,High
4258,24,Female,41.1,110.0,100.0,118.0,0,High,1,3,0,18-39,30.0,1,4,0.1383,Low
7923,56,Female,24.2,136.0,112.0,101.0,0,Moderate,1,1,0,55-69,56.0,0,2,0.2188,Medium
5493,30,Male,24.4,142.0,153.0,76.0,0,High,1,1,0,18-39,62.0,0,2,0.0648,Low
1051,54,Female,25.3,128.0,207.0,79.0,0,Low,2,2,0,40-54,48.0,0,4,0.5544,High
3480,74,Male,26.8,142.0,212.0,95.0,0,Low,2,1,0,70+,62.0,0,3,0.7275,High
9229,76,Male,36.1,136.0,247.0,104.0,0,Moderate,0,1,0,70+,56.0,2,1,0.6526,High
3505,19,Male,41.5,105.0,260.0,174.0,0,High,1,0,0,18-39,25.0,3,1,0.2097,Medium
7107,28,Female,24.5,121.0,214.0,86.0,1,Moderate,1,0,0,18-39,41.0,0,1,0.1916,Low
5032,78,Female,29.8,125.0,209.0,86.0,0,Low,2,1,0,70+,45.0,0,3,0.7086,High
9852,42,Female,34.4,115.0,172.0,130.0,1,Moderate,1,1,0,40-54,35.0,2,2,0.4606,Medium
2450,30,Female,24.6,95.0,,83.0,0,Low,1,1,0,18-39,15.0,0,2,0.1595,Low
9231,57,Male,32.0,106.0,213.0,67.0,1,Low,0,0,0,55-69,26.0,1,0,0.4217,Medium
6903,76,Female,25.5,122.0,187.0,90.0,1,Moderate,0,1,0,70+,42.0,0,1,0.5272,High
7688,61,Female,25.2,124.0,204.0,122.0,1,Moderate,0,4,1,55-69,44.0,0,4,0.7618,High
6426,74,Female,24.6,123.0,229.0,,1,Low,1,3,0,70+,43.0,0,4,0.8795,High
2656,58,Female,28.5,138.0,196.0,108.0,0,Low,0,2,0,55-69,58.0,0,2,0.5768,High
6558,41,Female,22.9,110.0,181.0,112.0,0,Moderate,0,4,0,40-54,30.0,0,4,0.3277,Medium
1288,34,Male,28.2,101.0,177.0,90.0,1,Low,0,0,0,18-39,21.0,0,0,0.2159,Medium
2284,74,Male,41.9,153.0,187.0,104.0,1,High,3,1,0,70+,73.0,1,4,0.7996,High
3650,71,Female,40.9,132.0,167.0,103.0,0,Low,3,1,0,70+,52.0,1,4,0.7921,High
3929,65,Female,27.2,134.0,184.0,108.0,1,Low,1,2,1,55-69,54.0,0,3,0.784,High
7491,26,Female,33.1,120.0,155.0,116.0,0,High,0,0,0,18-39,40.0,1,0,0.0514,Low
6488,39,Male,35.9,116.0,311.0,120.0,0,High,0,0,0,18-39,36.0,2,0,0.2267,Medium
6888,44,Male,27.3,134.0,121.0,101.0,0,Moderate,0,3,1,40-54,54.0,0,3,0.2628,Medium
8703,89,Male,34.6,183.0,211.0,69.0,1,Low,1,0,1,70+,103.0,1,1,0.8881,High
7498,40,Female,32.1,100.0,181.0,135.0,1,Moderate,0,0,0,40-54,20.0,2,0,0.2678,Medium
278,74,Male,33.3,133.0,220.0,136.0,1,Moderate,0,1,1,70+,53.0,2,1,0.7747,High
442,39,Male,20.7,100.0,202.0,130.0,0,Moderate,0,1,0,18-39,20.0,1,1,0.1531,Low
3337,55,Male,36.4,157.0,220.0,,0,Moderate,0,3,1,55-69,77.0,1,3,0.6807,High
8326,79,Female,31.5,162.0,229.0,126.0,1,Low,1,1,1,70+,82.0,2,2,0.9182,High
8342,87,Male,36.6,166.0,196.0,98.0,1,Low,0,1,0,70+,86.0,1,1,0.8973,High
5769,51,Male,22.3,107.0,226.0,94.0,0,Low,1,1,0,40-54,27.0,0,2,0.3619,Medium
2321,25,Male,18.7,117.0,235.0,163.0,0,High,4,1,0,18-39,37.0,1,5,0.2562,Medium
173,73,Female,23.1,141.0,295.0,65.0,0,High,1,2,1,70+,61.0,1,3,0.4781,Medium
8403,23,Female,,95.0,204.0,76.0,0,High,1,0,0,18-39,15.0,0,1,0.0339,Low
6064,22,Male,20.3,85.0,213.0,70.0,0,Moderate,0,0,0,18-39,5.0,0,0,0.0333,Low
5645,61,Female,22.0,122.0,210.0,113.0,0,Low,0,1,0,55-69,42.0,0,1,0.4346,Medium
3088,30,Female,31.5,140.0,169.0,133.0,0,High,0,0,0,18-39,60.0,2,0,0.0885,Low
6473,50,Female,29.6,132.0,138.0,109.0,0,Low,0,0,0,40-54,52.0,0,0,0.2491,Medium
1031,53,Male,33.7,111.0,157.0,118.0,0,Low,0,1,0,40-54,31.0,1,1,0.3766,Medium
4985,31,Male,24.7,117.0,216.0,101.0,0,Moderate,0,1,0,18-39,37.0,0,1,0.1441,Low
8879,42,Female,30.1,145.0,182.0,126.0,0,Low,1,3,0,40-54,65.0,2,4,0.6502,High
1294,18,Female,44.2,131.0,153.0,95.0,0,Low,0,0,0,18-39,51.0,1,0,0.1683,Low
6847,25,Female,26.6,130.0,167.0,89.0,0,Moderate,2,1,0,18-39,50.0,0,3,0.1528,Low
4028,49,Female,33.0,129.0,221.0,89.0,0,Moderate,2,0,0,40-54,49.0,1,2,0.3441,Medium
174,70,Female,20.2,132.0,228.0,78.0,0,Moderate,3,0,0,70+,52.0,0,3,0.438,Medium
561,56,Female,26.6,100.0,216.0,91.0,1,Low,0,2,0,55-69,20.0,0,2,0.5826,High
9095,32,Female,20.9,133.0,100.0,96.0,0,High,0,0,0,18-39,53.0,0,0,0.0247,Low
3799,18,Female,27.7,145.0,154.0,103.0,0,High,0,0,0,18-39,65.0,0,0,0.0384,Low
7114,53,Female,,119.0,109.0,,0,Low,2,1,0,40-54,39.0,0,3,0.3471,Medium
4632,38,Male,35.6,138.0,170.0,114.0,0,Low,2,0,0,18-39,58.0,1,2,0.4148,Medium
8754,70,Female,,105.0,200.0,84.0,0,Low,1,1,0,70+,25.0,0,2,0.4819,Medium
3965,32,Female,34.4,128.0,182.0,79.0,0,Moderate,1,0,0,18-39,48.0,1,1,0.1404,Low
2909,27,Male,18.3,94.0,158.0,61.0,0,Moderate,3,0,0,18-39,14.0,0,3,0.0528,Low
1046,29,Male,39.2,104.0,208.0,140.0,0,Low,1,0,0,18-39,24.0,2,1,0.3471,Medium
223,68,Male,17.4,131.0,170.0,138.0,0,Moderate,3,2,1,55-69,51.0,1,5,0.6177,High
7047,60,Male,22.7,108.0,246.0,92.0,0,Low,0,3,0,55-69,28.0,1,3,0.5761,High
6678,39,Male,30.0,121.0,210.0,139.0,0,Low,2,1,0,18-39,41.0,1,3,0.5392,High
5630,20,Female,25.5,90.0,198.0,123.0,1,Moderate,0,0,0,18-39,10.0,0,0,0.116,Low
8690,70,Female,33.1,112.0,191.0,94.0,1,Moderate,2,0,0,70+,32.0,1,2,0.5846,High
6628,62,Male,33.5,125.0,200.0,111.0,0,High,0,1,0,55-69,45.0,1,1,0.266,Medium
2608,36,Male,32.7,135.0,163.0,128.0,1,Moderate,0,0,0,18-39,55.0,2,0,0.2969,Medium
7905,63,Male,23.3,123.0,148.0,99.0,0,Moderate,1,2,0,55-69,43.0,0,3,0.3475,Medium
3089,34,Female,25.1,106.0,168.0,88.0,0,Low,0,0,0,18-39,26.0,0,0,0.1049,Low
16,74,Female,37.9,128.0,171.0,98.0,1,Moderate,2,2,1,70+,48.0,1,4,0.814,High
7377,61,Male,40.1,108.0,205.0,103.0,1,Moderate,2,2,0,55-69,28.0,1,4,0.7718,High
8683,19,Female,33.3,135.0,180.0,130.0,0,Low,2,0,0,18-39,55.0,2,2,0.2922,Medium
2527,51,Male,18.1,115.0,205.0,99.0,0,Moderate,0,3,0,40-54,35.0,0,3,0.3035,Medium
1192,38,Female,15.0,115.0,225.0,99.0,0,Low,2,0,0,18-39,35.0,0,2,0.2214,Medium
6246,41,Female,27.7,118.0,194.0,88.0,0,High,0,0,0,40-54,38.0,0,0,0.0643,Low
6035,35,Male,,102.0,,131.0,0,Moderate,0,2,1,18-39,22.0,1,2,0.2298,Medium
7185,34,Male,20.4,132.0,175.0,103.0,0,Moderate,0,2,0,18-39,52.0,0,2,0.1672,Low
849,77,Female,22.4,156.0,223.0,118.0,0,Low,0,2,0,70+,76.0,0,2,0.7692,High
5877,83,Male,39.0,146.0,166.0,172.0,1,High,2,1,1,70+,66.0,2,3,0.8535,High
1652,19,Male,30.5,117.0,181.0,104.0,0,Low,1,1,0,18-39,37.0,1,2,0.2013,Medium
7336,27,Female,35.6,106.0,196.0,118.0,0,Moderate,2,1,0,18-39,26.0,1,3,0.2575,Medium
5242,81,Male,21.8,118.0,222.0,71.0,1,Low,2,0,0,70+,38.0,0,2,0.6986,High
6340,61,Male,39.9,149.0,211.0,140.0,0,High,0,2,0,55-69,69.0,2,2,0.563,High
8519,84,Female,,134.0,194.0,74.0,0,Moderate,1,2,0,70+,54.0,0,3,0.6038,High
1567,87,Male,18.5,145.0,280.0,108.0,1,Moderate,3,1,0,70+,65.0,1,4,0.8945,High
4113,28,Male,30.7,101.0,221.0,68.0,0,Low,0,1,0,18-39,21.0,1,1,0.1633,Low
4602,86,Male,19.1,103.0,162.0,118.0,0,Moderate,3,0,0,70+,23.0,0,3,0.4556,Medium
261,75,Male,30.3,130.0,195.0,102.0,1,High,1,3,0,70+,50.0,1,4,0.7013,High
9843,65,Female,35.0,135.0,187.0,96.0,0,Low,0,0,0,55-69,55.0,1,0,0.4641,Medium
7634,48,Female,25.5,121.0,183.0,130.0,0,Moderate,0,0,0,40-54,41.0,1,0,0.1879,Low
206,37,Male,26.7,127.0,153.0,107.0,0,Moderate,0,0,0,18-39,47.0,0,0,0.1062,Low
5822,68,Female,19.6,158.0,139.0,91.0,1,Low,1,1,0,55-69,78.0,0,2,0.6221,High
2734,33,Male,33.5,160.0,209.0,96.0,0,High,0,2,0,18-39,80.0,1,2,0.2207,Medium
8199,54,Male,24.3,117.0,202.0,107.0,0,High,1,1,0,40-54,37.0,0,2,0.1809,Low
1933,78,Male,36.4,144.0,210.0,122.0,0,Moderate,4,4,1,70+,64.0,1,8,0.946,High
8483,88,Female,24.1,120.0,229.0,109.0,0,Low,1,0,1,70+,40.0,0,1,0.6656,High
9292,89,Male,18.2,136.0,230.0,91.0,0,Moderate,2,3,1,70+,56.0,0,5,0.7861,High
8660,84,Female,30.4,125.0,189.0,84.0,0,Moderate,3,0,1,70+,45.0,1,3,0.5765,High
1641,69,Female,28.0,118.0,,120.0,0,High,0,3,0,55-69,38.0,0,3,0.417,Medium
2096,74,Male,30.8,115.0,,95.0,0,Low,1,0,0,70+,35.0,1,1,0.5149,High
4050,50,Male,29.7,107.0,207.0,131.0,0,High,1,2,0,40-54,27.0,1,3,0.2878,Medium
6367,77,Male,24.0,148.0,268.0,114.0,0,Moderate,1,3,1,70+,68.0,1,4,0.8254,High
3220,49,Male,25.4,157.0,204.0,134.0,1,Low,0,0,1,40-54,77.0,1,0,0.6081,High
3719,67,Male,34.2,145.0,,93.0,0,Low,0,0,0,55-69,65.0,1,0,0.5162,High
1340,47,Female,31.8,99.0,178.0,172.0,0,High,1,1,0,40-54,19.0,2,2,0.2357,Medium
3300,75,Male,21.2,136.0,,60.0,0,Low,0,1,0,70+,56.0,0,1,0.4203,Medium
775,78,Male,30.3,139.0,207.0,90.0,0,Low,3,2,1,70+,59.0,1,5,0.8498,High
6437,76,Male,36.3,142.0,156.0,75.0,0,Low,2,1,0,70+,62.0,1,3,0.6904,High
418,26,Male,,110.0,158.0,122.0,0,High,0,0,0,18-39,30.0,0,0,0.0408,Low
5720,50,Female,35.7,138.0,152.0,136.0,0,Moderate,1,0,0,40-54,58.0,2,1,0.3382,Medium
2693,83,Female,23.1,146.0,197.0,70.0,0,Low,0,3,1,70+,66.0,0,3,0.7206,High
3800,21,Female,28.3,127.0,191.0,95.0,1,High,1,1,0,18-39,47.0,0,2,0.1372,Low
9301,32,Male,25.1,136.0,207.0,106.0,1,Low,1,2,1,18-39,56.0,0,3,0.5789,High
9966,40,Female,20.9,119.0,282.0,108.0,0,Low,0,1,0,40-54,39.0,1,1,0.3617,Medium
305,57,Female,17.9,130.0,247.0,109.0,1,Moderate,1,1,0,55-69,50.0,1,2,0.5417,High
6748,29,Male,29.0,136.0,173.0,122.0,0,Moderate,0,1,0,18-39,56.0,0,1,0.1796,Low
3554,69,Male,28.7,100.0,149.0,71.0,0,Moderate,0,0,0,55-69,20.0,0,0,0.1467,Low
754,85,Male,29.5,143.0,232.0,122.0,0,Low,3,3,1,70+,63.0,0,6,0.9466,High
3186,86,Male,23.1,141.0,,93.0,0,Low,4,6,1,70+,61.0,0,10,0.9664,High
9976,31,Female,24.7,115.0,203.0,79.0,1,Moderate,0,2,0,18-39,35.0,0,2,0.2453,Medium
625,61,Female,23.6,155.0,242.0,87.0,0,High,0,1,0,55-69,75.0,1,1,0.2584,Medium
4259,61,Male,31.7,111.0,198.0,91.0,1,High,0,1,0,55-69,31.0,1,1,0.2998,Medium
4246,38,Female,28.8,112.0,184.0,71.0,1,High,0,0,0,18-39,32.0,0,0,0.0847,Low
1733,68,Male,30.2,176.0,165.0,67.0,1,Moderate,1,1,0,55-69,96.0,1,2,0.6411,High
8415,67,Female,32.1,139.0,135.0,118.0,1,Low,1,4,1,55-69,59.0,1,5,0.8868,High
9578,27,Male,31.1,134.0,166.0,121.0,0,Low,0,0,0,18-39,54.0,1,0,0.1938,Low
3861,57,Female,29.1,123.0,205.0,60.0,0,Moderate,0,1,0,55-69,43.0,0,1,0.2288,Medium
7237,78,Female,28.2,150.0,222.0,146.0,0,Moderate,1,0,1,70+,70.0,1,1,0.6715,High
6995,71,Male,31.6,116.0,197.0,132.0,1,Low,3,2,1,70+,36.0,2,5,0.91,High
6341,39,Female,33.9,99.0,162.0,107.0,0,Low,0,2,0,18-39,19.0,1,2,0.2999,Medium
6680,55,Female,31.9,144.0,183.0,106.0,0,Low,0,1,0,55-69,64.0,1,1,0.486,Medium
82,49,Male,29.4,125.0,196.0,73.0,0,Moderate,1,1,0,40-54,45.0,0,2,0.2532,Medium
2132,88,Female,33.5,128.0,237.0,119.0,0,High,2,0,0,70+,48.0,1,2,0.5955,High
4572,24,Female,32.3,113.0,210.0,102.0,1,Moderate,0,0,0,18-39,33.0,1,0,0.1855,Low
2474,32,Male,27.5,109.0,160.0,106.0,0,Low,0,1,0,18-39,29.0,0,1,0.173,Low
3921,85,Male,23.4,165.0,229.0,135.0,0,Low,3,3,1,70+,85.0,1,6,0.9524,High
5130,61,Male,21.9,132.0,200.0,113.0,0,High,0,0,0,55-69,52.0,0,0,0.1463,Low
8844,30,Male,28.3,121.0,236.0,106.0,1,Low,2,0,0,18-39,41.0,0,2,0.4933,Medium
7217,62,Female,28.6,132.0,178.0,95.0,0,Moderate,1,0,1,55-69,52.0,0,1,0.2949,Medium
594,88,Female,22.8,156.0,330.0,163.0,0,Low,2,1,1,70+,76.0,2,3,0.9525,High
7560,87,Male,20.9,121.0,240.0,130.0,0,Moderate,0,1,0,70+,41.0,1,1,0.5996,High
1130,64,Female,27.6,115.0,201.0,72.0,0,Moderate,1,0,0,55-69,35.0,0,1,0.2424,Medium
1001,76,Female,29.4,131.0,255.0,110.0,0,High,3,0,1,70+,51.0,1,3,0.5405,High
7044,80,Male,27.0,131.0,208.0,125.0,0,Low,6,2,1,70+,51.0,0,8,0.9401,High
9806,30,Female,25.5,123.0,111.0,95.0,1,Low,2,0,0,18-39,43.0,0,2,0.235,Medium
5582,78,Female,30.3,126.0,221.0,142.0,0,Low,2,0,1,70+,46.0,2,2,0.7734,High
5428,28,Male,27.9,125.0,156.0,139.0,0,Low,1,0,0,18-39,45.0,1,1,0.2216,Medium
2550,27,Male,22.2,131.0,196.0,105.0,1,Moderate,0,1,0,18-39,51.0,0,1,0.22,Medium
5184,82,Female,25.5,131.0,,106.0,0,High,1,1,0,70+,51.0,0,2,0.3902,Medium
1127,79,Male,33.5,139.0,228.0,92.0,1,Moderate,1,2,1,70+,59.0,1,3,0.8457,High
8,68,Male,21.2,145.0,184.0,96.0,1,Low,1,1,0,55-69,65.0,0,2,0.6915,High
2058,71,Female,34.4,112.0,170.0,111.0,0,High,2,3,0,70+,32.0,1,5,0.5372,High
1619,26,Male,23.1,145.0,196.0,97.0,0,High,0,0,0,18-39,65.0,0,0,0.0526,Low
7148,50,Male,19.1,92.0,168.0,73.0,1,Moderate,2,1,0,40-54,12.0,0,3,0.2389,Medium
585,47,Female,24.5,118.0,175.0,101.0,0,Low,1,0,0,40-54,38.0,0,1,0.2425,Medium
883,50,Male,32.1,103.0,133.0,111.0,0,Moderate,0,2,0,40-54,23.0,1,2,0.2323,Medium
1913,18,Female,27.3,111.0,163.0,60.0,1,Moderate,1,1,0,18-39,31.0,0,2,0.1115,Low
2744,86,Male,22.7,91.0,201.0,104.0,0,Low,2,0,0,70+,11.0,0,2,0.5554,High
3631,51,Male,22.0,110.0,288.0,81.0,0,Moderate,0,2,0,40-54,30.0,1,2,0.3367,Medium
8872,58,Female,16.2,116.0,290.0,60.0,0,Low,1,0,0,55-69,36.0,1,1,0.3179,Medium
4655,26,Male,27.3,96.0,167.0,153.0,0,High,0,2,0,18-39,16.0,1,2,0.0953,Low
9568,60,Male,28.8,111.0,182.0,111.0,1,Moderate,1,1,0,55-69,31.0,0,2,0.5153,High
430,69,Male,27.2,148.0,237.0,121.0,1,Moderate,0,2,1,55-69,68.0,0,2,0.7946,High
9225,23,Female,34.8,136.0,224.0,119.0,0,Moderate,0,0,0,18-39,56.0,1,0,0.1806,Low
6996,72,Female,27.4,137.0,155.0,86.0,1,Low,1,4,1,70+,57.0,0,5,0.8603,High
9521,41,Female,35.3,124.0,167.0,107.0,1,Moderate,0,1,0,40-54,44.0,1,1,0.3606,Medium
1203,88,Male,15.0,127.0,149.0,60.0,0,Moderate,3,1,0,70+,47.0,0,4,0.4129,Medium
9525,52,Male,32.9,113.0,160.0,151.0,0,Low,2,2,1,40-54,33.0,2,4,0.6678,High
9772,78,Female,30.4,120.0,188.0,125.0,0,Moderate,3,2,0,70+,40.0,1,5,0.7668,High
6661,22,Male,33.5,108.0,176.0,139.0,0,Low,1,0,0,18-39,28.0,2,1,0.2147,Medium
5659,55,Female,36.0,130.0,197.0,60.0,0,High,1,0,0,55-69,50.0,1,1,0.1478,Low
6955,48,Male,25.4,119.0,189.0,83.0,1,Low,0,1,0,40-54,39.0,0,1,0.411,Medium
6508,53,Female,28.5,118.0,183.0,121.0,0,High,1,0,0,40-54,38.0,0,1,0.1526,Low
3465,43,Female,30.7,109.0,132.0,90.0,0,Moderate,1,0,0,40-54,29.0,1,1,0.1091,Low
5691,44,Male,20.0,145.0,222.0,89.0,1,Low,0,2,0,40-54,65.0,0,2,0.567,High
4904,69,Male,22.5,139.0,227.0,113.0,1,Low,1,1,0,55-69,59.0,0,2,0.7892,High
8828,28,Female,33.8,121.0,173.0,110.0,0,High,0,1,0,18-39,41.0,1,1,0.0842,Low
2678,81,Male,23.4,137.0,207.0,,0,Moderate,1,1,0,70+,57.0,0,2,0.5702,High
2543,86,Male,29.6,112.0,229.0,96.0,0,Moderate,1,1,0,70+,32.0,0,2,0.6128,High
5159,27,Female,25.8,130.0,195.0,78.0,0,High,0,2,0,18-39,50.0,0,2,0.079,Low
2246,77,Female,21.2,155.0,297.0,94.0,1,Moderate,0,2,1,70+,75.0,1,2,0.8273,High
2683,46,Female,23.0,120.0,192.0,79.0,0,Low,0,2,0,40-54,40.0,0,2,0.2932,Medium
1865,78,Female,28.5,121.0,184.0,94.0,0,Moderate,0,4,1,70+,41.0,0,4,0.6655,High
9158,53,Male,28.0,129.0,238.0,125.0,0,Low,0,1,0,40-54,49.0,0,1,0.5428,High
5882,89,Male,22.7,130.0,126.0,65.0,0,Moderate,0,0,0,70+,50.0,0,0,0.2277,Medium
1483,38,Male,33.8,154.0,197.0,93.0,0,Low,0,1,0,18-39,74.0,1,1,0.396,Medium
3394,31,Male,26.3,130.0,179.0,124.0,0,Low,0,0,0,18-39,50.0,0,0,0.1973,Low
7492,69,Male,35.3,128.0,183.0,133.0,0,Low,1,2,0,55-69,48.0,2,3,0.7777,High
6826,54,Female,32.0,116.0,168.0,82.0,0,Low,0,0,0,40-54,36.0,1,0,0.2391,Medium
2969,69,Male,23.5,116.0,173.0,128.0,0,High,2,3,0,55-69,36.0,1,5,0.4744,Medium
789,57,Male,24.5,116.0,224.0,76.0,1,Moderate,1,2,0,55-69,36.0,0,3,0.533,High
3893,49,Female,33.6,107.0,233.0,113.0,1,Moderate,0,4,1,40-54,27.0,1,4,0.7339,High
5335,61,Male,36.3,148.0,191.0,60.0,1,Moderate,0,0,0,55-69,68.0,1,0,0.4397,Medium
2320,73,Female,20.5,147.0,233.0,,1,Moderate,3,0,0,70+,67.0,0,3,0.742,High
2934,49,Male,27.0,133.0,128.0,112.0,1,Low,0,0,0,40-54,53.0,0,0,0.3598,Medium
4091,71,Female,33.1,141.0,185.0,125.0,0,High,1,1,1,70+,61.0,1,2,0.4374,Medium
3440,77,Male,18.6,157.0,206.0,92.0,0,Moderate,1,3,0,70+,77.0,0,4,0.6813,High
8833,86,Female,33.9,112.0,134.0,134.0,0,Low,3,1,1,70+,32.0,2,4,0.7946,High
8092,36,Male,17.5,110.0,199.0,103.0,0,High,0,3,0,18-39,30.0,0,3,0.1096,Low
7834,55,Female,29.8,131.0,223.0,131.0,0,Low,0,0,0,55-69,51.0,1,0,0.476,Medium
9373,19,Male,30.3,87.0,183.0,81.0,1,Moderate,1,0,0,18-39,7.0,1,1,0.1002,Low
7411,23,Male,24.8,133.0,193.0,78.0,0,High,1,0,0,18-39,53.0,0,1,0.0461,Low
3000,65,Female,29.0,118.0,218.0,122.0,1,Moderate,0,1,1,55-69,38.0,0,1,0.6039,High
6993,34,Male,20.5,139.0,139.0,140.0,0,Moderate,0,1,0,18-39,59.0,1,1,0.1479,Low
5944,64,Male,37.6,133.0,261.0,126.0,0,Low,0,2,0,55-69,53.0,3,2,0.813,High
3043,41,Male,31.6,122.0,214.0,84.0,1,High,3,1,0,40-54,42.0,1,4,0.371,Medium
4181,65,Male,27.0,142.0,146.0,102.0,0,Low,0,1,0,55-69,62.0,0,1,0.4391,Medium
9856,52,Male,,139.0,,60.0,0,Moderate,1,0,0,40-54,59.0,0,1,0.2008,Medium
3705,86,Female,29.5,140.0,186.0,111.0,0,High,0,3,0,70+,60.0,0,3,0.5954,High
9737,32,Male,28.8,85.0,154.0,107.0,1,Low,1,1,0,18-39,5.0,0,2,0.2892,Medium
6964,68,Male,15.0,117.0,137.0,89.0,0,Moderate,1,0,0,55-69,37.0,0,1,0.1434,Low
3496,56,Female,26.4,146.0,221.0,116.0,0,Low,0,3,0,55-69,66.0,0,3,0.7069,High
7308,32,Male,37.8,90.0,188.0,107.0,0,Moderate,2,0,0,18-39,10.0,1,2,0.1799,Low
6222,39,Male,15.3,112.0,166.0,116.0,0,Low,0,3,0,18-39,32.0,0,3,0.2778,Medium
6186,79,Male,24.9,141.0,197.0,113.0,0,Moderate,0,2,1,70+,61.0,0,2,0.6062,High
3596,38,Male,21.8,129.0,130.0,,0,Low,0,0,0,18-39,49.0,0,0,0.1252,Low
7774,89,Male,30.2,122.0,225.0,159.0,1,Low,3,2,1,70+,42.0,2,5,0.9681,High
3995,54,Female,35.7,131.0,160.0,98.0,0,High,0,1,0,40-54,51.0,1,1,0.1736,Low
8673,36,Male,23.2,133.0,147.0,60.0,0,Moderate,2,1,0,18-39,53.0,0,3,0.1298,Low
4980,61,Male,36.0,149.0,233.0,121.0,1,Moderate,0,1,1,55-69,69.0,1,1,0.746,High
3846,52,Male,21.4,120.0,193.0,113.0,0,Moderate,0,1,0,40-54,40.0,0,1,0.2244,Medium
9498,80,Female,27.4,147.0,281.0,91.0,0,Low,2,2,1,70+,67.0,1,4,0.886,High
637,34,Male,25.4,106.0,240.0,141.0,0,Moderate,1,0,0,18-39,26.0,1,1,0.2161,Medium
8956,35,Female,26.2,105.0,184.0,113.0,1,Moderate,0,1,0,18-39,25.0,0,1,0.2344,Medium
7129,39,Female,27.0,125.0,183.0,67.0,1,High,2,0,0,18-39,45.0,0,2,0.1442,Low
4742,51,Male,27.2,141.0,163.0,114.0,0,Low,1,0,0,40-54,61.0,0,1,0.3687,Medium
8588,60,Male,33.6,137.0,130.0,107.0,0,Moderate,1,0,0,55-69,57.0,1,1,0.2916,Medium
4266,89,Male,30.5,110.0,192.0,60.0,0,High,1,0,0,70+,30.0,1,1,0.2411,Medium
6465,27,Female,25.5,117.0,174.0,128.0,0,Moderate,0,2,0,18-39,37.0,1,2,0.171,Low
6763,27,Male,22.9,135.0,267.0,91.0,1,Moderate,0,1,0,18-39,55.0,1,1,0.304,Medium
2953,85,Female,21.3,127.0,231.0,137.0,0,Low,1,2,0,70+,47.0,1,3,0.8272,High
1953,23,Female,25.3,127.0,172.0,67.0,1,High,0,0,0,18-39,47.0,0,0,0.0493,Low
1956,46,Male,27.7,113.0,198.0,69.0,0,High,0,1,0,40-54,33.0,0,1,0.0846,Low
9807,81,Female,24.0,140.0,247.0,105.0,1,Moderate,0,0,1,70+,60.0,1,0,0.6614,High
4691,18,Female,28.2,117.0,171.0,100.0,1,Low,0,1,1,18-39,37.0,0,1,0.2295,Medium
7734,58,Male,35.5,144.0,256.0,161.0,0,Low,1,1,0,55-69,64.0,3,2,0.8285,High
8390,38,Male,26.2,133.0,209.0,127.0,0,Moderate,0,1,0,18-39,53.0,1,1,0.2539,Medium
2311,38,Male,36.4,103.0,116.0,142.0,0,Low,0,0,0,18-39,23.0,2,0,0.199,Low
6681,31,Male,27.5,101.0,136.0,92.0,0,Low,0,0,0,18-39,21.0,0,0,0.0848,Low
9978,84,Male,24.8,135.0,258.0,99.0,0,Low,1,2,1,70+,55.0,1,3,0.8306,High
9164,74,Male,31.1,116.0,200.0,138.0,0,High,1,1,0,70+,36.0,2,2,0.4257,Medium
1551,38,Male,40.6,141.0,153.0,,0,Low,3,1,0,18-39,61.0,1,4,0.5744,High
7808,56,Male,20.3,108.0,241.0,104.0,0,Moderate,1,2,0,55-69,28.0,1,3,0.39,Medium
3775,48,Female,31.1,127.0,141.0,129.0,0,Low,0,1,0,40-54,47.0,2,1,0.3521,Medium
5550,72,Female,19.9,125.0,210.0,82.0,0,Moderate,1,2,0,70+,45.0,0,3,0.4506,Medium
2099,72,Male,25.9,122.0,206.0,120.0,0,High,2,1,0,70+,42.0,0,3,0.4108,Medium
1210,87,Female,16.1,145.0,195.0,86.0,0,High,1,3,0,70+,65.0,0,4,0.4947,Medium
8404,76,Female,20.0,158.0,188.0,92.0,0,High,1,1,1,70+,78.0,0,2,0.3219,Medium
820,89,Female,25.7,163.0,146.0,100.0,0,Moderate,2,3,1,70+,83.0,0,5,0.8044,High
9181,79,Female,21.7,129.0,180.0,,1,Low,3,0,1,70+,49.0,0,3,0.7706,High
9033,64,Female,23.8,131.0,191.0,104.0,0,High,2,0,0,55-69,51.0,0,2,0.2226,Medium
8336,47,Male,27.3,137.0,161.0,138.0,0,Moderate,1,1,0,40-54,57.0,1,2,0.3407,Medium
732,48,Female,30.3,151.0,169.0,94.0,0,Moderate,0,1,0,40-54,71.0,1,1,0.2645,Medium
