customer_id,tenure_months,contract,plan,monthly_charges,logins_30d,support_tickets_90d,late_payments_12m,payment_method,discount_used,feature_adoption,churned
C100000,69,Two year,Premium,68.62,20,2,0,Cash,0,0.52,0
C100001,46,Month-to-month,Basic,27.92,9,2,0,Card,0,0.55,1
C100002,50,Month-to-month,Basic,23.78,8,1,0,Wallet,0,0.69,0
C100003,65,One year,Premium,71.78,15,0,0,Card,1,0.51,0
C100004,42,Month-to-month,Standard,48.97,15,2,1,Wallet,1,0.38,0
C100005,56,Two year,Standard,47.76,23,3,0,Cash,1,0.51,0
C100006,61,Month-to-month,Basic,25.87,11,2,0,Wallet,1,0.24,0
C100007,17,Month-to-month,Basic,22.93,4,0,0,Card,1,0.83,0
C100008,4,One year,Basic,24.8,10,1,0,Wallet,0,0.34,0
C100009,22,Month-to-month,Basic,15.0,6,0,0,Card,0,0.49,0
C100010,21,One year,Premium,63.47,18,0,1,Card,0,0.38,0
C100011,63,Month-to-month,Standard,41.08,11,1,1,Bank transfer,1,0.25,0
C100012,66,Month-to-month,Standard,45.91,12,1,2,Card,1,0.31,0
C100013,1,One year,Standard,55.54,11,3,1,Bank transfer,0,0.48,1
C100014,36,Month-to-month,Standard,47.44,8,0,0,Bank transfer,1,0.69,0
C100015,60,Two year,Basic,19.23,18,2,0,Cash,0,0.39,0
C100016,10,Month-to-month,Standard,42.21,18,1,0,Cash,1,0.23,0
C100017,58,Month-to-month,Standard,37.6,10,1,1,Bank transfer,1,0.16,0
C100018,9,Two year,Premium,74.83,10,1,1,Card,0,0.49,0
C100019,34,Month-to-month,Standard,44.55,15,1,1,Card,1,0.45,0
C100020,59,Month-to-month,Basic,24.86,4,4,2,Bank transfer,1,0.15,1
C100021,22,Month-to-month,Premium,76.69,10,0,2,Card,1,0.58,0
C100022,25,One year,Basic,31.24,12,2,0,Bank transfer,0,0.14,1
C100023,21,Month-to-month,Basic,29.13,17,1,0,Card,0,0.79,0
C100024,52,One year,Standard,38.24,7,2,1,Bank transfer,0,0.51,0
C100025,19,Two year,Premium,80.08,10,1,0,Bank transfer,1,0.58,0
C100026,72,One year,Premium,69.08,10,0,0,Card,0,0.67,0
C100027,33,One year,Standard,47.35,20,2,1,Card,0,0.3,0
C100028,35,Two year,Basic,25.65,16,0,1,Cash,0,0.12,0
C100029,37,Month-to-month,Basic,35.03,7,2,1,Wallet,0,0.65,0
C100030,42,Two year,Standard,44.49,14,0,1,Card,0,0.81,0
C100031,40,One year,Standard,44.52,14,1,1,Card,0,0.51,0
C100032,37,Month-to-month,Basic,23.46,7,0,0,Wallet,0,0.39,0
C100033,72,Month-to-month,Standard,50.18,14,0,0,Card,0,0.29,1
C100034,59,Month-to-month,Premium,76.93,12,1,0,Cash,1,0.55,0
C100035,58,Month-to-month,Basic,23.52,7,2,0,Bank transfer,1,0.33,0
C100036,51,One year,Standard,50.03,20,2,0,Card,0,0.71,0
C100037,45,One year,Standard,57.55,7,0,0,Cash,0,0.27,0
C100038,25,Month-to-month,Standard,54.72,10,0,1,Card,0,0.67,0
C100039,72,Two year,Basic,33.98,16,0,2,Wallet,0,0.09,0
C100040,34,One year,Premium,71.95,13,0,0,Card,1,0.82,0
C100041,16,Month-to-month,Basic,24.57,6,2,0,Card,1,0.33,1
C100042,61,Month-to-month,Standard,46.07,14,0,0,Wallet,0,0.4,1
C100043,12,Month-to-month,Basic,15.05,11,1,0,Wallet,0,0.74,0
C100044,62,Two year,Basic,35.29,18,2,0,Card,0,0.46,0
C100045,45,One year,Premium,66.62,14,4,0,Card,1,0.6,0
C100046,9,Month-to-month,Basic,27.49,15,3,1,Card,1,0.38,0
C100047,4,One year,Premium,67.83,12,5,0,Wallet,0,0.64,1
C100048,33,One year,Premium,75.87,13,1,0,Cash,0,0.74,0
C100049,3,One year,Standard,50.01,9,2,0,Card,0,0.8,0
C100050,11,Month-to-month,Standard,48.22,7,2,1,Card,0,0.36,0
C100051,38,Month-to-month,Basic,20.05,17,2,0,Wallet,0,0.77,1
C100052,70,Month-to-month,Premium,71.29,13,2,0,Wallet,1,0.66,0
C100053,34,Two year,Standard,50.62,14,1,1,Card,1,0.52,0
C100054,59,Month-to-month,Standard,44.76,14,3,0,Wallet,0,0.33,0
C100055,67,Month-to-month,Premium,75.83,16,1,0,Card,0,0.01,0
C100056,60,One year,Standard,50.67,16,2,1,Card,1,0.54,0
C100057,46,Month-to-month,Standard,30.3,9,3,1,Card,0,0.91,0
C100058,32,Two year,Standard,46.65,9,3,1,Card,0,0.77,0
C100059,38,Month-to-month,Standard,52.6,9,1,0,Bank transfer,1,0.42,0
C100060,20,Month-to-month,Standard,55.68,6,1,1,Cash,1,0.72,1
C100061,36,Month-to-month,Basic,29.19,10,0,0,Card,0,0.22,1
C100062,28,Month-to-month,Basic,20.82,18,1,1,Bank transfer,0,0.22,1
C100063,18,Month-to-month,Basic,30.86,17,1,0,Bank transfer,1,0.42,0
C100064,72,Month-to-month,Premium,86.21,9,1,0,Bank transfer,0,0.7,0
C100065,1,One year,Premium,71.39,14,4,0,Wallet,0,0.25,0
C100066,7,Month-to-month,Premium,70.9,8,0,0,Card,0,0.3,1
C100067,14,One year,Standard,44.27,12,2,0,Card,0,0.32,1
C100068,70,Month-to-month,Premium,72.73,9,2,0,Card,0,0.47,0
C100069,50,Month-to-month,Basic,15.0,10,1,1,Card,0,0.3,0
C100070,64,Two year,Basic,15.0,16,1,0,Wallet,0,0.12,0
C100071,15,Two year,Premium,67.43,11,2,0,Card,0,0.37,0
C100072,52,One year,Basic,21.43,11,1,2,Bank transfer,0,0.57,0
C100073,27,Two year,Basic,27.71,13,1,1,Card,0,0.75,0
C100074,36,Month-to-month,Standard,42.04,9,3,1,Card,0,0.7,1
C100075,1,Month-to-month,Premium,76.2,14,1,0,Bank transfer,1,0.4,0
C100076,45,Month-to-month,Premium,83.21,10,1,2,Card,0,0.43,1
C100077,60,Month-to-month,Basic,42.81,14,0,1,Card,0,0.65,0
C100078,48,Two year,Standard,50.31,18,3,0,Wallet,0,0.5,0
C100079,12,Month-to-month,Premium,69.39,13,1,0,Wallet,0,0.65,0
C100080,39,Month-to-month,Premium,81.01,9,2,1,Bank transfer,1,0.55,0
C100081,20,One year,Premium,75.13,10,0,0,Card,0,0.37,0
C100082,70,Month-to-month,Standard,47.17,4,1,0,Card,1,0.56,0
C100083,64,Two year,Premium,80.83,13,0,2,Card,0,0.64,0
C100084,14,Month-to-month,Standard,49.71,9,0,1,Card,0,0.66,1
C100085,37,Month-to-month,Standard,37.4,14,1,0,Wallet,0,0.35,0
C100086,68,Month-to-month,Standard,38.42,5,1,1,Bank transfer,0,0.31,0
C100087,61,Month-to-month,Standard,46.71,13,2,2,Wallet,0,0.51,0
C100088,51,One year,Standard,49.29,14,2,0,Bank transfer,0,0.1,0
C100089,47,Month-to-month,Standard,57.56,12,1,0,Wallet,0,0.16,0
C100090,4,Month-to-month,Basic,28.68,14,1,0,Card,1,0.6,1
C100091,54,One year,Premium,72.98,17,2,1,Wallet,1,0.22,0
C100092,35,One year,Standard,42.26,16,0,1,Card,0,0.05,0
C100093,7,Month-to-month,Basic,20.94,13,2,0,Wallet,1,0.43,0
C100094,18,Month-to-month,Basic,17.48,4,1,0,Card,1,0.22,1
C100095,39,Month-to-month,Premium,67.43,12,0,0,Bank transfer,0,0.39,1
C100096,53,Month-to-month,Standard,41.86,17,1,0,Card,0,0.45,1
C100097,37,Month-to-month,Premium,75.69,9,1,0,Card,0,0.33,0
C100098,45,Month-to-month,Standard,40.59,6,0,1,Card,0,0.35,0
C100099,63,Two year,Premium,75.19,15,2,1,Bank transfer,0,0.47,0
C100100,50,Month-to-month,Standard,43.46,20,3,1,Card,0,0.43,1
C100101,27,One year,Premium,73.76,12,0,0,Wallet,0,0.73,0
C100102,47,One year,Standard,42.54,21,2,1,Bank transfer,0,0.42,0
C100103,44,Month-to-month,Standard,46.81,13,1,0,Card,0,0.28,1
C100104,8,Month-to-month,Basic,25.21,12,1,0,Wallet,1,0.78,0
C100105,5,Month-to-month,Premium,59.51,13,0,1,Card,1,0.15,1
C100106,48,Month-to-month,Basic,26.66,21,1,0,Bank transfer,0,0.34,0
C100107,28,Month-to-month,Premium,75.72,11,2,2,Card,0,0.2,1
C100108,44,Two year,Standard,41.51,18,1,0,Wallet,0,0.42,0
C100109,24,Month-to-month,Premium,76.1,13,2,1,Wallet,0,0.53,0
C100110,17,Month-to-month,Standard,41.01,11,1,0,Card,1,0.38,1
C100111,11,One year,Premium,75.82,14,1,1,Card,0,0.54,0
C100112,28,Month-to-month,Standard,39.95,14,2,1,Bank transfer,0,0.81,0
C100113,59,Month-to-month,Basic,29.11,12,1,0,Bank transfer,1,0.05,0
C100114,29,Month-to-month,Premium,77.14,12,0,0,Wallet,1,0.48,1
C100115,28,Month-to-month,Premium,66.56,9,1,0,Bank transfer,0,0.28,1
C100116,42,One year,Premium,70.98,13,1,0,Card,0,0.52,0
C100117,71,Month-to-month,Standard,49.22,18,0,0,Card,0,0.38,0
C100118,29,Month-to-month,Basic,27.48,17,1,0,Card,0,0.26,1
C100119,43,One year,Basic,25.91,14,0,0,Card,0,0.73,0
C100120,32,Month-to-month,Premium,68.42,19,0,1,Card,0,0.15,0
C100121,44,Two year,Standard,41.08,15,1,0,Cash,0,0.38,0
C100122,33,Month-to-month,Standard,46.05,6,2,0,Card,0,0.64,1
C100123,46,Month-to-month,Standard,46.83,4,0,1,Bank transfer,1,0.79,0
C100124,40,Month-to-month,Premium,74.99,16,0,0,Card,0,0.8,0
C100125,49,Month-to-month,Basic,20.2,9,0,1,Bank transfer,1,0.83,0
C100126,69,One year,Basic,23.73,10,0,1,Bank transfer,0,0.62,0
C100127,11,Month-to-month,Basic,22.17,13,1,0,Card,0,0.57,0
C100128,41,Month-to-month,Premium,68.24,12,2,0,Card,1,0.43,0
C100129,32,One year,Basic,18.61,11,1,0,Wallet,0,0.4,0
C100130,26,Month-to-month,Premium,70.31,17,0,0,Cash,1,0.49,0
C100131,18,Month-to-month,Basic,16.24,9,1,0,Bank transfer,0,0.6,0
C100132,4,Month-to-month,Standard,47.83,12,0,0,Card,0,0.82,1
C100133,29,Month-to-month,Standard,49.58,10,1,0,Bank transfer,0,0.71,1
C100134,60,Month-to-month,Standard,50.27,10,2,1,Bank transfer,0,0.79,0
C100135,7,One year,Basic,20.49,17,0,0,Wallet,1,0.68,0
C100136,30,One year,Standard,40.64,22,2,2,Wallet,0,0.59,0
C100137,70,Two year,Standard,46.52,17,1,0,Wallet,0,0.31,0
C100138,69,One year,Premium,72.31,21,2,1,Card,0,0.6,0
C100139,16,Two year,Premium,73.22,16,2,0,Wallet,0,0.47,0
C100140,1,One year,Premium,73.21,12,1,0,Card,1,0.47,0
C100141,49,Month-to-month,Basic,15.6,12,2,0,Card,0,0.46,0
C100142,2,Month-to-month,Premium,82.49,18,0,0,Card,0,0.65,0
C100143,22,Month-to-month,Standard,36.62,12,1,0,Card,0,0.57,1
C100144,36,Month-to-month,Premium,65.8,8,1,0,Wallet,0,0.48,1
C100145,63,Month-to-month,Premium,79.76,7,2,0,Card,0,0.2,0
C100146,7,One year,Basic,18.6,18,1,1,Bank transfer,0,0.28,0
C100147,48,One year,Standard,51.31,23,0,0,Cash,0,0.25,0
C100148,39,One year,Standard,47.03,20,3,0,Card,1,0.42,0
C100149,10,Month-to-month,Standard,47.11,8,0,0,Wallet,0,0.31,0
C100150,61,Month-to-month,Premium,72.79,14,2,0,Bank transfer,0,0.14,1
C100151,61,Month-to-month,Basic,16.73,7,2,1,Bank transfer,0,0.09,1
C100152,35,Two year,Standard,38.07,11,1,0,Card,0,0.2,0
C100153,69,Month-to-month,Standard,45.62,12,0,0,Card,0,0.78,0
C100154,44,Month-to-month,Basic,24.38,17,2,0,Wallet,0,0.26,0
C100155,66,One year,Standard,37.94,14,1,1,Wallet,1,0.43,0
C100156,70,Month-to-month,Standard,38.33,6,0,2,Wallet,0,0.6,0
C100157,42,Two year,Basic,19.93,16,3,0,Bank transfer,1,0.5,0
C100158,21,Month-to-month,Basic,,17,1,0,Bank transfer,1,0.21,0
C100159,11,Month-to-month,Standard,47.58,7,2,1,Bank transfer,0,0.11,0
C100160,41,Month-to-month,Premium,80.29,5,3,0,Bank transfer,0,0.68,1
C100161,14,Month-to-month,Premium,72.83,12,4,0,Wallet,0,0.19,1
C100162,55,One year,Standard,53.39,13,0,0,Card,1,0.43,0
C100163,67,Month-to-month,Standard,49.21,9,0,0,Card,1,0.32,0
C100164,18,Month-to-month,Premium,83.65,20,0,2,Bank transfer,1,0.36,0
C100165,40,One year,Standard,39.89,11,0,0,Bank transfer,0,0.88,0
C100166,4,Month-to-month,Basic,28.39,12,1,2,Wallet,0,0.47,0
C100167,13,Two year,Standard,51.36,17,3,0,Card,0,0.37,0
C100168,28,One year,Basic,15.0,11,1,1,Card,0,0.22,1
C100169,64,One year,Premium,80.4,9,1,0,Wallet,1,0.16,0
C100170,70,Two year,Standard,47.42,13,1,0,Bank transfer,0,0.75,0
C100171,47,Two year,Standard,50.37,11,1,0,Card,0,0.76,0
C100172,43,Month-to-month,Premium,76.01,5,0,1,Card,1,0.34,0
C100173,42,One year,Premium,81.7,13,4,0,Wallet,0,0.45,0
C100174,5,Month-to-month,Premium,72.54,6,0,0,Bank transfer,0,0.81,1
C100175,28,Month-to-month,Premium,71.97,6,0,1,Wallet,1,0.49,1
C100176,71,Month-to-month,Standard,49.2,18,0,0,Cash,0,0.44,0
C100177,30,Month-to-month,Basic,,12,1,1,Wallet,0,0.78,0
C100178,16,Month-to-month,Basic,17.17,12,1,1,Bank transfer,0,0.88,0
C100179,18,Month-to-month,Standard,52.02,7,0,1,Card,1,0.77,0
C100180,52,One year,Basic,31.86,10,1,0,Card,0,0.22,1
C100181,3,Month-to-month,Premium,81.0,13,2,2,Bank transfer,1,0.75,1
C100182,70,Month-to-month,Basic,20.77,11,1,0,Wallet,0,0.64,0
C100183,64,Month-to-month,Standard,52.36,11,2,0,Bank transfer,0,0.37,0
C100184,41,Month-to-month,Basic,28.02,10,2,2,Bank transfer,1,0.64,0
C100185,34,One year,Standard,50.41,18,4,0,Bank transfer,1,0.57,0
C100186,55,Month-to-month,Premium,74.71,6,0,0,Cash,0,0.6,1
C100187,40,One year,Premium,72.51,11,4,0,Wallet,0,0.32,1
C100188,35,Month-to-month,Basic,20.91,9,2,1,Cash,1,0.81,1
C100189,24,Month-to-month,Premium,71.44,12,3,1,Card,0,0.47,1
C100190,33,Two year,Premium,80.23,8,1,0,Card,1,0.93,0
C100191,55,Month-to-month,Basic,20.52,5,1,0,Card,0,0.52,0
C100192,4,Month-to-month,Premium,71.43,7,0,0,Bank transfer,0,0.58,0
C100193,2,Month-to-month,Basic,26.92,8,1,0,Bank transfer,0,0.47,0
C100194,52,Month-to-month,Standard,43.48,7,2,0,Bank transfer,1,0.23,1
C100195,27,Month-to-month,Premium,63.08,16,0,0,Card,1,0.58,1
C100196,58,Two year,Basic,21.19,8,4,0,Bank transfer,0,0.77,1
C100197,3,Month-to-month,Standard,42.9,9,4,0,Wallet,0,0.19,1
C100198,66,One year,Basic,34.37,12,1,0,Card,0,0.51,0
C100199,9,Month-to-month,Standard,48.88,9,2,0,Bank transfer,0,0.22,1
C100200,30,Two year,Basic,19.2,17,3,0,Card,0,0.4,0
C100201,70,Month-to-month,Standard,38.6,9,0,0,Wallet,0,0.28,0
C100202,8,Month-to-month,Premium,72.36,15,0,1,Wallet,0,0.66,0
C100203,48,Month-to-month,Basic,26.32,13,0,1,Wallet,0,0.72,0
C100204,53,One year,Basic,20.47,15,1,1,Bank transfer,0,0.56,0
C100205,31,Month-to-month,Basic,27.54,6,1,0,Wallet,0,0.41,0
C100206,6,Month-to-month,Standard,36.84,12,1,0,Card,0,0.6,0
C100207,38,Month-to-month,Basic,26.92,14,1,0,Cash,1,0.89,0
C100208,32,One year,Basic,31.93,14,0,0,Wallet,1,0.66,0
C100209,63,Month-to-month,Standard,29.55,7,0,1,Bank transfer,0,0.61,0
C100210,50,Month-to-month,Standard,44.84,10,0,0,Card,0,0.19,0
C100211,25,One year,Basic,26.48,12,0,0,Wallet,1,0.61,0
C100212,5,One year,Standard,47.62,11,5,0,Cash,1,0.18,1
C100213,43,Month-to-month,Standard,45.59,12,2,0,Cash,0,0.52,0
C100214,21,Month-to-month,Basic,24.62,12,2,0,Card,0,0.18,0
C100215,50,Month-to-month,Basic,26.65,10,1,0,Cash,0,0.88,0
C100216,63,Month-to-month,Basic,25.64,18,2,1,Cash,0,0.84,0
C100217,26,Month-to-month,Standard,45.53,7,1,0,Wallet,1,0.45,1
C100218,66,Two year,Basic,34.16,15,1,2,Bank transfer,1,0.55,0
C100219,38,Month-to-month,Standard,50.96,10,2,0,Card,0,0.7,1
C100220,39,Two year,Standard,50.37,5,0,0,Card,1,0.14,1
C100221,56,Month-to-month,Standard,41.33,12,1,0,Wallet,0,0.13,0
C100222,57,Month-to-month,Premium,72.18,12,0,2,Card,0,0.56,0
C100223,66,Month-to-month,Basic,31.14,13,0,1,Bank transfer,0,0.52,0
C100224,72,Month-to-month,Basic,18.91,15,1,1,Card,0,0.44,0
C100225,11,Two year,Standard,50.92,13,0,0,Card,0,0.77,0
C100226,30,Two year,Basic,17.18,11,2,1,Wallet,0,0.27,0
C100227,68,Two year,Standard,57.34,14,1,0,Bank transfer,0,0.4,0
C100228,23,Month-to-month,Basic,32.2,10,1,0,Card,0,0.32,0
C100229,1,Month-to-month,Premium,71.82,16,0,2,Card,0,0.5,1
C100230,42,One year,Premium,72.32,17,0,1,Card,1,0.47,0
C100231,55,Two year,Basic,15.0,13,2,1,Card,0,0.75,0
C100232,54,Month-to-month,Standard,44.71,5,2,1,Wallet,0,0.7,0
C100233,59,Two year,Basic,31.91,14,2,1,Card,1,0.42,0
C100234,47,Month-to-month,Basic,28.54,3,1,1,Bank transfer,0,0.24,0
C100235,10,One year,Basic,23.49,12,3,1,Bank transfer,1,0.42,0
C100236,61,Month-to-month,Standard,56.89,10,0,0,Cash,0,0.47,0
C100237,31,Two year,Premium,78.21,8,2,1,Bank transfer,1,0.65,0
C100238,62,Two year,Basic,27.4,14,1,0,Card,0,0.33,0
C100239,59,Month-to-month,Premium,73.28,17,0,0,Wallet,0,0.09,0
C100240,70,Month-to-month,Standard,48.38,6,0,1,Bank transfer,0,0.41,1
C100241,2,Month-to-month,Standard,60.2,14,2,2,Card,1,0.28,1
C100242,63,Month-to-month,Premium,77.61,12,2,0,Card,1,0.63,0
C100243,46,Month-to-month,Standard,,13,0,0,Card,1,0.76,0
C100244,35,Month-to-month,Premium,76.27,15,2,0,Card,1,0.56,1
C100245,58,Month-to-month,Premium,86.1,8,0,1,Wallet,1,0.58,0
C100246,69,Month-to-month,Premium,81.91,10,0,0,Card,0,0.52,0
C100247,37,Month-to-month,Standard,42.01,8,1,0,Wallet,0,0.11,0
C100248,7,Two year,Basic,27.03,20,1,1,Wallet,1,0.4,0
C100249,53,Month-to-month,Standard,36.45,15,1,0,Bank transfer,0,0.56,0
C100250,17,Two year,Standard,48.71,19,4,0,Card,0,0.67,0
C100251,17,Month-to-month,Standard,39.91,13,1,0,Cash,0,0.27,0
C100252,14,Month-to-month,Standard,41.92,14,1,0,Cash,0,0.03,1
C100253,15,Two year,Standard,41.71,13,0,0,Bank transfer,0,0.62,0
C100254,66,Month-to-month,Basic,20.85,10,0,0,Bank transfer,1,0.68,0
C100255,27,Month-to-month,Basic,34.84,11,1,1,Card,0,0.58,1
C100256,8,Month-to-month,Premium,83.57,12,0,0,Wallet,0,0.49,1
C100257,13,Two year,Premium,73.33,12,1,0,Cash,1,0.29,0
C100258,29,Month-to-month,Standard,45.56,13,0,0,Card,0,0.41,0
C100259,25,Month-to-month,Standard,54.78,7,0,0,Wallet,0,0.75,1
C100260,23,Month-to-month,Basic,23.33,11,1,0,Bank transfer,1,0.39,0
C100261,69,Month-to-month,Premium,72.41,10,1,0,Bank transfer,0,0.47,0
C100262,63,Two year,Standard,40.08,14,0,0,Card,0,0.85,0
C100263,42,Month-to-month,Standard,54.05,13,1,0,Card,0,0.46,0
C100264,72,One year,Basic,25.95,12,0,0,Bank transfer,0,0.78,0
C100265,25,Two year,Basic,25.05,15,1,0,Card,1,0.62,0
C100266,10,Month-to-month,Standard,42.55,14,3,0,Bank transfer,0,0.58,0
C100267,20,Month-to-month,Standard,39.71,7,3,2,Bank transfer,1,0.29,0
C100268,7,Month-to-month,Premium,80.53,13,0,2,Bank transfer,0,0.37,1
C100269,69,Month-to-month,Standard,40.5,13,1,1,Cash,0,0.09,1
C100270,16,Month-to-month,Standard,41.97,13,0,1,Bank transfer,0,0.19,1
C100271,33,Month-to-month,Standard,35.24,10,0,1,Card,0,0.56,0
C100272,15,Month-to-month,Basic,18.6,8,1,1,Wallet,0,0.35,1
C100273,71,One year,Standard,41.99,13,1,0,Wallet,1,0.73,0
C100274,12,Month-to-month,Standard,42.14,9,1,0,Wallet,0,0.53,0
C100275,38,Two year,Basic,16.19,16,0,1,Cash,0,0.22,0
C100276,69,Month-to-month,Basic,21.41,13,0,1,Bank transfer,0,0.42,0
C100277,38,Month-to-month,Basic,24.17,17,0,0,Card,1,0.63,0
C100278,65,Month-to-month,Basic,15.0,15,0,0,Bank transfer,0,0.1,1
C100279,65,Month-to-month,Standard,48.34,12,1,0,Bank transfer,0,0.19,0
C100280,56,Month-to-month,Standard,43.35,6,0,1,Card,0,0.47,0
C100281,54,One year,Standard,37.15,13,0,1,Card,0,0.22,0
C100282,42,Two year,Standard,43.36,17,3,0,Card,0,0.54,0
C100283,42,Month-to-month,Basic,27.51,14,1,0,Card,0,0.39,0
C100284,60,Two year,Premium,74.91,11,1,2,Card,0,0.62,0
C100285,31,Month-to-month,Basic,25.18,8,1,0,Card,1,0.58,1
C100286,69,Month-to-month,Basic,25.0,9,2,1,Bank transfer,1,0.66,0
C100287,64,Month-to-month,Basic,28.71,16,0,1,Bank transfer,1,0.4,0
C100288,27,Two year,Premium,67.04,11,0,1,Wallet,0,0.68,0
C100289,30,Month-to-month,Standard,41.51,10,0,0,Card,0,0.67,1
C100290,52,One year,Premium,77.15,17,2,0,Card,0,0.3,0
C100291,67,Month-to-month,Basic,25.08,23,1,0,Bank transfer,0,0.76,0
C100292,7,One year,Standard,38.76,9,0,1,Card,0,0.4,0
C100293,5,Month-to-month,Standard,43.28,14,0,1,Card,0,0.55,1
C100294,18,Month-to-month,Premium,70.87,10,1,2,Wallet,0,0.27,1
C100295,31,One year,Premium,75.04,16,1,0,Bank transfer,1,0.8,0
C100296,12,Month-to-month,Standard,35.29,11,1,0,Wallet,0,0.19,0
C100297,38,Month-to-month,Standard,35.5,9,1,0,Card,1,0.55,1
C100298,39,Two year,Basic,,11,0,0,Card,0,0.13,0
C100299,69,Month-to-month,Standard,44.13,14,2,0,Card,0,0.47,0
C100300,54,Month-to-month,Standard,59.25,12,1,0,Card,1,0.59,0
C100301,19,Month-to-month,Basic,30.6,8,0,2,Wallet,1,0.82,0
C100302,57,Month-to-month,Standard,52.0,7,4,1,Cash,0,0.38,1
C100303,59,Month-to-month,Basic,24.96,11,0,0,Card,0,0.32,0
C100304,49,Month-to-month,Premium,84.14,9,2,0,Cash,0,0.28,1
C100305,49,One year,Basic,26.96,12,3,0,Card,1,0.16,0
C100306,23,Two year,Standard,45.29,8,3,1,Wallet,0,0.3,0
C100307,52,One year,Premium,81.19,14,1,0,Card,0,0.73,0
C100308,10,Month-to-month,Standard,37.84,7,1,0,Wallet,0,0.78,1
C100309,46,Month-to-month,Premium,62.18,8,1,1,Bank transfer,0,0.52,0
C100310,67,One year,Premium,67.98,11,0,1,Wallet,0,0.4,0
C100311,70,Two year,Premium,,6,0,0,Cash,1,0.28,0
C100312,22,One year,Premium,80.1,12,2,0,Card,0,0.48,0
C100313,24,Month-to-month,Standard,45.98,9,1,0,Card,0,0.53,0
C100314,45,Month-to-month,Standard,43.51,11,1,0,Card,0,0.18,0
C100315,29,Two year,Premium,73.89,9,1,1,Card,1,0.35,0
C100316,53,Month-to-month,Premium,77.14,8,1,0,Bank transfer,0,0.16,1
C100317,15,Month-to-month,Premium,69.87,20,0,0,Bank transfer,0,0.78,0
C100318,13,Two year,Basic,29.36,10,2,0,Wallet,0,0.59,0
C100319,4,Month-to-month,Basic,19.23,14,3,0,Bank transfer,0,0.27,1
C100320,34,Two year,Standard,52.69,14,0,0,Cash,0,0.55,0
C100321,16,Month-to-month,Standard,42.92,9,2,0,Bank transfer,0,0.5,0
C100322,22,Month-to-month,Standard,39.51,11,2,1,Card,1,0.25,1
C100323,66,Month-to-month,Standard,43.21,13,1,0,Bank transfer,1,0.36,0
C100324,59,One year,Basic,19.48,18,4,1,Wallet,0,0.37,0
C100325,61,Month-to-month,Standard,44.09,19,1,2,Cash,0,0.39,1
C100326,43,Two year,Premium,64.37,20,0,2,Card,0,0.32,0
C100327,9,Month-to-month,Standard,42.01,7,1,1,Card,1,0.59,1
C100328,54,Two year,Basic,25.3,20,1,0,Card,1,0.44,0
C100329,44,Month-to-month,Standard,47.1,16,1,1,Card,0,0.61,0
C100330,66,Month-to-month,Standard,42.6,14,3,1,Wallet,0,0.25,0
C100331,35,Month-to-month,Standard,51.9,14,0,1,Card,0,0.59,0
C100332,13,One year,Basic,15.02,17,1,0,Card,0,0.21,0
C100333,43,Month-to-month,Standard,43.59,6,2,1,Card,0,0.64,1
C100334,33,One year,Basic,22.03,19,0,0,Card,1,0.54,0
C100335,48,Month-to-month,Premium,74.81,7,1,0,Card,0,0.16,0
C100336,28,One year,Basic,23.32,17,0,1,Cash,0,0.36,1
C100337,23,Two year,Premium,82.9,16,2,0,Cash,0,0.75,1
C100338,10,Month-to-month,Basic,24.83,16,0,1,Card,1,0.38,1
C100339,70,Month-to-month,Basic,19.45,8,1,0,Card,0,0.62,0
C100340,55,Two year,Standard,59.35,19,1,1,Wallet,0,0.62,0
C100341,34,Two year,Basic,25.08,17,2,0,Wallet,1,0.63,0
C100342,17,Two year,Basic,23.91,14,0,0,Bank transfer,0,0.56,0
C100343,46,Month-to-month,Standard,50.01,9,1,0,Wallet,1,0.62,0
C100344,30,One year,Premium,71.37,13,1,0,Wallet,0,0.26,0
C100345,46,Month-to-month,Basic,23.53,5,0,0,Card,0,0.21,1
C100346,7,Month-to-month,Basic,29.87,10,1,1,Card,0,0.46,1
C100347,14,One year,Premium,67.94,13,2,0,Card,0,0.92,1
C100348,53,Month-to-month,Standard,42.2,12,1,0,Card,1,0.24,0
C100349,5,Month-to-month,Premium,80.33,8,0,0,Card,0,0.46,1
C100350,49,Month-to-month,Standard,55.32,8,0,1,Card,0,0.25,1
C100351,30,Month-to-month,Premium,74.38,13,1,0,Card,0,0.27,1
C100352,1,Month-to-month,Standard,44.23,12,2,0,Bank transfer,0,0.68,1
C100353,56,One year,Standard,51.19,10,2,0,Card,0,0.39,0
C100354,51,Month-to-month,Standard,36.23,14,1,0,Bank transfer,1,0.62,0
C100355,59,Two year,Basic,20.79,14,2,0,Card,0,0.73,0
C100356,65,Two year,Standard,40.21,28,1,0,Wallet,0,0.34,0
C100357,53,Two year,Basic,15.0,13,1,0,Bank transfer,0,0.66,0
C100358,61,One year,Basic,15.0,19,1,0,Card,0,0.45,0
C100359,9,Month-to-month,Standard,42.46,9,2,0,Wallet,1,0.51,1
C100360,67,Month-to-month,Premium,80.14,10,0,0,Bank transfer,0,0.36,0
C100361,66,Month-to-month,Basic,28.73,11,1,0,Cash,1,0.66,0
C100362,50,Month-to-month,Standard,52.22,10,1,0,Bank transfer,1,0.64,0
C100363,58,Month-to-month,Premium,58.9,11,2,1,Card,0,0.12,0
C100364,54,Two year,Basic,23.98,11,1,0,Bank transfer,0,0.4,0
C100365,64,Two year,Standard,52.63,19,0,0,Card,0,0.44,0
C100366,65,One year,Standard,39.77,11,0,0,Wallet,0,0.56,0
C100367,38,Month-to-month,Standard,37.23,9,4,1,Bank transfer,1,0.04,1
C100368,59,Two year,Premium,76.87,18,2,0,Bank transfer,0,0.65,0
C100369,66,Two year,Basic,24.92,14,3,0,Bank transfer,0,0.34,0
C100370,22,Month-to-month,Standard,48.56,9,1,0,Bank transfer,0,0.04,0
C100371,4,Month-to-month,Basic,24.81,13,0,1,Bank transfer,0,0.36,1
C100372,13,Month-to-month,Basic,32.1,12,2,0,Card,0,0.49,1
C100373,3,Month-to-month,Standard,48.9,12,1,1,Cash,0,0.28,0
C100374,32,Two year,Basic,26.35,12,0,0,Wallet,0,0.57,0
C100375,2,Month-to-month,Standard,42.65,16,1,2,Bank transfer,1,0.89,1
C100376,19,Month-to-month,Standard,48.98,8,0,0,Bank transfer,0,0.53,0
C100377,19,Month-to-month,Standard,,17,1,1,Cash,0,0.77,0
C100378,51,Two year,Basic,30.46,12,2,0,Bank transfer,1,0.35,0
C100379,18,Month-to-month,Standard,51.58,16,1,0,Wallet,0,0.23,1
C100380,69,One year,Basic,30.39,14,0,0,Bank transfer,1,0.64,0
C100381,14,Month-to-month,Standard,37.39,6,1,0,Card,0,0.47,1
C100382,70,One year,Standard,47.44,20,1,1,Cash,1,0.72,0
C100383,41,Two year,Basic,,12,1,0,Wallet,0,0.6,0
C100384,18,Two year,Premium,79.97,20,2,0,Card,1,0.54,0
C100385,3,Two year,Basic,15.76,12,0,1,Card,0,0.36,0
C100386,23,Month-to-month,Premium,71.36,12,0,0,Card,0,0.52,1
C100387,43,Month-to-month,Basic,24.42,16,2,2,Card,0,0.05,0
C100388,8,Month-to-month,Basic,33.04,15,1,2,Card,0,0.67,1
C100389,12,Month-to-month,Premium,71.38,9,2,1,Card,0,0.67,1
C100390,9,Month-to-month,Standard,50.11,6,0,0,Card,1,0.39,1
C100391,49,One year,Basic,25.74,16,1,1,Card,1,0.51,0
C100392,7,Month-to-month,Standard,56.2,11,3,0,Card,0,0.43,0
C100393,2,Month-to-month,Premium,76.79,9,1,0,Wallet,0,0.35,1
C100394,33,One year,Standard,35.45,10,1,0,Card,0,0.22,0
C100395,23,One year,Basic,23.26,11,0,0,Wallet,0,0.59,1
C100396,42,Two year,Basic,26.39,17,1,1,Card,0,0.1,0
C100397,68,Month-to-month,Standard,52.32,13,1,0,Bank transfer,0,0.14,0
C100398,62,Month-to-month,Basic,28.77,10,0,0,Bank transfer,1,0.51,0
C100399,39,Two year,Basic,23.24,18,1,0,Wallet,0,0.55,0
C100400,47,Month-to-month,Premium,67.47,19,1,0,Card,0,0.25,0
C100401,59,One year,Standard,45.09,14,3,0,Bank transfer,0,0.67,0
C100402,32,Month-to-month,Basic,24.18,7,1,0,Card,0,0.32,1
C100403,48,Month-to-month,Standard,52.7,12,1,0,Card,0,0.56,0
C100404,16,One year,Standard,50.34,9,1,2,Bank transfer,0,0.23,1
C100405,44,One year,Standard,36.68,15,2,2,Bank transfer,0,0.25,0
C100406,18,One year,Standard,31.29,17,0,0,Card,1,0.7,0
C100407,14,Month-to-month,Basic,22.47,14,0,0,Card,0,0.56,0
C100408,55,One year,Premium,76.49,13,0,0,Bank transfer,0,0.55,0
C100409,42,Month-to-month,Basic,19.21,10,1,0,Wallet,0,0.41,0
C100410,28,Month-to-month,Standard,41.87,10,1,0,Card,1,0.28,0
C100411,3,Month-to-month,Basic,31.88,17,1,0,Wallet,1,0.59,0
C100412,18,Month-to-month,Standard,49.23,10,0,0,Bank transfer,0,0.25,1
C100413,58,Month-to-month,Basic,15.0,13,2,0,Card,0,0.4,0
C100414,34,Month-to-month,Premium,76.95,12,2,0,Bank transfer,1,0.31,0
C100415,70,Month-to-month,Standard,45.84,15,1,1,Wallet,0,0.3,0
C100416,65,Month-to-month,Standard,43.72,5,1,1,Card,0,0.33,0
C100417,62,Month-to-month,Standard,48.23,9,0,0,Bank transfer,1,0.35,1
C100418,2,Two year,Standard,48.35,12,1,1,Card,1,0.24,0
C100419,4,Two year,Standard,59.52,20,3,0,Bank transfer,1,0.77,0
C100420,42,Month-to-month,Basic,26.26,9,1,0,Wallet,0,0.29,0
C100421,25,Month-to-month,Standard,40.62,10,3,0,Wallet,1,0.28,0
C100422,61,Month-to-month,Standard,41.99,6,2,2,Cash,0,0.15,0
C100423,23,Month-to-month,Premium,79.14,12,0,2,Wallet,0,0.58,0
C100424,12,Month-to-month,Standard,56.28,14,2,1,Card,0,0.81,1
C100425,9,Month-to-month,Basic,28.49,10,2,0,Wallet,0,0.5,0
C100426,22,Month-to-month,Standard,48.08,20,3,1,Card,0,0.52,1
C100427,46,Month-to-month,Premium,76.5,5,1,0,Card,1,0.52,1
C100428,10,One year,Basic,22.31,22,2,0,Wallet,1,0.32,0
C100429,58,Month-to-month,Basic,25.37,12,0,1,Card,0,0.26,0
C100430,22,Two year,Premium,67.81,16,0,1,Bank transfer,0,0.09,0
C100431,23,Two year,Standard,49.32,9,2,0,Wallet,0,0.65,0
C100432,48,Month-to-month,Standard,47.72,14,4,0,Card,0,0.7,0
C100433,63,One year,Standard,46.01,9,5,0,Bank transfer,0,0.12,0
C100434,32,Two year,Basic,19.89,11,0,2,Wallet,0,0.34,0
C100435,58,Month-to-month,Standard,43.4,13,0,0,Card,0,0.47,0
C100436,22,One year,Basic,21.57,15,2,0,Cash,0,0.77,0
C100437,10,Month-to-month,Standard,46.73,10,2,0,Wallet,0,0.64,0
C100438,60,Month-to-month,Basic,23.26,18,0,1,Card,1,0.31,0
C100439,56,Month-to-month,Premium,77.07,9,2,0,Bank transfer,0,0.29,0
C100440,55,Month-to-month,Standard,50.42,10,1,0,Card,1,0.88,0
C100441,64,One year,Standard,52.41,15,0,1,Bank transfer,0,0.44,0
C100442,36,Month-to-month,Basic,18.93,13,5,0,Card,0,0.62,1
C100443,15,Month-to-month,Standard,42.99,9,2,1,Wallet,1,0.63,0
C100444,43,Two year,Basic,18.52,15,2,1,Card,0,0.4,0
C100445,42,Month-to-month,Basic,32.29,8,4,1,Card,1,0.19,1
C100446,28,Month-to-month,Basic,19.96,6,0,1,Cash,0,0.17,1
C100447,46,Two year,Basic,32.89,19,1,0,Wallet,1,0.35,0
C100448,19,One year,Standard,42.01,12,0,1,Bank transfer,0,0.29,0
C100449,44,One year,Standard,51.0,13,1,0,Card,0,0.3,0
C100450,58,Month-to-month,Premium,71.78,7,0,2,Bank transfer,0,0.19,0
C100451,7,One year,Basic,23.65,13,1,0,Bank transfer,0,0.72,0
C100452,33,Month-to-month,Standard,45.69,8,2,0,Wallet,0,0.38,1
C100453,48,Month-to-month,Premium,75.49,5,1,1,Card,0,0.35,1
C100454,4,Month-to-month,Basic,24.11,16,2,1,Cash,1,0.56,1
C100455,46,Month-to-month,Basic,28.89,10,1,0,Card,0,0.13,0
C100456,66,Two year,Premium,,18,1,1,Wallet,0,0.75,0
C100457,60,One year,Basic,,12,0,1,Cash,0,0.73,0
C100458,50,Two year,Standard,42.14,14,0,0,Bank transfer,0,0.58,0
C100459,58,Month-to-month,Standard,34.09,10,0,0,Card,1,0.21,0
C100460,27,Month-to-month,Premium,75.64,13,1,2,Card,1,0.65,1
C100461,24,Month-to-month,Standard,28.3,14,0,3,Bank transfer,0,0.59,0
C100462,7,Month-to-month,Standard,48.93,2,0,2,Wallet,0,0.2,0
C100463,52,Month-to-month,Basic,28.63,13,4,1,Cash,0,0.37,0
C100464,23,Month-to-month,Premium,67.83,13,0,0,Card,0,0.55,1
C100465,63,Month-to-month,Basic,28.4,13,0,0,Wallet,0,0.5,0
C100466,34,Month-to-month,Premium,71.09,14,2,0,Cash,0,0.52,1
C100467,65,Two year,Standard,52.42,11,2,1,Card,1,0.25,0
C100468,10,Month-to-month,Standard,40.48,22,2,0,Wallet,0,0.62,1
C100469,12,Two year,Standard,40.08,15,0,0,Bank transfer,1,0.62,0
C100470,25,Month-to-month,Basic,21.13,14,3,1,Wallet,0,0.57,0
C100471,2,Month-to-month,Premium,76.39,12,1,0,Card,0,0.64,1
C100472,36,Two year,Basic,18.88,18,0,0,Bank transfer,0,0.24,0
C100473,47,Month-to-month,Premium,88.23,8,2,0,Cash,1,0.38,1
C100474,48,Month-to-month,Premium,72.8,7,1,0,Bank transfer,0,0.67,1
C100475,16,Month-to-month,Basic,35.28,8,0,2,Wallet,0,0.73,0
C100476,12,Month-to-month,Basic,23.31,16,1,0,Card,0,0.81,0
C100477,41,Month-to-month,Standard,43.12,16,4,2,Bank transfer,1,0.36,0
C100478,46,One year,Premium,70.82,11,2,0,Bank transfer,0,0.27,0
C100479,69,One year,Basic,20.52,14,2,0,Card,0,0.38,0
C100480,65,Month-to-month,Premium,77.56,5,1,1,Card,0,0.69,0
C100481,28,Month-to-month,Premium,82.03,3,1,0,Card,0,0.54,1
C100482,12,Month-to-month,Standard,45.62,7,0,0,Bank transfer,0,0.69,0
C100483,19,Two year,Premium,69.74,18,1,1,Card,0,0.07,0
C100484,64,Month-to-month,Premium,76.24,12,1,1,Bank transfer,1,0.66,0
C100485,33,Month-to-month,Basic,20.34,14,4,0,Card,0,0.49,1
C100486,72,One year,Premium,59.24,10,2,0,Card,0,0.26,0
C100487,48,Month-to-month,Premium,75.72,12,0,0,Bank transfer,0,0.41,0
C100488,43,Two year,Standard,34.73,17,4,2,Bank transfer,1,0.61,0
C100489,8,Two year,Basic,21.27,18,1,0,Card,1,0.08,0
C100490,43,Month-to-month,Premium,75.3,9,2,1,Bank transfer,0,0.55,0
C100491,28,One year,Standard,42.63,17,2,1,Card,0,0.42,0
C100492,61,Month-to-month,Standard,43.44,14,3,0,Card,1,0.36,0
C100493,10,Two year,Basic,34.08,20,3,0,Bank transfer,0,0.15,0
C100494,14,Month-to-month,Premium,80.6,19,2,0,Wallet,0,0.65,1
C100495,48,Month-to-month,Basic,33.89,10,0,0,Bank transfer,0,0.57,0
C100496,49,Month-to-month,Premium,76.24,12,0,0,Card,0,0.65,0
C100497,60,Month-to-month,Standard,46.32,15,0,0,Card,1,0.45,0
C100498,38,Month-to-month,Standard,55.37,15,1,0,Card,0,0.12,1
C100499,28,Two year,Premium,71.31,12,1,0,Wallet,1,0.56,0
C100500,23,One year,Basic,,13,3,0,Cash,0,0.46,1
C100501,27,One year,Basic,25.77,12,3,0,Wallet,0,0.68,0
C100502,48,One year,Basic,26.71,15,2,0,Card,1,0.48,0
C100503,39,Month-to-month,Standard,48.49,15,0,1,Cash,0,0.51,0
C100504,22,Two year,Basic,25.69,15,2,0,Wallet,0,0.15,0
C100505,16,One year,Premium,79.74,13,2,1,Card,0,0.93,0
C100506,52,Month-to-month,Premium,,11,2,1,Wallet,0,0.59,1
C100507,18,Month-to-month,Standard,47.9,11,2,0,Bank transfer,1,0.43,1
C100508,16,Month-to-month,Basic,18.87,9,3,0,Bank transfer,1,0.35,0
C100509,24,Month-to-month,Basic,31.3,11,0,0,Bank transfer,0,0.6,1
C100510,62,Month-to-month,Standard,,9,2,0,Cash,0,0.65,0
C100511,33,Month-to-month,Premium,73.75,8,3,0,Card,1,0.18,1
C100512,43,Two year,Premium,71.98,15,1,0,Card,0,0.2,0
C100513,6,Month-to-month,Premium,74.8,7,1,0,Card,1,0.24,1
C100514,25,Month-to-month,Basic,,12,1,0,Card,1,0.38,0
C100515,55,Month-to-month,Standard,36.1,16,1,1,Card,1,0.16,0
C100516,56,One year,Standard,39.07,11,2,1,Bank transfer,0,0.23,0
C100517,42,One year,Standard,50.44,13,0,0,Wallet,0,0.72,0
C100518,64,Month-to-month,Standard,43.68,7,1,0,Bank transfer,0,0.69,0
C100519,22,Two year,Basic,17.42,15,2,0,Card,0,0.62,0
C100520,12,Month-to-month,Basic,15.0,8,0,0,Wallet,1,0.85,0
C100521,6,Month-to-month,Standard,42.33,20,3,0,Card,0,0.47,0
C100522,15,One year,Basic,15.0,15,0,0,Cash,1,0.55,0
C100523,55,Month-to-month,Premium,75.65,15,0,0,Card,0,0.8,0
C100524,66,Two year,Standard,44.43,14,2,0,Wallet,1,0.48,0
C100525,10,Month-to-month,Basic,35.65,12,1,0,Bank transfer,0,0.6,0
C100526,37,Month-to-month,Standard,37.57,4,0,1,Bank transfer,0,0.4,0
C100527,10,One year,Premium,78.6,14,2,1,Cash,1,0.9,0
C100528,61,Two year,Standard,37.88,13,2,1,Wallet,0,0.8,0
C100529,10,Two year,Basic,18.84,17,1,0,Wallet,0,0.52,0
C100530,47,Month-to-month,Premium,73.65,8,2,0,Card,0,0.65,0
C100531,6,Month-to-month,Standard,39.92,10,1,0,Card,1,0.69,1
C100532,54,Month-to-month,Standard,55.5,16,1,0,Card,0,0.3,0
C100533,66,One year,Standard,44.53,20,0,0,Cash,0,0.61,0
C100534,53,Month-to-month,Premium,70.45,13,0,0,Bank transfer,0,0.56,1
C100535,20,Two year,Standard,58.34,9,0,1,Bank transfer,1,0.21,0
C100536,61,One year,Standard,,16,0,0,Card,0,0.59,0
C100537,23,Month-to-month,Basic,22.64,6,0,3,Bank transfer,0,0.44,1
C100538,55,Month-to-month,Premium,73.59,6,1,0,Card,1,0.5,0
C100539,60,Month-to-month,Premium,70.27,9,1,0,Bank transfer,1,0.32,0
C100540,35,Two year,Basic,28.33,14,0,1,Card,0,0.42,0
C100541,45,Month-to-month,Basic,31.76,7,0,0,Cash,0,0.36,1
C100542,62,One year,Basic,17.27,19,2,0,Bank transfer,0,0.23,0
C100543,14,Two year,Premium,71.95,14,1,1,Wallet,1,0.21,0
C100544,2,Month-to-month,Standard,42.58,13,3,0,Cash,0,0.98,0
C100545,32,Two year,Standard,36.61,13,1,0,Wallet,1,0.61,0
C100546,14,Month-to-month,Premium,67.08,12,1,1,Bank transfer,0,0.58,0
C100547,64,Month-to-month,Premium,72.59,12,2,0,Bank transfer,0,0.6,0
C100548,63,Month-to-month,Standard,39.49,8,1,0,Wallet,0,0.4,0
C100549,28,One year,Standard,46.56,15,1,0,Card,1,0.42,0
C100550,23,Month-to-month,Standard,,6,1,0,Bank transfer,0,0.74,0
C100551,52,Two year,Standard,45.81,3,1,0,Bank transfer,0,0.57,0
C100552,33,Month-to-month,Premium,76.39,12,4,0,Card,1,0.35,1
C100553,7,One year,Premium,69.36,14,1,0,Wallet,0,0.77,0
C100554,48,Month-to-month,Basic,21.21,10,0,1,Wallet,1,0.4,1
C100555,53,One year,Premium,76.98,13,2,1,Card,0,0.28,1
C100556,6,One year,Basic,28.04,12,2,0,Card,0,0.16,0
C100557,56,Month-to-month,Basic,24.19,13,1,0,Wallet,1,0.58,0
C100558,39,Month-to-month,Standard,47.87,12,1,0,Bank transfer,0,0.12,0
C100559,60,Two year,Basic,23.24,14,0,2,Card,0,0.59,0
C100560,62,Two year,Basic,17.92,16,2,0,Cash,1,0.76,0
C100561,49,Month-to-month,Basic,26.49,8,3,0,Bank transfer,0,0.69,0
C100562,25,Month-to-month,Premium,72.23,10,2,0,Cash,1,0.25,1
C100563,27,Two year,Standard,34.8,17,0,2,Card,0,0.77,0
C100564,53,Month-to-month,Basic,29.57,17,2,1,Wallet,0,0.7,1
C100565,5,Two year,Standard,46.91,12,1,0,Wallet,0,0.28,0
C100566,17,One year,Standard,48.91,13,1,1,Card,1,0.19,1
C100567,38,Month-to-month,Premium,71.94,10,0,1,Card,0,0.48,0
C100568,68,Two year,Basic,33.29,17,1,0,Wallet,1,0.18,0
C100569,55,Month-to-month,Basic,27.46,8,2,1,Bank transfer,0,0.34,1
C100570,59,One year,Premium,80.35,18,2,1,Card,0,0.68,0
C100571,14,Two year,Premium,70.9,13,1,0,Card,0,0.42,0
C100572,21,One year,Standard,42.88,8,0,1,Card,0,0.63,0
C100573,20,Two year,Basic,32.12,22,4,0,Cash,0,0.29,0
C100574,54,Month-to-month,Basic,24.53,3,1,0,Card,0,0.13,0
C100575,39,Month-to-month,Premium,74.83,12,0,0,Card,0,0.51,0
C100576,16,One year,Premium,83.32,15,0,1,Cash,1,0.76,1
C100577,54,Month-to-month,Basic,31.39,6,0,0,Wallet,0,0.56,0
C100578,46,One year,Standard,46.02,17,0,0,Card,1,0.5,0
C100579,65,Month-to-month,Standard,55.74,12,1,2,Card,0,0.39,0
C100580,41,One year,Basic,16.09,16,0,0,Card,0,0.53,0
C100581,10,Two year,Basic,24.32,13,0,1,Card,0,0.5,0
C100582,64,One year,Basic,21.51,12,2,2,Cash,1,0.68,0
C100583,14,Two year,Premium,83.23,24,1,2,Card,0,0.54,0
C100584,4,One year,Standard,53.83,12,2,0,Card,0,0.56,1
C100585,58,Two year,Basic,21.94,17,1,1,Card,1,0.14,0
C100586,33,Month-to-month,Basic,25.56,13,1,0,Cash,0,0.29,1
C100587,47,Month-to-month,Standard,50.14,14,0,0,Wallet,0,0.65,0
C100588,10,One year,Premium,77.74,16,1,0,Bank transfer,1,0.49,0
C100589,52,Month-to-month,Basic,26.27,17,0,0,Card,1,0.23,0
C100590,30,Two year,Premium,80.49,11,0,0,Bank transfer,0,0.52,0
C100591,72,Month-to-month,Basic,35.96,9,0,0,Bank transfer,1,0.64,0
C100592,46,One year,Basic,25.44,16,1,0,Card,0,0.31,0
C100593,68,Month-to-month,Standard,38.38,9,0,1,Card,0,0.09,1
C100594,58,One year,Basic,24.13,16,2,0,Card,1,0.44,0
C100595,61,Two year,Standard,44.54,18,1,2,Card,1,0.66,0
C100596,7,Two year,Standard,42.58,11,1,1,Card,1,0.49,1
C100597,56,Month-to-month,Basic,28.79,18,0,0,Card,0,0.28,0
C100598,44,Month-to-month,Premium,78.98,11,2,1,Bank transfer,0,0.72,0
C100599,29,Month-to-month,Standard,49.98,8,3,0,Bank transfer,0,0.59,1
C100600,23,Month-to-month,Premium,77.52,9,1,0,Card,0,0.42,1
C100601,47,Month-to-month,Standard,46.28,3,2,0,Bank transfer,1,0.65,1
C100602,15,Two year,Basic,18.89,18,2,1,Cash,1,0.78,0
C100603,14,Two year,Standard,42.81,13,2,1,Bank transfer,1,0.17,0
C100604,63,Month-to-month,Standard,39.83,2,2,0,Card,1,0.74,0
C100605,55,One year,Standard,46.62,17,1,1,Bank transfer,0,0.93,0
C100606,43,Two year,Premium,74.1,22,1,0,Bank transfer,0,0.21,0
C100607,55,Month-to-month,Basic,,10,2,1,Bank transfer,1,0.22,0
C100608,24,Two year,Premium,77.8,12,0,1,Bank transfer,1,0.28,0
C100609,52,One year,Standard,43.1,19,2,1,Bank transfer,0,0.25,0
C100610,15,Two year,Basic,30.9,12,1,0,Wallet,0,0.12,0
C100611,33,Month-to-month,Standard,50.78,19,0,0,Card,0,0.63,0
C100612,11,Two year,Premium,69.37,9,3,0,Card,1,0.45,0
C100613,28,Two year,Standard,52.29,12,3,0,Card,0,0.4,1
C100614,25,Month-to-month,Basic,22.85,11,3,0,Wallet,0,0.15,1
C100615,31,One year,Basic,20.63,9,3,0,Cash,0,0.72,0
C100616,35,Month-to-month,Standard,42.98,17,2,1,Card,0,0.58,0
C100617,3,One year,Premium,67.51,20,0,0,Cash,0,0.38,1
C100618,25,One year,Standard,46.73,25,1,1,Bank transfer,0,0.26,1
C100619,61,One year,Standard,51.68,10,1,0,Cash,0,0.84,0
C100620,32,Two year,Basic,16.11,13,0,0,Card,1,0.58,0
C100621,40,Month-to-month,Basic,27.22,9,1,0,Card,1,0.24,0
C100622,8,Month-to-month,Premium,78.11,16,0,0,Wallet,0,0.53,0
C100623,28,Two year,Basic,28.55,19,1,0,Wallet,1,0.36,0
C100624,70,Month-to-month,Standard,48.46,8,5,1,Bank transfer,0,0.48,1
C100625,40,Month-to-month,Standard,47.27,14,0,0,Card,0,0.42,0
C100626,2,Month-to-month,Standard,42.12,14,1,2,Card,0,0.49,1
C100627,52,One year,Premium,79.88,15,1,2,Card,1,0.79,0
C100628,56,Month-to-month,Standard,46.69,9,1,1,Bank transfer,1,0.72,0
C100629,28,Two year,Basic,29.34,8,1,1,Card,0,0.67,0
C100630,3,One year,Standard,46.56,18,2,2,Card,0,0.23,0
C100631,60,Two year,Standard,43.29,15,3,0,Bank transfer,0,0.47,0
C100632,19,One year,Basic,24.52,11,2,0,Card,0,0.24,0
C100633,67,Two year,Premium,78.26,7,2,1,Bank transfer,0,0.62,0
C100634,27,Month-to-month,Standard,50.72,8,3,1,Card,1,0.38,0
C100635,28,Month-to-month,Premium,63.87,10,1,0,Cash,0,0.38,1
C100636,58,One year,Premium,67.48,15,2,0,Cash,0,0.07,0
C100637,10,One year,Basic,15.46,17,1,0,Wallet,0,0.44,0
C100638,3,One year,Basic,21.74,16,0,0,Bank transfer,0,0.77,0
C100639,55,Two year,Premium,70.95,15,0,0,Card,0,0.44,0
C100640,67,Month-to-month,Basic,25.91,11,2,0,Bank transfer,0,0.46,0
C100641,72,Month-to-month,Premium,73.04,15,0,0,Card,0,0.53,0
C100642,10,One year,Premium,82.37,10,2,0,Cash,0,0.54,0
C100643,11,One year,Premium,71.25,13,1,1,Card,0,0.51,0
C100644,25,Month-to-month,Standard,40.71,11,0,0,Bank transfer,0,0.54,0
C100645,52,Month-to-month,Standard,40.07,4,3,0,Cash,1,0.43,1
C100646,66,Month-to-month,Premium,73.05,14,1,1,Card,1,0.55,0
C100647,60,Month-to-month,Standard,45.69,20,0,3,Bank transfer,0,0.47,0
C100648,27,Month-to-month,Basic,22.0,10,3,0,Bank transfer,1,0.43,1
C100649,67,Month-to-month,Standard,39.48,14,0,0,Card,0,0.21,0
C100650,19,Month-to-month,Basic,16.97,12,1,0,Card,0,0.6,1
C100651,9,Month-to-month,Basic,25.8,8,0,0,Card,0,0.61,1
C100652,32,Month-to-month,Standard,41.62,9,0,0,Bank transfer,0,0.47,1
C100653,7,Month-to-month,Premium,69.13,16,0,0,Wallet,0,0.77,1
C100654,49,Month-to-month,Standard,43.2,9,3,1,Bank transfer,1,0.87,0
C100655,72,Month-to-month,Standard,46.64,10,0,1,Card,0,0.38,1
C100656,8,Two year,Premium,86.43,14,2,2,Card,0,0.66,1
C100657,9,Two year,Standard,54.02,12,3,0,Card,1,0.26,0
C100658,13,Month-to-month,Basic,19.66,4,0,0,Wallet,0,0.55,0
C100659,13,Month-to-month,Basic,22.17,8,3,1,Card,0,0.23,1
C100660,39,Month-to-month,Standard,33.57,11,1,2,Bank transfer,0,0.64,0
C100661,42,One year,Basic,15.0,16,0,0,Bank transfer,1,0.3,0
C100662,69,Month-to-month,Standard,34.18,9,1,0,Wallet,1,0.48,0
C100663,33,One year,Basic,29.92,14,1,0,Card,0,0.59,0
C100664,67,One year,Standard,43.85,16,1,0,Bank transfer,0,0.55,1
C100665,55,One year,Basic,16.33,18,4,1,Cash,1,0.36,1
C100666,62,Two year,Basic,20.87,19,0,0,Cash,0,0.6,0
C100667,14,Month-to-month,Standard,,15,1,0,Card,1,0.6,0
C100668,33,Month-to-month,Premium,70.93,16,2,1,Card,0,0.32,1
C100669,66,Month-to-month,Standard,53.07,9,1,2,Wallet,1,0.42,0
C100670,55,Month-to-month,Basic,15.0,14,1,0,Card,0,0.53,0
C100671,16,One year,Standard,42.11,15,1,0,Cash,0,0.35,0
C100672,61,Month-to-month,Standard,46.1,3,3,0,Bank transfer,1,0.32,0
C100673,56,Month-to-month,Premium,77.44,2,2,1,Cash,0,0.46,1
C100674,11,Month-to-month,Basic,15.0,5,0,0,Bank transfer,0,0.8,0
C100675,5,Month-to-month,Premium,75.76,9,2,0,Bank transfer,0,0.22,1
C100676,19,Month-to-month,Basic,17.5,8,1,0,Bank transfer,1,0.52,1
C100677,35,Month-to-month,Premium,71.39,13,1,0,Cash,0,0.59,1
C100678,12,Two year,Basic,15.62,19,2,1,Wallet,0,0.54,0
C100679,3,Month-to-month,Standard,49.1,11,0,0,Card,0,0.25,0
C100680,8,One year,Standard,62.48,22,0,0,Wallet,1,0.59,1
C100681,23,Month-to-month,Standard,50.48,10,4,0,Card,0,0.45,1
C100682,29,Month-to-month,Basic,23.0,16,4,0,Wallet,0,0.69,0
C100683,23,Month-to-month,Premium,64.68,11,0,0,Card,0,0.87,0
C100684,33,Month-to-month,Premium,79.68,5,3,0,Cash,0,0.43,0
C100685,52,One year,Standard,51.55,12,1,1,Wallet,0,0.56,0
C100686,18,Month-to-month,Basic,18.42,17,2,1,Cash,1,0.7,0
C100687,33,Month-to-month,Basic,30.09,10,0,1,Card,1,0.61,1
C100688,53,Two year,Premium,64.47,20,3,0,Bank transfer,0,0.73,0
C100689,5,Two year,Standard,37.42,12,1,0,Card,1,0.46,0
C100690,68,Month-to-month,Standard,45.54,15,3,1,Bank transfer,0,0.64,1
C100691,72,Month-to-month,Premium,66.75,14,1,1,Bank transfer,0,0.57,0
C100692,21,One year,Standard,49.04,10,2,0,Wallet,0,0.51,0
C100693,64,Month-to-month,Standard,52.88,4,0,1,Wallet,1,0.78,0
C100694,19,Month-to-month,Basic,25.09,6,1,0,Cash,0,0.77,0
C100695,66,Month-to-month,Basic,27.55,11,2,1,Bank transfer,0,0.42,1
C100696,48,Two year,Basic,33.9,12,0,0,Card,0,0.2,0
C100697,18,Month-to-month,Basic,27.72,12,0,0,Card,1,0.65,0
C100698,5,Two year,Standard,52.24,19,1,0,Bank transfer,0,0.39,0
C100699,29,Month-to-month,Premium,82.98,15,0,1,Card,0,0.8,0
C100700,54,Month-to-month,Basic,18.8,7,1,0,Cash,0,0.57,1
C100701,17,Month-to-month,Standard,57.32,10,3,0,Wallet,0,0.51,1
C100702,38,Two year,Standard,51.58,10,0,0,Card,1,0.69,0
C100703,9,Two year,Premium,75.72,16,3,1,Wallet,0,0.76,0
C100704,31,Month-to-month,Premium,79.57,3,2,2,Card,0,0.46,0
C100705,3,Month-to-month,Standard,46.68,8,4,0,Bank transfer,0,0.32,1
C100706,72,Month-to-month,Standard,46.19,14,1,0,Card,0,0.36,0
C100707,37,One year,Standard,39.18,14,0,0,Card,1,0.57,0
C100708,61,Month-to-month,Standard,42.59,9,1,2,Card,0,0.84,0
C100709,9,Two year,Premium,73.0,18,1,0,Card,1,0.14,0
C100710,13,Month-to-month,Premium,81.12,9,0,0,Card,0,0.75,1
C100711,13,Two year,Basic,27.65,12,2,0,Card,0,0.5,1
C100712,41,Month-to-month,Standard,47.24,6,3,0,Wallet,0,0.48,1
C100713,62,One year,Basic,24.27,7,2,0,Card,0,0.13,0
C100714,44,Month-to-month,Basic,32.14,14,2,1,Card,0,0.47,0
C100715,35,Month-to-month,Standard,30.95,13,3,0,Card,0,0.68,0
C100716,68,Month-to-month,Standard,39.73,10,0,2,Cash,0,0.56,0
C100717,14,One year,Standard,50.36,13,2,1,Bank transfer,0,0.57,0
C100718,12,Month-to-month,Standard,,11,0,0,Card,0,0.24,0
C100719,49,Month-to-month,Standard,48.61,13,1,0,Card,0,0.14,0
C100720,62,Two year,Standard,53.99,11,2,0,Card,0,0.26,0
C100721,20,Month-to-month,Basic,29.52,9,4,0,Card,1,0.48,1
C100722,19,Month-to-month,Standard,36.53,11,0,1,Wallet,1,0.5,0
C100723,38,Month-to-month,Premium,73.65,9,1,0,Wallet,0,0.59,0
C100724,57,One year,Standard,,13,0,1,Cash,0,0.8,0
C100725,21,Two year,Standard,47.65,16,2,0,Card,1,0.09,0
C100726,60,Month-to-month,Basic,30.87,8,0,1,Bank transfer,0,0.24,0
C100727,38,Month-to-month,Standard,43.58,6,3,1,Bank transfer,1,0.51,0
C100728,51,Month-to-month,Standard,47.87,1,1,0,Card,0,0.1,1
C100729,46,Month-to-month,Standard,43.81,12,1,1,Card,0,0.23,0
C100730,35,Month-to-month,Standard,55.92,12,0,0,Bank transfer,0,0.21,0
C100731,39,Month-to-month,Standard,45.71,10,2,0,Wallet,0,0.54,0
C100732,72,Month-to-month,Basic,26.27,21,2,0,Card,0,0.29,0
C100733,29,Two year,Premium,78.19,10,0,0,Card,1,0.75,1
C100734,69,Month-to-month,Premium,80.99,15,0,1,Card,0,0.49,0
C100735,57,Month-to-month,Standard,48.93,6,0,0,Card,0,0.72,0
C100736,14,Month-to-month,Standard,44.81,9,2,0,Wallet,0,0.56,1
C100737,63,Month-to-month,Premium,75.29,8,4,1,Card,0,0.55,0
C100738,28,Two year,Premium,77.88,11,1,1,Cash,0,0.66,0
C100739,13,Month-to-month,Basic,28.35,15,3,2,Card,0,0.56,1
C100740,19,Month-to-month,Premium,72.84,12,1,0,Card,0,0.48,0
C100741,10,Two year,Basic,21.69,20,2,0,Wallet,0,0.62,0
C100742,25,Month-to-month,Premium,73.64,10,0,0,Wallet,0,0.4,0
C100743,9,Month-to-month,Basic,27.63,12,0,2,Bank transfer,0,0.81,1
C100744,40,Two year,Premium,72.44,12,1,1,Card,0,0.41,0
C100745,71,Month-to-month,Standard,38.83,10,0,0,Card,1,0.55,0
C100746,70,Two year,Premium,73.08,12,4,0,Bank transfer,0,0.68,0
C100747,68,Month-to-month,Basic,22.19,9,3,0,Bank transfer,0,0.13,0
C100748,18,One year,Standard,48.45,15,0,0,Bank transfer,1,0.39,0
C100749,17,Month-to-month,Basic,22.06,13,0,1,Wallet,0,0.39,1
C100750,49,Month-to-month,Standard,42.67,9,2,1,Card,1,0.7,0
C100751,70,Two year,Basic,35.68,19,2,0,Card,1,0.69,0
C100752,60,Two year,Standard,47.55,12,0,0,Card,0,0.07,0
C100753,15,Month-to-month,Standard,39.73,6,1,1,Bank transfer,1,0.79,0
C100754,54,One year,Premium,81.85,15,1,2,Card,1,0.64,0
C100755,37,Month-to-month,Standard,42.92,5,3,0,Card,1,0.24,0
C100756,32,Month-to-month,Standard,40.38,11,3,0,Card,0,0.67,1
C100757,36,Month-to-month,Basic,28.7,10,2,0,Cash,1,0.19,1
C100758,40,One year,Standard,36.96,10,0,0,Bank transfer,0,0.73,0
C100759,66,One year,Standard,44.63,28,3,1,Wallet,0,0.36,0
C100760,58,One year,Basic,28.21,14,0,1,Bank transfer,0,0.82,0
C100761,3,One year,Standard,49.26,10,0,1,Wallet,0,0.45,0
C100762,55,Month-to-month,Basic,22.01,9,1,0,Wallet,0,0.64,0
C100763,23,Month-to-month,Standard,42.17,13,1,0,Wallet,0,0.17,0
C100764,25,Month-to-month,Basic,24.53,6,2,0,Card,0,0.33,1
C100765,44,Month-to-month,Standard,51.91,12,1,2,Card,0,0.63,0
C100766,71,Two year,Premium,64.8,10,1,0,Card,0,0.8,0
C100767,5,Month-to-month,Basic,29.68,18,2,1,Card,0,0.62,1
C100768,37,One year,Standard,46.72,14,1,0,Card,1,0.42,0
C100769,18,Two year,Basic,32.8,17,2,0,Card,1,0.87,0
C100770,66,Two year,Standard,38.64,19,2,0,Cash,0,0.79,0
C100771,34,One year,Standard,51.58,13,1,1,Card,1,0.99,0
C100772,62,One year,Standard,40.08,16,1,0,Card,0,0.21,0
C100773,64,Month-to-month,Standard,46.73,16,1,1,Card,0,0.8,0
C100774,8,One year,Premium,72.79,13,0,0,Bank transfer,0,0.58,1
C100775,55,Month-to-month,Basic,15.0,8,1,0,Bank transfer,1,0.05,0
C100776,57,One year,Standard,44.69,8,0,0,Card,1,0.67,1
C100777,60,Month-to-month,Basic,27.26,11,1,0,Bank transfer,0,0.67,0
C100778,72,Two year,Basic,29.94,10,1,0,Cash,0,0.24,0
C100779,55,Month-to-month,Standard,41.44,13,2,0,Bank transfer,0,0.6,0
C100780,61,One year,Standard,38.39,20,0,0,Card,0,0.38,0
C100781,51,Two year,Standard,49.06,15,0,1,Cash,0,0.4,0
C100782,22,Month-to-month,Standard,43.0,12,3,1,Bank transfer,0,0.53,0
C100783,62,Two year,Basic,30.99,17,1,0,Card,0,0.85,0
C100784,51,One year,Standard,53.15,21,2,0,Wallet,1,0.24,0
C100785,50,One year,Premium,73.71,12,0,0,Card,0,0.25,1
C100786,71,Month-to-month,Premium,74.07,11,0,3,Card,0,0.25,1
C100787,53,Month-to-month,Basic,20.93,12,0,0,Card,1,0.39,0
C100788,25,Month-to-month,Standard,33.5,10,0,1,Bank transfer,1,0.33,1
C100789,22,Month-to-month,Standard,45.01,10,0,0,Card,1,0.59,0
C100790,24,One year,Standard,49.19,19,2,0,Wallet,1,0.51,0
C100791,13,One year,Premium,81.09,15,1,1,Bank transfer,0,0.32,1
C100792,6,One year,Basic,24.93,19,2,0,Card,0,0.38,0
C100793,55,Month-to-month,Premium,85.59,10,3,0,Card,1,0.13,1
C100794,57,Month-to-month,Standard,42.07,17,0,1,Card,0,0.79,0
C100795,12,One year,Premium,74.92,20,1,1,Card,1,0.55,0
C100796,29,Two year,Premium,71.96,10,0,1,Card,1,0.27,0
C100797,67,Month-to-month,Standard,42.55,13,0,2,Wallet,0,0.82,0
C100798,61,Month-to-month,Premium,73.48,19,2,0,Wallet,1,0.05,1
C100799,43,Month-to-month,Standard,41.14,14,2,0,Card,0,0.66,1
C100800,70,Two year,Basic,22.67,13,1,0,Wallet,1,0.33,0
C100801,24,Month-to-month,Basic,26.68,3,2,1,Card,1,0.36,1
C100802,61,Two year,Standard,45.7,15,2,1,Cash,0,0.59,0
C100803,68,One year,Premium,69.12,13,2,1,Card,0,0.62,0
C100804,43,Month-to-month,Basic,27.96,11,1,1,Wallet,0,0.63,0
C100805,12,One year,Premium,70.42,15,3,0,Wallet,0,0.8,0
C100806,22,Month-to-month,Basic,27.67,8,0,0,Wallet,1,0.14,0
C100807,38,One year,Premium,75.49,13,2,1,Bank transfer,1,0.44,0
C100808,21,Month-to-month,Standard,34.13,10,2,0,Card,1,0.9,1
C100809,7,Two year,Standard,39.17,17,1,0,Card,0,0.59,0
C100810,13,Month-to-month,Standard,50.5,13,1,0,Bank transfer,0,0.87,0
C100811,70,Two year,Standard,41.41,8,2,0,Card,0,0.05,0
C100812,28,One year,Standard,41.34,16,0,0,Wallet,1,0.69,0
C100813,42,Month-to-month,Standard,42.61,11,2,3,Card,0,0.33,0
C100814,32,Two year,Premium,75.73,12,1,1,Bank transfer,1,0.41,0
C100815,58,Month-to-month,Premium,78.37,15,1,1,Bank transfer,0,0.4,1
C100816,8,Two year,Premium,73.41,18,0,0,Card,0,0.67,0
C100817,21,Two year,Standard,54.72,13,2,0,Card,0,0.23,0
C100818,43,Two year,Basic,21.84,19,3,1,Bank transfer,1,0.59,0
C100819,58,One year,Standard,42.44,14,1,0,Cash,0,0.59,0
C100820,34,One year,Premium,74.04,8,1,0,Wallet,0,0.61,0
C100821,51,Two year,Standard,46.05,12,2,1,Cash,0,0.21,0
C100822,58,Month-to-month,Basic,33.44,15,2,1,Wallet,1,0.47,0
C100823,47,Two year,Premium,88.5,14,4,1,Cash,1,0.6,0
C100824,59,One year,Premium,73.15,19,1,1,Cash,0,0.54,0
C100825,69,Two year,Standard,44.13,13,3,0,Bank transfer,0,0.49,0
C100826,16,Month-to-month,Standard,48.72,4,2,1,Bank transfer,0,0.59,1
C100827,32,One year,Standard,44.41,8,0,1,Card,0,0.4,0
C100828,17,Month-to-month,Standard,50.02,6,0,1,Card,0,0.42,1
C100829,30,Month-to-month,Standard,39.03,10,2,0,Wallet,0,0.44,0
C100830,1,Month-to-month,Standard,49.98,16,0,0,Bank transfer,0,0.4,1
C100831,50,One year,Standard,32.62,14,0,1,Card,0,0.17,1
C100832,17,Month-to-month,Basic,28.11,4,1,1,Card,1,0.12,0
C100833,61,Two year,Premium,,13,2,0,Bank transfer,1,0.48,0
C100834,52,Month-to-month,Premium,89.32,12,5,1,Card,0,0.62,1
C100835,25,Month-to-month,Basic,19.88,10,1,0,Card,0,0.14,0
C100836,33,Two year,Premium,79.07,13,0,1,Cash,1,0.58,0
C100837,49,Month-to-month,Standard,48.81,14,0,0,Cash,0,0.68,0
C100838,31,Month-to-month,Basic,19.69,14,0,0,Wallet,0,0.65,0
C100839,16,One year,Basic,26.57,11,0,0,Card,1,0.56,0
C100840,4,Month-to-month,Basic,20.25,10,2,1,Card,0,0.45,1
C100841,40,Two year,Standard,38.41,17,0,1,Bank transfer,0,0.7,0
C100842,39,Month-to-month,Basic,16.43,13,1,1,Card,1,0.16,0
C100843,56,Two year,Standard,43.82,12,0,0,Bank transfer,1,0.34,0
C100844,10,Month-to-month,Premium,69.04,17,0,1,Wallet,1,0.66,0
C100845,5,Two year,Basic,15.0,17,2,1,Cash,0,0.52,0
C100846,54,Month-to-month,Basic,26.71,11,1,0,Bank transfer,1,0.67,0
C100847,53,Two year,Standard,35.22,17,1,2,Card,0,0.33,0
C100848,58,Month-to-month,Basic,29.04,9,2,1,Cash,1,0.39,0
C100849,2,Month-to-month,Basic,26.45,11,1,0,Card,0,0.42,1
C100850,48,One year,Basic,20.31,21,1,1,Card,0,0.4,0
C100851,70,One year,Premium,65.93,15,2,0,Wallet,1,0.16,0
C100852,55,One year,Standard,39.81,8,3,0,Bank transfer,0,0.64,0
C100853,34,One year,Premium,67.27,16,0,0,Wallet,0,0.46,0
C100854,35,Month-to-month,Premium,72.85,9,1,0,Card,0,0.35,1
C100855,30,Month-to-month,Basic,22.92,12,0,0,Wallet,1,0.3,1
C100856,4,One year,Basic,39.27,12,2,0,Wallet,1,0.53,0
C100857,52,One year,Basic,15.0,9,0,0,Card,1,0.62,0
C100858,39,One year,Standard,41.61,9,3,1,Card,0,0.45,0
C100859,38,Month-to-month,Standard,48.24,14,2,2,Card,0,0.42,0
C100860,68,Two year,Premium,80.96,9,0,2,Bank transfer,0,0.74,0
C100861,53,Month-to-month,Standard,52.77,17,0,0,Bank transfer,0,0.3,0
C100862,70,Two year,Basic,19.35,18,0,1,Cash,1,0.35,0
C100863,7,Month-to-month,Standard,49.67,9,1,0,Card,0,0.15,1
C100864,69,One year,Standard,28.35,16,1,1,Bank transfer,1,0.68,0
C100865,41,Two year,Basic,23.72,10,2,0,Wallet,0,0.36,0
C100866,29,Month-to-month,Basic,29.96,15,1,0,Wallet,1,0.64,0
C100867,41,One year,Standard,49.13,14,0,1,Card,0,0.5,0
C100868,3,Month-to-month,Standard,36.84,10,0,0,Bank transfer,0,0.4,1
C100869,68,Month-to-month,Standard,40.2,19,0,0,Cash,1,0.17,0
C100870,46,Month-to-month,Basic,15.0,5,0,0,Card,1,0.38,0
C100871,3,One year,Basic,20.68,15,0,1,Bank transfer,0,0.54,0
C100872,66,Month-to-month,Standard,37.0,10,0,0,Card,1,0.4,0
C100873,33,Two year,Standard,46.58,15,0,0,Card,1,0.6,0
C100874,9,Month-to-month,Standard,40.59,12,1,0,Bank transfer,0,0.18,0
C100875,46,Month-to-month,Premium,78.47,8,0,2,Card,0,0.51,1
C100876,5,Month-to-month,Standard,44.34,17,0,1,Card,1,0.43,1
C100877,40,Month-to-month,Standard,43.04,19,0,0,Wallet,0,0.42,0
C100878,55,Month-to-month,Standard,55.24,13,1,1,Card,0,0.36,1
C100879,6,Month-to-month,Standard,51.78,14,0,1,Wallet,0,0.59,1
C100880,57,Month-to-month,Standard,37.29,14,1,1,Cash,0,0.13,1
C100881,43,Month-to-month,Basic,33.03,6,0,0,Cash,0,0.33,1
C100882,24,One year,Basic,29.42,22,3,0,Card,0,0.37,0
C100883,16,Month-to-month,Standard,52.71,8,2,1,Card,0,0.14,1
C100884,1,One year,Basic,27.61,15,3,0,Card,1,0.53,1
C100885,15,Month-to-month,Basic,15.0,14,1,0,Wallet,1,0.5,0
C100886,21,Month-to-month,Standard,42.79,17,0,1,Card,1,0.22,1
C100887,64,Month-to-month,Premium,60.81,9,3,0,Bank transfer,0,0.31,1
C100888,37,Month-to-month,Premium,66.82,8,2,1,Wallet,0,0.47,1
C100889,15,Two year,Premium,70.91,12,1,1,Card,1,0.44,0
C100890,54,Month-to-month,Standard,52.38,12,2,0,Card,1,0.69,0
C100891,33,Month-to-month,Basic,25.22,6,1,0,Bank transfer,0,0.56,1
C100892,61,Month-to-month,Standard,46.24,16,1,2,Bank transfer,0,0.21,0
C100893,55,Two year,Basic,29.28,17,1,0,Card,1,0.12,0
C100894,68,One year,Basic,19.69,11,0,0,Wallet,0,0.68,0
C100895,51,One year,Standard,51.42,12,2,1,Card,1,0.63,0
C100896,8,Two year,Standard,46.26,11,1,0,Wallet,1,0.28,0
C100897,40,Month-to-month,Premium,69.36,12,2,1,Cash,0,0.24,1
C100898,31,One year,Basic,21.62,16,3,0,Cash,0,0.42,0
C100899,59,Month-to-month,Standard,43.55,15,3,1,Card,0,0.74,0
C100900,12,One year,Standard,48.51,12,2,1,Wallet,0,0.44,0
C100901,34,Month-to-month,Basic,33.28,15,0,0,Bank transfer,1,0.38,0
C100902,60,One year,Basic,23.17,17,2,0,Cash,1,0.55,1
C100903,45,Month-to-month,Premium,73.66,6,1,1,Wallet,0,0.42,1
C100904,3,Month-to-month,Basic,35.49,13,3,1,Bank transfer,0,0.6,0
C100905,59,One year,Premium,93.65,13,2,0,Card,1,0.38,0
C100906,27,Two year,Standard,55.51,8,2,0,Bank transfer,1,0.63,0
C100907,49,Month-to-month,Premium,76.09,8,0,2,Bank transfer,1,0.52,1
C100908,48,Month-to-month,Premium,72.86,4,0,1,Wallet,0,0.43,1
C100909,47,Month-to-month,Basic,28.96,8,0,0,Bank transfer,0,0.5,0
C100910,31,One year,Basic,26.74,15,1,1,Card,1,0.61,0
C100911,30,Two year,Standard,40.33,15,2,0,Bank transfer,0,0.41,0
C100912,8,Month-to-month,Basic,32.92,8,2,0,Cash,0,0.58,1
C100913,41,Month-to-month,Basic,39.82,7,3,1,Card,0,0.58,1
C100914,21,Month-to-month,Standard,40.03,12,1,3,Card,0,0.62,0
C100915,29,Two year,Standard,40.34,12,0,0,Card,0,0.42,0
C100916,13,Month-to-month,Basic,21.99,9,1,0,Card,1,0.36,0
C100917,54,Month-to-month,Premium,67.56,8,3,0,Card,0,0.62,1
C100918,67,One year,Premium,79.73,13,2,0,Wallet,1,0.83,0
C100919,28,Two year,Premium,66.53,23,1,1,Card,0,0.82,0
C100920,31,One year,Basic,28.87,12,2,0,Wallet,1,0.23,1
C100921,34,Month-to-month,Premium,77.29,11,1,0,Card,1,0.47,0
C100922,6,Month-to-month,Standard,49.35,8,1,1,Wallet,0,0.36,0
C100923,55,Month-to-month,Basic,16.26,11,0,0,Card,0,0.53,0
C100924,64,Two year,Basic,25.82,15,1,2,Card,0,0.49,0
C100925,37,One year,Premium,76.57,17,1,0,Wallet,0,0.68,0
C100926,5,Month-to-month,Standard,50.16,11,2,0,Wallet,0,0.6,0
C100927,25,Month-to-month,Premium,77.17,10,2,0,Card,0,0.31,1
C100928,12,One year,Basic,21.55,12,1,2,Card,0,0.33,1
C100929,60,Month-to-month,Basic,31.68,9,1,0,Bank transfer,0,0.02,1
C100930,58,One year,Premium,83.11,11,1,0,Card,1,0.4,0
C100931,28,Two year,Basic,32.92,11,0,0,Bank transfer,1,0.42,0
C100932,28,Two year,Basic,20.59,12,0,0,Card,0,0.14,0
C100933,61,Two year,Basic,28.07,20,0,0,Cash,0,0.36,0
C100934,7,One year,Standard,39.6,14,0,1,Bank transfer,0,0.22,1
C100935,57,Month-to-month,Basic,23.97,10,0,0,Card,0,0.21,0
C100936,70,Month-to-month,Basic,29.41,6,1,0,Card,0,0.21,0
C100937,33,Month-to-month,Premium,66.53,6,0,0,Wallet,1,0.26,1
C100938,55,One year,Basic,41.34,7,0,0,Card,0,0.05,0
C100939,52,One year,Standard,52.19,15,1,2,Wallet,0,0.74,0
C100940,65,Two year,Basic,20.45,10,3,2,Card,0,0.65,0
C100941,3,Two year,Premium,71.62,15,1,0,Bank transfer,1,0.95,0
C100942,51,Month-to-month,Premium,74.53,12,1,0,Bank transfer,0,0.51,0
C100943,29,Month-to-month,Premium,74.14,13,1,1,Cash,0,0.24,0
C100944,62,Month-to-month,Standard,37.83,10,3,0,Cash,0,0.44,0
C100945,62,Month-to-month,Premium,74.18,14,1,1,Card,1,0.75,1
C100946,21,Two year,Premium,65.85,15,3,0,Bank transfer,1,0.77,0
C100947,42,One year,Premium,71.33,10,5,1,Bank transfer,0,0.67,1
C100948,36,Month-to-month,Basic,35.54,5,0,3,Card,1,0.51,0
C100949,41,Month-to-month,Standard,44.59,9,0,0,Card,0,0.72,0
C100950,60,Two year,Standard,42.68,11,0,0,Card,0,0.15,0
C100951,48,Two year,Basic,34.25,17,2,0,Wallet,0,0.58,0
C100952,55,One year,Premium,76.85,17,3,0,Card,1,0.17,0
C100953,49,Month-to-month,Standard,48.67,18,1,0,Card,0,0.16,1
C100954,19,Month-to-month,Premium,71.6,8,1,0,Bank transfer,0,0.2,0
C100955,43,One year,Standard,51.45,13,2,0,Card,0,0.75,0
C100956,28,Two year,Standard,43.02,13,2,1,Card,1,0.68,0
C100957,31,Month-to-month,Basic,30.15,7,3,0,Card,0,0.6,0
C100958,9,Month-to-month,Basic,28.77,7,2,0,Card,0,0.25,1
C100959,14,Month-to-month,Standard,55.2,14,3,1,Bank transfer,0,0.68,0
C100960,25,Month-to-month,Premium,80.86,15,4,0,Bank transfer,1,0.48,1
C100961,22,Month-to-month,Basic,24.87,9,1,1,Wallet,0,0.32,1
C100962,46,Two year,Premium,68.71,15,1,0,Card,1,0.7,0
C100963,22,One year,Basic,23.19,18,0,1,Bank transfer,0,0.22,0
C100964,18,Month-to-month,Standard,40.89,5,0,1,Card,0,0.78,0
C100965,32,Month-to-month,Premium,84.04,7,2,0,Wallet,1,0.67,0
C100966,41,Month-to-month,Standard,42.34,11,2,0,Card,0,0.43,1
C100967,72,One year,Basic,15.0,21,0,0,Card,0,0.11,0
C100968,37,Month-to-month,Basic,27.24,4,2,0,Card,1,0.24,0
C100969,26,Month-to-month,Standard,49.8,13,1,0,Bank transfer,0,0.18,0
C100970,24,One year,Standard,39.54,18,1,0,Bank transfer,0,0.39,0
C100971,33,Two year,Standard,49.22,17,2,0,Cash,0,0.58,0
C100972,67,Month-to-month,Basic,17.14,12,1,1,Card,0,0.18,1
C100973,27,Two year,Premium,76.42,16,3,0,Card,0,0.39,0
C100974,18,Month-to-month,Premium,74.02,13,0,0,Card,0,0.48,1
C100975,42,Month-to-month,Standard,46.83,10,1,1,Card,0,0.53,0
C100976,56,Two year,Basic,27.48,17,0,1,Wallet,0,0.38,0
C100977,69,Two year,Standard,40.98,14,0,2,Wallet,0,0.73,0
C100978,21,Month-to-month,Premium,79.76,10,1,0,Card,1,0.31,0
C100979,65,One year,Standard,42.0,18,1,0,Card,1,0.51,0
C100980,62,One year,Standard,45.68,17,1,1,Bank transfer,1,0.09,0
C100981,28,Month-to-month,Standard,53.4,9,1,0,Bank transfer,0,0.64,0
C100982,25,One year,Premium,69.5,14,2,0,Card,1,0.16,0
C100983,20,One year,Basic,25.41,7,2,0,Cash,0,0.31,0
C100984,23,Month-to-month,Standard,54.47,8,0,0,Cash,0,0.55,1
C100985,64,Month-to-month,Basic,32.45,7,2,0,Wallet,0,0.79,0
C100986,23,One year,Basic,20.93,12,4,1,Wallet,0,0.42,0
C100987,36,One year,Standard,41.29,15,0,0,Card,1,0.41,0
C100988,68,Month-to-month,Basic,28.23,14,2,0,Bank transfer,1,0.9,0
C100989,50,One year,Standard,41.08,15,1,0,Card,0,0.31,0
C100990,10,Month-to-month,Premium,75.41,13,3,0,Bank transfer,0,0.49,1
C100991,6,Month-to-month,Standard,,10,1,1,Bank transfer,0,0.12,1
C100992,17,Month-to-month,Premium,78.74,12,2,1,Bank transfer,0,0.78,0
C100993,63,One year,Standard,35.41,15,1,1,Bank transfer,1,0.46,0
C100994,17,Month-to-month,Standard,45.76,16,1,0,Wallet,0,0.38,0
C100995,23,Two year,Premium,79.14,18,0,1,Card,1,0.2,0
C100996,39,Two year,Basic,20.98,13,2,0,Card,0,0.28,0
C100997,36,Month-to-month,Basic,15.61,8,3,1,Bank transfer,0,0.23,0
C100998,6,Month-to-month,Standard,37.39,8,1,1,Bank transfer,1,0.11,1
C100999,15,Month-to-month,Standard,33.55,8,0,0,Card,0,0.46,0
C101000,72,Month-to-month,Standard,55.63,5,0,1,Cash,0,0.68,1
C101001,31,Two year,Premium,63.48,15,1,1,Card,1,0.61,0
C101002,21,One year,Basic,17.28,13,2,3,Card,1,0.15,1
C101003,60,Month-to-month,Basic,26.92,10,1,0,Card,1,0.82,0
C101004,34,One year,Standard,45.26,14,1,0,Card,0,0.62,0
C101005,60,Month-to-month,Basic,,8,1,0,Card,0,0.36,0
C101006,12,One year,Standard,52.81,9,1,0,Card,0,0.61,0
C101007,35,Month-to-month,Basic,27.65,19,0,1,Cash,0,0.52,0
C101008,59,One year,Standard,44.58,20,2,0,Wallet,1,0.34,0
C101009,56,Month-to-month,Standard,41.6,12,0,0,Bank transfer,1,0.17,0
C101010,49,One year,Standard,43.87,11,0,0,Card,0,0.58,0
C101011,33,One year,Basic,30.61,18,1,2,Bank transfer,0,0.28,0
C101012,60,One year,Standard,48.62,14,1,0,Card,0,0.14,0
C101013,27,One year,Standard,48.7,14,3,1,Cash,0,0.2,0
C101014,48,Month-to-month,Standard,34.94,19,1,0,Card,1,0.46,0
C101015,40,One year,Standard,40.39,11,2,0,Wallet,0,0.25,0
C101016,22,One year,Standard,40.85,20,0,1,Card,1,0.84,0
C101017,15,One year,Premium,,12,0,1,Card,0,0.45,1
C101018,39,Month-to-month,Premium,68.63,13,2,0,Cash,1,0.17,1
C101019,23,Month-to-month,Premium,79.04,15,2,0,Card,0,0.16,1
C101020,38,Two year,Standard,51.3,18,1,0,Wallet,0,0.77,0
C101021,51,Two year,Basic,35.84,18,0,0,Card,1,0.79,0
C101022,58,Two year,Standard,41.82,18,1,0,Wallet,0,0.13,0
C101023,56,Month-to-month,Basic,24.36,11,3,0,Card,1,0.34,0
C101024,37,Two year,Basic,25.53,16,1,1,Wallet,0,0.47,0
C101025,5,Two year,Basic,24.92,12,0,0,Cash,0,0.68,0
C101026,13,Month-to-month,Basic,19.95,15,2,0,Cash,0,0.37,1
C101027,53,Two year,Standard,49.75,11,0,0,Card,0,0.71,0
C101028,43,Two year,Standard,32.87,12,2,1,Bank transfer,0,0.11,0
C101029,59,Month-to-month,Premium,72.09,15,3,0,Bank transfer,0,0.52,0
C101030,36,Month-to-month,Premium,63.57,16,0,0,Wallet,1,0.2,0
C101031,33,Month-to-month,Premium,78.73,6,1,1,Card,0,0.31,0
C101032,18,Month-to-month,Standard,36.63,10,1,0,Cash,1,0.71,1
C101033,5,One year,Basic,18.04,16,1,2,Bank transfer,0,0.78,0
C101034,11,One year,Basic,24.89,14,0,1,Card,1,0.53,0
C101035,50,Two year,Premium,68.72,15,1,1,Wallet,0,0.72,0
C101036,42,Two year,Premium,76.46,17,1,0,Bank transfer,1,0.52,0
C101037,18,Month-to-month,Basic,22.64,11,2,0,Bank transfer,1,0.22,1
C101038,27,Month-to-month,Standard,56.72,15,0,0,Card,1,0.31,0
C101039,47,Two year,Basic,17.66,16,2,0,Card,0,0.69,0
C101040,28,One year,Standard,40.07,16,3,1,Card,0,0.39,0
C101041,28,Month-to-month,Standard,48.39,12,0,0,Bank transfer,0,0.92,0
C101042,20,One year,Standard,45.68,17,1,0,Card,1,0.11,0
C101043,46,Month-to-month,Standard,47.65,10,0,1,Bank transfer,0,0.55,1
C101044,65,Month-to-month,Premium,73.23,20,2,0,Card,1,0.53,0
C101045,19,Two year,Premium,80.67,10,2,0,Card,0,0.29,0
C101046,21,Month-to-month,Standard,47.06,14,1,0,Card,1,0.54,0
C101047,35,Two year,Standard,52.91,13,2,1,Cash,1,0.05,0
C101048,14,Month-to-month,Premium,66.84,6,0,0,Cash,0,0.39,1
C101049,38,Two year,Basic,26.5,17,1,0,Bank transfer,0,0.36,0
C101050,64,Two year,Premium,73.64,11,2,2,Wallet,1,0.28,0
C101051,46,Month-to-month,Basic,27.38,17,1,2,Wallet,0,0.62,1
C101052,12,One year,Basic,19.33,19,0,1,Bank transfer,0,0.81,1
C101053,15,Two year,Premium,79.85,11,1,1,Bank transfer,1,0.58,1
C101054,6,Month-to-month,Basic,16.98,13,0,0,Card,0,0.8,0
C101055,70,One year,Basic,30.31,10,1,0,Cash,0,0.24,0
C101056,25,Month-to-month,Basic,28.27,11,2,0,Wallet,1,0.33,0
C101057,21,Month-to-month,Premium,64.17,13,1,0,Bank transfer,0,0.73,0
C101058,62,Month-to-month,Standard,47.38,8,0,2,Wallet,1,0.42,0
C101059,23,Month-to-month,Standard,33.34,14,3,1,Cash,1,0.6,0
C101060,17,Two year,Premium,78.38,12,2,1,Card,0,0.4,0
C101061,19,Month-to-month,Premium,65.35,11,1,2,Wallet,1,0.38,1
C101062,29,Month-to-month,Basic,24.56,7,0,0,Wallet,0,0.7,0
C101063,5,Month-to-month,Basic,23.37,13,3,1,Card,0,0.45,1
C101064,47,One year,Premium,65.22,16,2,0,Cash,0,0.24,1
C101065,31,Two year,Standard,33.85,11,0,2,Bank transfer,1,0.51,1
C101066,70,One year,Standard,48.0,8,0,1,Card,0,0.43,0
C101067,56,Two year,Basic,22.09,12,3,1,Cash,0,0.89,0
C101068,28,Month-to-month,Standard,51.53,8,1,0,Card,0,0.27,0
C101069,52,One year,Premium,74.71,12,0,1,Card,0,0.62,0
C101070,59,Month-to-month,Premium,91.55,19,0,0,Card,0,0.37,0
C101071,15,Two year,Basic,26.05,19,1,1,Card,0,0.37,0
C101072,12,One year,Standard,55.61,20,2,0,Bank transfer,0,0.62,1
C101073,10,Month-to-month,Basic,27.11,11,0,1,Cash,1,0.49,0
C101074,4,Two year,Standard,45.52,11,1,0,Card,0,0.57,0
C101075,24,Month-to-month,Premium,78.27,15,1,1,Card,0,0.37,0
C101076,58,Month-to-month,Basic,20.47,7,1,0,Bank transfer,0,0.57,1
C101077,56,Month-to-month,Standard,41.14,13,2,0,Cash,0,0.34,0
C101078,28,Two year,Basic,34.98,9,0,1,Wallet,0,0.24,0
C101079,36,Month-to-month,Basic,23.89,10,2,0,Bank transfer,0,0.68,0
C101080,56,Two year,Standard,38.12,15,1,0,Card,1,0.56,0
C101081,67,Month-to-month,Basic,28.13,7,2,1,Bank transfer,0,0.25,0
C101082,21,One year,Basic,20.02,13,3,0,Card,0,0.48,0
C101083,48,Month-to-month,Basic,25.54,16,3,0,Bank transfer,1,0.26,0
C101084,43,Month-to-month,Premium,81.91,13,2,1,Bank transfer,0,0.24,1
C101085,45,One year,Standard,52.86,7,1,0,Card,0,0.57,0
C101086,58,Two year,Standard,56.05,19,2,1,Card,0,0.64,0
C101087,56,Two year,Basic,32.15,17,4,0,Card,0,0.6,0
C101088,29,Month-to-month,Standard,49.06,8,0,1,Card,0,0.51,1
C101089,55,Two year,Basic,28.42,11,5,2,Wallet,0,0.72,0
C101090,4,Month-to-month,Basic,26.92,12,1,0,Bank transfer,0,0.25,1
C101091,25,Month-to-month,Basic,24.91,11,1,0,Wallet,0,0.5,0
C101092,16,Month-to-month,Premium,88.83,16,1,2,Card,1,0.62,1
C101093,19,Month-to-month,Basic,24.7,16,4,1,Wallet,0,0.57,1
C101094,65,One year,Standard,55.24,15,1,2,Bank transfer,0,0.52,0
C101095,32,One year,Premium,74.47,15,0,1,Wallet,0,0.05,0
C101096,6,Month-to-month,Basic,32.49,19,2,0,Wallet,0,0.62,1
C101097,36,One year,Basic,15.0,19,4,2,Cash,0,0.74,0
C101098,5,Two year,Basic,26.12,18,1,0,Bank transfer,0,0.15,0
C101099,11,One year,Standard,41.45,16,0,0,Card,1,0.67,0
C101100,28,One year,Premium,84.7,15,0,0,Bank transfer,1,0.41,0
C101101,32,Two year,Basic,34.28,14,4,0,Card,1,0.19,0
C101102,17,Month-to-month,Standard,41.48,18,0,0,Bank transfer,0,0.34,1
C101103,47,Two year,Basic,24.8,16,3,2,Card,1,0.06,0
C101104,36,Month-to-month,Premium,80.85,12,0,0,Cash,0,0.71,0
C101105,10,Month-to-month,Standard,47.11,14,1,0,Bank transfer,1,0.51,0
C101106,60,Two year,Standard,45.89,13,0,1,Card,0,0.57,0
C101107,10,Month-to-month,Basic,31.2,9,3,0,Card,0,0.53,1
C101108,26,Month-to-month,Standard,37.45,13,1,0,Bank transfer,0,0.56,0
C101109,13,Month-to-month,Premium,85.05,10,1,0,Card,0,0.52,1
C101110,68,Month-to-month,Basic,28.07,23,1,1,Cash,0,0.44,0
C101111,21,Month-to-month,Basic,15.0,10,0,0,Bank transfer,1,0.59,0
C101112,63,Month-to-month,Basic,19.9,20,1,0,Bank transfer,1,0.81,0
C101113,70,Month-to-month,Premium,74.93,8,1,0,Card,0,0.35,0
C101114,16,One year,Premium,89.1,13,0,0,Wallet,0,0.11,0
C101115,2,Month-to-month,Standard,45.39,10,0,0,Wallet,0,0.64,0
C101116,1,Month-to-month,Basic,16.39,7,1,0,Cash,0,0.57,1
C101117,14,One year,Basic,33.68,25,0,0,Wallet,0,0.14,0
C101118,29,Month-to-month,Standard,47.89,5,0,1,Bank transfer,1,0.77,0
C101119,12,Month-to-month,Standard,45.47,12,4,0,Card,1,0.2,1
C101120,69,Two year,Basic,31.83,19,1,0,Card,0,0.5,0
C101121,35,Month-to-month,Premium,73.2,12,1,1,Card,0,0.42,0
C101122,62,Month-to-month,Basic,24.87,8,2,0,Bank transfer,0,0.47,0
C101123,2,Month-to-month,Premium,81.6,7,2,1,Wallet,0,0.2,0
C101124,10,Month-to-month,Basic,28.24,7,0,0,Card,1,0.49,0
C101125,33,Month-to-month,Premium,81.45,9,2,0,Wallet,0,0.13,1
C101126,12,Month-to-month,Basic,23.4,10,1,0,Wallet,0,0.76,0
C101127,12,Month-to-month,Premium,85.76,7,1,1,Cash,1,0.66,1
C101128,2,Month-to-month,Standard,37.08,12,4,0,Card,1,0.23,1
C101129,20,One year,Premium,67.37,8,2,0,Card,1,0.27,0
C101130,55,Month-to-month,Standard,48.68,11,0,2,Bank transfer,0,0.9,0
C101131,58,Month-to-month,Basic,23.8,10,0,0,Bank transfer,0,0.41,1
C101132,37,Month-to-month,Standard,46.88,12,1,0,Card,0,0.75,1
C101133,14,Month-to-month,Premium,75.91,6,5,0,Wallet,0,0.66,1
C101134,33,Month-to-month,Basic,24.76,12,1,0,Bank transfer,0,0.73,0
C101135,45,One year,Standard,39.3,16,0,0,Cash,0,0.79,0
C101136,11,Two year,Standard,47.54,12,1,1,Card,0,0.34,0
C101137,30,Two year,Standard,53.59,14,2,1,Wallet,1,0.55,0
C101138,60,Month-to-month,Basic,20.67,11,0,0,Card,0,0.49,0
C101139,31,One year,Basic,37.09,8,1,0,Wallet,0,0.46,0
C101140,34,One year,Basic,35.16,16,1,0,Card,0,0.51,0
C101141,59,One year,Basic,20.65,17,2,1,Card,0,0.34,0
C101142,49,Two year,Basic,30.58,15,0,1,Cash,0,0.44,0
C101143,12,Month-to-month,Standard,39.15,7,2,1,Card,0,0.04,1
C101144,44,One year,Premium,75.0,21,2,1,Bank transfer,0,0.64,0
C101145,67,Month-to-month,Basic,19.17,18,1,0,Card,1,0.45,0
C101146,16,One year,Basic,22.53,10,0,0,Card,0,0.37,0
C101147,65,One year,Standard,34.6,13,1,1,Cash,1,0.49,0
C101148,43,Month-to-month,Basic,24.81,8,1,0,Card,0,0.36,0
C101149,49,Two year,Standard,39.46,8,0,1,Bank transfer,0,0.8,0
C101150,24,Month-to-month,Basic,20.38,7,1,0,Wallet,1,0.36,1
C101151,4,Month-to-month,Standard,33.9,8,2,0,Card,0,0.24,1
C101152,2,One year,Standard,45.99,17,2,0,Wallet,1,0.34,1
C101153,48,Two year,Premium,87.18,15,1,1,Wallet,0,0.56,0
C101154,71,Month-to-month,Standard,43.56,5,0,1,Bank transfer,0,0.6,0
C101155,44,One year,Premium,74.84,16,2,0,Bank transfer,1,0.92,0
C101156,26,Month-to-month,Premium,68.91,3,0,1,Wallet,1,0.42,1
C101157,56,Month-to-month,Standard,42.92,6,2,0,Card,0,0.63,0
C101158,69,Month-to-month,Basic,20.61,7,2,1,Bank transfer,0,0.9,0
C101159,16,One year,Basic,16.37,11,1,0,Card,1,0.63,0
C101160,8,Month-to-month,Standard,40.38,11,0,0,Card,1,0.65,0
C101161,69,Two year,Standard,42.63,16,3,0,Wallet,0,0.45,0
C101162,4,Month-to-month,Premium,77.6,12,0,1,Wallet,0,0.46,1
C101163,64,Month-to-month,Basic,23.68,12,2,1,Card,0,0.33,0
C101164,11,Month-to-month,Standard,47.39,6,0,0,Cash,1,0.32,1
C101165,9,Month-to-month,Basic,33.47,7,1,0,Card,0,0.59,1
C101166,20,Two year,Standard,51.25,18,2,1,Bank transfer,0,0.59,0
C101167,23,Two year,Premium,73.17,7,0,0,Wallet,0,0.48,0
C101168,24,Two year,Basic,15.06,16,1,1,Card,1,0.58,0
C101169,3,Month-to-month,Standard,44.54,12,0,2,Wallet,0,0.42,1
C101170,62,Two year,Standard,46.16,14,1,1,Cash,1,0.39,0
C101171,60,Month-to-month,Standard,51.64,16,2,1,Cash,0,0.74,0
C101172,49,Month-to-month,Basic,26.49,10,1,1,Card,1,0.44,0
C101173,66,One year,Standard,62.37,18,1,1,Card,1,0.35,0
C101174,68,Month-to-month,Basic,23.7,13,4,0,Card,0,0.45,0
C101175,72,Month-to-month,Standard,49.6,12,2,1,Card,0,0.41,0
C101176,28,Two year,Basic,20.14,16,3,1,Card,0,0.51,0
C101177,45,Month-to-month,Premium,69.59,6,4,1,Wallet,0,0.77,1
C101178,55,One year,Basic,23.83,16,0,0,Card,1,0.54,0
C101179,48,Month-to-month,Basic,26.83,6,0,0,Card,0,0.64,0
C101180,57,Month-to-month,Premium,79.74,9,0,0,Bank transfer,1,0.28,0
C101181,49,Month-to-month,Standard,26.68,8,2,0,Wallet,0,0.52,1
C101182,28,Month-to-month,Standard,52.35,12,0,0,Card,1,0.71,1
C101183,42,Month-to-month,Premium,84.58,16,2,0,Card,0,0.69,1
C101184,15,Month-to-month,Standard,53.71,11,0,0,Wallet,1,0.32,1
C101185,69,Month-to-month,Standard,50.68,17,3,0,Cash,0,0.2,0
C101186,65,Month-to-month,Standard,44.83,9,1,1,Card,1,0.52,1
C101187,44,Month-to-month,Basic,28.92,7,0,1,Bank transfer,0,0.66,0
C101188,56,Two year,Basic,33.31,17,1,0,Bank transfer,0,0.58,0
C101189,25,Two year,Standard,39.72,11,2,2,Bank transfer,1,0.45,0
C101190,28,One year,Standard,49.58,14,0,0,Card,0,0.48,0
C101191,37,Month-to-month,Premium,78.58,13,1,1,Bank transfer,0,0.49,0
C101192,20,One year,Standard,44.71,10,0,0,Bank transfer,0,0.68,1
C101193,2,One year,Premium,86.31,14,1,1,Card,0,0.46,1
C101194,29,Month-to-month,Basic,21.36,7,4,0,Wallet,0,0.68,0
C101195,53,Month-to-month,Basic,,10,1,0,Wallet,0,0.63,0
C101196,19,Month-to-month,Standard,45.25,9,0,0,Wallet,0,0.29,1
C101197,50,Month-to-month,Premium,71.74,4,0,0,Bank transfer,0,0.46,0
C101198,44,Month-to-month,Standard,53.55,5,1,1,Bank transfer,1,0.58,0
C101199,31,Two year,Standard,35.53,12,0,2,Card,1,0.45,0
C101200,53,Month-to-month,Standard,37.63,6,1,0,Cash,0,0.6,0
C101201,62,One year,Basic,27.36,12,2,0,Card,0,0.4,0
C101202,69,Two year,Basic,29.97,10,0,1,Card,0,0.59,0
C101203,55,One year,Basic,18.36,11,1,1,Card,0,0.64,0
C101204,7,Month-to-month,Basic,33.28,9,0,0,Card,0,0.51,1
C101205,25,Month-to-month,Standard,,14,0,0,Card,0,0.51,0
C101206,39,Two year,Basic,31.64,11,4,1,Card,0,0.38,0
C101207,6,Month-to-month,Premium,70.12,10,0,1,Bank transfer,0,0.84,0
C101208,31,Month-to-month,Standard,42.6,4,3,0,Card,1,0.42,1
C101209,10,One year,Basic,36.24,13,2,2,Bank transfer,0,0.51,1
C101210,40,Two year,Basic,25.06,15,1,0,Cash,0,0.59,0
C101211,14,Two year,Basic,21.55,16,1,0,Wallet,0,0.65,0
C101212,20,One year,Premium,76.86,13,2,0,Wallet,1,0.47,1
C101213,22,One year,Basic,36.74,16,0,1,Card,1,0.55,0
C101214,71,Month-to-month,Standard,45.81,9,3,0,Wallet,0,0.75,0
C101215,33,Month-to-month,Standard,40.77,13,2,1,Bank transfer,1,0.29,0
C101216,41,One year,Standard,46.64,11,1,1,Wallet,0,0.56,1
C101217,67,Month-to-month,Premium,67.95,6,1,0,Card,0,0.55,0
C101218,1,One year,Standard,41.26,11,1,2,Wallet,1,0.51,0
C101219,21,Month-to-month,Basic,21.97,9,0,1,Wallet,0,0.69,1
C101220,31,Month-to-month,Basic,29.25,9,1,0,Cash,0,0.64,0
C101221,65,Two year,Basic,22.44,16,1,0,Card,0,0.19,0
C101222,53,Month-to-month,Basic,28.25,5,2,0,Bank transfer,0,0.59,1
C101223,49,One year,Standard,52.26,16,1,0,Card,1,0.7,0
C101224,28,Month-to-month,Standard,54.82,11,2,0,Card,0,0.27,0
C101225,62,Two year,Standard,35.22,17,2,2,Bank transfer,0,0.84,0
C101226,14,Month-to-month,Standard,45.02,14,1,1,Card,0,0.59,0
C101227,30,One year,Standard,38.44,12,4,0,Wallet,0,0.19,0
C101228,26,Two year,Standard,49.18,17,1,0,Card,1,0.76,0
C101229,1,Month-to-month,Basic,26.84,15,5,0,Wallet,0,0.03,1
C101230,7,Month-to-month,Standard,45.27,11,2,0,Wallet,0,0.53,1
C101231,57,Month-to-month,Basic,22.15,7,1,0,Bank transfer,0,0.15,0
C101232,68,Month-to-month,Standard,39.54,13,1,1,Wallet,1,0.63,0
C101233,18,One year,Basic,15.18,20,0,1,Bank transfer,1,0.81,0
C101234,6,Month-to-month,Standard,51.11,7,0,0,Bank transfer,1,0.4,0
C101235,11,Two year,Standard,44.13,14,1,1,Card,0,0.71,0
C101236,5,One year,Basic,25.51,11,1,0,Card,0,0.44,0
C101237,58,One year,Standard,47.24,13,1,0,Wallet,0,0.52,0
C101238,4,Month-to-month,Standard,50.06,7,2,0,Bank transfer,0,0.29,1
C101239,50,Month-to-month,Standard,56.62,17,4,1,Bank transfer,1,0.75,0
C101240,58,Two year,Basic,24.25,15,0,0,Card,0,0.27,0
C101241,16,Two year,Basic,29.23,16,1,3,Bank transfer,0,0.76,0
C101242,17,Month-to-month,Premium,65.52,13,1,0,Card,1,0.56,1
C101243,20,One year,Basic,22.96,13,1,0,Bank transfer,0,0.43,0
C101244,55,One year,Basic,21.07,8,2,1,Cash,0,0.86,0
C101245,68,Month-to-month,Premium,71.55,10,5,1,Cash,0,0.77,0
C101246,55,Month-to-month,Basic,32.24,9,1,1,Bank transfer,0,0.28,0
C101247,20,One year,Basic,25.96,12,1,0,Card,0,0.76,0
C101248,52,Two year,Standard,45.7,23,1,0,Wallet,0,0.01,0
C101249,51,Two year,Basic,25.78,15,0,1,Card,0,0.21,0
C101250,31,Month-to-month,Basic,23.97,11,0,0,Cash,0,0.7,1
C101251,10,Month-to-month,Premium,73.99,8,0,0,Card,0,0.08,1
C101252,23,Month-to-month,Basic,21.45,15,0,1,Bank transfer,0,0.68,0
C101253,59,Month-to-month,Premium,72.1,8,0,0,Bank transfer,0,0.65,1
C101254,38,Two year,Basic,22.75,14,0,0,Bank transfer,0,0.53,0
C101255,9,Month-to-month,Basic,24.22,11,0,0,Bank transfer,1,0.52,1
C101256,66,Two year,Standard,34.11,21,1,0,Card,1,0.29,0
C101257,38,Month-to-month,Basic,25.71,12,0,2,Card,0,0.63,1
C101258,26,Two year,Standard,45.08,18,1,0,Bank transfer,0,0.82,0
C101259,3,Month-to-month,Standard,47.79,22,3,0,Card,0,0.53,1
C101260,42,Two year,Standard,38.64,13,4,0,Cash,1,0.25,0
C101261,40,One year,Premium,69.72,16,1,2,Wallet,0,0.27,0
C101262,11,One year,Standard,50.07,14,1,0,Wallet,1,0.68,1
C101263,61,Month-to-month,Premium,71.0,17,0,0,Bank transfer,0,0.38,0
C101264,37,Month-to-month,Basic,28.15,12,4,0,Card,0,0.83,0
C101265,7,Month-to-month,Standard,41.27,12,1,2,Card,1,0.42,1
C101266,15,Two year,Standard,,12,3,0,Bank transfer,0,0.45,1
C101267,20,Two year,Premium,66.6,16,3,0,Card,0,0.41,0
C101268,54,One year,Standard,41.65,18,0,1,Card,0,0.78,0
C101269,56,One year,Premium,72.47,9,2,0,Card,0,0.39,0
C101270,60,Month-to-month,Basic,17.98,16,1,2,Card,1,0.58,0
C101271,44,Two year,Basic,33.74,11,0,0,Bank transfer,0,0.64,0
C101272,66,One year,Standard,45.41,19,0,1,Card,0,0.32,0
C101273,23,One year,Standard,40.0,8,1,1,Card,0,0.5,0
C101274,42,Two year,Standard,54.18,13,1,0,Bank transfer,0,0.64,0
C101275,46,Month-to-month,Premium,,8,2,0,Card,0,0.1,0
C101276,27,One year,Standard,40.77,16,3,2,Card,0,0.64,0
C101277,33,One year,Premium,,12,1,0,Wallet,0,0.73,0
C101278,51,One year,Premium,74.18,14,1,1,Cash,1,0.53,0
C101279,63,Month-to-month,Basic,29.62,11,0,0,Bank transfer,0,0.4,0
C101280,67,One year,Standard,36.95,20,2,1,Cash,0,0.67,0
C101281,22,Two year,Premium,82.14,18,2,0,Bank transfer,0,0.32,0
C101282,52,One year,Basic,23.01,14,1,0,Bank transfer,0,0.75,0
C101283,55,Month-to-month,Standard,50.27,7,2,0,Card,1,0.51,0
C101284,68,Two year,Standard,44.47,15,0,0,Card,1,0.55,0
C101285,46,Month-to-month,Standard,48.2,10,2,2,Card,0,0.52,0
C101286,15,Month-to-month,Basic,29.12,16,0,0,Card,0,0.24,1
C101287,54,Two year,Standard,52.99,10,0,0,Card,1,0.31,0
C101288,13,One year,Basic,21.08,18,1,0,Wallet,0,0.51,0
C101289,28,Month-to-month,Basic,36.57,11,3,1,Card,0,0.53,0
C101290,36,Two year,Basic,17.75,16,0,0,Card,0,0.44,0
C101291,53,One year,Premium,,20,1,0,Bank transfer,0,0.91,0
C101292,13,Month-to-month,Standard,49.35,13,1,0,Bank transfer,1,0.58,0
C101293,51,Month-to-month,Basic,25.49,6,2,1,Card,1,0.46,0
C101294,11,Two year,Standard,50.6,13,1,0,Card,1,0.69,0
C101295,28,Two year,Premium,65.74,13,1,0,Bank transfer,1,0.63,0
C101296,9,Month-to-month,Standard,45.08,14,1,1,Wallet,0,0.31,0
C101297,2,Month-to-month,Standard,51.27,12,2,0,Wallet,0,0.68,1
C101298,24,One year,Premium,75.42,21,0,1,Cash,0,0.35,0
C101299,70,Month-to-month,Basic,18.8,11,1,2,Card,0,0.11,0
C101300,41,Month-to-month,Basic,26.3,12,2,1,Wallet,0,0.19,1
C101301,52,Month-to-month,Premium,76.48,12,1,0,Wallet,1,0.68,0
C101302,17,Two year,Standard,39.49,13,1,1,Bank transfer,0,0.19,0
C101303,15,One year,Standard,53.21,11,0,1,Bank transfer,1,0.16,1
C101304,66,Month-to-month,Premium,72.18,7,1,0,Card,0,0.16,0
C101305,53,Two year,Standard,39.27,14,0,0,Bank transfer,1,0.53,0
C101306,36,One year,Premium,76.01,7,1,0,Card,0,0.18,0
C101307,21,Month-to-month,Basic,21.5,6,0,0,Card,1,0.57,1
C101308,63,Month-to-month,Standard,44.24,9,0,0,Cash,0,0.77,0
C101309,34,Month-to-month,Standard,46.77,12,0,0,Card,0,0.41,0
C101310,4,Month-to-month,Standard,42.91,10,3,0,Wallet,0,0.62,1
C101311,62,Month-to-month,Basic,28.88,19,2,0,Wallet,0,0.69,0
C101312,31,Month-to-month,Standard,47.13,14,4,1,Card,0,0.27,1
C101313,33,Two year,Premium,82.57,14,3,0,Bank transfer,1,0.77,0
C101314,28,One year,Standard,39.47,13,0,1,Card,0,0.09,0
C101315,21,Month-to-month,Basic,25.78,10,1,0,Card,0,0.67,0
C101316,44,Two year,Standard,46.91,6,1,2,Card,0,0.86,0
C101317,22,One year,Premium,77.08,10,1,1,Wallet,0,0.38,1
C101318,37,Two year,Standard,32.95,15,0,0,Card,0,0.55,0
C101319,6,Two year,Basic,19.09,12,2,0,Card,0,0.75,0
C101320,61,One year,Standard,47.33,14,1,1,Wallet,0,0.65,0
C101321,16,One year,Standard,48.79,14,1,0,Card,0,0.18,1
C101322,44,One year,Standard,45.59,18,1,0,Card,1,0.32,0
C101323,20,One year,Basic,26.48,12,1,0,Wallet,0,0.59,0
C101324,14,Two year,Basic,32.65,13,2,0,Card,1,0.76,0
C101325,13,Month-to-month,Premium,73.32,7,1,1,Bank transfer,0,0.61,1
C101326,51,Month-to-month,Standard,40.89,13,1,1,Wallet,0,0.56,0
C101327,5,Month-to-month,Basic,34.26,10,2,0,Card,1,0.39,0
C101328,58,Two year,Basic,29.03,17,2,0,Wallet,0,0.4,0
C101329,34,Two year,Standard,44.44,15,1,1,Card,0,0.17,0
C101330,33,Month-to-month,Basic,21.19,21,2,0,Wallet,0,0.37,0
C101331,16,Month-to-month,Basic,34.91,10,2,0,Wallet,0,0.42,0
C101332,26,Month-to-month,Standard,43.79,12,1,1,Card,1,0.18,0
C101333,54,Two year,Basic,20.62,15,0,0,Card,0,0.44,0
C101334,65,One year,Premium,82.93,16,2,0,Wallet,1,0.58,0
C101335,67,Two year,Basic,16.72,9,1,0,Card,0,0.32,0
C101336,45,One year,Premium,74.53,18,3,0,Card,1,0.55,0
C101337,20,Month-to-month,Standard,49.13,9,0,0,Card,0,0.17,1
C101338,6,One year,Basic,23.74,16,1,0,Card,0,0.52,0
C101339,42,Two year,Premium,72.37,9,2,0,Card,0,0.45,0
C101340,40,Two year,Standard,48.0,20,1,0,Card,0,0.49,0
C101341,37,Month-to-month,Basic,18.24,10,3,0,Wallet,0,0.49,0
C101342,38,Month-to-month,Premium,74.15,11,1,2,Bank transfer,1,0.65,1
C101343,6,Two year,Standard,49.68,9,1,1,Bank transfer,0,0.68,0
C101344,29,Month-to-month,Standard,38.95,11,2,1,Card,0,0.74,0
C101345,9,Two year,Standard,53.61,11,1,0,Bank transfer,1,0.57,0
C101346,62,Month-to-month,Premium,74.18,11,2,1,Bank transfer,1,0.7,0
C101347,64,Two year,Standard,44.97,13,2,0,Wallet,0,0.26,0
C101348,60,Month-to-month,Basic,22.61,7,0,1,Bank transfer,0,0.77,0
C101349,35,Month-to-month,Premium,78.83,10,1,0,Card,0,0.55,1
C101350,58,Month-to-month,Standard,42.62,7,0,0,Card,1,0.41,0
C101351,58,Month-to-month,Basic,26.76,18,1,0,Bank transfer,0,0.37,0
C101352,26,Month-to-month,Basic,32.86,12,2,0,Bank transfer,0,0.75,0
C101353,5,Two year,Basic,32.82,12,2,1,Card,0,0.05,1
C101354,61,Two year,Basic,16.45,17,3,0,Wallet,1,0.39,0
C101355,43,Month-to-month,Basic,33.38,15,0,1,Bank transfer,0,0.27,1
C101356,33,Two year,Standard,42.51,14,1,2,Bank transfer,0,0.41,0
C101357,63,Month-to-month,Basic,27.21,11,0,0,Wallet,0,0.41,0
C101358,69,Two year,Premium,76.03,21,0,2,Wallet,0,0.7,0
C101359,63,Month-to-month,Standard,47.07,11,0,0,Cash,1,0.47,0
C101360,1,One year,Standard,41.87,7,0,1,Card,0,0.28,1
C101361,1,Month-to-month,Standard,48.87,9,0,2,Card,0,0.08,1
C101362,36,Month-to-month,Basic,31.4,14,3,0,Card,1,0.28,0
C101363,38,Month-to-month,Standard,42.0,17,0,0,Bank transfer,1,0.57,0
C101364,17,Month-to-month,Basic,25.32,12,1,0,Card,1,0.72,0
C101365,27,Month-to-month,Basic,30.22,10,5,2,Card,0,0.8,1
C101366,41,Month-to-month,Standard,51.76,3,0,0,Bank transfer,0,0.65,0
C101367,55,Month-to-month,Standard,47.38,14,0,3,Card,0,0.91,0
C101368,55,Month-to-month,Basic,27.0,13,2,0,Bank transfer,0,0.53,0
C101369,6,One year,Standard,48.27,17,0,1,Bank transfer,0,0.75,0
C101370,28,Two year,Standard,43.42,8,1,1,Bank transfer,0,0.43,0
C101371,20,Two year,Premium,77.39,11,0,0,Cash,0,0.31,0
C101372,21,One year,Basic,23.78,10,0,0,Bank transfer,0,0.17,0
C101373,59,Month-to-month,Standard,43.38,14,0,1,Card,0,0.12,0
C101374,31,One year,Standard,31.52,14,3,0,Bank transfer,1,0.65,0
C101375,34,Month-to-month,Standard,34.8,5,0,0,Cash,0,0.31,0
C101376,71,Month-to-month,Basic,27.58,14,1,0,Card,0,0.55,0
C101377,33,Month-to-month,Basic,29.78,12,0,1,Bank transfer,0,0.61,1
C101378,55,Month-to-month,Basic,28.03,8,1,2,Bank transfer,1,0.69,0
C101379,70,Month-to-month,Standard,45.99,8,0,0,Card,1,0.83,0
C101380,71,Month-to-month,Premium,73.6,14,1,0,Wallet,0,0.7,0
C101381,24,Month-to-month,Premium,78.71,10,3,1,Bank transfer,0,0.41,1
C101382,30,Month-to-month,Premium,73.01,12,1,0,Card,0,0.4,0
C101383,4,Month-to-month,Standard,45.34,5,2,1,Bank transfer,0,0.6,1
C101384,54,Month-to-month,Standard,54.21,9,2,3,Card,1,0.43,1
C101385,29,Two year,Premium,67.17,12,0,0,Wallet,0,0.45,0
C101386,1,One year,Standard,41.82,16,0,0,Card,1,0.63,1
C101387,12,Month-to-month,Standard,43.91,12,2,1,Card,0,0.24,1
C101388,13,One year,Standard,,19,1,1,Card,0,0.84,0
C101389,6,One year,Basic,18.33,17,0,0,Card,1,0.62,0
C101390,6,Month-to-month,Premium,81.6,5,2,0,Bank transfer,0,0.48,1
C101391,41,Month-to-month,Standard,,13,1,1,Wallet,1,0.69,1
C101392,17,Month-to-month,Premium,74.52,11,1,2,Card,0,0.74,1
C101393,69,Month-to-month,Basic,33.04,16,3,2,Card,0,0.22,0
C101394,42,Two year,Standard,39.51,16,1,0,Cash,0,0.4,1
C101395,42,Month-to-month,Standard,56.62,8,0,1,Card,0,0.1,0
C101396,38,Month-to-month,Premium,74.93,16,0,1,Card,0,0.2,1
C101397,47,Month-to-month,Standard,41.76,13,0,0,Card,1,0.47,0
C101398,57,One year,Standard,51.73,12,2,0,Card,1,0.49,0
C101399,24,Month-to-month,Premium,78.4,13,0,0,Cash,0,0.13,0
C101400,45,Month-to-month,Basic,,15,0,1,Cash,0,0.23,0
C101401,42,Two year,Standard,44.6,13,1,1,Bank transfer,0,0.76,0
C101402,50,One year,Premium,64.61,8,1,2,Bank transfer,0,0.24,0
C101403,55,One year,Standard,33.02,15,3,0,Card,1,0.5,0
C101404,56,Month-to-month,Standard,45.28,13,3,0,Card,1,0.75,0
C101405,43,Month-to-month,Standard,50.96,9,0,1,Card,0,0.4,0
C101406,6,Month-to-month,Premium,70.59,10,2,1,Bank transfer,0,0.4,1
C101407,58,Month-to-month,Standard,45.81,19,2,1,Card,0,0.41,0
C101408,70,Month-to-month,Premium,66.03,18,0,0,Wallet,1,0.61,0
C101409,40,Month-to-month,Basic,,3,1,0,Card,0,0.5,1
C101410,32,Two year,Standard,44.92,11,0,0,Bank transfer,0,0.06,0
C101411,15,Two year,Standard,49.37,10,1,2,Card,1,0.59,0
C101412,34,Month-to-month,Basic,29.63,13,1,0,Cash,0,0.81,1
C101413,42,Two year,Premium,82.34,13,0,2,Wallet,0,0.5,0
C101414,56,Month-to-month,Premium,70.54,8,2,1,Cash,0,0.52,0
C101415,36,Month-to-month,Premium,74.25,10,2,1,Cash,0,0.46,1
C101416,14,Two year,Standard,49.87,20,0,2,Card,1,0.54,0
C101417,12,Two year,Basic,19.19,15,0,0,Card,0,0.02,0
C101418,39,Month-to-month,Basic,23.42,13,0,1,Card,0,0.88,1
C101419,45,One year,Premium,75.21,12,2,0,Bank transfer,0,0.31,0
C101420,64,Month-to-month,Standard,45.11,9,0,1,Cash,0,0.15,1
C101421,59,Two year,Premium,80.4,13,0,0,Bank transfer,0,0.07,0
C101422,42,Month-to-month,Standard,47.72,13,0,1,Card,1,0.47,0
C101423,10,Month-to-month,Premium,72.61,8,0,1,Card,0,0.64,1
C101424,60,Month-to-month,Basic,15.0,9,0,1,Card,0,0.8,0
C101425,40,One year,Premium,79.88,12,1,1,Wallet,0,0.28,0
C101426,61,One year,Standard,51.08,8,0,0,Card,0,0.27,0
C101427,53,Two year,Standard,48.21,10,0,0,Cash,0,0.11,0
C101428,23,Month-to-month,Basic,27.3,14,2,0,Bank transfer,1,0.47,0
C101429,30,Two year,Basic,27.82,13,1,2,Bank transfer,0,0.56,0
C101430,30,Two year,Premium,82.35,12,2,0,Bank transfer,1,0.65,0
C101431,20,One year,Standard,42.17,19,0,0,Wallet,0,0.35,0
C101432,56,Month-to-month,Premium,74.79,9,1,1,Cash,0,0.73,0
C101433,27,Month-to-month,Premium,69.3,11,0,1,Bank transfer,0,0.73,0
C101434,51,Month-to-month,Basic,23.89,16,3,0,Bank transfer,0,0.56,0
C101435,40,Month-to-month,Basic,20.32,12,1,2,Bank transfer,1,0.36,1
C101436,30,One year,Basic,20.33,15,1,1,Card,0,0.64,0
C101437,50,Month-to-month,Standard,33.44,10,0,0,Card,1,0.7,0
C101438,13,Month-to-month,Premium,74.59,14,3,0,Card,1,0.57,0
C101439,41,Month-to-month,Premium,81.13,8,0,0,Card,0,0.46,1
C101440,11,One year,Standard,27.39,14,1,0,Card,0,0.26,0
C101441,8,Month-to-month,Basic,32.66,10,2,1,Wallet,0,0.3,0
C101442,60,One year,Basic,24.91,16,2,0,Cash,0,0.25,0
C101443,59,One year,Basic,21.1,11,1,0,Wallet,1,0.15,0
C101444,49,Month-to-month,Basic,26.92,0,0,0,Card,0,0.4,1
C101445,67,One year,Basic,23.64,10,3,0,Cash,0,0.51,1
C101446,44,Month-to-month,Basic,24.65,9,2,0,Wallet,1,0.57,0
C101447,8,Month-to-month,Standard,53.49,8,1,0,Cash,0,0.32,1
C101448,28,One year,Basic,26.1,6,1,0,Bank transfer,0,0.57,0
C101449,18,Month-to-month,Standard,47.25,15,1,0,Card,0,0.69,0
C101450,52,Month-to-month,Basic,23.52,9,0,1,Cash,0,0.17,0
C101451,13,One year,Premium,74.06,13,1,0,Wallet,0,0.31,0
C101452,44,Two year,Basic,19.71,11,0,0,Bank transfer,0,0.56,0
C101453,62,Two year,Basic,24.36,12,4,2,Card,0,0.78,0
C101454,14,One year,Basic,20.48,12,2,1,Card,1,0.26,0
C101455,66,Two year,Basic,31.82,13,2,1,Card,0,0.59,0
C101456,51,Month-to-month,Basic,23.71,10,2,0,Card,0,0.37,0
C101457,4,Two year,Standard,49.42,17,2,1,Bank transfer,0,0.17,0
C101458,39,Month-to-month,Basic,32.7,16,0,1,Card,0,0.4,0
C101459,24,Two year,Standard,51.09,16,1,0,Card,0,0.68,0
C101460,51,One year,Basic,21.03,14,0,0,Card,1,0.12,0
C101461,14,Month-to-month,Premium,84.94,12,1,1,Cash,0,0.74,1
C101462,36,One year,Premium,63.86,15,1,2,Bank transfer,0,0.7,0
C101463,34,Two year,Standard,53.48,18,0,0,Wallet,1,0.42,1
C101464,36,Month-to-month,Standard,30.15,13,3,0,Card,0,0.47,1
C101465,67,One year,Basic,19.71,8,0,0,Bank transfer,0,0.43,0
C101466,68,Month-to-month,Basic,24.61,13,2,1,Wallet,0,0.17,0
C101467,6,One year,Premium,,8,2,0,Cash,1,0.66,1
C101468,57,Month-to-month,Standard,32.56,10,0,0,Card,1,0.35,0
C101469,13,One year,Standard,36.2,14,2,2,Bank transfer,0,0.72,0
C101470,12,Month-to-month,Premium,76.52,7,2,1,Cash,0,0.36,1
C101471,36,Month-to-month,Standard,34.92,14,1,0,Card,0,0.6,0
C101472,71,Two year,Standard,48.77,12,4,0,Wallet,0,0.61,0
C101473,38,Month-to-month,Standard,51.81,15,0,0,Bank transfer,0,0.5,0
C101474,43,Two year,Basic,32.99,7,2,1,Card,0,0.09,0
C101475,54,Month-to-month,Premium,76.51,9,1,0,Bank transfer,1,0.17,1
C101476,35,Month-to-month,Standard,44.75,13,2,1,Cash,0,0.95,0
C101477,32,Two year,Basic,22.66,17,0,0,Card,1,0.84,0
C101478,51,Month-to-month,Premium,91.26,9,0,0,Bank transfer,0,0.24,0
C101479,11,One year,Basic,32.14,15,2,1,Card,1,0.21,0
C101480,64,Two year,Premium,78.76,13,0,0,Card,0,0.07,0
C101481,26,Two year,Basic,,13,2,0,Card,1,0.52,1
C101482,43,One year,Basic,31.47,15,0,1,Card,0,0.43,0
C101483,71,Month-to-month,Premium,63.71,10,2,1,Bank transfer,1,0.35,0
C101484,55,Month-to-month,Premium,80.11,11,1,0,Cash,0,0.59,0
C101485,55,Month-to-month,Standard,41.63,15,0,0,Card,0,0.46,0
C101486,59,Month-to-month,Premium,61.36,13,0,0,Card,1,0.31,0
C101487,9,Month-to-month,Basic,31.54,4,0,1,Card,0,0.54,1
C101488,32,Month-to-month,Basic,20.51,11,3,0,Card,1,0.21,0
C101489,59,Month-to-month,Premium,77.6,11,0,2,Cash,1,0.35,0
C101490,19,One year,Premium,70.65,16,1,0,Card,0,0.33,0
C101491,23,Month-to-month,Standard,42.66,9,1,0,Card,1,0.71,0
C101492,64,One year,Basic,34.54,9,3,0,Card,0,0.47,0
C101493,57,Month-to-month,Standard,46.98,14,2,1,Wallet,0,0.7,0
C101494,19,One year,Basic,27.35,17,0,0,Cash,1,0.88,0
C101495,1,One year,Standard,35.74,17,1,0,Cash,1,0.29,0
C101496,35,Month-to-month,Premium,80.36,11,0,2,Bank transfer,0,0.35,0
C101497,63,One year,Basic,21.21,15,2,0,Wallet,0,0.44,0
C101498,40,One year,Basic,27.8,16,0,0,Card,0,0.43,0
C101499,12,Two year,Standard,39.01,14,3,1,Cash,0,0.24,0
C101500,35,One year,Standard,47.19,17,2,0,Bank transfer,0,0.05,1
C101501,33,Two year,Basic,28.27,10,0,0,Card,1,0.35,0
C101502,44,Two year,Premium,66.39,17,0,1,Bank transfer,0,0.86,0
C101503,48,One year,Premium,76.91,19,4,1,Card,1,0.23,0
C101504,18,Month-to-month,Basic,19.76,14,0,1,Bank transfer,0,0.56,1
C101505,37,Month-to-month,Standard,52.41,9,3,0,Cash,1,0.13,0
C101506,36,Month-to-month,Premium,77.21,7,0,0,Card,0,0.63,0
C101507,12,One year,Standard,45.35,13,2,0,Card,0,0.7,1
C101508,36,One year,Standard,63.04,13,1,0,Wallet,0,0.27,0
C101509,11,Two year,Basic,29.98,14,2,0,Card,0,0.62,1
C101510,15,Month-to-month,Premium,72.79,11,1,0,Card,0,0.6,1
C101511,21,Month-to-month,Premium,80.22,13,1,1,Bank transfer,0,0.66,1
C101512,70,One year,Premium,76.73,8,1,1,Bank transfer,1,0.39,0
C101513,4,One year,Premium,83.05,14,2,2,Bank transfer,0,0.23,1
C101514,62,Month-to-month,Standard,39.14,14,2,0,Wallet,1,0.49,0
C101515,16,Month-to-month,Standard,56.67,9,1,1,Card,0,0.37,0
C101516,69,Month-to-month,Premium,72.05,5,2,1,Bank transfer,0,0.47,0
C101517,10,Month-to-month,Standard,42.82,1,4,2,Card,0,0.15,1
C101518,44,Month-to-month,Standard,40.72,15,2,1,Card,0,0.75,0
C101519,34,Month-to-month,Basic,23.28,15,0,0,Wallet,0,0.2,0
C101520,17,Month-to-month,Basic,36.39,6,2,0,Cash,1,0.63,1
C101521,26,Month-to-month,Standard,46.15,9,1,1,Wallet,1,0.7,1
C101522,30,Month-to-month,Premium,68.73,13,1,0,Wallet,0,0.34,0
C101523,43,Month-to-month,Premium,74.17,13,1,0,Bank transfer,0,0.41,1
C101524,53,Month-to-month,Premium,76.54,11,0,0,Wallet,1,0.69,0
C101525,21,One year,Standard,50.74,10,2,1,Wallet,0,0.16,1
C101526,28,One year,Premium,73.17,9,2,2,Card,0,0.76,1
C101527,3,One year,Standard,46.22,23,1,0,Card,1,0.27,0
C101528,19,Month-to-month,Basic,42.49,3,1,1,Wallet,1,0.61,1
C101529,24,Month-to-month,Premium,74.29,11,2,1,Bank transfer,1,0.43,0
C101530,59,Month-to-month,Basic,25.76,15,2,1,Card,0,0.56,0
C101531,55,Month-to-month,Standard,38.0,7,1,1,Wallet,1,0.07,0
C101532,56,Two year,Premium,80.72,9,2,0,Card,0,0.15,0
C101533,19,Two year,Standard,42.33,12,0,0,Wallet,0,0.29,1
C101534,16,One year,Premium,86.02,9,2,0,Card,0,0.44,1
C101535,30,One year,Standard,52.25,7,1,1,Card,1,0.34,1
C101536,31,One year,Standard,49.87,11,2,0,Wallet,0,0.15,0
C101537,55,Two year,Basic,22.1,15,0,0,Card,0,0.19,0
C101538,63,Month-to-month,Standard,43.08,8,1,0,Card,0,0.51,0
C101539,30,Two year,Standard,42.82,17,2,0,Card,0,0.6,0
C101540,16,One year,Standard,45.59,9,0,0,Card,0,0.36,0
C101541,64,Month-to-month,Standard,43.02,7,4,0,Card,0,0.54,0
C101542,39,Month-to-month,Standard,41.89,13,0,1,Card,1,0.2,1
C101543,67,Month-to-month,Standard,45.68,6,3,0,Cash,0,0.25,0
C101544,29,Month-to-month,Standard,,14,0,1,Bank transfer,0,0.77,0
C101545,23,Two year,Premium,72.85,8,0,0,Card,0,0.73,0
C101546,5,One year,Basic,30.49,12,1,0,Wallet,1,0.43,0
C101547,53,Month-to-month,Standard,51.27,9,4,2,Card,0,0.46,1
C101548,36,Month-to-month,Basic,21.79,13,0,0,Card,1,0.49,0
C101549,19,Month-to-month,Premium,87.8,7,0,0,Cash,0,0.62,0
C101550,33,Month-to-month,Standard,,12,3,0,Card,0,0.74,0
C101551,11,Month-to-month,Premium,82.36,17,2,0,Card,0,0.7,1
C101552,70,One year,Standard,56.23,12,1,0,Card,0,0.57,0
C101553,32,Month-to-month,Premium,66.68,13,1,1,Wallet,0,0.3,1
C101554,22,One year,Standard,48.08,15,1,0,Bank transfer,1,0.29,0
C101555,44,Month-to-month,Premium,80.53,10,0,0,Card,0,0.51,0
C101556,58,Two year,Basic,32.22,12,1,0,Wallet,0,0.13,0
C101557,68,One year,Premium,79.79,6,1,0,Card,1,0.75,0
C101558,50,Month-to-month,Basic,31.09,4,1,3,Card,1,0.68,0
C101559,11,One year,Standard,36.18,10,1,0,Card,0,0.38,0
C101560,31,Month-to-month,Standard,39.44,10,1,1,Card,0,0.77,0
C101561,52,Month-to-month,Standard,48.51,12,1,1,Card,0,0.39,0
C101562,60,Month-to-month,Basic,15.0,9,0,1,Bank transfer,0,0.86,0
C101563,35,Month-to-month,Basic,21.85,12,1,1,Card,0,0.22,0
C101564,62,Month-to-month,Basic,24.0,13,3,0,Bank transfer,0,0.44,0
C101565,10,Month-to-month,Standard,47.33,12,1,1,Card,0,0.54,0
C101566,25,Month-to-month,Standard,50.46,8,1,0,Card,0,0.2,1
C101567,71,Two year,Basic,26.54,13,0,0,Card,0,0.57,0
C101568,15,Month-to-month,Basic,20.18,11,0,0,Bank transfer,1,0.39,0
C101569,51,Month-to-month,Basic,19.41,14,0,2,Bank transfer,0,0.58,0
C101570,16,Month-to-month,Standard,47.54,9,3,0,Card,1,0.29,1
C101571,10,Month-to-month,Premium,,11,0,1,Card,1,0.07,0
C101572,12,Month-to-month,Premium,77.34,22,2,0,Card,0,0.63,1
C101573,66,Month-to-month,Standard,45.94,4,6,0,Card,0,0.41,1
C101574,71,One year,Standard,45.76,14,1,0,Bank transfer,1,0.66,0
C101575,8,Month-to-month,Basic,16.84,10,0,0,Bank transfer,1,0.6,1
C101576,51,Month-to-month,Basic,24.95,12,1,1,Card,0,0.8,0
C101577,7,One year,Standard,49.62,21,1,2,Card,1,0.63,0
C101578,60,One year,Basic,18.41,6,3,0,Card,0,0.58,0
C101579,24,Month-to-month,Standard,47.65,9,1,0,Card,0,0.67,0
C101580,4,Month-to-month,Basic,29.24,12,0,1,Card,0,0.55,0
C101581,68,One year,Standard,58.97,10,0,1,Card,0,0.2,0
C101582,67,Month-to-month,Premium,74.73,6,1,1,Wallet,1,0.29,0
C101583,3,Two year,Standard,43.63,12,3,1,Card,1,0.95,0
C101584,29,Month-to-month,Basic,17.94,18,1,0,Card,0,0.82,0
C101585,67,Month-to-month,Basic,18.63,7,1,0,Wallet,0,0.52,0
C101586,26,Month-to-month,Basic,15.49,17,3,0,Card,0,0.18,1
C101587,45,Month-to-month,Premium,64.48,10,2,1,Bank transfer,1,0.88,1
C101588,63,Two year,Standard,49.27,10,2,1,Cash,0,0.13,0
C101589,5,Month-to-month,Basic,25.06,14,1,0,Wallet,0,0.32,1
C101590,36,One year,Premium,76.93,14,1,0,Card,0,0.41,1
C101591,41,Two year,Basic,15.66,13,3,0,Bank transfer,1,0.7,0
C101592,67,Two year,Basic,15.0,12,1,0,Wallet,1,0.41,0
C101593,34,Month-to-month,Standard,34.58,13,3,0,Card,0,0.2,1
C101594,61,Month-to-month,Basic,34.72,14,1,0,Wallet,0,0.65,0
C101595,41,Month-to-month,Standard,51.8,9,4,1,Cash,0,0.19,1
C101596,32,Month-to-month,Standard,37.14,12,0,0,Bank transfer,1,0.53,1
C101597,54,Two year,Basic,25.71,18,0,0,Card,0,0.35,0
C101598,61,One year,Standard,46.12,17,2,0,Bank transfer,0,0.41,0
C101599,49,Month-to-month,Premium,69.28,9,3,0,Card,0,0.72,0
C101600,45,Month-to-month,Basic,21.3,6,0,1,Cash,1,0.39,0
C101601,72,One year,Basic,30.78,10,0,0,Card,0,0.51,0
C101602,44,One year,Standard,49.37,15,0,2,Card,0,0.33,0
C101603,12,Month-to-month,Standard,50.48,20,4,0,Card,0,0.49,0
C101604,67,One year,Basic,,17,0,0,Bank transfer,1,0.27,0
C101605,59,Month-to-month,Premium,75.85,10,0,0,Bank transfer,0,0.49,0
C101606,27,Month-to-month,Basic,28.13,6,2,0,Card,0,0.56,1
C101607,30,Month-to-month,Standard,44.24,18,0,0,Wallet,0,0.07,0
C101608,48,Two year,Basic,35.21,6,1,0,Bank transfer,1,0.23,0
C101609,57,Month-to-month,Premium,76.51,11,0,0,Card,0,0.33,0
C101610,51,One year,Standard,48.38,17,1,0,Card,0,0.65,0
C101611,65,Month-to-month,Premium,74.68,10,0,0,Bank transfer,0,0.46,0
C101612,6,Month-to-month,Basic,21.22,9,2,0,Wallet,1,0.25,1
C101613,72,One year,Premium,74.89,16,4,1,Card,1,0.39,0
C101614,36,One year,Standard,43.24,12,1,1,Wallet,1,0.6,0
C101615,20,Two year,Basic,20.44,11,2,1,Card,0,0.6,0
C101616,16,Month-to-month,Basic,30.02,16,1,1,Wallet,0,0.42,1
C101617,33,Month-to-month,Premium,87.06,15,0,0,Card,1,0.72,0
C101618,22,Month-to-month,Standard,,7,1,0,Bank transfer,0,0.29,0
C101619,68,Month-to-month,Basic,24.59,11,0,0,Card,1,0.38,1
C101620,36,Two year,Basic,20.95,8,2,0,Card,0,0.3,0
C101621,69,Month-to-month,Basic,16.51,20,1,1,Card,1,0.93,0
C101622,49,Month-to-month,Standard,48.84,10,1,0,Bank transfer,0,0.58,1
C101623,27,Month-to-month,Basic,28.63,7,2,1,Wallet,0,0.78,0
C101624,29,One year,Basic,20.51,8,2,0,Cash,0,0.27,0
C101625,68,Month-to-month,Premium,75.72,22,1,0,Bank transfer,0,0.31,0
C101626,48,Month-to-month,Basic,20.18,10,1,0,Wallet,0,0.23,0
C101627,30,One year,Standard,53.66,10,1,0,Card,0,0.11,0
C101628,54,Month-to-month,Premium,75.93,15,1,0,Wallet,1,0.32,0
C101629,27,Two year,Standard,47.87,4,1,1,Bank transfer,0,0.51,1
C101630,16,Month-to-month,Standard,55.38,12,1,0,Bank transfer,0,0.83,0
C101631,55,Month-to-month,Standard,32.04,11,2,1,Wallet,1,0.05,0
C101632,7,Month-to-month,Standard,47.7,11,0,0,Card,0,0.17,1
C101633,34,Two year,Standard,46.85,10,2,0,Card,0,0.41,0
C101634,30,Month-to-month,Premium,73.55,9,2,1,Bank transfer,1,0.47,1
C101635,33,Month-to-month,Standard,45.4,13,2,0,Wallet,0,0.53,1
C101636,16,Month-to-month,Basic,32.68,10,0,0,Card,1,0.33,1
C101637,28,Month-to-month,Basic,21.39,15,3,0,Card,0,0.56,0
C101638,9,Month-to-month,Standard,41.46,11,1,0,Wallet,0,0.47,1
C101639,32,Two year,Standard,55.55,11,3,1,Card,1,0.05,0
C101640,54,Two year,Standard,51.37,8,1,0,Wallet,0,0.54,0
C101641,11,Month-to-month,Standard,48.21,10,0,2,Card,0,0.3,1
C101642,11,Two year,Standard,50.13,16,2,0,Wallet,0,0.36,0
C101643,5,Month-to-month,Basic,25.88,10,1,0,Wallet,0,0.57,1
C101644,60,One year,Standard,43.62,12,0,0,Card,0,0.26,0
C101645,55,Month-to-month,Basic,24.5,9,1,0,Card,0,0.73,0
C101646,4,Month-to-month,Standard,47.24,15,0,0,Cash,0,0.59,1
C101647,41,Month-to-month,Basic,22.64,9,2,0,Bank transfer,0,0.25,1
C101648,34,Month-to-month,Premium,65.95,13,2,0,Card,0,0.79,0
C101649,49,Two year,Basic,24.42,10,1,0,Bank transfer,0,0.05,0
C101650,27,Month-to-month,Premium,77.06,14,1,1,Card,0,0.41,0
C101651,58,Month-to-month,Premium,74.61,9,0,0,Wallet,1,0.7,0
C101652,37,Month-to-month,Standard,,14,0,2,Card,0,0.66,0
C101653,17,One year,Standard,47.14,14,2,0,Bank transfer,0,0.81,1
C101654,37,Month-to-month,Basic,31.12,4,3,0,Card,0,0.84,0
C101655,17,Month-to-month,Basic,26.16,11,2,1,Bank transfer,0,0.83,1
C101656,37,Month-to-month,Standard,44.4,14,2,0,Card,0,0.45,0
C101657,21,Two year,Basic,28.82,15,1,1,Wallet,1,0.1,0
C101658,32,Month-to-month,Basic,30.65,14,2,2,Card,0,0.7,0
C101659,22,Month-to-month,Basic,22.82,7,2,1,Bank transfer,0,0.72,1
C101660,38,One year,Standard,40.36,16,1,0,Card,0,0.61,0
C101661,55,Month-to-month,Standard,53.33,12,2,1,Card,0,0.37,0
C101662,50,One year,Premium,72.33,10,1,1,Wallet,1,0.3,0
C101663,27,Two year,Basic,27.63,11,1,0,Card,0,0.77,0
C101664,36,One year,Premium,72.67,14,1,0,Wallet,0,0.78,0
C101665,24,Month-to-month,Standard,46.73,10,3,1,Card,0,0.73,1
C101666,23,Two year,Basic,33.65,14,2,0,Cash,1,0.34,0
C101667,46,Month-to-month,Standard,55.37,9,3,0,Wallet,1,0.17,0
C101668,57,Month-to-month,Premium,67.71,11,4,2,Cash,0,0.28,0
C101669,14,Two year,Standard,36.91,13,2,2,Card,0,0.58,0
C101670,19,Two year,Standard,25.65,13,0,1,Bank transfer,0,0.22,1
C101671,8,One year,Standard,48.92,11,2,0,Card,0,0.32,0
C101672,72,Month-to-month,Premium,84.62,9,2,0,Card,1,0.75,1
C101673,51,Month-to-month,Standard,46.96,10,1,0,Card,1,0.08,0
C101674,12,Month-to-month,Basic,23.7,16,0,1,Card,0,0.21,1
C101675,55,Month-to-month,Basic,30.29,12,1,0,Card,0,0.66,0
C101676,23,One year,Standard,39.9,10,0,0,Wallet,0,0.37,0
C101677,22,Month-to-month,Basic,29.3,17,0,1,Card,1,0.84,0
C101678,36,Two year,Premium,83.37,6,0,0,Bank transfer,0,0.4,0
C101679,46,One year,Premium,82.71,20,0,0,Wallet,0,0.33,0
C101680,48,One year,Standard,49.59,14,2,1,Card,1,0.6,0
C101681,3,Two year,Standard,42.44,10,0,0,Bank transfer,1,0.53,1
C101682,54,Month-to-month,Basic,23.48,13,0,0,Wallet,1,0.26,1
C101683,30,One year,Premium,70.03,17,2,0,Bank transfer,0,0.44,0
C101684,66,Month-to-month,Standard,56.37,9,2,1,Bank transfer,0,0.62,0
C101685,42,Month-to-month,Premium,82.75,12,2,0,Bank transfer,0,0.12,0
C101686,68,One year,Standard,45.05,14,1,0,Card,0,0.42,0
C101687,19,Month-to-month,Premium,75.0,11,3,0,Card,0,0.35,1
C101688,48,Two year,Basic,26.81,14,0,0,Card,0,0.67,0
C101689,26,Two year,Premium,71.52,16,2,0,Bank transfer,0,0.33,0
C101690,62,Two year,Standard,48.45,17,1,1,Card,0,0.15,0
C101691,44,Month-to-month,Basic,28.33,14,1,0,Card,0,0.31,0
C101692,55,Month-to-month,Standard,47.95,12,0,1,Card,0,0.6,0
C101693,43,Month-to-month,Basic,25.69,15,1,0,Card,0,0.15,0
C101694,55,Month-to-month,Standard,30.61,7,2,1,Card,0,0.57,0
C101695,12,Month-to-month,Premium,74.24,19,0,0,Bank transfer,0,0.52,1
C101696,17,One year,Standard,37.09,16,2,2,Bank transfer,0,0.33,0
C101697,51,Two year,Basic,15.47,10,1,0,Bank transfer,0,0.18,0
C101698,14,Month-to-month,Standard,58.58,21,3,0,Card,0,0.13,0
C101699,6,Two year,Standard,42.44,14,3,0,Card,0,0.35,0
C101700,41,Month-to-month,Standard,44.23,10,3,1,Cash,0,0.57,1
C101701,70,Two year,Standard,,12,2,1,Wallet,0,0.33,0
C101702,23,Two year,Standard,40.32,15,1,0,Wallet,1,0.48,0
C101703,15,One year,Standard,54.86,7,2,0,Wallet,1,0.74,0
C101704,53,Two year,Basic,15.0,15,0,0,Card,1,0.28,0
C101705,19,One year,Premium,78.14,14,3,0,Card,0,0.39,0
C101706,56,One year,Standard,41.85,13,1,0,Wallet,0,0.58,0
C101707,15,Month-to-month,Standard,52.79,13,0,1,Card,1,0.18,1
C101708,14,Month-to-month,Standard,50.29,14,1,2,Wallet,1,0.61,0
C101709,72,Month-to-month,Premium,75.77,7,1,1,Wallet,0,0.29,0
C101710,44,Two year,Basic,16.47,10,0,1,Wallet,1,0.4,0
C101711,21,Month-to-month,Premium,79.92,6,2,0,Wallet,0,0.33,0
C101712,33,One year,Standard,51.04,16,1,0,Bank transfer,0,0.43,1
C101713,44,Month-to-month,Standard,49.17,9,2,0,Bank transfer,0,0.59,0
C101714,4,One year,Standard,43.56,14,0,0,Bank transfer,0,0.75,0
C101715,72,Two year,Standard,49.0,12,1,1,Card,1,0.63,0
C101716,35,One year,Standard,40.71,14,1,1,Card,0,0.42,0
C101717,69,Month-to-month,Standard,46.73,10,0,0,Card,1,0.9,0
C101718,57,One year,Premium,77.44,13,1,1,Wallet,0,0.2,0
C101719,4,Month-to-month,Standard,43.9,12,0,0,Card,0,0.41,0
C101720,58,Two year,Standard,39.43,17,4,3,Card,1,0.63,0
C101721,38,Month-to-month,Premium,73.94,13,0,0,Card,1,0.4,0
C101722,64,Month-to-month,Basic,20.07,9,1,1,Card,0,0.6,0
C101723,44,Two year,Premium,68.2,19,1,1,Bank transfer,1,0.73,0
C101724,21,Two year,Standard,51.44,20,2,0,Card,1,0.88,0
C101725,51,Two year,Basic,24.34,15,2,0,Card,0,0.33,0
C101726,21,Month-to-month,Standard,,7,1,1,Bank transfer,1,0.77,1
C101727,25,One year,Basic,22.18,9,3,0,Card,1,0.48,0
C101728,43,Two year,Standard,47.79,11,2,0,Bank transfer,0,0.47,1
C101729,24,One year,Standard,43.32,18,3,0,Card,0,0.26,0
C101730,68,Month-to-month,Premium,71.06,11,1,1,Bank transfer,0,0.07,0
C101731,1,Month-to-month,Standard,46.82,6,2,2,Card,1,0.7,1
C101732,28,Month-to-month,Standard,46.06,16,2,0,Card,0,0.17,0
C101733,3,Month-to-month,Standard,39.9,4,1,0,Card,0,0.74,1
C101734,52,Month-to-month,Standard,38.88,10,0,1,Bank transfer,0,0.47,0
C101735,40,Month-to-month,Basic,32.9,13,2,0,Bank transfer,0,0.41,0
C101736,11,One year,Standard,43.57,22,2,0,Wallet,1,0.73,0
C101737,6,Two year,Basic,32.33,17,2,2,Wallet,0,0.51,0
C101738,54,Month-to-month,Basic,28.74,12,0,1,Card,0,0.29,0
C101739,15,Month-to-month,Basic,24.79,11,0,2,Card,1,0.58,0
C101740,61,Two year,Basic,23.79,15,1,1,Wallet,1,0.2,0
C101741,24,Two year,Basic,34.83,12,1,1,Card,0,0.28,0
C101742,40,Two year,Basic,21.41,19,0,0,Bank transfer,0,0.11,0
C101743,6,Month-to-month,Standard,42.9,12,0,1,Bank transfer,1,0.41,0
C101744,37,One year,Standard,40.33,13,1,0,Bank transfer,0,0.21,0
C101745,3,One year,Basic,24.28,13,4,1,Bank transfer,0,0.8,1
C101746,17,Month-to-month,Premium,69.66,12,0,0,Card,0,0.3,1
C101747,67,Month-to-month,Premium,75.89,13,2,0,Card,0,0.79,1
C101748,71,Two year,Standard,37.78,17,0,0,Card,1,0.27,0
C101749,32,Month-to-month,Standard,48.27,14,0,1,Card,1,0.43,0
C101750,66,Month-to-month,Standard,47.19,15,0,0,Cash,0,0.17,0
C101751,15,Month-to-month,Basic,26.45,6,4,0,Bank transfer,1,0.48,1
C101752,43,One year,Standard,41.63,16,1,0,Card,0,0.52,0
C101753,52,Month-to-month,Standard,52.77,10,2,1,Card,1,0.28,1
C101754,65,One year,Basic,37.05,9,0,0,Bank transfer,0,0.47,0
C101755,1,Month-to-month,Basic,24.41,18,0,0,Card,1,0.17,0
C101756,43,Month-to-month,Premium,70.63,9,1,0,Bank transfer,0,0.34,0
C101757,18,Month-to-month,Standard,48.98,14,0,0,Card,0,0.87,0
C101758,28,Month-to-month,Premium,73.94,11,2,0,Bank transfer,0,0.18,1
C101759,70,Two year,Premium,76.03,13,2,0,Card,0,0.36,0
C101760,48,Month-to-month,Premium,,7,2,0,Cash,0,0.33,1
C101761,65,One year,Standard,37.15,15,1,1,Card,0,0.15,0
C101762,14,Two year,Standard,49.46,12,3,0,Card,0,0.25,0
C101763,46,Month-to-month,Standard,39.0,11,2,1,Card,1,0.35,0
C101764,67,Month-to-month,Basic,17.8,9,0,0,Wallet,0,0.27,0
C101765,7,Month-to-month,Premium,72.88,9,0,0,Wallet,0,0.51,1
C101766,63,Month-to-month,Premium,83.8,8,1,0,Bank transfer,1,0.37,1
C101767,23,Two year,Basic,21.43,9,1,0,Card,1,0.6,0
C101768,31,Month-to-month,Basic,27.91,13,5,0,Bank transfer,1,0.52,1
C101769,3,One year,Standard,39.66,15,3,1,Bank transfer,1,0.42,0
C101770,61,Month-to-month,Premium,78.86,11,1,0,Wallet,1,0.67,0
C101771,16,Month-to-month,Standard,47.05,10,0,0,Wallet,1,0.81,1
C101772,72,Month-to-month,Premium,,10,2,1,Card,0,0.7,0
C101773,2,Two year,Basic,26.22,11,1,0,Card,0,0.22,0
C101774,8,One year,Standard,45.2,17,0,1,Wallet,1,0.47,0
C101775,10,One year,Basic,,16,3,1,Bank transfer,0,0.75,0
C101776,49,Month-to-month,Premium,77.02,10,0,1,Card,1,0.5,1
C101777,46,Month-to-month,Basic,29.83,13,1,0,Card,0,0.85,0
C101778,15,Two year,Basic,26.33,7,1,0,Bank transfer,0,0.23,0
C101779,8,One year,Standard,46.23,19,1,1,Cash,1,0.52,0
C101780,19,One year,Premium,78.48,14,2,0,Card,0,0.7,0
C101781,12,Month-to-month,Standard,50.29,18,1,0,Cash,0,0.4,1
C101782,52,Month-to-month,Basic,19.85,15,2,0,Card,1,0.47,1
C101783,66,Two year,Standard,44.72,11,0,0,Card,0,0.48,0
C101784,31,Month-to-month,Basic,27.69,9,0,0,Bank transfer,0,0.7,0
C101785,25,Month-to-month,Standard,46.66,11,1,3,Wallet,0,0.84,0
C101786,38,One year,Premium,69.49,13,1,0,Bank transfer,1,0.47,1
C101787,24,Month-to-month,Basic,15.0,13,1,0,Wallet,1,0.7,1
C101788,14,One year,Basic,27.04,12,0,0,Card,1,0.49,0
C101789,7,One year,Standard,49.4,13,2,0,Bank transfer,0,0.65,1
C101790,47,Month-to-month,Basic,35.05,10,2,1,Wallet,1,0.54,0
C101791,58,Month-to-month,Standard,47.64,5,1,0,Card,0,0.21,0
C101792,38,Month-to-month,Standard,40.0,6,3,0,Wallet,0,0.43,1
C101793,49,Month-to-month,Standard,47.77,8,1,1,Cash,0,0.34,0
C101794,9,Month-to-month,Basic,24.46,9,1,0,Card,1,0.57,0
C101795,40,Month-to-month,Premium,71.12,10,2,0,Cash,0,0.18,1
C101796,49,Month-to-month,Standard,36.64,12,0,0,Card,0,0.09,0
C101797,45,Month-to-month,Basic,15.0,9,3,1,Card,0,0.54,1
C101798,2,Month-to-month,Standard,41.0,8,1,0,Card,0,0.15,1
C101799,8,One year,Basic,22.66,11,2,0,Card,0,0.54,1
C101800,71,Month-to-month,Basic,25.49,17,1,0,Card,0,0.33,0
C101801,19,Month-to-month,Premium,75.23,11,2,0,Bank transfer,0,0.14,1
C101802,17,One year,Basic,26.48,17,1,1,Wallet,1,0.17,0
C101803,43,One year,Premium,86.42,18,1,0,Card,0,0.67,0
C101804,53,One year,Basic,24.74,9,1,1,Card,0,0.58,0
C101805,69,One year,Standard,53.23,19,1,0,Card,0,0.31,0
C101806,54,Month-to-month,Basic,20.51,13,1,1,Bank transfer,0,0.24,0
C101807,59,Two year,Premium,70.84,13,1,1,Cash,0,0.54,0
C101808,67,One year,Premium,,12,2,0,Card,1,0.78,0
C101809,47,Month-to-month,Standard,34.49,7,3,0,Wallet,1,0.55,1
C101810,44,One year,Basic,34.91,12,1,1,Card,0,0.29,0
C101811,38,One year,Standard,46.61,8,2,0,Card,0,0.43,0
C101812,15,One year,Standard,49.38,14,5,0,Card,0,0.64,1
C101813,2,Month-to-month,Basic,35.34,11,1,1,Cash,0,0.42,1
C101814,9,One year,Standard,47.78,11,1,0,Bank transfer,0,0.25,0
C101815,65,One year,Premium,84.76,14,1,0,Wallet,1,0.19,1
C101816,23,One year,Basic,15.0,16,1,1,Card,0,0.46,0
C101817,5,Month-to-month,Basic,32.65,8,0,0,Card,0,0.71,1
C101818,11,Month-to-month,Premium,76.9,8,2,0,Wallet,0,0.52,0
C101819,10,Two year,Premium,71.83,11,1,1,Card,1,0.37,0
C101820,28,Month-to-month,Basic,31.53,15,1,0,Card,1,0.69,0
C101821,50,One year,Basic,25.28,16,1,1,Card,0,0.25,0
C101822,59,Month-to-month,Standard,40.96,6,1,1,Bank transfer,1,0.33,0
C101823,59,One year,Premium,63.58,10,1,1,Card,0,0.45,0
C101824,70,One year,Premium,85.66,12,1,1,Card,0,0.65,0
C101825,57,One year,Basic,15.0,14,0,1,Bank transfer,0,0.3,0
C101826,20,Two year,Standard,45.53,10,0,0,Wallet,1,0.21,0
C101827,33,Month-to-month,Standard,54.57,12,1,0,Card,0,0.4,0
C101828,47,Month-to-month,Premium,78.98,6,1,0,Card,0,0.33,0
C101829,13,Month-to-month,Standard,41.38,15,1,0,Card,0,0.98,0
C101830,50,Month-to-month,Basic,23.51,15,0,0,Card,0,0.64,0
C101831,3,Month-to-month,Basic,21.46,19,0,0,Bank transfer,1,0.43,0
C101832,17,Two year,Standard,46.58,12,1,0,Wallet,0,0.26,0
C101833,62,Month-to-month,Basic,24.64,15,0,0,Card,0,0.63,0
C101834,23,One year,Standard,37.43,13,2,1,Bank transfer,0,0.24,0
C101835,71,One year,Standard,36.35,10,3,0,Wallet,0,0.3,0
C101836,61,Month-to-month,Standard,51.87,12,1,3,Wallet,1,0.21,0
C101837,18,Month-to-month,Standard,37.5,10,2,0,Cash,0,0.52,1
C101838,67,Month-to-month,Basic,18.33,8,1,0,Card,0,0.62,0
C101839,63,Month-to-month,Standard,58.9,10,3,1,Cash,1,0.5,1
C101840,71,Month-to-month,Basic,20.08,12,2,0,Wallet,0,0.15,0
C101841,29,One year,Standard,37.19,19,0,1,Card,0,0.42,0
C101842,66,One year,Basic,19.25,14,0,0,Card,0,0.33,0
C101843,23,Month-to-month,Standard,49.6,15,1,0,Card,1,0.55,0
C101844,26,Month-to-month,Premium,70.57,11,2,2,Wallet,0,0.37,0
C101845,37,Two year,Premium,74.19,15,2,1,Card,0,0.13,0
C101846,27,Month-to-month,Premium,61.24,13,2,1,Bank transfer,0,0.39,1
C101847,1,Month-to-month,Standard,41.32,11,1,1,Card,0,0.39,1
C101848,52,One year,Standard,45.2,13,0,0,Wallet,0,0.68,0
C101849,32,One year,Premium,75.27,16,1,0,Wallet,1,0.34,0
C101850,59,Two year,Basic,33.73,13,0,1,Bank transfer,0,0.27,0
C101851,15,Month-to-month,Basic,27.99,7,0,0,Card,1,0.71,0
C101852,17,One year,Premium,57.72,14,1,0,Card,0,0.26,0
C101853,52,Month-to-month,Standard,35.24,14,3,2,Card,0,0.5,1
C101854,51,Month-to-month,Standard,39.63,13,1,1,Card,1,0.33,0
C101855,37,Month-to-month,Basic,23.17,14,0,1,Card,0,0.45,0
C101856,44,Month-to-month,Premium,75.23,13,1,0,Wallet,0,0.55,1
C101857,63,Month-to-month,Basic,28.67,9,1,0,Card,1,0.66,0
C101858,64,Month-to-month,Basic,15.0,14,0,0,Bank transfer,0,0.67,0
C101859,65,One year,Premium,61.58,20,1,0,Cash,0,0.87,0
C101860,72,One year,Premium,79.63,13,2,0,Card,0,0.34,0
C101861,23,Month-to-month,Premium,68.89,10,0,1,Bank transfer,1,0.45,0
C101862,58,Month-to-month,Premium,60.79,10,1,1,Wallet,1,0.37,0
C101863,21,One year,Premium,69.16,13,1,2,Card,0,0.64,0
C101864,63,Month-to-month,Standard,42.2,8,2,0,Card,1,0.63,0
C101865,68,Month-to-month,Basic,17.6,7,2,0,Bank transfer,0,0.46,1
C101866,32,Two year,Standard,37.81,11,2,0,Card,1,0.12,0
C101867,37,Month-to-month,Standard,,9,1,0,Card,1,0.37,0
C101868,9,Month-to-month,Basic,18.22,21,0,1,Bank transfer,0,0.68,0
C101869,7,One year,Standard,46.65,9,5,0,Card,1,0.36,0
C101870,15,Month-to-month,Premium,76.12,7,1,1,Bank transfer,0,0.73,1
C101871,4,Month-to-month,Standard,42.68,7,1,0,Bank transfer,0,0.3,1
C101872,29,One year,Basic,38.96,19,0,0,Wallet,0,0.53,0
C101873,72,One year,Basic,16.73,12,0,2,Bank transfer,0,0.28,0
C101874,51,Two year,Premium,90.3,10,0,0,Card,0,0.35,0
C101875,42,Month-to-month,Standard,39.09,16,1,1,Bank transfer,0,0.58,0
C101876,53,Month-to-month,Basic,23.21,14,1,1,Bank transfer,1,0.5,0
C101877,4,Month-to-month,Premium,76.65,11,1,1,Card,0,0.55,1
C101878,48,Month-to-month,Basic,31.48,12,2,0,Bank transfer,0,0.45,0
C101879,37,Month-to-month,Basic,29.03,14,1,1,Wallet,0,0.45,0
C101880,9,Month-to-month,Basic,22.74,16,0,0,Bank transfer,1,0.44,0
C101881,37,Month-to-month,Premium,72.75,11,1,1,Card,1,0.29,1
C101882,48,Month-to-month,Standard,51.9,10,2,0,Card,0,0.48,1
C101883,32,Month-to-month,Standard,,2,0,0,Bank transfer,0,0.52,0
C101884,67,One year,Premium,71.65,14,2,1,Bank transfer,0,0.53,0
C101885,69,One year,Premium,82.2,21,1,1,Card,0,0.63,0
C101886,27,Month-to-month,Premium,78.26,9,1,0,Bank transfer,1,0.38,1
C101887,69,One year,Standard,46.4,10,2,2,Card,1,0.46,0
C101888,18,Month-to-month,Standard,38.27,14,3,0,Card,1,0.53,1
C101889,9,Month-to-month,Basic,17.32,8,1,3,Card,1,0.5,0
C101890,47,Month-to-month,Basic,27.47,7,1,0,Card,0,0.32,0
C101891,11,One year,Standard,28.23,19,1,1,Bank transfer,0,0.4,0
C101892,24,Two year,Basic,21.9,12,2,1,Bank transfer,1,0.63,0
C101893,30,Two year,Standard,47.45,17,2,0,Wallet,1,0.34,0
C101894,50,Month-to-month,Basic,15.0,9,1,0,Card,1,0.2,0
C101895,61,One year,Premium,84.68,17,1,1,Wallet,0,0.22,0
C101896,65,Month-to-month,Standard,54.87,17,1,1,Card,0,0.15,1
C101897,45,One year,Basic,18.54,10,1,0,Wallet,1,0.84,0
C101898,70,Two year,Standard,44.24,10,1,0,Card,0,0.59,0
C101899,53,One year,Standard,44.15,10,1,0,Bank transfer,1,0.03,0
C101900,63,Month-to-month,Standard,41.65,16,1,1,Bank transfer,1,0.2,0
C101901,42,Month-to-month,Premium,71.98,12,2,0,Card,0,0.51,1
C101902,9,Month-to-month,Standard,47.82,11,2,1,Wallet,0,0.76,1
C101903,16,One year,Basic,34.92,5,2,1,Cash,0,0.23,0
C101904,30,One year,Basic,25.44,23,1,0,Card,0,0.55,0
C101905,59,One year,Standard,45.57,12,1,0,Wallet,1,0.55,0
C101906,30,Month-to-month,Basic,25.74,8,1,0,Bank transfer,0,0.65,0
C101907,2,One year,Standard,40.81,15,2,1,Cash,0,0.53,0
C101908,32,Month-to-month,Standard,48.7,18,0,0,Bank transfer,0,0.51,0
C101909,51,Two year,Standard,41.98,11,1,0,Wallet,0,0.35,0
C101910,72,Two year,Basic,19.05,18,2,0,Bank transfer,1,0.78,0
C101911,14,Month-to-month,Basic,28.87,6,0,0,Bank transfer,0,0.61,0
C101912,23,One year,Basic,15.0,15,3,1,Bank transfer,0,0.48,0
C101913,34,One year,Standard,41.92,6,1,1,Bank transfer,0,0.5,0
C101914,36,Month-to-month,Standard,42.59,7,1,0,Wallet,0,0.53,1
C101915,71,Month-to-month,Standard,44.15,12,1,0,Wallet,0,0.31,0
C101916,29,Month-to-month,Standard,35.73,1,2,0,Card,0,0.62,0
C101917,39,One year,Standard,39.28,15,3,0,Card,0,0.51,0
C101918,19,Month-to-month,Premium,74.09,15,3,0,Wallet,0,0.08,0
C101919,5,Month-to-month,Standard,48.57,10,1,0,Card,1,0.29,1
C101920,29,One year,Basic,24.28,13,1,1,Bank transfer,0,0.56,0
C101921,31,Month-to-month,Standard,43.72,15,0,2,Bank transfer,0,0.51,0
C101922,13,One year,Basic,19.95,16,2,0,Card,0,0.79,0
C101923,48,Month-to-month,Standard,45.09,16,1,0,Card,0,0.16,0
C101924,24,Month-to-month,Standard,28.28,11,3,1,Card,1,0.39,0
C101925,5,Month-to-month,Basic,28.83,15,1,1,Card,1,0.48,1
C101926,39,Month-to-month,Basic,30.75,10,1,0,Cash,1,0.42,0
C101927,19,Two year,Basic,24.86,11,0,1,Card,0,0.72,0
C101928,53,One year,Standard,39.16,17,1,1,Card,0,0.5,0
C101929,2,Month-to-month,Premium,82.95,11,3,0,Card,1,0.86,1
C101930,56,Month-to-month,Standard,40.92,10,1,0,Card,0,0.64,0
C101931,39,Month-to-month,Standard,53.02,15,0,0,Bank transfer,0,0.67,0
C101932,53,Two year,Standard,43.36,11,3,1,Cash,0,0.34,0
C101933,28,Two year,Basic,20.42,12,0,0,Card,0,0.56,0
C101934,64,Month-to-month,Basic,23.7,12,2,3,Wallet,0,0.16,0
C101935,37,Month-to-month,Premium,70.89,6,3,0,Card,0,0.21,1
C101936,72,Month-to-month,Standard,43.98,9,1,0,Card,1,0.2,0
C101937,22,Month-to-month,Basic,27.95,6,1,0,Card,1,0.55,0
C101938,62,Month-to-month,Premium,73.44,11,1,1,Card,1,0.41,0
C101939,48,Month-to-month,Basic,22.25,13,0,1,Bank transfer,0,0.23,0
C101940,67,Month-to-month,Premium,74.86,17,1,1,Card,1,0.37,0
C101941,13,One year,Standard,47.32,17,1,1,Card,0,0.34,0
C101942,37,One year,Standard,,18,0,1,Card,1,0.32,0
C101943,66,One year,Basic,28.23,20,4,1,Bank transfer,0,0.22,0
C101944,18,One year,Basic,28.46,9,2,0,Card,0,0.34,0
C101945,70,Month-to-month,Basic,26.71,9,0,1,Bank transfer,0,0.39,0
C101946,70,Month-to-month,Basic,29.26,8,0,0,Wallet,0,0.83,0
C101947,36,Month-to-month,Standard,45.08,12,1,1,Wallet,1,0.36,0
C101948,53,Month-to-month,Standard,51.78,6,2,0,Bank transfer,1,0.95,0
C101949,34,Month-to-month,Basic,27.41,14,1,1,Card,0,0.33,0
C101950,48,Month-to-month,Standard,49.99,6,1,0,Card,1,0.66,1
C101951,62,Month-to-month,Premium,73.85,14,1,0,Bank transfer,1,0.52,0
C101952,54,Month-to-month,Premium,66.56,11,0,1,Cash,0,0.77,0
C101953,21,Two year,Basic,22.35,18,0,0,Card,0,0.1,0
C101954,42,Two year,Basic,25.24,9,2,0,Cash,0,0.8,0
C101955,58,One year,Standard,47.19,18,2,2,Wallet,1,0.84,0
C101956,42,Month-to-month,Standard,44.8,9,0,1,Card,0,0.67,0
C101957,21,Month-to-month,Basic,33.74,7,0,1,Bank transfer,1,0.78,0
C101958,55,Two year,Basic,17.29,12,2,0,Card,0,0.31,0
C101959,52,One year,Standard,34.51,13,2,0,Card,0,0.17,0
C101960,46,One year,Standard,43.93,16,5,1,Card,1,0.62,0
C101961,25,One year,Standard,40.97,18,2,0,Bank transfer,0,0.43,0
C101962,41,Two year,Standard,45.19,11,3,1,Card,0,0.65,0
C101963,44,One year,Premium,78.91,12,0,0,Bank transfer,0,0.67,0
C101964,16,Month-to-month,Premium,91.07,11,1,2,Card,0,0.54,0
C101965,67,Month-to-month,Basic,17.22,8,1,0,Cash,0,0.75,0
C101966,43,Two year,Premium,68.66,16,1,0,Card,1,0.21,0
C101967,4,Month-to-month,Basic,24.67,9,0,1,Card,0,0.57,1
C101968,20,Month-to-month,Basic,16.27,10,0,0,Wallet,1,0.59,0
C101969,59,Month-to-month,Premium,70.51,11,1,2,Card,0,0.22,1
C101970,50,Month-to-month,Premium,82.6,17,2,0,Bank transfer,1,0.24,0
C101971,40,Month-to-month,Basic,24.65,13,2,0,Bank transfer,0,0.39,0
C101972,36,One year,Premium,74.84,14,1,0,Card,0,0.48,0
C101973,28,One year,Basic,31.55,11,2,0,Card,0,0.57,0
C101974,68,One year,Premium,64.9,13,1,0,Card,0,0.46,0
C101975,26,One year,Standard,45.73,15,1,2,Bank transfer,0,0.37,0
C101976,60,Month-to-month,Standard,44.72,19,0,1,Card,0,0.31,0
C101977,5,One year,Premium,76.59,8,0,0,Bank transfer,0,0.58,0
C101978,39,Month-to-month,Basic,19.13,9,0,2,Card,0,0.68,0
C101979,19,Month-to-month,Standard,42.46,8,2,0,Card,0,0.63,1
C101980,31,Month-to-month,Basic,24.4,9,1,0,Card,0,0.74,0
C101981,45,One year,Basic,29.34,16,0,1,Card,0,0.08,0
C101982,5,One year,Standard,40.72,17,0,0,Bank transfer,0,0.33,0
C101983,8,One year,Premium,78.63,15,0,0,Bank transfer,0,0.6,0
C101984,42,One year,Standard,32.48,18,1,2,Card,1,0.57,0
C101985,49,Month-to-month,Basic,27.51,2,0,1,Wallet,1,0.71,0
C101986,5,One year,Basic,29.57,13,0,2,Wallet,0,0.5,1
C101987,70,Two year,Standard,39.65,15,2,1,Bank transfer,1,0.32,0
C101988,32,Month-to-month,Basic,23.28,12,2,0,Cash,0,0.59,0
C101989,71,One year,Basic,24.99,14,3,2,Wallet,0,0.72,0
C101990,10,Month-to-month,Basic,26.71,22,1,0,Bank transfer,0,0.74,1
C101991,65,Month-to-month,Premium,82.06,8,1,1,Card,1,0.84,0
C101992,47,One year,Standard,46.12,9,0,0,Bank transfer,0,0.96,1
C101993,59,Month-to-month,Basic,23.68,12,1,1,Card,0,0.24,0
C101994,59,Month-to-month,Standard,43.85,4,0,1,Wallet,0,0.51,1
C101995,13,Month-to-month,Standard,46.6,11,1,0,Wallet,0,0.14,0
C101996,13,Month-to-month,Standard,49.58,13,2,0,Wallet,0,0.18,0
C101997,70,One year,Standard,46.51,14,1,0,Card,0,0.25,0
C101998,32,One year,Standard,41.78,21,1,0,Bank transfer,0,0.76,0
C101999,15,Month-to-month,Basic,23.03,9,1,0,Card,1,0.33,0
C102000,46,Month-to-month,Standard,40.37,13,0,0,Card,0,0.12,0
C102001,63,Month-to-month,Standard,39.9,11,2,3,Card,0,0.72,1
C102002,20,One year,Standard,42.15,23,1,0,Card,0,0.27,1
C102003,64,Month-to-month,Basic,21.64,5,0,0,Card,0,0.78,0
C102004,5,Month-to-month,Basic,29.49,17,3,0,Wallet,1,0.23,0
C102005,45,Month-to-month,Standard,38.03,9,0,1,Card,0,0.16,0
C102006,28,Two year,Premium,75.42,5,3,1,Card,1,0.12,0
C102007,38,Month-to-month,Basic,18.14,14,1,0,Card,0,0.3,1
C102008,44,Two year,Premium,79.64,12,1,1,Bank transfer,0,0.57,0
C102009,15,Month-to-month,Standard,46.77,10,1,1,Wallet,1,0.56,1
C102010,4,Month-to-month,Standard,52.38,14,2,1,Card,0,0.6,1
C102011,38,One year,Premium,78.19,12,4,0,Bank transfer,0,0.5,0
C102012,69,Two year,Basic,19.02,15,0,1,Bank transfer,0,0.7,0
C102013,21,Month-to-month,Standard,45.22,7,2,1,Bank transfer,0,0.76,1
C102014,41,Two year,Standard,41.34,12,1,1,Bank transfer,0,0.31,1
C102015,10,One year,Standard,41.96,15,4,1,Wallet,0,0.62,0
C102016,25,Two year,Basic,19.04,6,3,0,Bank transfer,0,0.28,0
C102017,10,Two year,Standard,43.21,11,2,1,Cash,0,0.52,1
C102018,9,Month-to-month,Standard,45.54,8,1,0,Cash,1,0.45,1
C102019,58,Two year,Standard,46.24,8,0,0,Bank transfer,0,0.87,0
C102020,66,Month-to-month,Standard,59.47,8,1,0,Card,0,0.83,0
C102021,67,Month-to-month,Standard,44.06,10,1,1,Card,0,0.51,0
C102022,53,Month-to-month,Premium,75.51,15,0,0,Card,1,0.23,0
C102023,11,Month-to-month,Premium,74.48,10,2,0,Card,0,0.1,1
C102024,67,Month-to-month,Premium,73.53,12,0,1,Card,0,0.3,0
C102025,1,One year,Basic,23.25,10,2,1,Wallet,0,0.13,1
C102026,20,Month-to-month,Premium,75.33,13,0,0,Bank transfer,0,0.35,0
C102027,19,Month-to-month,Premium,73.86,11,0,1,Wallet,0,0.63,0
C102028,54,Month-to-month,Premium,79.27,12,1,2,Bank transfer,1,0.4,1
C102029,10,Month-to-month,Premium,77.49,9,1,0,Cash,1,0.34,0
C102030,70,One year,Premium,69.89,17,2,1,Card,0,0.17,0
C102031,14,Month-to-month,Premium,75.02,14,1,2,Bank transfer,0,0.59,0
C102032,63,One year,Basic,26.8,14,2,0,Wallet,1,0.17,0
C102033,42,One year,Basic,23.42,7,2,0,Wallet,0,0.22,0
C102034,19,One year,Standard,43.68,14,0,0,Bank transfer,0,0.58,0
C102035,31,Two year,Premium,74.46,14,1,0,Wallet,0,0.82,0
C102036,9,Two year,Standard,48.55,15,0,2,Wallet,0,0.53,0
C102037,31,Month-to-month,Standard,46.04,16,1,0,Card,1,0.2,0
C102038,50,Month-to-month,Premium,71.89,9,1,0,Card,0,0.66,0
C102039,15,Month-to-month,Standard,44.74,14,0,1,Card,0,0.05,1
C102040,70,One year,Premium,82.16,19,3,0,Wallet,1,0.72,0
C102041,48,One year,Standard,39.5,10,1,0,Card,1,0.33,0
C102042,27,One year,Standard,48.8,13,0,1,Bank transfer,0,0.75,0
C102043,21,Two year,Standard,43.59,20,2,2,Wallet,0,0.4,0
C102044,56,One year,Premium,96.46,17,2,0,Wallet,0,0.72,0
C102045,29,Two year,Basic,28.65,16,2,1,Card,0,0.54,1
C102046,68,One year,Basic,25.33,10,0,0,Wallet,1,0.49,0
C102047,34,One year,Basic,24.39,11,4,0,Cash,1,0.07,0
C102048,51,Two year,Standard,36.25,17,0,1,Bank transfer,0,0.51,0
C102049,66,One year,Standard,42.06,7,1,1,Wallet,0,0.19,0
C102050,69,One year,Premium,86.59,14,1,0,Card,1,0.23,0
C102051,18,Two year,Basic,27.09,12,3,1,Bank transfer,0,0.65,1
C102052,32,Month-to-month,Premium,73.36,5,1,1,Card,1,0.46,1
C102053,52,One year,Basic,24.97,11,1,1,Wallet,0,0.37,0
C102054,30,Month-to-month,Premium,75.28,7,0,1,Cash,0,0.51,1
C102055,23,Month-to-month,Premium,69.55,11,0,1,Card,0,0.53,0
C102056,45,Two year,Basic,25.64,13,2,1,Card,0,0.72,0
C102057,65,Two year,Standard,47.95,19,0,0,Cash,0,0.22,0
C102058,34,Two year,Basic,16.53,17,0,1,Card,1,0.43,0
C102059,29,One year,Standard,43.65,15,4,1,Bank transfer,0,0.55,1
C102060,55,Two year,Standard,29.3,10,2,2,Card,1,0.6,0
C102061,37,Two year,Standard,35.34,21,0,0,Wallet,0,0.48,0
C102062,23,One year,Standard,49.82,17,5,0,Bank transfer,1,0.17,0
C102063,64,Month-to-month,Standard,52.08,14,0,0,Bank transfer,0,0.33,0
C102064,44,Month-to-month,Premium,85.7,14,2,0,Card,1,0.19,0
C102065,49,One year,Basic,17.61,12,2,0,Wallet,1,0.46,0
C102066,59,One year,Premium,74.54,17,1,0,Wallet,1,0.17,0
C102067,7,One year,Standard,43.1,9,2,1,Bank transfer,0,0.6,1
C102068,62,One year,Standard,51.14,14,0,0,Bank transfer,1,0.33,0
C102069,10,One year,Premium,76.88,11,2,1,Cash,1,0.32,0
C102070,1,One year,Standard,45.5,15,0,0,Cash,0,0.55,0
C102071,72,Month-to-month,Standard,48.48,12,2,1,Cash,1,0.17,1
C102072,21,One year,Standard,42.43,13,2,0,Card,0,0.42,0
C102073,3,Month-to-month,Basic,30.61,14,1,0,Bank transfer,0,0.66,0
C102074,51,Month-to-month,Standard,43.09,15,2,1,Card,0,0.69,0
C102075,22,One year,Basic,31.35,19,0,0,Cash,0,0.72,0
C102076,31,One year,Standard,46.1,14,3,0,Bank transfer,0,0.46,0
C102077,70,Month-to-month,Basic,26.36,14,2,0,Card,0,0.43,0
C102078,42,Month-to-month,Standard,38.53,14,0,1,Bank transfer,0,0.2,1
C102079,2,One year,Standard,36.21,16,4,0,Bank transfer,1,0.83,0
C102080,49,Month-to-month,Premium,66.05,11,0,2,Bank transfer,1,0.7,1
C102081,12,One year,Standard,47.84,19,2,1,Bank transfer,0,0.77,0
C102082,24,Month-to-month,Basic,15.0,9,0,0,Bank transfer,1,0.26,0
C102083,16,One year,Basic,32.85,12,0,0,Bank transfer,1,0.45,1
C102084,66,Month-to-month,Standard,,8,2,2,Bank transfer,1,0.81,0
C102085,7,Two year,Standard,37.35,11,0,0,Bank transfer,0,0.65,1
C102086,39,Month-to-month,Standard,47.02,20,0,0,Wallet,0,0.21,0
C102087,34,Month-to-month,Standard,37.94,16,1,0,Card,0,0.67,0
C102088,40,One year,Premium,75.26,14,0,0,Wallet,1,0.44,1
C102089,43,One year,Basic,23.51,10,2,0,Card,0,0.19,0
C102090,8,Month-to-month,Standard,51.88,10,0,0,Card,1,0.32,1
C102091,23,Month-to-month,Basic,30.17,7,1,1,Wallet,0,0.2,1
C102092,41,One year,Standard,50.39,14,2,1,Wallet,0,0.31,0
C102093,8,Month-to-month,Premium,72.39,4,1,0,Wallet,0,0.42,1
C102094,59,Month-to-month,Basic,32.16,15,3,0,Wallet,1,0.23,0
C102095,59,One year,Basic,24.63,15,3,0,Wallet,0,0.64,0
C102096,39,Month-to-month,Standard,45.7,16,5,1,Card,1,0.13,1
C102097,58,Month-to-month,Standard,47.56,15,2,0,Card,0,0.79,0
C102098,31,Two year,Premium,76.59,18,1,2,Bank transfer,0,0.53,0
C102099,41,Month-to-month,Premium,67.4,8,0,0,Card,1,0.9,1
C102100,34,Two year,Premium,78.71,17,2,1,Wallet,1,0.48,0
C102101,10,Two year,Premium,65.97,13,3,0,Cash,0,0.24,0
C102102,13,Month-to-month,Standard,47.71,11,1,0,Bank transfer,0,0.31,0
C102103,40,Two year,Basic,24.63,17,2,1,Card,0,0.49,0
C102104,6,Month-to-month,Premium,75.46,10,0,0,Wallet,0,0.51,0
C102105,46,One year,Standard,38.79,13,3,0,Card,1,0.55,0
C102106,24,Month-to-month,Standard,50.72,10,6,0,Cash,0,0.23,1
C102107,31,Month-to-month,Premium,74.17,12,1,1,Card,0,0.39,1
C102108,65,Two year,Premium,79.86,12,2,0,Card,0,0.61,0
C102109,63,Month-to-month,Standard,40.85,14,4,2,Card,0,0.6,0
C102110,34,Two year,Basic,20.93,14,3,0,Cash,0,0.59,0
C102111,29,Month-to-month,Basic,25.42,15,2,0,Card,0,0.84,0
C102112,59,One year,Basic,30.89,22,1,0,Bank transfer,0,0.8,0
C102113,37,Month-to-month,Standard,37.5,11,1,0,Bank transfer,0,0.72,0
C102114,54,Month-to-month,Standard,41.72,10,1,1,Card,1,0.59,0
C102115,9,Two year,Basic,22.15,15,0,0,Bank transfer,0,0.09,0
C102116,52,One year,Basic,23.48,17,2,0,Wallet,0,0.53,0
C102117,41,Month-to-month,Basic,22.41,2,1,0,Card,0,0.43,0
C102118,16,Month-to-month,Standard,51.16,11,3,1,Card,0,0.69,0
C102119,56,Month-to-month,Standard,49.06,5,0,0,Wallet,1,0.43,0
C102120,39,One year,Premium,75.15,8,1,0,Cash,0,0.42,0
C102121,53,Month-to-month,Premium,79.84,12,1,0,Wallet,0,0.27,0
C102122,60,Two year,Basic,30.9,11,2,0,Wallet,0,0.86,0
C102123,19,Two year,Basic,21.51,15,2,0,Bank transfer,0,0.57,0
C102124,59,Two year,Premium,70.88,7,3,0,Bank transfer,0,0.66,0
C102125,72,Month-to-month,Basic,28.98,12,1,0,Card,0,0.37,1
C102126,38,Month-to-month,Standard,57.14,16,1,1,Wallet,0,0.42,1
C102127,52,Two year,Premium,61.5,15,5,0,Card,0,0.43,0
C102128,56,Month-to-month,Standard,41.48,5,2,2,Bank transfer,0,0.29,0
C102129,31,Month-to-month,Basic,29.49,5,0,0,Bank transfer,1,0.44,1
C102130,58,Month-to-month,Standard,40.43,15,1,1,Wallet,0,0.49,0
C102131,30,Month-to-month,Standard,49.98,12,1,0,Wallet,0,0.35,1
C102132,64,One year,Standard,46.31,24,0,2,Wallet,0,0.32,0
C102133,57,One year,Basic,17.87,11,1,0,Card,0,0.6,0
C102134,39,Month-to-month,Premium,72.38,14,1,1,Card,0,0.63,1
C102135,13,Two year,Standard,47.15,12,0,1,Bank transfer,0,0.22,1
C102136,60,Month-to-month,Standard,39.91,9,0,0,Bank transfer,0,0.37,0
C102137,47,Month-to-month,Premium,78.38,13,1,1,Wallet,0,0.47,1
C102138,42,Month-to-month,Basic,26.8,9,1,0,Card,0,0.69,0
C102139,52,Month-to-month,Basic,23.29,11,1,3,Cash,0,0.79,0
C102140,72,Month-to-month,Standard,47.26,14,1,0,Card,0,0.7,0
C102141,38,Two year,Premium,72.97,13,0,2,Card,0,0.57,0
C102142,28,Month-to-month,Premium,76.28,18,1,1,Card,1,0.64,0
C102143,63,Month-to-month,Premium,69.33,11,2,0,Card,1,0.42,1
C102144,47,Month-to-month,Basic,33.1,17,0,0,Bank transfer,0,0.19,0
C102145,34,Two year,Premium,73.51,10,2,0,Card,0,0.37,0
C102146,14,One year,Basic,31.66,13,0,0,Bank transfer,0,0.33,0
C102147,34,Month-to-month,Basic,37.27,7,2,1,Card,1,0.73,1
C102148,68,Month-to-month,Premium,84.05,15,4,1,Wallet,1,0.66,0
C102149,21,Month-to-month,Basic,24.93,6,1,0,Card,1,0.43,0
C102150,70,Month-to-month,Premium,75.92,6,0,1,Cash,0,0.38,1
C102151,67,Two year,Premium,74.78,12,2,0,Wallet,1,0.38,0
C102152,61,Two year,Premium,76.81,17,1,0,Card,0,0.81,0
C102153,23,Month-to-month,Premium,70.31,12,0,1,Card,1,0.21,0
C102154,58,One year,Standard,34.68,14,1,0,Card,0,0.52,0
C102155,51,Month-to-month,Basic,26.87,11,1,0,Wallet,1,0.24,0
C102156,65,Month-to-month,Basic,25.3,12,2,0,Card,1,0.42,0
C102157,30,Month-to-month,Basic,33.81,10,1,0,Card,0,0.17,0
C102158,45,Month-to-month,Basic,,14,2,0,Card,1,0.69,0
C102159,68,One year,Basic,17.21,24,1,1,Card,0,0.7,0
C102160,66,Month-to-month,Premium,69.72,5,1,0,Bank transfer,0,0.49,0
C102161,69,One year,Premium,79.46,13,0,0,Bank transfer,0,0.57,0
C102162,8,Two year,Basic,31.77,18,2,3,Wallet,0,0.81,0
C102163,3,One year,Standard,45.75,17,0,0,Wallet,0,0.2,1
C102164,7,Month-to-month,Premium,75.37,9,1,0,Bank transfer,0,0.7,1
C102165,72,Month-to-month,Standard,34.47,11,0,0,Card,0,0.64,0
C102166,30,One year,Standard,58.13,14,0,0,Bank transfer,0,0.67,0
C102167,44,One year,Premium,71.03,19,1,0,Bank transfer,1,0.27,0
C102168,31,One year,Premium,78.26,16,1,1,Wallet,0,0.22,0
C102169,6,Month-to-month,Basic,27.0,10,1,1,Card,0,0.57,1
C102170,66,Month-to-month,Premium,69.9,13,2,3,Card,0,0.46,1
C102171,36,Two year,Standard,49.93,17,1,0,Card,0,0.12,0
C102172,22,One year,Basic,33.4,18,1,0,Wallet,0,0.49,0
C102173,4,Month-to-month,Basic,24.76,11,0,2,Card,0,0.51,1
C102174,9,One year,Premium,75.86,13,3,0,Card,0,0.65,1
C102175,40,Month-to-month,Basic,28.81,10,0,2,Card,0,0.52,1
C102176,56,One year,Basic,30.66,19,3,0,Wallet,0,0.14,0
C102177,14,One year,Premium,79.99,12,0,2,Wallet,1,0.76,0
C102178,39,One year,Standard,,17,0,1,Bank transfer,1,0.1,0
C102179,27,Month-to-month,Premium,69.69,13,2,0,Bank transfer,0,0.6,1
C102180,48,Two year,Basic,21.87,14,1,1,Card,0,0.8,0
C102181,22,Two year,Basic,15.0,15,2,1,Bank transfer,1,0.51,0
C102182,64,Two year,Premium,67.46,8,1,0,Card,1,0.71,0
C102183,44,One year,Basic,23.92,9,2,2,Card,0,0.48,0
C102184,13,Month-to-month,Premium,71.21,14,1,0,Wallet,0,0.18,1
C102185,60,Two year,Standard,40.21,18,1,0,Wallet,0,0.43,0
C102186,47,One year,Premium,80.1,15,0,1,Bank transfer,1,0.14,0
C102187,68,One year,Basic,26.96,15,1,1,Bank transfer,0,0.57,0
C102188,67,One year,Standard,49.74,9,1,0,Bank transfer,0,0.44,0
C102189,24,Month-to-month,Premium,74.07,12,1,0,Card,0,0.82,0
C102190,50,Two year,Standard,42.64,16,0,2,Wallet,0,0.34,0
C102191,42,One year,Premium,70.07,18,0,1,Cash,0,0.17,0
C102192,32,Month-to-month,Premium,76.44,16,1,0,Card,0,0.55,1
C102193,1,Month-to-month,Standard,,10,2,1,Bank transfer,0,0.35,0
C102194,59,Month-to-month,Premium,70.03,10,0,0,Cash,0,0.21,0
C102195,27,Month-to-month,Standard,48.39,13,0,1,Cash,0,0.37,0
C102196,5,Two year,Premium,79.9,12,0,0,Bank transfer,1,0.67,0
C102197,70,Month-to-month,Basic,24.66,14,1,2,Card,1,0.33,0
C102198,29,Month-to-month,Basic,18.43,9,1,0,Card,1,0.09,1
C102199,9,Two year,Basic,28.29,11,0,0,Bank transfer,1,0.29,0
C102200,32,Month-to-month,Basic,20.81,14,0,2,Card,0,0.23,1
C102201,63,Month-to-month,Standard,44.31,9,2,0,Card,1,0.63,0
C102202,54,One year,Premium,69.48,12,0,1,Card,1,0.46,0
C102203,47,Month-to-month,Standard,55.45,9,1,0,Card,1,0.06,0
C102204,22,One year,Premium,83.57,13,1,0,Card,0,0.52,1
C102205,22,Two year,Premium,70.18,22,1,0,Wallet,0,0.58,0
C102206,19,One year,Standard,,12,1,1,Bank transfer,1,0.26,1
C102207,57,Month-to-month,Standard,44.72,9,3,0,Bank transfer,0,0.62,0
C102208,58,Month-to-month,Basic,28.61,10,3,1,Cash,0,0.2,1
C102209,21,Month-to-month,Premium,82.2,10,0,0,Card,0,0.5,0
C102210,22,Two year,Premium,74.69,18,1,1,Bank transfer,0,0.37,0
C102211,65,One year,Premium,67.92,11,3,0,Card,1,0.67,0
C102212,71,One year,Basic,26.71,19,1,1,Bank transfer,0,0.19,0
C102213,6,One year,Standard,46.54,12,1,1,Card,0,0.41,0
C102214,19,Month-to-month,Standard,35.91,11,1,0,Card,1,0.17,1
C102215,9,One year,Premium,73.52,18,0,0,Bank transfer,0,0.28,1
C102216,26,Month-to-month,Standard,43.31,8,2,2,Card,0,0.45,0
C102217,55,Month-to-month,Basic,19.4,15,1,0,Card,0,0.82,0
C102218,43,Two year,Basic,26.29,12,3,1,Wallet,1,0.24,0
C102219,33,Month-to-month,Basic,31.05,14,0,1,Card,0,0.74,0
C102220,15,One year,Basic,30.81,16,1,0,Card,0,0.22,0
C102221,11,One year,Basic,19.91,10,1,1,Cash,1,0.31,1
C102222,55,Month-to-month,Basic,21.65,11,1,2,Bank transfer,0,0.24,1
C102223,37,Two year,Standard,48.97,10,3,0,Card,0,0.84,0
C102224,2,Month-to-month,Premium,73.11,8,1,1,Bank transfer,1,0.59,1
C102225,22,Two year,Standard,43.01,14,1,0,Card,0,0.28,0
C102226,49,Month-to-month,Basic,37.64,9,0,1,Card,1,0.16,1
C102227,40,One year,Premium,60.32,18,0,0,Cash,0,0.39,0
C102228,53,Two year,Premium,71.27,15,0,2,Card,0,0.74,0
C102229,54,Two year,Premium,70.21,9,1,1,Card,1,0.49,0
C102230,9,Month-to-month,Basic,24.71,10,1,0,Card,0,0.66,0
C102231,62,Month-to-month,Standard,54.79,7,1,0,Bank transfer,1,0.42,0
C102232,44,One year,Basic,24.18,19,0,0,Card,0,0.3,0
C102233,5,One year,Premium,73.38,8,1,1,Card,0,0.69,1
C102234,69,Month-to-month,Standard,45.92,17,2,0,Card,0,0.67,0
C102235,43,Month-to-month,Basic,23.26,13,1,1,Card,0,0.53,0
C102236,18,Two year,Premium,,9,2,0,Bank transfer,0,0.76,0
C102237,71,Month-to-month,Premium,89.57,20,1,0,Card,0,0.48,0
C102238,3,Month-to-month,Standard,41.06,12,1,2,Bank transfer,0,0.38,1
C102239,34,One year,Standard,43.83,16,3,1,Bank transfer,0,0.41,0
C102240,3,Month-to-month,Standard,44.59,10,0,0,Card,1,0.71,0
C102241,56,Two year,Standard,32.96,8,0,1,Cash,1,0.16,0
C102242,56,Month-to-month,Standard,48.47,8,1,0,Card,0,0.24,0
C102243,8,Month-to-month,Standard,44.65,5,1,1,Card,0,0.68,1
C102244,22,Month-to-month,Basic,15.0,9,2,0,Card,0,0.66,0
C102245,63,Month-to-month,Standard,43.46,5,0,0,Wallet,0,0.41,0
C102246,19,Two year,Basic,25.95,16,1,0,Bank transfer,0,0.56,0
C102247,42,Month-to-month,Standard,39.88,4,1,1,Card,1,0.7,0
C102248,40,Month-to-month,Basic,31.24,9,2,0,Card,0,0.31,0
C102249,64,Two year,Premium,71.6,19,0,0,Bank transfer,0,0.24,0
C102250,54,Month-to-month,Standard,36.45,10,1,1,Wallet,1,0.25,0
C102251,57,One year,Basic,29.6,16,0,0,Card,0,0.25,0
C102252,7,Two year,Basic,24.22,12,1,1,Wallet,0,0.38,0
C102253,63,Two year,Premium,75.8,11,1,0,Card,0,0.78,0
C102254,33,Month-to-month,Premium,65.77,14,2,1,Bank transfer,0,0.31,1
C102255,5,Month-to-month,Basic,17.08,13,0,0,Cash,0,0.76,0
C102256,7,Month-to-month,Standard,39.21,5,2,0,Cash,0,0.55,1
C102257,52,One year,Standard,44.11,17,2,0,Cash,1,0.26,0
C102258,64,Month-to-month,Standard,44.22,14,1,0,Bank transfer,1,0.5,0
C102259,15,Month-to-month,Standard,52.9,13,0,0,Card,0,0.56,1
C102260,22,Month-to-month,Premium,83.81,11,0,1,Card,0,0.4,0
C102261,20,Month-to-month,Premium,75.75,9,1,0,Card,1,0.24,0
C102262,65,One year,Basic,24.45,12,3,0,Card,0,0.65,0
C102263,24,Month-to-month,Standard,55.87,9,1,0,Card,0,0.18,1
C102264,47,Month-to-month,Basic,25.33,10,2,1,Wallet,0,0.59,1
C102265,43,Month-to-month,Basic,30.79,10,2,0,Bank transfer,0,0.75,0
C102266,30,Month-to-month,Basic,22.21,6,0,2,Card,1,0.41,1
C102267,46,Month-to-month,Standard,44.41,10,0,1,Card,1,0.67,0
C102268,15,Month-to-month,Standard,43.41,12,3,2,Card,0,0.14,0
C102269,68,One year,Basic,21.03,17,0,0,Cash,0,0.44,0
C102270,66,Month-to-month,Standard,47.14,11,0,0,Bank transfer,0,0.25,0
C102271,1,One year,Basic,20.27,17,1,0,Card,0,0.23,0
C102272,35,Month-to-month,Basic,24.37,16,1,1,Card,1,0.38,0
C102273,14,Month-to-month,Premium,77.36,9,2,1,Cash,1,0.37,1
C102274,33,Month-to-month,Standard,57.08,12,0,1,Wallet,1,0.08,1
C102275,27,Two year,Basic,15.0,21,3,0,Bank transfer,1,0.55,0
C102276,63,Month-to-month,Premium,75.43,18,0,0,Card,0,0.21,0
C102277,59,Month-to-month,Premium,78.76,8,1,0,Card,0,0.44,0
C102278,21,Two year,Premium,73.02,16,1,1,Bank transfer,0,0.64,0
C102279,40,Month-to-month,Basic,29.98,5,3,0,Card,0,0.37,1
C102280,29,Month-to-month,Standard,48.04,12,1,2,Bank transfer,0,0.6,0
C102281,37,Month-to-month,Standard,47.79,16,0,0,Bank transfer,1,0.19,0
C102282,66,Two year,Standard,42.6,15,0,0,Bank transfer,0,0.41,0
C102283,55,Month-to-month,Basic,23.77,17,1,1,Card,0,0.18,0
C102284,4,Two year,Basic,23.7,12,2,0,Card,0,0.23,0
C102285,48,Month-to-month,Premium,69.34,7,0,0,Card,0,0.5,1
C102286,56,One year,Standard,46.03,23,1,0,Bank transfer,1,0.15,0
C102287,21,One year,Basic,18.95,13,0,1,Card,1,0.35,0
C102288,54,One year,Standard,39.66,16,0,1,Card,0,0.34,0
C102289,7,Month-to-month,Standard,37.05,9,2,0,Bank transfer,0,0.48,0
C102290,7,Month-to-month,Basic,31.3,7,1,0,Wallet,0,0.53,1
C102291,34,Month-to-month,Standard,41.77,14,0,0,Bank transfer,0,0.36,1
C102292,30,Two year,Standard,39.92,11,2,0,Card,0,0.22,0
C102293,64,Month-to-month,Standard,49.54,13,1,0,Wallet,0,0.49,0
C102294,60,One year,Premium,72.6,10,1,0,Wallet,1,0.31,0
C102295,44,One year,Premium,76.91,21,2,2,Card,1,0.63,0
C102296,40,Two year,Premium,73.97,22,0,0,Wallet,0,0.36,1
C102297,4,Month-to-month,Standard,47.06,9,2,0,Bank transfer,0,0.52,1
C102298,14,Month-to-month,Premium,76.08,8,1,1,Bank transfer,0,0.14,1
C102299,32,Two year,Premium,62.61,13,2,0,Bank transfer,0,0.63,1
C102300,31,Month-to-month,Basic,33.4,10,2,3,Card,0,0.52,1
C102301,28,One year,Standard,50.74,15,0,1,Wallet,0,0.59,0
C102302,37,One year,Standard,36.65,13,2,0,Bank transfer,0,0.76,0
C102303,42,One year,Standard,50.09,12,0,0,Wallet,0,0.8,0
C102304,29,Two year,Basic,23.7,9,1,2,Wallet,0,0.49,0
C102305,43,One year,Standard,45.65,18,2,0,Card,1,0.8,0
C102306,8,Month-to-month,Premium,82.34,9,1,0,Wallet,0,0.36,1
C102307,69,Two year,Standard,50.68,13,1,0,Wallet,1,0.65,0
C102308,38,Month-to-month,Standard,50.58,12,0,0,Card,0,0.48,1
C102309,25,Two year,Standard,56.48,9,0,0,Bank transfer,1,0.24,0
C102310,32,Month-to-month,Standard,51.23,7,3,2,Wallet,1,0.49,1
C102311,30,One year,Basic,21.56,14,2,3,Card,0,0.51,0
C102312,21,One year,Standard,37.68,18,1,1,Bank transfer,0,0.43,0
C102313,45,Month-to-month,Standard,49.78,13,1,0,Bank transfer,1,0.32,1
C102314,64,One year,Standard,35.21,11,1,0,Bank transfer,1,0.34,0
C102315,64,One year,Premium,72.99,10,3,0,Wallet,0,0.32,0
C102316,13,Month-to-month,Premium,72.94,15,1,1,Wallet,0,0.39,1
C102317,51,Two year,Standard,40.97,11,1,0,Card,1,0.42,0
C102318,55,One year,Premium,82.74,9,1,1,Bank transfer,0,0.46,0
C102319,34,Month-to-month,Basic,26.83,9,2,0,Wallet,1,0.72,0
C102320,50,Two year,Standard,43.71,16,1,0,Card,0,0.45,0
C102321,59,Month-to-month,Premium,80.12,13,0,0,Wallet,0,0.51,0
C102322,8,Month-to-month,Basic,22.66,13,1,2,Cash,0,0.37,1
C102323,35,Two year,Standard,51.86,15,2,1,Bank transfer,0,0.49,0
C102324,3,Month-to-month,Standard,56.68,10,1,1,Card,0,0.62,0
C102325,70,Two year,Standard,44.25,12,2,0,Card,1,0.51,0
C102326,39,Month-to-month,Standard,44.06,13,1,0,Card,0,0.22,1
C102327,21,Two year,Standard,51.58,16,1,0,Card,0,0.6,0
C102328,5,Month-to-month,Premium,63.8,7,0,0,Card,1,0.51,1
C102329,10,One year,Basic,17.83,15,0,1,Card,0,0.85,0
C102330,21,One year,Basic,19.13,15,3,0,Card,0,0.82,0
C102331,60,Month-to-month,Standard,35.76,9,1,0,Wallet,0,0.69,0
C102332,71,Month-to-month,Standard,44.97,14,1,0,Card,1,0.75,0
C102333,22,One year,Standard,46.68,16,2,1,Wallet,0,0.07,0
C102334,25,Month-to-month,Premium,74.83,9,1,0,Wallet,0,0.21,1
C102335,62,Two year,Premium,74.83,12,2,1,Card,1,0.76,0
C102336,8,Two year,Basic,,19,2,1,Bank transfer,0,0.73,0
C102337,44,Month-to-month,Basic,31.12,14,2,0,Wallet,0,0.58,0
C102338,44,Month-to-month,Standard,52.09,13,0,0,Bank transfer,1,0.32,0
C102339,37,Month-to-month,Basic,24.18,7,1,1,Wallet,0,0.34,1
C102340,61,One year,Standard,45.09,12,0,0,Wallet,1,0.72,0
C102341,7,Month-to-month,Standard,53.4,13,1,0,Wallet,0,0.24,1
C102342,21,Month-to-month,Standard,47.33,13,1,0,Bank transfer,1,0.48,0
C102343,57,One year,Premium,82.52,11,2,0,Card,0,0.6,0
C102344,22,Month-to-month,Basic,22.28,17,2,0,Card,0,0.78,0
C102345,5,One year,Basic,24.73,8,2,0,Bank transfer,0,0.71,0
C102346,33,One year,Premium,71.33,14,0,0,Card,0,0.23,0
C102347,70,Month-to-month,Premium,74.86,13,2,0,Wallet,0,0.27,0
C102348,57,One year,Basic,27.42,15,2,0,Card,0,0.25,0
C102349,64,One year,Standard,42.43,22,1,1,Bank transfer,0,0.73,0
C102350,21,Two year,Standard,56.19,13,2,0,Card,0,0.88,0
C102351,22,Month-to-month,Basic,16.51,9,0,0,Card,0,0.07,1
C102352,12,Month-to-month,Standard,49.93,5,1,0,Cash,1,0.61,1
C102353,10,Two year,Standard,38.78,12,0,0,Card,0,0.16,0
C102354,21,Month-to-month,Standard,46.68,6,2,0,Card,0,0.52,1
C102355,64,Two year,Basic,20.59,15,1,1,Card,1,0.71,0
C102356,49,Month-to-month,Basic,25.4,18,2,0,Card,0,0.46,0
C102357,35,Month-to-month,Basic,25.4,17,1,2,Wallet,0,0.63,1
C102358,34,Two year,Basic,20.42,12,2,0,Card,1,0.82,0
C102359,9,Month-to-month,Basic,18.02,9,0,3,Bank transfer,0,0.09,1
C102360,36,Month-to-month,Basic,20.91,9,2,0,Card,1,0.74,1
C102361,36,Month-to-month,Basic,25.1,16,2,1,Bank transfer,0,0.83,0
C102362,56,One year,Basic,29.61,10,0,0,Bank transfer,1,0.57,0
C102363,18,One year,Standard,54.15,15,1,0,Bank transfer,0,0.57,0
C102364,63,Month-to-month,Basic,15.15,13,0,0,Bank transfer,0,0.53,1
C102365,30,Month-to-month,Basic,27.58,10,1,0,Bank transfer,1,0.83,0
C102366,5,Month-to-month,Standard,42.3,5,1,0,Card,0,0.66,0
C102367,47,Two year,Premium,75.04,13,4,0,Card,0,0.27,0
C102368,44,Month-to-month,Premium,76.8,16,1,0,Card,1,0.69,0
C102369,66,One year,Basic,29.5,20,1,1,Cash,0,0.64,0
C102370,40,Two year,Basic,27.29,16,1,0,Bank transfer,0,0.31,0
C102371,58,Month-to-month,Standard,44.84,15,2,1,Card,0,0.88,0
C102372,18,Two year,Basic,33.88,13,0,1,Card,1,0.13,0
C102373,12,Month-to-month,Premium,76.57,12,3,0,Wallet,1,0.52,0
C102374,47,One year,Standard,44.94,11,1,0,Wallet,1,0.23,0
C102375,35,Month-to-month,Premium,,11,2,0,Wallet,1,0.84,0
C102376,58,One year,Standard,38.45,13,0,0,Bank transfer,1,0.43,0
C102377,36,One year,Standard,39.61,12,2,0,Card,1,0.6,0
C102378,58,One year,Basic,33.26,8,0,1,Card,0,0.78,0
C102379,72,Two year,Basic,23.83,14,1,0,Wallet,0,0.49,0
C102380,70,Month-to-month,Basic,15.0,16,1,0,Card,0,0.78,0
C102381,7,Month-to-month,Premium,79.51,12,0,1,Bank transfer,0,0.56,1
C102382,70,Two year,Premium,81.83,12,0,2,Bank transfer,0,0.07,0
C102383,37,One year,Standard,40.54,14,0,0,Card,0,0.64,0
C102384,27,One year,Standard,37.51,12,4,0,Card,0,0.44,0
C102385,66,One year,Premium,74.65,14,1,0,Card,0,0.33,0
C102386,13,Month-to-month,Standard,46.99,4,2,0,Card,0,0.39,1
C102387,29,Month-to-month,Premium,71.54,10,0,0,Wallet,0,0.41,0
C102388,60,Month-to-month,Basic,19.73,3,0,1,Bank transfer,0,0.74,0
C102389,19,One year,Premium,77.92,18,0,1,Bank transfer,1,0.38,0
C102390,68,Two year,Basic,27.96,15,1,0,Wallet,0,0.35,0
C102391,41,One year,Standard,35.9,12,3,0,Card,0,0.75,0
C102392,37,Two year,Standard,38.58,21,2,2,Card,1,0.62,0
C102393,24,Month-to-month,Premium,,15,1,0,Bank transfer,0,0.74,1
C102394,10,Month-to-month,Basic,21.35,11,1,2,Card,0,0.73,0
C102395,67,Month-to-month,Basic,26.14,15,1,1,Card,0,0.7,0
C102396,1,Month-to-month,Premium,77.84,7,1,0,Card,0,0.68,0
C102397,7,Month-to-month,Basic,35.47,20,1,1,Wallet,0,0.63,1
C102398,6,Month-to-month,Basic,26.96,11,2,0,Bank transfer,1,0.27,1
C102399,15,Month-to-month,Standard,50.16,11,2,1,Wallet,0,0.37,0
C102400,53,One year,Premium,66.05,15,1,1,Wallet,0,0.29,0
C102401,7,One year,Basic,20.98,11,1,1,Bank transfer,0,0.52,0
C102402,11,Two year,Basic,30.92,26,0,1,Card,0,0.13,0
C102403,52,Two year,Basic,16.64,10,3,0,Bank transfer,1,0.58,0
C102404,3,Month-to-month,Premium,82.51,9,1,0,Card,1,0.15,1
C102405,22,Two year,Basic,28.02,10,1,0,Wallet,0,0.21,0
C102406,60,One year,Standard,45.66,19,0,1,Bank transfer,0,0.26,0
C102407,65,One year,Basic,24.22,14,0,0,Bank transfer,1,0.13,0
C102408,36,Two year,Standard,38.28,7,2,0,Card,0,0.41,0
C102409,65,Month-to-month,Standard,38.76,11,0,0,Cash,1,0.43,0
C102410,64,Month-to-month,Standard,,8,1,0,Wallet,0,0.3,0
C102411,68,Month-to-month,Standard,42.45,9,1,1,Wallet,0,0.48,0
C102412,18,Month-to-month,Standard,51.88,4,0,1,Bank transfer,0,0.44,0
C102413,19,One year,Basic,19.1,15,0,1,Card,0,0.36,0
C102414,48,One year,Standard,41.33,19,1,0,Wallet,0,0.82,0
C102415,1,One year,Standard,35.0,23,2,0,Card,0,0.02,1
C102416,20,Month-to-month,Basic,25.81,7,2,1,Card,0,0.32,0
C102417,28,Month-to-month,Basic,24.86,9,2,0,Card,0,0.52,0
C102418,65,One year,Premium,81.09,14,0,0,Card,1,0.34,0
C102419,70,One year,Basic,35.77,9,2,1,Card,0,0.26,0
C102420,25,Month-to-month,Standard,47.92,9,0,0,Card,0,0.62,0
C102421,55,Month-to-month,Standard,40.02,17,2,1,Wallet,0,0.36,1
C102422,40,Month-to-month,Basic,26.16,14,1,0,Card,0,0.2,0
C102423,5,One year,Premium,76.49,19,0,0,Card,0,0.4,1
C102424,29,One year,Basic,24.54,15,1,1,Wallet,0,0.61,0
C102425,51,Month-to-month,Premium,68.74,15,0,0,Card,1,0.2,0
C102426,51,Two year,Basic,26.83,14,0,1,Card,1,0.31,0
C102427,67,Month-to-month,Basic,18.0,16,0,1,Card,0,0.49,1
C102428,46,Month-to-month,Standard,44.39,5,1,0,Card,0,0.36,0
C102429,70,Month-to-month,Standard,43.15,13,1,0,Card,0,0.8,0
C102430,33,Two year,Standard,30.2,16,2,0,Wallet,0,0.59,0
C102431,52,One year,Premium,78.33,16,3,0,Card,0,0.23,1
C102432,45,One year,Premium,86.95,14,0,0,Cash,0,0.21,0
C102433,63,Two year,Premium,72.8,9,0,1,Card,0,0.54,0
C102434,67,Month-to-month,Premium,71.36,12,3,1,Card,1,0.67,1
C102435,61,Month-to-month,Premium,80.15,8,1,0,Wallet,0,0.29,1
C102436,69,Month-to-month,Premium,67.43,9,0,0,Cash,0,0.29,1
C102437,26,One year,Premium,74.98,14,0,0,Wallet,0,0.55,0
C102438,72,Month-to-month,Premium,76.24,12,3,1,Bank transfer,0,0.29,0
C102439,8,Month-to-month,Basic,21.68,16,1,1,Wallet,0,0.18,1
C102440,27,One year,Standard,44.45,14,0,0,Bank transfer,0,0.24,0
C102441,53,Two year,Standard,40.06,10,3,1,Card,1,0.79,0
C102442,45,Two year,Standard,41.58,12,0,0,Wallet,0,0.41,0
C102443,10,Month-to-month,Standard,48.64,17,1,0,Card,1,0.75,1
C102444,49,Month-to-month,Basic,19.91,3,1,0,Cash,1,0.6,1
C102445,28,Two year,Basic,21.62,10,1,0,Card,1,0.76,0
C102446,58,Two year,Premium,70.91,13,0,0,Wallet,0,0.81,0
C102447,72,Month-to-month,Standard,47.76,13,2,2,Wallet,0,0.39,1
C102448,15,Two year,Basic,22.74,7,1,0,Card,0,0.69,0
C102449,41,One year,Standard,40.04,15,1,0,Cash,0,0.21,0
C102450,3,Month-to-month,Premium,76.75,9,2,0,Bank transfer,1,0.63,1
C102451,38,Month-to-month,Basic,15.0,8,0,1,Bank transfer,1,0.32,0
C102452,61,Month-to-month,Premium,64.08,12,2,0,Wallet,1,0.53,0
C102453,69,Month-to-month,Basic,26.51,15,2,0,Card,0,0.41,0
C102454,58,Month-to-month,Basic,35.43,12,0,2,Card,1,0.92,0
C102455,21,One year,Premium,72.09,13,0,1,Bank transfer,1,0.63,0
C102456,28,Month-to-month,Basic,26.79,7,3,0,Card,0,0.47,0
C102457,72,One year,Premium,66.99,18,2,0,Bank transfer,0,0.55,1
C102458,57,One year,Basic,25.56,12,2,1,Card,1,0.76,0
C102459,66,Month-to-month,Standard,45.98,15,1,0,Card,1,0.48,0
C102460,18,One year,Premium,78.13,20,3,0,Wallet,0,0.25,0
C102461,27,Month-to-month,Basic,20.65,14,0,0,Card,1,0.42,0
C102462,60,One year,Premium,85.85,16,3,0,Card,1,0.49,0
C102463,24,Month-to-month,Premium,69.43,10,0,2,Wallet,0,0.13,0
C102464,55,Two year,Standard,53.49,19,1,1,Cash,0,0.5,0
C102465,10,Month-to-month,Basic,18.77,15,0,1,Bank transfer,0,0.35,0
C102466,5,Two year,Premium,79.36,11,3,0,Cash,0,0.41,0
C102467,66,One year,Basic,32.49,11,3,0,Bank transfer,1,0.27,0
C102468,22,Month-to-month,Standard,57.21,14,1,0,Bank transfer,0,0.78,1
C102469,14,One year,Basic,24.23,13,1,0,Cash,1,0.26,0
C102470,19,Month-to-month,Premium,65.53,13,0,0,Card,1,0.67,0
C102471,1,Month-to-month,Basic,29.68,12,1,2,Cash,0,0.6,1
C102472,55,Month-to-month,Standard,40.86,11,2,0,Bank transfer,1,0.31,0
C102473,65,One year,Standard,38.79,14,0,1,Card,0,0.45,0
C102474,2,Month-to-month,Basic,21.56,7,0,1,Card,1,0.18,1
C102475,44,One year,Standard,39.73,9,2,0,Card,0,0.28,0
C102476,27,Month-to-month,Standard,49.24,4,1,0,Bank transfer,0,0.28,0
C102477,49,Month-to-month,Premium,75.97,9,1,1,Card,1,0.57,1
C102478,51,One year,Standard,48.79,10,0,0,Card,0,0.29,0
C102479,53,Two year,Basic,29.8,10,0,1,Card,0,0.18,0
C102480,4,Month-to-month,Basic,22.71,11,0,0,Card,0,0.67,0
C102481,4,Two year,Standard,48.92,14,1,1,Bank transfer,0,0.13,0
C102482,69,Month-to-month,Basic,31.81,11,2,1,Card,1,0.39,0
C102483,7,One year,Standard,55.47,13,1,0,Card,0,0.23,0
C102484,37,Month-to-month,Standard,45.88,15,1,1,Card,0,0.28,1
C102485,36,One year,Standard,43.44,11,2,0,Wallet,0,0.43,0
C102486,28,Month-to-month,Standard,39.64,16,0,0,Card,0,0.16,1
C102487,4,One year,Standard,42.69,13,0,0,Card,0,0.57,0
C102488,13,Month-to-month,Basic,24.98,15,3,0,Cash,0,0.3,0
C102489,37,Month-to-month,Standard,46.36,7,1,2,Cash,0,0.26,1
C102490,8,One year,Basic,17.29,11,1,0,Bank transfer,0,0.66,0
C102491,54,Month-to-month,Premium,72.64,16,1,0,Card,1,0.44,0
C102492,62,Two year,Premium,73.79,12,1,0,Bank transfer,0,0.45,0
C102493,48,One year,Basic,21.57,14,3,0,Card,1,0.08,0
C102494,60,Two year,Premium,71.46,10,0,0,Card,0,0.26,0
C102495,45,Month-to-month,Standard,46.91,7,1,1,Card,1,0.57,0
C102496,50,One year,Standard,39.4,10,0,0,Cash,1,0.21,0
C102497,4,Month-to-month,Standard,47.62,9,0,1,Bank transfer,0,0.72,1
C102498,40,Month-to-month,Standard,38.82,9,2,2,Cash,0,0.13,1
C102499,18,Month-to-month,Basic,26.16,12,1,1,Card,0,0.44,1
C102500,14,Month-to-month,Standard,38.62,11,2,0,Card,0,0.37,0
C102501,65,One year,Premium,81.64,14,1,1,Cash,0,0.55,0
C102502,60,Month-to-month,Premium,79.15,13,0,1,Bank transfer,1,0.22,0
C102503,9,Month-to-month,Standard,52.56,6,2,1,Bank transfer,1,0.58,1
C102504,72,One year,Premium,70.18,11,2,1,Cash,1,0.46,0
C102505,39,Month-to-month,Premium,67.45,9,0,1,Bank transfer,1,0.28,1
C102506,45,Month-to-month,Standard,37.44,9,1,0,Card,0,0.36,1
C102507,4,One year,Premium,73.67,14,0,0,Bank transfer,0,0.65,0
C102508,64,One year,Basic,30.98,16,2,0,Card,0,0.44,0
C102509,68,One year,Basic,28.97,10,3,0,Card,0,0.19,0
C102510,56,Two year,Standard,48.77,17,0,0,Wallet,1,0.67,0
C102511,13,Two year,Premium,67.94,12,1,1,Wallet,1,0.73,0
C102512,38,Month-to-month,Standard,51.1,14,1,2,Wallet,1,0.19,1
C102513,30,Two year,Basic,29.11,14,3,0,Bank transfer,1,0.28,0
C102514,29,Month-to-month,Standard,41.84,14,0,0,Wallet,0,0.5,0
C102515,40,One year,Premium,60.45,7,1,0,Card,1,0.44,0
C102516,52,Month-to-month,Standard,40.42,9,2,0,Bank transfer,0,0.75,1
C102517,52,Month-to-month,Premium,74.19,6,1,1,Card,0,0.53,0
C102518,18,One year,Basic,33.91,15,0,0,Card,0,0.54,0
C102519,68,Month-to-month,Standard,46.17,5,0,0,Bank transfer,0,0.3,1
C102520,32,One year,Standard,44.57,12,4,2,Bank transfer,0,0.52,1
C102521,54,Month-to-month,Basic,33.99,13,1,1,Card,0,0.24,0
C102522,63,One year,Premium,83.8,12,0,1,Card,0,0.55,0
C102523,26,One year,Standard,47.1,15,2,0,Card,0,0.09,0
C102524,62,One year,Standard,48.48,16,0,0,Wallet,0,0.06,0
C102525,6,Month-to-month,Premium,82.08,13,1,0,Wallet,1,0.86,1
C102526,22,One year,Standard,40.84,14,2,0,Card,0,0.15,0
C102527,51,Month-to-month,Standard,47.25,5,2,0,Wallet,0,0.05,0
C102528,55,One year,Standard,42.53,21,1,2,Card,1,0.11,0
C102529,71,One year,Premium,69.44,15,0,0,Card,0,0.78,0
C102530,31,Month-to-month,Standard,47.79,8,2,1,Card,1,0.58,0
C102531,2,One year,Basic,31.25,16,4,0,Card,1,0.6,1
C102532,32,Month-to-month,Basic,35.62,12,2,2,Card,1,0.59,1
C102533,56,Two year,Premium,79.38,9,0,0,Cash,0,0.78,0
C102534,9,Two year,Premium,81.46,19,1,1,Card,1,0.59,0
C102535,13,Two year,Basic,23.95,11,0,1,Bank transfer,1,0.62,0
C102536,30,Two year,Premium,66.39,13,0,0,Cash,0,0.47,0
C102537,34,Month-to-month,Standard,41.34,7,2,2,Card,0,0.49,1
C102538,32,Two year,Standard,47.26,15,1,0,Card,1,0.05,0
C102539,38,One year,Premium,71.6,11,0,1,Card,0,0.95,0
C102540,45,Month-to-month,Premium,85.93,15,1,0,Card,0,0.29,1
C102541,45,Month-to-month,Basic,31.94,11,2,1,Bank transfer,0,0.69,0
C102542,30,Two year,Basic,23.86,12,1,1,Card,0,0.16,0
C102543,72,One year,Standard,54.9,13,2,3,Card,0,0.88,0
C102544,36,Two year,Basic,28.7,9,2,2,Bank transfer,0,0.42,0
C102545,50,Month-to-month,Standard,54.39,10,2,0,Wallet,1,0.6,0
C102546,48,Two year,Standard,43.98,11,1,1,Bank transfer,1,0.37,0
C102547,29,Two year,Standard,49.49,13,1,1,Bank transfer,0,0.73,0
C102548,47,Month-to-month,Premium,73.69,14,1,1,Wallet,1,0.47,1
C102549,52,Two year,Basic,25.08,17,0,0,Card,1,0.34,0
C102550,35,Month-to-month,Basic,31.58,11,2,1,Card,0,0.78,0
C102551,34,Month-to-month,Standard,55.95,2,0,1,Card,1,0.34,1
C102552,44,Month-to-month,Basic,25.73,7,0,0,Card,1,0.06,1
C102553,30,One year,Standard,46.72,15,0,1,Card,0,0.05,0
C102554,55,Two year,Basic,19.98,19,2,1,Wallet,0,0.28,0
C102555,27,Two year,Premium,73.81,12,2,0,Card,0,0.26,1
C102556,7,Month-to-month,Premium,77.86,21,2,0,Card,0,0.59,1
C102557,36,One year,Premium,67.86,16,2,0,Wallet,0,0.28,0
C102558,65,One year,Premium,72.55,9,0,0,Cash,1,0.55,0
C102559,21,Month-to-month,Basic,18.63,13,2,2,Bank transfer,0,0.37,1
C102560,23,Two year,Standard,46.17,16,0,0,Card,0,0.69,0
C102561,18,Month-to-month,Standard,50.13,17,0,0,Card,0,0.19,0
C102562,67,Month-to-month,Basic,26.97,6,0,0,Card,0,0.57,0
C102563,11,Month-to-month,Basic,23.43,9,1,0,Card,0,0.34,1
C102564,32,One year,Premium,69.25,13,3,0,Card,0,0.31,0
C102565,32,Two year,Basic,15.78,15,0,0,Bank transfer,0,0.19,0
C102566,41,Month-to-month,Premium,75.14,9,0,1,Card,0,0.74,0
C102567,22,One year,Standard,53.74,12,0,0,Wallet,0,0.19,0
C102568,55,Month-to-month,Standard,43.5,13,0,1,Bank transfer,0,0.73,0
C102569,61,Two year,Basic,24.65,9,2,0,Card,1,0.47,0
C102570,32,Month-to-month,Premium,72.49,7,0,2,Bank transfer,0,0.65,1
C102571,62,Two year,Standard,38.58,18,1,0,Bank transfer,0,0.08,0
C102572,9,One year,Basic,,12,6,1,Cash,1,0.51,1
C102573,25,One year,Basic,29.1,13,1,1,Bank transfer,1,0.21,0
C102574,64,One year,Basic,16.58,15,1,0,Card,0,0.32,0
C102575,45,Month-to-month,Premium,67.93,6,0,0,Bank transfer,1,0.73,0
C102576,13,Month-to-month,Standard,52.73,15,2,2,Bank transfer,0,0.59,0
C102577,65,Month-to-month,Standard,40.0,11,1,0,Card,1,0.8,0
C102578,64,Month-to-month,Basic,24.77,9,1,2,Card,0,0.54,1
C102579,26,Month-to-month,Premium,69.14,10,1,0,Wallet,1,0.39,0
C102580,14,Month-to-month,Standard,46.88,9,0,0,Bank transfer,0,0.51,1
C102581,40,One year,Standard,40.54,15,4,1,Card,0,0.7,0
C102582,43,One year,Premium,71.58,12,2,0,Cash,1,0.27,0
C102583,32,One year,Premium,68.66,21,1,1,Wallet,0,0.77,0
C102584,52,Month-to-month,Premium,85.92,18,3,0,Card,0,0.63,0
C102585,47,Two year,Premium,89.94,23,0,1,Wallet,0,0.64,0
C102586,57,Two year,Basic,26.32,16,0,1,Bank transfer,0,0.44,0
C102587,70,Month-to-month,Standard,48.88,7,2,1,Card,1,0.3,0
C102588,55,One year,Premium,78.32,14,3,0,Card,1,0.27,0
C102589,10,Two year,Basic,25.08,14,2,3,Card,1,0.42,0
C102590,1,Month-to-month,Standard,44.54,12,0,0,Wallet,0,0.11,0
C102591,70,One year,Basic,22.98,12,0,1,Card,1,0.53,0
C102592,59,One year,Standard,49.56,13,2,1,Bank transfer,0,0.58,0
C102593,48,One year,Standard,38.01,20,2,0,Bank transfer,0,0.19,0
C102594,19,One year,Basic,20.25,17,2,0,Bank transfer,0,0.19,0
C102595,58,One year,Standard,49.1,11,3,0,Cash,1,0.78,0
C102596,8,Month-to-month,Basic,16.99,14,1,1,Card,1,0.1,0
C102597,46,Two year,Standard,54.34,18,0,0,Wallet,0,0.34,0
C102598,28,One year,Standard,43.48,18,1,0,Bank transfer,0,0.18,0
C102599,63,Month-to-month,Standard,46.13,14,0,0,Wallet,0,0.25,0
C102600,50,One year,Standard,52.68,9,0,0,Wallet,0,0.25,0
C102601,24,One year,Basic,24.78,9,1,2,Wallet,0,0.18,0
C102602,57,Two year,Premium,75.81,14,3,0,Card,0,0.12,0
C102603,51,One year,Standard,41.67,14,0,0,Card,0,0.35,0
C102604,19,Month-to-month,Standard,48.01,10,1,0,Card,0,0.25,1
C102605,20,Month-to-month,Basic,29.04,14,4,0,Cash,0,0.57,0
C102606,28,Month-to-month,Premium,69.99,11,0,2,Bank transfer,0,0.4,0
C102607,37,Month-to-month,Premium,78.83,16,2,0,Wallet,1,0.29,0
C102608,20,One year,Standard,50.65,10,1,0,Bank transfer,1,0.49,0
C102609,50,Two year,Standard,47.76,13,0,0,Cash,0,0.43,0
C102610,38,One year,Standard,40.74,12,2,0,Cash,0,0.31,0
C102611,15,Month-to-month,Premium,80.42,8,2,0,Card,0,0.17,0
C102612,51,Month-to-month,Premium,82.92,9,1,1,Card,0,0.11,0
C102613,5,Two year,Standard,42.24,10,1,1,Cash,0,0.78,0
C102614,67,Month-to-month,Standard,34.54,7,2,1,Card,0,0.55,0
C102615,57,One year,Premium,71.0,11,3,0,Wallet,0,0.17,0
C102616,7,Two year,Basic,25.16,12,1,0,Card,0,0.28,0
C102617,59,Two year,Basic,32.54,18,2,1,Card,0,0.47,0
C102618,24,One year,Premium,81.94,16,1,0,Cash,0,0.22,0
C102619,48,Two year,Standard,49.01,15,2,0,Cash,1,0.6,0
C102620,17,Month-to-month,Basic,21.36,9,5,1,Bank transfer,0,0.7,1
C102621,24,Two year,Premium,79.44,13,2,0,Card,0,0.45,0
C102622,2,One year,Premium,75.01,16,0,0,Wallet,0,0.24,1
C102623,48,Month-to-month,Basic,19.16,10,2,0,Bank transfer,0,0.83,0
C102624,43,Two year,Standard,34.75,9,1,2,Bank transfer,0,0.7,0
C102625,7,Month-to-month,Standard,50.82,7,0,1,Bank transfer,1,0.42,0
C102626,20,Two year,Premium,65.68,14,0,2,Card,0,0.3,0
C102627,48,Month-to-month,Standard,52.26,9,1,1,Card,0,0.62,0
C102628,58,One year,Basic,38.05,18,2,2,Bank transfer,1,0.87,0
C102629,42,Month-to-month,Basic,25.26,13,1,0,Bank transfer,1,0.64,0
C102630,12,Month-to-month,Premium,70.2,5,0,2,Bank transfer,0,0.68,0
C102631,45,Month-to-month,Premium,71.38,14,1,0,Bank transfer,0,0.19,0
C102632,17,Two year,Standard,41.15,10,0,0,Card,0,0.45,0
C102633,33,Month-to-month,Standard,47.26,9,2,1,Card,0,0.43,0
C102634,35,One year,Premium,80.83,14,2,0,Card,0,0.39,0
C102635,17,Two year,Standard,40.7,12,1,1,Card,1,0.59,0
C102636,59,Month-to-month,Basic,23.14,14,3,0,Wallet,1,0.66,0
C102637,53,One year,Standard,41.31,12,0,1,Card,0,0.43,0
C102638,8,Month-to-month,Premium,81.67,7,3,1,Card,1,0.41,0
C102639,34,One year,Standard,50.7,14,1,1,Bank transfer,0,0.43,0
C102640,9,Two year,Basic,20.16,16,1,0,Card,1,0.37,1
C102641,54,Month-to-month,Basic,23.29,11,3,2,Wallet,0,0.75,1
C102642,28,Two year,Basic,26.01,12,1,0,Bank transfer,0,0.67,0
C102643,27,Month-to-month,Standard,34.73,6,1,0,Bank transfer,0,0.46,0
C102644,18,Month-to-month,Standard,41.95,6,2,0,Bank transfer,0,0.36,0
C102645,7,Two year,Standard,45.85,15,0,0,Card,1,0.32,0
C102646,10,Month-to-month,Basic,16.98,10,2,0,Card,1,0.13,1
C102647,40,Month-to-month,Premium,76.28,9,2,1,Card,1,0.4,1
C102648,53,Month-to-month,Standard,45.32,9,0,1,Bank transfer,1,0.62,0
C102649,45,Two year,Premium,71.85,15,0,0,Card,1,0.26,0
C102650,17,Two year,Premium,81.02,9,2,0,Card,1,0.81,0
C102651,67,Month-to-month,Standard,,10,1,0,Bank transfer,1,0.52,0
C102652,47,Month-to-month,Premium,77.49,11,1,0,Bank transfer,0,0.43,0
C102653,64,One year,Basic,23.58,12,1,0,Wallet,1,0.55,0
C102654,1,Two year,Standard,51.37,15,0,0,Wallet,0,0.62,0
C102655,5,Month-to-month,Standard,40.53,8,2,0,Card,0,0.28,1
C102656,5,One year,Basic,28.51,17,5,0,Card,0,0.51,1
C102657,56,Two year,Basic,28.6,19,1,0,Bank transfer,1,0.27,0
C102658,27,Month-to-month,Basic,31.6,14,0,0,Card,1,0.15,0
C102659,19,Month-to-month,Basic,34.34,12,0,1,Wallet,0,0.6,0
C102660,43,Two year,Basic,16.29,14,1,0,Wallet,1,0.73,0
C102661,51,Month-to-month,Standard,44.62,16,2,0,Card,1,0.61,0
C102662,33,Month-to-month,Standard,38.82,10,0,4,Card,1,0.78,0
C102663,28,Two year,Standard,50.68,23,4,0,Bank transfer,0,0.25,0
C102664,28,Month-to-month,Standard,52.92,12,3,0,Bank transfer,0,0.23,1
C102665,24,One year,Basic,,15,1,1,Card,1,0.51,0
C102666,28,Month-to-month,Basic,26.44,12,0,0,Wallet,1,0.65,0
C102667,36,One year,Basic,32.61,11,1,0,Card,1,0.39,1
C102668,24,Month-to-month,Premium,76.22,9,0,0,Cash,0,0.58,1
C102669,39,One year,Basic,24.29,13,1,0,Card,0,0.34,0
C102670,47,Month-to-month,Standard,35.56,15,0,1,Card,1,0.93,0
C102671,51,Two year,Standard,40.95,14,2,0,Cash,0,0.52,0
C102672,1,Month-to-month,Basic,30.81,8,0,0,Bank transfer,0,0.47,1
C102673,46,Two year,Premium,66.61,14,0,0,Card,0,0.59,0
C102674,23,Month-to-month,Standard,46.71,5,0,1,Card,0,0.43,0
C102675,49,One year,Standard,46.3,6,1,2,Bank transfer,0,0.13,0
C102676,70,Month-to-month,Premium,74.97,9,1,0,Card,0,0.86,0
C102677,28,One year,Basic,29.64,10,0,0,Wallet,1,0.17,1
C102678,9,One year,Standard,40.72,16,0,0,Card,1,0.69,0
C102679,49,Month-to-month,Basic,33.05,4,0,0,Bank transfer,0,0.74,0
C102680,24,Month-to-month,Premium,72.52,14,0,1,Bank transfer,1,0.29,1
C102681,25,Two year,Standard,50.91,17,3,0,Card,0,0.45,0
C102682,45,Month-to-month,Premium,71.68,7,0,0,Wallet,0,0.68,1
C102683,44,Month-to-month,Premium,76.56,15,1,0,Bank transfer,0,0.41,0
C102684,2,Two year,Standard,43.13,17,3,1,Bank transfer,0,0.6,0
C102685,34,Month-to-month,Standard,54.76,6,0,0,Bank transfer,0,0.5,1
C102686,28,Month-to-month,Basic,19.03,18,2,1,Card,1,0.33,1
C102687,41,Month-to-month,Standard,41.39,12,1,1,Card,1,0.32,0
C102688,46,Month-to-month,Basic,33.49,10,1,0,Card,0,0.63,0
C102689,2,Two year,Premium,79.72,16,2,1,Card,0,0.56,0
C102690,5,One year,Standard,44.83,19,2,0,Wallet,0,0.52,0
C102691,36,One year,Premium,73.55,15,1,0,Card,0,0.66,0
C102692,61,Month-to-month,Basic,17.61,12,0,0,Bank transfer,0,0.65,0
C102693,16,Two year,Basic,23.47,13,1,2,Wallet,0,0.42,0
C102694,9,Two year,Basic,27.1,13,1,1,Card,0,0.59,0
C102695,28,Month-to-month,Standard,52.01,11,1,0,Wallet,0,0.72,0
C102696,20,One year,Basic,30.45,17,1,3,Wallet,1,0.83,0
C102697,6,Two year,Basic,33.44,10,1,0,Card,0,0.27,0
C102698,67,One year,Standard,47.27,9,2,0,Card,1,0.46,0
C102699,48,Two year,Standard,40.94,10,1,0,Wallet,0,0.75,0
C102700,58,Month-to-month,Premium,73.03,5,0,1,Wallet,0,0.1,0
C102701,65,One year,Premium,83.91,10,1,1,Wallet,1,0.42,0
C102702,46,Month-to-month,Basic,25.67,8,4,0,Card,0,0.89,1
C102703,26,Month-to-month,Standard,53.22,11,2,0,Bank transfer,0,0.45,0
C102704,1,One year,Premium,65.88,17,0,0,Card,1,0.15,0
C102705,8,Month-to-month,Basic,22.22,20,1,0,Card,0,0.38,0
C102706,23,One year,Standard,40.42,12,3,0,Bank transfer,0,0.46,0
C102707,45,One year,Standard,46.56,17,0,0,Wallet,0,0.61,0
C102708,48,One year,Standard,40.49,13,0,2,Card,1,0.85,0
C102709,10,Month-to-month,Standard,37.37,6,1,0,Wallet,0,0.56,1
C102710,19,Month-to-month,Standard,44.6,11,0,1,Card,0,0.22,0
C102711,65,Two year,Basic,15.0,19,3,1,Card,1,0.86,0
C102712,22,One year,Standard,41.62,15,4,1,Bank transfer,1,0.75,0
C102713,9,Month-to-month,Premium,77.51,5,5,1,Bank transfer,0,0.56,0
C102714,18,Month-to-month,Standard,38.39,13,3,0,Wallet,0,0.63,0
C102715,27,Month-to-month,Standard,44.74,9,0,0,Card,1,0.45,0
C102716,36,Month-to-month,Basic,19.93,10,3,1,Wallet,1,0.67,0
C102717,36,Two year,Premium,73.04,13,0,1,Bank transfer,0,0.58,0
C102718,8,Month-to-month,Basic,26.44,3,1,0,Bank transfer,0,0.7,0
C102719,9,Two year,Standard,47.76,20,2,0,Card,1,0.69,0
C102720,15,One year,Basic,27.57,6,0,0,Card,1,0.37,0
C102721,23,One year,Standard,40.67,15,1,1,Bank transfer,0,0.5,0
C102722,70,One year,Standard,53.91,16,2,1,Wallet,0,0.4,0
C102723,20,One year,Basic,26.95,15,2,0,Card,0,0.68,0
C102724,26,Month-to-month,Standard,41.29,2,1,0,Bank transfer,0,0.76,0
C102725,52,Month-to-month,Basic,32.84,15,4,0,Card,0,0.3,0
C102726,25,Month-to-month,Basic,22.75,9,3,0,Wallet,0,0.15,1
C102727,72,Month-to-month,Basic,36.46,5,0,2,Card,0,0.04,0
C102728,36,Two year,Premium,80.0,18,1,0,Card,0,0.54,0
C102729,27,Two year,Premium,74.46,10,0,0,Card,0,0.39,0
C102730,56,One year,Basic,22.28,13,2,0,Card,1,0.48,0
C102731,57,Month-to-month,Basic,20.23,8,0,0,Wallet,0,0.15,1
C102732,48,One year,Basic,20.52,16,3,1,Card,0,0.62,0
C102733,11,One year,Standard,43.48,8,1,0,Card,0,0.3,0
C102734,22,Month-to-month,Basic,,10,0,0,Bank transfer,0,0.65,0
C102735,42,Month-to-month,Standard,46.16,14,2,1,Card,0,0.17,0
C102736,27,One year,Standard,44.63,11,2,1,Card,0,0.24,0
C102737,32,Month-to-month,Standard,47.59,12,3,1,Card,0,0.59,1
C102738,21,Month-to-month,Basic,23.28,18,0,0,Card,0,0.6,0
C102739,21,Month-to-month,Premium,67.79,14,0,0,Card,0,0.17,0
C102740,35,Month-to-month,Standard,36.45,12,4,1,Wallet,1,0.65,0
C102741,60,One year,Basic,33.44,15,1,0,Card,0,0.68,0
C102742,27,Month-to-month,Premium,73.5,11,0,2,Wallet,1,0.57,0
C102743,54,Two year,Premium,84.51,15,1,3,Wallet,1,0.13,1
C102744,71,Two year,Standard,56.25,11,2,0,Card,1,0.32,0
C102745,10,One year,Standard,46.79,9,1,0,Card,1,0.32,0
C102746,67,One year,Premium,79.66,16,2,0,Wallet,0,0.5,0
C102747,22,Month-to-month,Standard,43.05,11,1,0,Bank transfer,0,0.38,0
C102748,7,Month-to-month,Premium,,14,1,1,Cash,1,0.49,1
C102749,60,Two year,Premium,75.64,13,0,2,Bank transfer,0,0.56,0
C102750,1,Month-to-month,Standard,45.13,12,0,1,Bank transfer,0,0.35,0
C102751,72,One year,Premium,83.99,16,1,1,Bank transfer,0,0.39,0
C102752,15,One year,Premium,,14,2,0,Card,0,0.37,0
C102753,45,Month-to-month,Basic,30.45,7,1,0,Bank transfer,1,0.6,0
C102754,18,Month-to-month,Standard,45.89,11,1,0,Card,0,0.81,0
C102755,63,One year,Premium,78.85,11,1,0,Card,0,0.71,0
C102756,51,Two year,Premium,85.97,16,1,0,Cash,0,0.47,0
C102757,71,Month-to-month,Standard,36.07,12,1,0,Bank transfer,0,0.46,0
C102758,57,Month-to-month,Standard,52.04,7,1,2,Bank transfer,1,0.37,0
C102759,54,One year,Premium,71.51,10,1,0,Bank transfer,0,0.42,0
C102760,68,One year,Standard,46.35,10,0,1,Card,0,0.67,0
C102761,47,Month-to-month,Basic,23.16,14,1,0,Bank transfer,1,0.31,0
C102762,16,One year,Standard,42.38,13,3,0,Card,0,0.67,0
C102763,16,One year,Premium,67.18,12,0,0,Card,0,0.81,0
C102764,48,Two year,Basic,15.0,17,0,1,Bank transfer,0,0.48,0
C102765,27,One year,Basic,37.8,16,2,0,Cash,0,0.65,0
C102766,55,One year,Basic,30.31,14,1,0,Wallet,1,0.15,0
C102767,45,Month-to-month,Basic,23.77,12,0,0,Card,0,0.37,0
C102768,3,Month-to-month,Basic,15.0,11,2,1,Cash,0,0.54,1
C102769,67,Two year,Basic,29.16,19,1,1,Card,0,0.45,0
C102770,71,Month-to-month,Basic,34.51,10,1,0,Bank transfer,0,0.63,0
C102771,22,Month-to-month,Basic,27.76,10,3,0,Wallet,0,0.63,0
C102772,21,Two year,Standard,35.05,15,1,0,Card,0,0.68,0
C102773,29,Month-to-month,Standard,42.1,11,2,2,Wallet,0,0.7,1
C102774,59,One year,Standard,46.75,14,0,1,Wallet,0,0.29,0
C102775,2,Month-to-month,Premium,74.75,14,4,0,Cash,1,0.7,1
C102776,13,One year,Basic,31.76,14,3,0,Card,1,0.61,0
C102777,51,Two year,Premium,69.44,19,0,0,Card,1,0.72,0
C102778,31,Two year,Basic,21.37,16,1,0,Card,0,0.45,0
C102779,32,One year,Standard,30.41,15,1,0,Wallet,0,0.49,0
C102780,68,Month-to-month,Basic,31.89,12,0,1,Card,1,0.28,0
C102781,58,Month-to-month,Standard,48.96,13,1,0,Card,1,0.35,0
C102782,9,Month-to-month,Standard,42.57,14,3,0,Cash,0,0.67,1
C102783,17,Month-to-month,Premium,64.47,10,0,0,Bank transfer,0,0.74,0
C102784,19,One year,Basic,30.31,17,3,0,Bank transfer,0,0.28,0
C102785,48,Month-to-month,Basic,16.71,15,0,2,Wallet,0,0.47,0
C102786,31,Two year,Premium,67.53,26,4,0,Card,0,0.53,0
C102787,49,Month-to-month,Standard,33.63,11,0,0,Card,0,0.27,0
C102788,17,One year,Standard,36.62,11,2,0,Bank transfer,0,0.54,0
C102789,34,Month-to-month,Standard,39.46,12,2,1,Card,0,0.56,0
C102790,27,One year,Standard,38.59,16,4,1,Wallet,0,0.45,0
C102791,14,One year,Premium,81.65,20,3,0,Card,0,0.39,1
C102792,15,Month-to-month,Basic,29.34,8,0,0,Cash,0,0.31,0
C102793,30,Two year,Standard,45.53,12,2,0,Card,0,0.48,0
C102794,49,One year,Premium,71.66,10,0,0,Bank transfer,0,0.13,0
C102795,54,One year,Basic,24.79,14,5,1,Wallet,1,0.07,0
C102796,56,One year,Standard,37.13,13,0,0,Card,1,0.75,0
C102797,14,Month-to-month,Premium,77.44,10,1,1,Card,0,0.6,0
C102798,42,Two year,Basic,19.44,17,1,1,Bank transfer,0,0.43,0
C102799,7,Month-to-month,Basic,21.98,16,4,0,Bank transfer,0,0.74,1
C102800,10,Month-to-month,Standard,47.07,13,1,0,Cash,0,0.17,1
C102801,34,One year,Premium,69.78,15,1,1,Card,0,0.69,0
C102802,51,Two year,Premium,66.69,16,2,1,Card,0,0.76,1
C102803,17,Two year,Premium,81.16,15,1,0,Wallet,0,0.24,0
C102804,13,One year,Standard,34.66,12,0,1,Bank transfer,1,0.45,1
C102805,58,Month-to-month,Premium,67.33,13,2,3,Card,0,0.29,1
C102806,44,One year,Standard,37.99,12,1,0,Card,0,0.36,0
C102807,59,One year,Standard,40.66,13,1,1,Cash,0,0.12,0
C102808,7,Two year,Standard,44.17,13,1,0,Wallet,1,0.48,0
C102809,69,Two year,Standard,25.66,20,1,0,Bank transfer,0,0.65,0
C102810,59,One year,Basic,21.99,12,2,0,Cash,0,0.52,1
C102811,61,Two year,Standard,53.46,13,2,0,Bank transfer,1,0.11,0
C102812,8,One year,Basic,32.18,15,1,0,Card,0,0.44,0
C102813,47,Two year,Premium,80.31,19,1,0,Card,1,0.8,0
C102814,39,One year,Standard,44.5,16,0,1,Bank transfer,0,0.67,0
C102815,14,Month-to-month,Premium,76.31,13,0,0,Wallet,1,0.2,0
C102816,66,One year,Basic,21.65,10,1,0,Bank transfer,1,0.43,0
C102817,60,One year,Standard,34.92,13,0,0,Card,1,0.24,0
C102818,60,Month-to-month,Premium,77.16,12,3,0,Wallet,0,0.37,0
C102819,53,Month-to-month,Standard,51.5,4,2,1,Card,1,0.41,1
C102820,13,Month-to-month,Premium,76.8,8,1,0,Wallet,0,0.5,1
C102821,54,One year,Premium,74.83,14,0,0,Card,0,0.7,0
C102822,34,Month-to-month,Standard,50.23,12,0,0,Card,0,0.35,1
C102823,51,Month-to-month,Basic,26.92,5,0,1,Card,0,0.23,1
C102824,43,Two year,Standard,51.78,15,0,1,Card,1,0.17,0
C102825,60,Two year,Standard,42.44,12,0,0,Bank transfer,0,0.72,0
C102826,38,Two year,Basic,15.0,11,0,2,Wallet,0,0.68,0
C102827,22,Two year,Basic,27.95,10,0,0,Card,0,0.77,0
C102828,48,One year,Basic,30.36,9,0,0,Card,0,0.69,0
C102829,49,One year,Premium,70.3,10,3,0,Cash,0,0.42,1
C102830,21,One year,Basic,26.43,11,1,0,Card,0,0.46,0
C102831,38,One year,Premium,79.37,12,0,1,Card,1,0.33,0
C102832,48,Month-to-month,Standard,28.48,8,2,0,Card,0,0.49,1
C102833,25,Month-to-month,Premium,89.84,6,1,0,Bank transfer,0,0.5,1
C102834,13,One year,Standard,49.71,17,1,1,Card,0,0.41,1
C102835,24,One year,Premium,73.79,10,4,1,Card,1,0.52,0
C102836,61,Two year,Basic,,17,2,1,Bank transfer,1,0.72,0
C102837,12,Month-to-month,Premium,65.42,5,0,1,Bank transfer,0,0.62,1
C102838,29,Month-to-month,Standard,65.25,5,3,0,Cash,0,0.59,1
C102839,36,Month-to-month,Basic,23.01,11,1,0,Wallet,1,0.79,1
C102840,58,Month-to-month,Basic,29.24,12,2,0,Bank transfer,0,0.24,1
C102841,27,Month-to-month,Basic,20.99,11,1,0,Card,1,0.34,0
C102842,72,One year,Standard,43.02,10,2,0,Card,1,0.66,0
C102843,31,Two year,Premium,78.98,11,0,0,Bank transfer,0,0.32,0
C102844,34,Month-to-month,Basic,19.27,16,1,0,Wallet,0,0.27,0
C102845,62,Month-to-month,Basic,24.52,12,0,0,Wallet,1,0.17,0
C102846,33,One year,Basic,23.76,8,0,1,Bank transfer,1,0.58,0
C102847,50,Month-to-month,Standard,47.91,9,2,1,Wallet,1,0.79,0
C102848,26,Month-to-month,Basic,30.21,16,1,0,Cash,0,0.59,0
C102849,49,Two year,Basic,23.9,11,1,0,Wallet,0,0.59,0
C102850,43,Month-to-month,Premium,83.5,17,1,0,Card,0,0.83,0
C102851,71,Month-to-month,Standard,42.09,17,2,0,Bank transfer,0,0.6,0
C102852,29,One year,Basic,22.63,20,0,1,Card,0,0.67,0
C102853,16,One year,Premium,75.51,6,2,0,Bank transfer,0,0.45,0
C102854,11,Two year,Basic,23.43,13,1,0,Wallet,0,0.64,0
C102855,37,One year,Standard,49.73,14,1,0,Wallet,1,0.37,0
C102856,37,Month-to-month,Premium,57.63,13,3,0,Wallet,1,0.55,0
C102857,7,Month-to-month,Standard,34.21,4,2,0,Card,0,0.7,0
C102858,1,One year,Basic,15.0,9,2,1,Card,0,0.75,1
C102859,29,Month-to-month,Basic,33.56,7,1,0,Card,0,0.17,1
C102860,3,Month-to-month,Premium,80.01,16,2,0,Cash,0,0.31,1
C102861,69,Month-to-month,Standard,40.76,11,1,0,Card,0,0.49,0
C102862,57,Month-to-month,Premium,77.36,9,3,0,Cash,0,0.59,1
C102863,7,Month-to-month,Basic,15.0,10,2,1,Card,0,0.37,0
C102864,57,Month-to-month,Standard,43.12,17,0,1,Card,1,0.42,0
C102865,55,Month-to-month,Premium,84.02,13,0,0,Bank transfer,0,0.41,0
C102866,53,One year,Standard,48.95,18,1,1,Wallet,0,0.45,0
C102867,63,Month-to-month,Standard,58.03,11,0,2,Wallet,1,0.96,1
C102868,51,Two year,Basic,22.0,17,0,0,Bank transfer,0,0.68,0
C102869,37,Month-to-month,Premium,82.04,14,2,1,Wallet,1,0.28,0
C102870,53,Month-to-month,Basic,25.66,11,0,0,Card,0,0.4,0
C102871,58,Two year,Standard,46.96,14,2,2,Card,0,0.37,0
C102872,43,One year,Standard,46.59,20,2,0,Bank transfer,0,0.58,0
C102873,32,Two year,Premium,79.73,14,1,1,Cash,0,0.45,0
C102874,42,Month-to-month,Premium,83.12,10,1,0,Bank transfer,0,0.64,0
C102875,26,Two year,Standard,45.42,18,1,0,Wallet,0,0.52,0
C102876,30,One year,Standard,47.35,12,1,0,Card,0,0.68,0
C102877,37,Month-to-month,Basic,24.43,9,4,1,Wallet,0,0.49,0
C102878,54,Month-to-month,Premium,76.8,16,0,0,Bank transfer,1,0.11,1
C102879,15,Month-to-month,Basic,20.12,13,1,1,Card,1,0.2,0
C102880,32,Month-to-month,Basic,31.17,11,1,1,Cash,1,0.91,1
C102881,23,Month-to-month,Basic,29.36,9,2,0,Bank transfer,0,0.27,1
C102882,12,Month-to-month,Basic,27.06,11,3,0,Card,0,0.59,0
C102883,22,Month-to-month,Basic,24.99,12,1,0,Card,0,0.26,1
C102884,22,Month-to-month,Basic,21.02,10,2,0,Card,0,0.52,0
C102885,72,Month-to-month,Standard,39.3,12,0,1,Wallet,1,0.64,0
C102886,28,Month-to-month,Basic,18.28,10,1,0,Card,1,0.63,0
C102887,25,Month-to-month,Basic,20.25,3,3,0,Cash,0,0.37,1
C102888,29,Month-to-month,Basic,30.69,6,0,0,Bank transfer,1,0.47,0
C102889,17,Month-to-month,Standard,47.7,4,0,0,Bank transfer,1,0.75,0
C102890,66,One year,Standard,36.38,19,0,0,Bank transfer,0,0.45,0
C102891,68,Month-to-month,Standard,39.18,15,0,0,Card,0,0.69,0
C102892,29,Two year,Basic,,14,5,0,Card,1,0.13,0
C102893,10,Two year,Premium,85.3,12,0,1,Card,0,0.4,0
C102894,2,One year,Basic,30.28,19,3,1,Card,0,0.42,1
C102895,70,Month-to-month,Standard,58.03,12,0,0,Card,0,0.34,0
C102896,60,Month-to-month,Basic,20.94,8,3,0,Bank transfer,0,0.36,1
C102897,62,Month-to-month,Standard,47.84,13,2,0,Wallet,0,0.55,0
C102898,43,Two year,Standard,41.28,12,0,0,Cash,0,0.33,0
C102899,47,Two year,Premium,88.74,18,1,1,Card,0,0.5,0
C102900,56,One year,Standard,47.85,19,2,0,Card,1,0.17,0
C102901,31,Two year,Standard,47.8,11,2,2,Bank transfer,0,0.57,0
C102902,60,Month-to-month,Basic,27.51,10,3,0,Card,0,0.81,0
C102903,15,Month-to-month,Basic,21.07,12,1,0,Card,1,0.69,0
C102904,33,Month-to-month,Standard,44.92,7,0,0,Card,0,0.28,1
C102905,8,Month-to-month,Premium,61.35,10,1,1,Card,0,0.25,1
C102906,56,One year,Premium,72.57,15,1,0,Card,0,0.22,0
C102907,8,One year,Premium,69.16,13,0,0,Card,0,0.83,1
C102908,37,Two year,Premium,80.11,8,2,0,Bank transfer,0,0.38,0
C102909,26,Month-to-month,Standard,53.49,15,0,0,Cash,0,0.64,0
C102910,72,Month-to-month,Standard,46.99,18,2,0,Wallet,0,0.15,1
C102911,30,Month-to-month,Standard,39.08,7,0,1,Bank transfer,0,0.22,1
C102912,11,Month-to-month,Premium,68.65,17,1,0,Bank transfer,0,0.37,1
C102913,67,Month-to-month,Premium,79.89,10,0,0,Cash,0,0.72,0
C102914,40,Month-to-month,Standard,43.74,11,0,1,Card,0,0.84,1
C102915,39,Two year,Basic,23.78,19,0,0,Card,0,0.91,0
C102916,46,Month-to-month,Standard,38.8,9,2,1,Wallet,0,0.33,0
C102917,72,Month-to-month,Standard,46.88,11,1,0,Card,0,0.19,0
C102918,2,Month-to-month,Premium,76.63,12,1,0,Card,1,0.44,0
C102919,52,Month-to-month,Standard,50.3,7,1,0,Wallet,0,0.86,0
C102920,33,Month-to-month,Premium,69.7,10,0,0,Cash,1,0.41,0
C102921,11,One year,Premium,75.22,17,0,2,Bank transfer,0,0.77,0
C102922,66,Month-to-month,Standard,36.78,13,2,1,Wallet,0,0.38,0
C102923,40,Month-to-month,Basic,26.81,12,0,1,Bank transfer,1,0.6,0
C102924,66,Month-to-month,Standard,45.47,9,2,1,Bank transfer,1,0.29,0
C102925,12,Month-to-month,Standard,43.18,11,1,0,Cash,0,0.47,1
C102926,49,Two year,Premium,80.92,13,3,0,Card,0,0.58,0
C102927,3,Month-to-month,Basic,17.68,13,1,0,Bank transfer,1,0.32,1
C102928,71,Month-to-month,Standard,54.95,13,0,0,Cash,1,0.63,0
C102929,68,Two year,Basic,27.95,13,2,0,Card,0,0.4,0
C102930,64,Month-to-month,Standard,48.98,15,1,0,Wallet,0,0.42,1
C102931,25,Month-to-month,Premium,,17,2,0,Wallet,0,0.5,0
C102932,51,Month-to-month,Premium,71.19,10,0,0,Card,1,0.58,0
C102933,14,One year,Premium,72.05,15,0,0,Bank transfer,0,0.48,0
C102934,61,Month-to-month,Premium,81.3,10,3,0,Card,0,0.54,1
C102935,8,Month-to-month,Basic,25.38,5,1,1,Card,0,0.35,1
C102936,53,One year,Standard,47.42,13,2,1,Wallet,1,0.68,0
C102937,47,One year,Standard,43.37,17,1,0,Card,0,0.75,0
C102938,22,Month-to-month,Premium,80.64,7,1,0,Card,0,0.32,0
C102939,34,One year,Basic,29.48,14,0,1,Bank transfer,1,0.62,0
C102940,35,Two year,Standard,37.6,13,2,1,Bank transfer,1,0.63,0
C102941,1,Month-to-month,Standard,57.44,17,1,0,Wallet,0,0.6,0
C102942,4,Month-to-month,Basic,31.86,10,5,1,Cash,0,0.69,1
C102943,52,One year,Standard,50.58,12,1,1,Wallet,0,0.38,0
C102944,50,Month-to-month,Standard,47.51,13,1,0,Bank transfer,0,0.38,0
C102945,19,Month-to-month,Basic,25.18,15,1,2,Wallet,0,0.59,1
C102946,33,Two year,Basic,30.75,14,3,0,Bank transfer,1,0.85,1
C102947,57,Month-to-month,Basic,41.27,11,0,1,Card,0,0.6,0
C102948,49,One year,Standard,44.97,13,0,0,Cash,1,0.42,0
C102949,36,Month-to-month,Premium,68.83,17,1,0,Wallet,0,0.73,0
C102950,63,One year,Premium,75.33,19,0,0,Card,0,0.64,0
C102951,39,Month-to-month,Basic,25.96,12,0,1,Card,0,0.36,1
C102952,1,Two year,Premium,81.35,17,2,0,Wallet,1,0.35,1
C102953,33,Month-to-month,Premium,68.03,8,1,0,Card,0,0.32,1
C102954,18,Month-to-month,Premium,72.83,7,1,0,Card,0,0.8,1
C102955,49,One year,Standard,43.57,8,1,1,Wallet,0,0.25,0
C102956,8,Two year,Standard,51.44,16,1,1,Bank transfer,0,0.3,0
C102957,72,Month-to-month,Standard,52.26,12,2,0,Cash,1,0.7,0
C102958,44,Two year,Basic,26.71,16,1,0,Bank transfer,0,0.37,0
C102959,58,One year,Standard,52.0,16,1,0,Cash,1,0.34,0
C102960,34,Two year,Basic,26.14,13,0,0,Card,0,0.36,0
C102961,5,Month-to-month,Standard,46.1,7,2,0,Card,0,0.18,1
C102962,32,Two year,Standard,31.57,13,1,0,Card,1,0.45,0
C102963,36,One year,Standard,39.99,11,1,0,Wallet,1,0.16,0
C102964,31,Two year,Basic,18.6,21,1,0,Card,0,0.59,0
C102965,17,Month-to-month,Standard,48.17,10,2,1,Bank transfer,0,0.58,0
C102966,15,One year,Basic,25.88,10,1,0,Card,0,0.3,0
C102967,8,Two year,Standard,38.83,14,1,0,Card,1,0.21,0
C102968,36,One year,Standard,45.63,18,1,1,Cash,0,0.41,0
C102969,15,Month-to-month,Basic,24.59,19,0,0,Cash,0,0.36,0
C102970,46,Month-to-month,Premium,77.71,15,0,1,Cash,0,0.62,0
C102971,18,Two year,Premium,71.97,17,3,0,Wallet,1,0.37,0
C102972,32,One year,Standard,40.97,17,1,0,Wallet,1,0.28,0
C102973,70,Month-to-month,Premium,82.72,6,3,0,Card,1,0.46,1
C102974,38,Month-to-month,Premium,73.7,7,3,0,Bank transfer,1,0.12,1
C102975,54,One year,Standard,51.47,21,1,0,Bank transfer,0,0.5,0
C102976,50,Month-to-month,Standard,39.93,11,0,0,Card,0,0.33,0
C102977,62,Month-to-month,Standard,43.91,13,3,1,Card,0,0.21,0
C102978,5,One year,Basic,23.31,11,3,2,Cash,1,0.17,1
C102979,51,Month-to-month,Premium,69.38,10,3,0,Card,0,0.31,0
C102980,18,Month-to-month,Standard,49.6,8,1,0,Bank transfer,1,0.55,0
C102981,23,Two year,Premium,67.1,5,1,0,Bank transfer,1,0.32,0
C102982,66,Month-to-month,Standard,46.69,5,0,1,Bank transfer,1,0.23,0
C102983,29,Month-to-month,Basic,15.0,16,0,1,Wallet,0,0.41,1
C102984,38,Two year,Basic,29.43,19,0,1,Wallet,0,0.39,0
C102985,32,One year,Basic,25.48,18,0,1,Wallet,0,0.82,0
C102986,8,Month-to-month,Basic,32.06,9,2,0,Card,0,0.15,1
C102987,22,Two year,Standard,57.44,16,0,0,Card,0,0.61,0
C102988,11,Month-to-month,Standard,41.09,18,1,0,Card,0,0.84,0
C102989,31,Month-to-month,Standard,45.29,14,2,0,Bank transfer,0,0.46,0
C102990,1,Two year,Standard,37.43,6,0,2,Bank transfer,0,0.19,0
C102991,56,One year,Premium,72.44,11,1,1,Wallet,0,0.59,0
C102992,39,Month-to-month,Standard,45.58,16,1,0,Cash,1,0.51,0
C102993,6,One year,Basic,25.43,14,0,0,Card,1,0.39,0
C102994,72,Month-to-month,Standard,49.95,10,0,0,Card,0,0.76,0
C102995,20,Month-to-month,Standard,48.21,6,0,0,Bank transfer,0,0.06,1
C102996,26,One year,Basic,31.11,14,0,1,Card,0,0.49,0
C102997,35,Two year,Standard,41.08,16,0,1,Bank transfer,0,0.35,0
C102998,39,Month-to-month,Standard,46.07,9,0,0,Bank transfer,0,0.24,0
C102999,49,Month-to-month,Basic,18.91,6,0,0,Bank transfer,0,0.57,0
C103000,39,Month-to-month,Basic,24.15,15,2,1,Wallet,1,0.49,0
C103001,47,Month-to-month,Basic,15.0,10,1,1,Bank transfer,0,0.25,1
C103002,23,One year,Basic,24.53,10,0,1,Card,1,0.22,0
C103003,53,One year,Basic,25.47,12,0,1,Bank transfer,0,0.88,0
C103004,62,One year,Basic,22.36,17,1,1,Wallet,1,0.69,0
C103005,8,Two year,Standard,42.71,15,1,0,Bank transfer,1,0.72,0
C103006,9,One year,Basic,15.0,17,0,0,Card,1,0.65,0
C103007,14,One year,Basic,21.22,14,0,1,Cash,0,0.41,0
C103008,24,One year,Standard,41.53,14,1,0,Bank transfer,1,0.18,0
C103009,23,One year,Basic,26.46,13,2,1,Card,1,0.65,0
C103010,57,One year,Premium,77.87,19,2,0,Wallet,0,0.59,0
C103011,21,Two year,Standard,42.46,16,2,1,Card,1,0.26,0
C103012,64,Month-to-month,Standard,44.26,14,1,0,Wallet,1,0.4,0
C103013,55,One year,Premium,77.25,18,2,0,Card,0,0.59,1
C103014,68,Month-to-month,Basic,19.74,11,2,0,Bank transfer,1,0.68,1
C103015,72,Month-to-month,Basic,31.21,8,0,0,Card,1,0.61,0
C103016,6,Two year,Standard,57.38,16,0,0,Cash,0,0.58,1
C103017,50,Month-to-month,Premium,77.4,9,1,0,Card,0,0.2,0
C103018,63,One year,Standard,42.21,8,0,0,Bank transfer,0,0.38,0
C103019,3,Month-to-month,Standard,46.43,20,2,0,Card,1,0.02,0
C103020,12,Month-to-month,Standard,52.13,13,1,0,Wallet,1,0.22,0
C103021,22,Month-to-month,Basic,32.75,8,0,0,Wallet,1,0.09,1
C103022,15,One year,Standard,37.04,15,0,1,Card,0,0.21,0
C103023,58,Two year,Standard,47.06,12,0,3,Card,1,0.16,0
C103024,10,One year,Premium,70.74,19,1,0,Wallet,0,0.07,0
C103025,67,One year,Standard,42.46,20,2,1,Card,0,0.61,0
C103026,26,One year,Standard,46.74,18,1,1,Card,0,0.36,0
C103027,43,Month-to-month,Basic,28.32,19,0,0,Card,0,0.62,0
C103028,30,One year,Standard,43.42,12,0,0,Cash,1,0.14,0
C103029,26,Month-to-month,Basic,20.01,9,0,1,Wallet,0,0.16,0
C103030,63,Month-to-month,Basic,23.91,20,1,0,Bank transfer,0,0.43,0
C103031,26,Month-to-month,Basic,18.91,18,0,0,Cash,1,0.77,1
C103032,71,Two year,Standard,55.55,18,0,0,Bank transfer,0,0.44,0
C103033,46,One year,Basic,15.75,10,0,1,Wallet,1,0.38,0
C103034,26,One year,Basic,28.69,11,1,2,Card,0,0.96,0
C103035,63,Month-to-month,Basic,25.76,14,0,0,Card,0,0.23,0
C103036,20,Two year,Premium,75.14,15,1,0,Wallet,0,0.4,1
C103037,25,Month-to-month,Standard,38.82,2,1,2,Bank transfer,0,0.55,0
C103038,64,One year,Basic,22.14,13,2,0,Wallet,0,0.77,0
C103039,14,One year,Standard,43.05,19,1,0,Card,0,0.73,0
C103040,64,One year,Premium,71.85,14,1,1,Card,1,0.69,0
C103041,1,Month-to-month,Standard,43.61,15,0,0,Card,0,0.42,0
C103042,1,Month-to-month,Basic,25.72,5,2,0,Wallet,0,0.43,1
C103043,10,Month-to-month,Standard,42.4,11,3,2,Card,1,0.58,1
C103044,45,Month-to-month,Standard,47.69,11,1,1,Wallet,0,0.6,1
C103045,62,One year,Premium,79.42,19,0,0,Card,0,0.48,0
C103046,61,Month-to-month,Standard,41.83,14,0,0,Card,1,0.63,0
C103047,45,Month-to-month,Premium,79.44,4,0,0,Bank transfer,1,0.1,0
C103048,47,Month-to-month,Standard,45.38,14,0,1,Wallet,0,0.13,1
C103049,72,Month-to-month,Basic,21.69,7,1,1,Wallet,0,0.76,0
C103050,69,One year,Premium,77.84,18,1,0,Card,0,0.54,0
C103051,6,Month-to-month,Basic,31.69,5,2,0,Bank transfer,0,0.57,1
C103052,41,Month-to-month,Premium,73.12,8,2,0,Bank transfer,1,0.45,0
C103053,27,One year,Premium,64.1,19,2,0,Card,0,0.63,0
C103054,10,Two year,Standard,49.66,9,1,1,Card,0,0.7,0
C103055,58,Month-to-month,Basic,30.98,5,1,0,Card,0,0.23,0
C103056,40,Month-to-month,Basic,18.36,22,1,1,Bank transfer,0,0.74,0
C103057,48,Month-to-month,Standard,44.21,8,0,0,Card,1,0.64,0
C103058,38,One year,Standard,47.77,13,0,0,Card,0,0.21,0
C103059,5,Two year,Basic,15.0,8,1,1,Card,0,0.71,0
C103060,63,Month-to-month,Standard,49.66,9,2,1,Card,1,0.35,1
C103061,29,Month-to-month,Basic,29.31,11,2,2,Card,0,0.18,1
C103062,16,Month-to-month,Standard,49.84,8,1,0,Bank transfer,0,0.57,0
C103063,46,Month-to-month,Premium,83.91,9,1,0,Cash,0,0.63,1
C103064,22,One year,Standard,38.68,13,0,0,Card,0,0.66,0
C103065,50,One year,Standard,50.63,8,2,0,Wallet,0,0.7,0
C103066,37,One year,Basic,38.56,11,2,1,Bank transfer,1,0.37,1
C103067,33,Month-to-month,Standard,31.46,15,1,1,Bank transfer,1,0.66,0
C103068,8,Month-to-month,Premium,72.72,7,1,0,Bank transfer,0,0.5,0
C103069,14,Two year,Premium,79.14,7,0,0,Bank transfer,0,0.15,0
C103070,63,Month-to-month,Premium,70.62,6,0,0,Wallet,0,0.28,0
C103071,70,Month-to-month,Basic,15.0,5,1,1,Card,0,0.23,0
C103072,40,Month-to-month,Basic,26.8,11,0,0,Bank transfer,0,0.52,0
C103073,34,Two year,Basic,25.93,21,1,1,Card,0,0.82,0
C103074,13,Month-to-month,Basic,20.56,15,2,0,Wallet,0,0.46,1
C103075,52,One year,Standard,46.36,15,3,0,Card,1,0.36,0
C103076,47,One year,Basic,30.38,16,1,0,Card,1,0.63,0
C103077,39,Two year,Premium,80.91,17,0,0,Bank transfer,1,0.4,0
C103078,20,Month-to-month,Basic,27.41,11,1,0,Card,0,0.57,0
C103079,6,Month-to-month,Premium,67.46,12,0,0,Card,0,0.34,0
C103080,70,Month-to-month,Standard,43.03,12,0,0,Cash,0,0.37,0
C103081,18,Month-to-month,Basic,15.0,9,3,0,Card,0,0.09,1
C103082,48,Month-to-month,Standard,38.48,13,1,0,Cash,0,0.26,1
C103083,5,Two year,Premium,75.83,17,2,1,Wallet,0,0.43,0
C103084,50,One year,Basic,28.13,15,0,1,Bank transfer,0,0.45,0
C103085,14,Month-to-month,Standard,44.69,9,0,1,Bank transfer,0,0.08,1
C103086,51,Month-to-month,Basic,24.75,12,1,0,Card,1,0.36,0
C103087,15,Month-to-month,Premium,63.08,11,1,1,Cash,0,0.37,1
C103088,36,One year,Standard,37.13,12,1,0,Cash,0,0.61,0
C103089,30,Two year,Standard,37.91,16,1,0,Wallet,0,0.48,0
C103090,37,Month-to-month,Standard,41.25,4,2,0,Card,0,0.25,0
C103091,24,One year,Premium,71.22,10,0,0,Card,0,0.4,0
C103092,25,Month-to-month,Premium,87.89,7,2,2,Wallet,0,0.57,1
C103093,27,Two year,Standard,50.83,13,0,0,Bank transfer,0,0.45,0
C103094,46,Month-to-month,Standard,38.63,18,1,0,Card,0,0.39,0
C103095,59,One year,Premium,70.77,17,1,0,Bank transfer,0,0.29,0
C103096,27,Month-to-month,Standard,41.48,11,0,2,Wallet,0,0.11,1
C103097,2,Month-to-month,Standard,41.25,9,0,0,Bank transfer,1,0.19,1
C103098,15,Two year,Premium,71.63,10,4,0,Wallet,0,0.16,0
C103099,8,One year,Premium,62.49,12,0,1,Card,1,0.63,0
C103100,46,Month-to-month,Basic,31.77,18,1,0,Card,0,0.55,0
C103101,59,Two year,Standard,48.83,6,3,1,Card,1,0.61,0
C103102,16,Month-to-month,Basic,28.59,8,2,0,Bank transfer,0,0.49,1
C103103,39,One year,Premium,75.37,12,0,1,Bank transfer,1,0.48,0
C103104,35,Two year,Basic,27.52,22,2,0,Wallet,0,0.38,0
C103105,32,One year,Standard,42.57,9,2,0,Card,1,0.83,0
C103106,64,Month-to-month,Standard,32.86,3,0,0,Card,0,0.62,0
C103107,20,Month-to-month,Basic,25.47,8,0,4,Wallet,1,0.52,1
C103108,45,One year,Basic,24.88,18,2,0,Card,1,0.28,0
C103109,40,Month-to-month,Standard,36.8,8,1,0,Bank transfer,0,0.69,0
C103110,64,Month-to-month,Basic,15.0,13,1,2,Card,0,0.19,0
C103111,16,Month-to-month,Premium,81.55,20,0,0,Bank transfer,0,0.38,0
C103112,68,Month-to-month,Standard,38.57,8,2,2,Bank transfer,0,0.57,1
C103113,62,Month-to-month,Standard,43.47,8,2,1,Wallet,1,0.17,0
C103114,33,Month-to-month,Premium,70.52,14,0,2,Card,0,0.53,1
C103115,60,Month-to-month,Premium,84.82,15,0,0,Wallet,0,0.42,0
C103116,47,Month-to-month,Basic,15.73,17,1,0,Card,0,0.66,0
C103117,24,Month-to-month,Premium,81.03,10,0,0,Bank transfer,0,0.54,0
C103118,62,One year,Basic,15.0,14,0,0,Bank transfer,0,0.37,0
C103119,2,One year,Premium,80.23,11,0,1,Card,1,0.42,1
C103120,11,Two year,Premium,71.7,9,0,1,Card,1,0.35,0
C103121,64,Month-to-month,Standard,31.13,15,1,0,Wallet,0,0.71,0
C103122,58,One year,Basic,25.03,13,1,1,Card,0,0.73,0
C103123,22,Month-to-month,Premium,74.23,15,1,0,Bank transfer,1,0.63,0
C103124,71,Month-to-month,Standard,34.96,7,0,2,Cash,0,0.17,1
C103125,48,Month-to-month,Premium,76.81,8,0,1,Card,1,0.73,1
C103126,18,One year,Standard,44.49,15,0,0,Wallet,1,0.57,0
C103127,62,One year,Premium,77.56,18,3,0,Bank transfer,0,0.11,0
C103128,72,Two year,Standard,36.23,18,0,1,Card,1,0.65,0
C103129,58,One year,Premium,70.13,10,1,0,Wallet,0,0.7,0
C103130,45,Month-to-month,Basic,,8,0,1,Card,0,0.32,1
C103131,63,One year,Premium,75.39,21,1,0,Bank transfer,1,0.48,0
C103132,59,Month-to-month,Basic,21.46,5,1,0,Card,1,0.52,0
C103133,36,One year,Basic,18.61,12,1,0,Bank transfer,0,0.29,0
C103134,55,One year,Standard,52.96,16,1,1,Card,1,0.43,0
C103135,61,Month-to-month,Basic,21.45,9,0,0,Bank transfer,1,0.22,0
C103136,3,One year,Standard,51.25,12,3,2,Wallet,1,0.42,0
C103137,34,Month-to-month,Standard,49.68,15,1,1,Card,1,0.13,1
C103138,68,Month-to-month,Basic,20.32,12,2,1,Bank transfer,0,0.2,0
C103139,19,Month-to-month,Basic,15.0,12,1,0,Bank transfer,0,0.47,0
C103140,45,Month-to-month,Premium,75.87,13,0,0,Card,0,0.48,0
C103141,35,One year,Standard,48.74,16,1,0,Card,1,0.15,1
C103142,43,Month-to-month,Standard,51.73,17,1,1,Card,1,0.23,0
C103143,25,One year,Premium,77.01,19,3,1,Card,1,0.29,0
C103144,46,Two year,Basic,27.28,11,2,1,Card,0,0.46,0
C103145,56,Two year,Standard,40.85,18,1,1,Card,0,0.72,0
C103146,54,One year,Basic,20.3,15,2,0,Wallet,0,0.35,0
C103147,60,Month-to-month,Premium,94.06,11,2,0,Card,0,0.56,0
C103148,19,Month-to-month,Premium,81.56,11,0,1,Card,1,0.62,1
C103149,11,Two year,Standard,36.65,8,2,1,Card,0,0.65,0
C103150,40,Two year,Standard,46.5,10,0,1,Cash,0,0.6,0
C103151,12,Two year,Standard,47.45,14,1,0,Bank transfer,0,0.79,0
C103152,46,Month-to-month,Standard,33.88,6,0,0,Card,0,0.89,1
C103153,28,Month-to-month,Standard,42.95,15,1,0,Wallet,0,0.34,1
C103154,52,Month-to-month,Basic,28.1,10,1,2,Bank transfer,1,0.36,1
C103155,34,One year,Standard,54.72,18,1,0,Wallet,0,0.16,1
C103156,41,Two year,Standard,54.48,8,1,0,Card,1,0.2,1
C103157,69,One year,Standard,42.57,12,1,0,Cash,0,0.22,0
C103158,46,Month-to-month,Standard,42.78,13,0,0,Cash,0,0.26,0
C103159,68,One year,Standard,41.91,11,1,3,Wallet,0,0.66,0
C103160,18,Month-to-month,Standard,46.08,10,1,2,Wallet,0,0.36,1
C103161,70,One year,Premium,79.9,14,3,2,Cash,0,0.34,0
C103162,16,Month-to-month,Basic,18.43,13,2,0,Wallet,0,0.77,1
C103163,53,Month-to-month,Premium,73.65,15,0,4,Wallet,1,0.28,0
C103164,4,Month-to-month,Standard,41.17,18,1,1,Wallet,0,0.15,1
C103165,49,Month-to-month,Standard,40.05,15,0,0,Card,0,0.4,0
C103166,64,Month-to-month,Basic,21.62,9,1,0,Card,1,0.55,0
C103167,20,Two year,Standard,55.79,17,1,0,Bank transfer,1,0.82,0
C103168,12,One year,Premium,85.27,19,1,1,Cash,0,0.13,0
C103169,27,Month-to-month,Basic,33.61,14,1,3,Card,0,0.41,0
C103170,5,Two year,Standard,34.69,10,3,1,Wallet,1,0.71,0
C103171,1,Month-to-month,Standard,46.6,13,3,0,Card,0,0.74,1
C103172,31,Month-to-month,Basic,39.26,13,1,0,Wallet,0,0.56,0
C103173,60,Two year,Premium,77.26,11,1,1,Card,0,0.44,0
C103174,30,Two year,Standard,40.44,12,2,0,Card,1,0.98,0
C103175,20,One year,Basic,28.35,12,0,0,Card,0,0.97,0
C103176,17,Month-to-month,Premium,73.18,13,0,0,Card,0,0.21,0
C103177,6,One year,Basic,22.31,11,0,0,Wallet,0,0.65,0
C103178,29,Month-to-month,Premium,76.3,18,1,0,Card,0,0.29,0
C103179,23,Month-to-month,Standard,47.63,8,1,0,Bank transfer,0,0.29,1
C103180,33,Two year,Basic,23.71,20,0,0,Bank transfer,0,0.75,0
C103181,24,Month-to-month,Basic,24.63,8,0,0,Card,0,0.65,0
C103182,43,Month-to-month,Basic,18.56,4,0,0,Wallet,0,0.1,1
C103183,53,Month-to-month,Standard,44.48,15,1,2,Bank transfer,0,0.51,0
C103184,1,One year,Premium,79.07,13,0,0,Wallet,0,0.38,1
C103185,1,One year,Standard,45.32,13,1,0,Card,0,0.27,0
C103186,20,Month-to-month,Standard,43.69,11,1,1,Wallet,0,0.43,0
C103187,17,Month-to-month,Standard,36.01,15,1,0,Card,1,0.65,0
C103188,7,Two year,Premium,81.59,23,4,0,Card,0,0.42,0
C103189,65,Month-to-month,Basic,17.71,7,0,0,Card,1,0.25,1
C103190,7,Month-to-month,Basic,28.87,7,3,0,Wallet,0,0.81,0
C103191,62,One year,Standard,42.57,12,1,0,Card,1,0.61,0
C103192,5,Month-to-month,Premium,79.63,12,0,0,Cash,0,0.18,1
C103193,46,One year,Basic,31.08,20,0,1,Wallet,0,0.68,0
C103194,28,Month-to-month,Premium,72.85,7,0,0,Bank transfer,0,0.37,1
C103195,41,Month-to-month,Basic,15.0,12,2,0,Wallet,0,0.36,0
C103196,38,One year,Premium,62.37,17,0,0,Bank transfer,0,0.15,0
C103197,17,One year,Standard,38.85,18,1,3,Bank transfer,1,0.31,1
C103198,8,Month-to-month,Premium,69.17,12,1,0,Card,0,0.46,1
C103199,64,Month-to-month,Standard,46.53,12,1,0,Card,0,0.82,0
C103200,53,Two year,Standard,56.77,11,3,2,Card,0,0.86,0
C103201,55,Month-to-month,Standard,48.8,7,0,1,Card,0,0.75,0
C103202,45,Month-to-month,Basic,23.94,14,3,2,Card,1,0.81,0
C103203,37,Month-to-month,Basic,32.96,14,0,2,Wallet,0,0.4,0
C103204,62,Month-to-month,Standard,43.63,18,1,0,Bank transfer,1,0.49,0
C103205,12,Month-to-month,Basic,29.98,9,3,1,Card,0,0.61,1
C103206,44,Two year,Basic,27.04,14,1,0,Cash,0,0.82,0
C103207,16,Month-to-month,Basic,15.0,12,2,1,Cash,0,0.19,0
C103208,47,Two year,Basic,30.66,17,2,1,Cash,0,0.36,0
C103209,28,Month-to-month,Premium,85.46,20,0,1,Wallet,1,0.79,0
C103210,31,Month-to-month,Standard,42.71,7,0,0,Bank transfer,0,0.73,0
C103211,24,Month-to-month,Standard,49.45,16,2,0,Card,0,0.46,0
C103212,43,One year,Premium,77.93,13,2,0,Card,0,0.37,0
C103213,5,One year,Basic,23.19,12,1,0,Bank transfer,0,0.6,1
C103214,56,Month-to-month,Premium,72.54,7,2,3,Card,1,0.35,1
C103215,30,Month-to-month,Premium,80.85,12,1,2,Wallet,0,0.58,1
C103216,71,Two year,Standard,40.93,14,0,1,Card,0,0.49,0
C103217,33,One year,Premium,71.55,16,4,1,Bank transfer,0,0.49,0
C103218,9,One year,Basic,,16,1,1,Card,0,0.29,0
C103219,21,Two year,Basic,30.44,8,1,0,Card,0,0.36,0
C103220,34,Month-to-month,Basic,34.28,7,0,0,Card,0,0.67,0
C103221,28,Month-to-month,Standard,41.29,4,3,0,Card,1,0.47,0
C103222,20,Two year,Basic,16.75,9,4,1,Card,0,0.34,0
C103223,24,Month-to-month,Basic,31.43,5,1,2,Bank transfer,0,0.69,1
C103224,53,Month-to-month,Premium,65.53,15,0,0,Wallet,0,0.19,0
C103225,28,Two year,Premium,72.34,16,0,0,Cash,0,0.29,0
C103226,12,Two year,Standard,43.51,7,0,0,Wallet,1,0.38,0
C103227,45,Two year,Basic,35.24,12,2,0,Cash,0,0.75,0
C103228,54,One year,Standard,45.02,14,2,1,Bank transfer,0,0.38,0
C103229,36,Month-to-month,Standard,37.53,6,0,1,Card,0,0.67,1
C103230,53,One year,Premium,74.68,8,0,0,Wallet,0,0.22,0
C103231,15,Month-to-month,Standard,52.9,8,1,2,Cash,1,0.34,1
C103232,11,Month-to-month,Basic,15.0,8,2,0,Bank transfer,0,0.56,0
C103233,58,Month-to-month,Basic,16.88,16,3,0,Wallet,0,0.57,0
C103234,57,One year,Premium,81.06,14,1,0,Card,0,0.88,0
C103235,37,Two year,Basic,25.59,10,2,0,Wallet,1,0.32,0
C103236,35,One year,Premium,68.7,13,0,0,Wallet,1,0.41,0
C103237,34,Month-to-month,Premium,73.6,6,0,0,Bank transfer,1,0.22,1
C103238,16,One year,Standard,45.28,18,0,0,Card,0,0.29,1
C103239,52,Month-to-month,Basic,17.89,10,3,0,Card,1,0.6,0
C103240,28,Two year,Standard,41.39,12,0,1,Wallet,1,0.26,0
C103241,55,Month-to-month,Basic,33.64,14,0,0,Bank transfer,0,0.69,0
C103242,32,Month-to-month,Basic,26.78,9,0,2,Card,0,0.12,0
C103243,62,Month-to-month,Basic,31.62,13,3,0,Wallet,1,0.64,1
C103244,61,Month-to-month,Standard,44.64,11,1,1,Bank transfer,1,0.59,0
C103245,59,Month-to-month,Premium,71.46,15,0,0,Cash,0,0.92,0
C103246,20,Month-to-month,Standard,46.71,12,1,2,Bank transfer,0,0.09,1
C103247,49,Month-to-month,Premium,69.32,7,2,0,Wallet,0,0.72,0
C103248,55,One year,Basic,27.07,15,1,0,Cash,1,0.94,0
C103249,52,Two year,Standard,43.0,11,1,0,Bank transfer,1,0.13,0
C103250,64,Two year,Standard,43.08,12,2,0,Cash,1,0.56,0
C103251,12,One year,Standard,43.22,18,1,0,Wallet,1,0.59,0
C103252,48,Month-to-month,Standard,39.11,16,1,0,Card,0,0.24,0
C103253,51,Month-to-month,Basic,33.12,12,2,0,Card,0,0.22,0
C103254,26,One year,Basic,15.74,14,1,0,Card,1,0.7,0
C103255,19,Month-to-month,Basic,26.19,8,1,1,Bank transfer,0,0.65,1
C103256,41,Month-to-month,Premium,67.21,17,2,1,Bank transfer,1,0.14,0
C103257,19,One year,Premium,80.32,18,1,1,Card,0,0.69,1
C103258,43,Month-to-month,Premium,73.51,14,1,1,Bank transfer,1,0.23,0
C103259,9,Two year,Standard,45.97,10,0,0,Bank transfer,0,0.21,0
C103260,29,One year,Basic,27.7,13,0,0,Cash,1,0.29,0
C103261,29,Month-to-month,Standard,47.02,11,1,1,Wallet,0,0.5,1
C103262,53,Two year,Standard,,15,1,0,Bank transfer,0,0.18,0
C103263,2,Month-to-month,Standard,47.07,7,1,0,Card,0,0.24,1
C103264,27,Month-to-month,Standard,46.95,12,1,1,Card,0,0.55,1
C103265,48,Month-to-month,Standard,42.08,8,2,1,Card,1,0.53,0
C103266,36,Two year,Basic,23.07,11,0,0,Wallet,0,0.53,0
C103267,54,Month-to-month,Premium,73.4,13,0,1,Card,1,0.65,0
C103268,63,One year,Basic,20.54,15,0,0,Wallet,0,0.23,0
C103269,56,Two year,Premium,71.6,12,2,0,Cash,0,0.42,0
C103270,25,Month-to-month,Premium,82.82,16,1,0,Bank transfer,0,0.4,0
C103271,10,One year,Standard,36.2,17,0,0,Card,1,0.77,0
C103272,7,One year,Basic,35.04,16,0,0,Bank transfer,0,0.45,0
C103273,47,Month-to-month,Standard,41.69,10,0,0,Card,1,0.72,0
C103274,10,Month-to-month,Standard,48.61,9,1,0,Bank transfer,0,0.6,1
C103275,61,Two year,Basic,24.88,17,1,1,Card,0,0.28,0
C103276,42,Month-to-month,Basic,23.77,8,3,1,Bank transfer,0,0.79,1
C103277,3,Month-to-month,Premium,78.23,7,0,1,Bank transfer,0,0.29,1
C103278,57,One year,Standard,55.11,15,4,0,Wallet,0,0.75,0
C103279,14,Month-to-month,Standard,44.16,14,0,0,Wallet,0,0.45,1
C103280,72,Two year,Basic,24.67,8,1,2,Cash,1,0.31,0
C103281,20,Month-to-month,Standard,41.62,10,1,0,Bank transfer,0,0.48,1
C103282,40,Two year,Premium,87.08,9,0,1,Bank transfer,0,0.72,0
C103283,34,Two year,Basic,31.93,18,0,1,Wallet,0,0.15,0
C103284,26,Two year,Premium,81.62,12,2,0,Wallet,0,0.64,0
C103285,13,Two year,Basic,25.07,17,0,0,Wallet,0,0.37,0
C103286,5,One year,Basic,15.0,10,0,0,Card,0,0.69,0
C103287,39,Month-to-month,Premium,77.76,14,0,0,Wallet,0,0.34,0
C103288,71,One year,Basic,15.0,12,0,1,Cash,0,0.15,0
C103289,25,One year,Premium,71.11,7,1,0,Card,0,0.57,1
C103290,22,Month-to-month,Basic,30.69,2,1,0,Card,0,0.45,1
C103291,48,One year,Basic,21.38,15,2,0,Card,0,0.54,0
C103292,72,Month-to-month,Standard,40.76,7,1,0,Wallet,0,0.12,0
C103293,39,Month-to-month,Basic,15.0,16,3,0,Card,1,0.43,0
C103294,70,Month-to-month,Basic,29.18,9,1,0,Card,1,0.39,0
C103295,50,Month-to-month,Standard,47.37,19,2,0,Card,0,0.76,0
C103296,58,Two year,Standard,41.94,21,1,1,Card,0,0.57,0
C103297,18,One year,Standard,47.05,11,2,0,Bank transfer,0,0.59,0
C103298,40,Month-to-month,Premium,65.19,14,2,1,Bank transfer,1,0.39,0
C103299,51,One year,Basic,19.26,17,2,1,Bank transfer,1,0.4,0
C103300,27,Two year,Premium,76.03,7,2,0,Card,0,0.7,0
C103301,53,One year,Standard,50.16,14,4,0,Card,0,0.82,0
C103302,28,One year,Premium,74.68,13,2,0,Wallet,0,0.23,1
C103303,52,Month-to-month,Basic,17.47,5,1,0,Card,0,0.72,1
C103304,33,One year,Standard,41.91,16,1,1,Cash,0,0.61,0
C103305,5,Month-to-month,Basic,31.55,5,1,0,Card,0,0.46,1
C103306,7,Two year,Basic,21.27,17,0,0,Card,0,0.37,0
C103307,69,One year,Standard,46.38,17,1,1,Card,0,0.36,0
C103308,46,Month-to-month,Standard,47.46,14,2,1,Card,0,0.34,0
C103309,42,Two year,Standard,41.56,15,0,2,Bank transfer,0,0.86,0
C103310,56,One year,Basic,25.0,8,1,1,Card,0,0.77,0
C103311,20,Month-to-month,Basic,15.0,10,0,1,Bank transfer,0,0.61,0
C103312,27,Month-to-month,Premium,71.38,11,2,1,Bank transfer,0,0.8,0
C103313,32,Month-to-month,Basic,25.06,11,0,0,Card,0,0.18,0
C103314,48,One year,Standard,48.66,19,1,0,Wallet,1,0.49,0
C103315,38,Month-to-month,Premium,82.66,5,0,0,Wallet,1,0.54,1
C103316,20,Month-to-month,Standard,41.98,15,3,0,Wallet,0,0.23,1
C103317,38,One year,Standard,47.68,17,1,3,Card,0,0.48,0
C103318,27,Month-to-month,Basic,24.09,6,1,0,Card,0,0.13,1
C103319,18,Month-to-month,Basic,20.13,10,0,0,Card,1,0.52,0
C103320,14,Month-to-month,Premium,70.17,11,2,0,Bank transfer,0,0.85,1
C103321,20,Month-to-month,Standard,44.48,8,1,1,Cash,0,0.49,1
C103322,39,One year,Basic,24.88,9,2,0,Card,0,0.46,1
C103323,27,Month-to-month,Premium,70.33,7,1,0,Card,1,0.67,0
C103324,31,Two year,Premium,91.3,20,1,0,Card,0,0.29,0
C103325,57,Month-to-month,Premium,74.67,7,1,0,Card,1,0.35,0
C103326,51,Month-to-month,Basic,28.8,5,1,1,Card,1,0.4,1
C103327,32,Month-to-month,Standard,43.23,15,0,1,Cash,0,0.36,0
C103328,42,Two year,Premium,91.56,15,0,0,Card,0,0.54,0
C103329,3,One year,Basic,15.0,17,1,0,Card,1,0.71,0
C103330,30,Month-to-month,Premium,72.7,8,0,0,Card,0,0.36,1
C103331,33,Month-to-month,Standard,45.94,11,0,0,Card,0,0.43,0
C103332,22,Month-to-month,Standard,51.97,11,0,1,Card,0,0.78,0
C103333,15,One year,Premium,,15,1,1,Wallet,0,0.49,0
C103334,54,One year,Basic,18.87,16,0,0,Bank transfer,1,0.4,0
C103335,1,One year,Standard,54.23,17,3,1,Card,0,0.32,0
C103336,71,Month-to-month,Standard,48.78,8,0,0,Bank transfer,0,0.55,0
C103337,71,Month-to-month,Basic,23.26,9,0,1,Card,1,0.41,0
C103338,46,One year,Basic,23.3,17,1,0,Card,0,0.09,0
C103339,22,Month-to-month,Basic,23.3,19,1,1,Wallet,0,0.64,0
C103340,22,One year,Standard,45.75,17,0,1,Cash,0,0.6,1
C103341,39,One year,Standard,34.55,16,2,0,Card,1,0.84,0
C103342,49,One year,Basic,25.61,6,2,0,Card,1,0.72,0
C103343,26,Month-to-month,Standard,41.15,7,0,1,Card,1,0.23,1
C103344,32,Month-to-month,Basic,27.7,13,1,0,Card,1,0.32,1
C103345,4,Two year,Premium,76.77,23,1,0,Card,0,0.42,0
C103346,64,Two year,Basic,18.49,15,1,1,Card,1,0.21,0
C103347,65,One year,Basic,32.87,4,1,0,Cash,1,0.53,0
C103348,19,One year,Standard,49.32,7,3,0,Bank transfer,0,0.8,0
C103349,68,Month-to-month,Standard,39.39,6,1,1,Wallet,1,0.16,0
C103350,62,Two year,Premium,68.49,8,0,0,Card,0,0.77,0
C103351,14,One year,Standard,40.68,14,3,0,Card,1,0.53,1
C103352,12,Month-to-month,Premium,76.85,6,1,0,Cash,0,0.85,1
C103353,31,One year,Standard,52.33,15,1,1,Wallet,0,0.65,0
C103354,50,Month-to-month,Standard,39.38,13,0,1,Cash,0,0.64,0
C103355,27,Month-to-month,Standard,40.13,14,1,1,Wallet,1,0.29,0
C103356,53,Two year,Standard,47.87,15,1,0,Card,1,0.44,0
C103357,13,Month-to-month,Basic,24.47,20,3,0,Wallet,0,0.49,1
C103358,67,One year,Premium,74.45,21,3,0,Bank transfer,0,0.68,0
C103359,48,One year,Standard,44.05,14,5,0,Card,0,0.53,0
C103360,19,Two year,Standard,,12,4,2,Cash,0,0.4,0
C103361,57,Month-to-month,Basic,35.21,14,2,2,Card,0,0.35,1
C103362,30,One year,Standard,50.6,16,1,0,Wallet,0,0.2,0
C103363,55,Month-to-month,Standard,42.79,8,2,0,Wallet,1,0.26,0
C103364,51,Month-to-month,Standard,52.26,7,3,0,Card,1,0.73,0
C103365,49,Month-to-month,Standard,56.04,13,1,1,Wallet,0,0.09,0
C103366,9,One year,Premium,77.59,4,1,0,Wallet,1,0.71,0
C103367,2,Month-to-month,Premium,76.6,11,0,1,Bank transfer,0,0.28,1
C103368,51,One year,Standard,41.84,9,0,2,Cash,0,0.88,0
C103369,17,Month-to-month,Premium,75.5,7,3,1,Bank transfer,1,0.7,1
C103370,5,Month-to-month,Standard,46.08,8,0,0,Bank transfer,0,0.5,0
C103371,38,Two year,Basic,32.56,14,0,0,Card,0,0.06,0
C103372,68,Month-to-month,Premium,69.11,10,5,0,Card,0,0.7,1
C103373,51,One year,Basic,15.04,16,1,0,Card,0,0.57,0
C103374,22,Month-to-month,Premium,71.75,9,2,0,Wallet,0,0.49,0
C103375,28,Month-to-month,Standard,46.96,13,0,0,Card,1,0.68,1
C103376,51,Month-to-month,Premium,62.78,12,0,0,Bank transfer,0,0.42,0
C103377,33,Two year,Basic,23.55,8,0,1,Card,1,0.63,0
C103378,41,Month-to-month,Basic,19.92,14,0,0,Wallet,0,0.49,1
C103379,61,One year,Premium,68.04,14,2,0,Cash,0,0.42,0
C103380,5,Month-to-month,Standard,45.55,11,2,0,Bank transfer,1,0.57,1
C103381,2,Month-to-month,Basic,31.68,11,1,0,Wallet,0,0.18,1
C103382,65,One year,Standard,36.62,11,2,0,Wallet,1,0.43,0
C103383,20,Month-to-month,Standard,46.1,11,1,0,Card,0,0.75,0
C103384,60,Two year,Standard,43.73,10,0,2,Bank transfer,1,0.25,0
C103385,21,Month-to-month,Basic,28.61,10,1,1,Bank transfer,1,0.56,0
C103386,61,Month-to-month,Basic,24.77,11,1,0,Wallet,0,0.72,0
C103387,72,Month-to-month,Premium,70.96,12,1,1,Bank transfer,0,0.76,0
C103388,67,Two year,Standard,50.02,20,1,1,Card,0,0.15,0
C103389,17,Two year,Premium,77.29,9,0,2,Bank transfer,1,0.35,0
C103390,38,Month-to-month,Standard,38.59,14,2,2,Bank transfer,1,0.27,1
C103391,4,Month-to-month,Basic,15.0,13,3,0,Wallet,1,0.28,0
C103392,20,One year,Basic,20.47,15,0,0,Card,0,0.7,0
C103393,30,Month-to-month,Standard,45.9,14,2,1,Card,0,0.24,1
C103394,3,Two year,Premium,79.31,16,5,0,Card,1,0.18,0
C103395,47,Month-to-month,Premium,71.29,6,0,1,Bank transfer,1,0.89,0
C103396,14,Month-to-month,Standard,42.39,8,3,0,Card,1,0.18,1
C103397,12,Month-to-month,Basic,15.0,4,2,0,Bank transfer,0,0.05,1
C103398,47,Month-to-month,Basic,21.95,9,1,0,Bank transfer,1,0.7,0
C103399,61,Month-to-month,Premium,75.36,12,3,0,Card,1,0.21,0
C103400,72,Month-to-month,Standard,41.17,13,1,1,Card,1,0.13,0
C103401,15,Two year,Standard,44.06,16,2,0,Wallet,0,0.19,0
C103402,56,One year,Premium,68.83,11,0,1,Bank transfer,1,0.78,0
C103403,51,Month-to-month,Standard,39.28,10,3,0,Card,1,0.27,0
C103404,59,Two year,Standard,46.3,12,1,1,Cash,0,0.77,0
C103405,12,Month-to-month,Premium,65.4,9,3,1,Card,0,0.55,1
C103406,35,Two year,Standard,44.74,19,1,0,Wallet,0,0.32,0
C103407,64,Month-to-month,Premium,81.73,9,0,0,Bank transfer,1,0.29,0
C103408,42,Month-to-month,Basic,21.25,15,1,0,Bank transfer,0,0.82,1
C103409,15,One year,Standard,41.69,7,0,1,Card,1,0.62,0
C103410,1,Month-to-month,Basic,19.67,15,0,1,Card,0,0.26,1
C103411,53,Month-to-month,Basic,16.88,16,2,2,Card,1,0.18,1
C103412,5,Month-to-month,Standard,41.15,12,2,0,Card,0,0.5,0
C103413,61,One year,Premium,67.02,13,2,0,Card,0,0.49,0
C103414,48,Month-to-month,Basic,23.25,3,2,0,Card,0,0.73,0
C103415,19,Two year,Premium,71.3,21,0,0,Bank transfer,1,0.25,0
C103416,16,One year,Standard,37.83,18,2,0,Wallet,0,0.03,0
C103417,7,One year,Standard,44.74,13,2,0,Bank transfer,0,0.75,0
C103418,25,One year,Premium,80.49,11,2,0,Card,0,0.3,1
C103419,43,Month-to-month,Premium,79.25,18,2,0,Card,0,0.36,0
C103420,23,One year,Standard,42.87,10,0,0,Cash,0,0.18,0
C103421,36,Month-to-month,Basic,24.37,9,3,1,Card,0,0.45,0
C103422,46,Month-to-month,Basic,18.28,9,1,1,Bank transfer,1,0.62,0
C103423,35,Month-to-month,Standard,43.03,10,1,1,Card,0,0.39,0
C103424,18,Month-to-month,Standard,48.4,11,3,0,Card,1,0.15,1
C103425,57,Month-to-month,Standard,48.99,12,0,2,Bank transfer,0,0.34,0
C103426,52,One year,Standard,52.48,25,3,0,Card,0,0.43,0
C103427,34,Two year,Basic,15.49,12,2,0,Bank transfer,0,0.63,0
C103428,13,Month-to-month,Premium,83.75,8,1,1,Bank transfer,0,0.24,1
C103429,36,Month-to-month,Standard,46.72,14,1,0,Wallet,0,0.6,0
C103430,26,Month-to-month,Standard,53.67,5,0,0,Bank transfer,0,0.82,1
C103431,36,Month-to-month,Basic,24.48,10,2,2,Card,1,0.34,0
C103432,10,One year,Standard,51.75,8,2,0,Card,0,0.28,0
C103433,33,Month-to-month,Standard,44.3,11,3,1,Cash,1,0.51,1
C103434,4,Month-to-month,Basic,18.14,16,1,0,Card,1,0.65,1
C103435,30,One year,Basic,26.32,13,1,1,Wallet,1,0.11,0
C103436,51,Month-to-month,Basic,21.43,9,2,0,Card,0,0.44,1
C103437,12,One year,Standard,44.2,11,0,1,Wallet,1,0.59,0
C103438,10,One year,Premium,77.53,8,0,2,Bank transfer,0,0.47,1
C103439,22,Two year,Standard,49.03,18,0,0,Cash,1,0.46,0
C103440,66,Month-to-month,Basic,28.29,14,0,0,Wallet,0,0.66,0
C103441,20,Two year,Premium,80.16,21,1,0,Card,1,0.45,0
C103442,68,Month-to-month,Standard,35.21,14,1,0,Cash,0,0.89,0
C103443,18,Month-to-month,Premium,81.31,13,1,0,Card,0,0.49,0
C103444,5,Month-to-month,Standard,39.48,3,0,0,Card,1,0.24,1
C103445,57,Month-to-month,Basic,24.96,6,1,0,Cash,1,0.37,0
C103446,9,Two year,Standard,41.99,15,2,0,Card,0,0.51,0
C103447,9,Two year,Basic,17.55,15,2,0,Wallet,1,0.15,0
C103448,39,Month-to-month,Basic,29.67,5,1,0,Bank transfer,0,0.42,1
C103449,15,Month-to-month,Basic,18.37,7,3,1,Bank transfer,0,0.45,1
C103450,44,Month-to-month,Premium,71.12,12,1,0,Card,0,0.4,0
C103451,38,Two year,Standard,53.08,12,1,0,Card,1,0.52,0
C103452,52,Month-to-month,Basic,15.0,13,0,1,Card,1,0.49,0
C103453,23,Month-to-month,Standard,34.4,7,1,0,Card,1,0.58,0
C103454,21,Two year,Standard,50.08,19,0,0,Card,1,0.22,0
C103455,18,Month-to-month,Basic,21.96,8,0,0,Bank transfer,0,0.67,0
C103456,54,Month-to-month,Premium,79.09,12,1,1,Card,0,0.58,0
C103457,27,Two year,Premium,74.35,20,1,0,Card,0,0.23,0
C103458,62,One year,Standard,41.55,16,3,0,Wallet,0,0.31,0
C103459,37,Month-to-month,Standard,48.57,2,2,0,Card,0,0.34,0
C103460,58,Two year,Standard,40.24,17,0,1,Card,0,0.65,0
C103461,49,Month-to-month,Basic,21.14,14,1,1,Bank transfer,1,0.86,1
C103462,50,Month-to-month,Basic,25.8,17,0,3,Bank transfer,1,0.48,0
C103463,70,Two year,Standard,37.9,12,1,1,Wallet,0,0.62,0
C103464,33,Month-to-month,Basic,15.87,14,1,0,Bank transfer,1,0.33,0
C103465,62,One year,Standard,34.58,7,2,0,Card,0,0.3,0
C103466,60,One year,Basic,29.98,15,0,0,Card,0,0.27,0
C103467,31,Month-to-month,Standard,55.89,22,0,0,Bank transfer,0,0.47,0
C103468,51,Two year,Premium,81.46,16,1,3,Bank transfer,0,0.89,1
C103469,33,One year,Basic,20.63,11,2,0,Card,1,0.52,0
C103470,48,Month-to-month,Basic,21.35,9,2,1,Bank transfer,0,0.87,0
C103471,30,Month-to-month,Standard,38.53,15,1,1,Card,1,0.28,0
C103472,36,Month-to-month,Standard,44.42,12,1,0,Wallet,1,0.35,0
C103473,18,Two year,Premium,80.62,17,1,0,Card,1,0.73,1
C103474,46,One year,Basic,24.0,8,3,0,Wallet,0,0.85,0
C103475,69,Month-to-month,Basic,24.31,10,1,0,Wallet,0,0.45,0
C103476,26,One year,Premium,55.2,14,2,0,Wallet,0,0.58,0
C103477,5,One year,Basic,26.27,11,0,0,Bank transfer,0,0.8,0
C103478,51,One year,Basic,17.3,17,0,0,Bank transfer,0,0.32,0
C103479,15,Month-to-month,Basic,22.95,3,2,0,Wallet,0,0.35,1
C103480,51,Month-to-month,Standard,46.61,10,2,1,Wallet,0,0.29,1
C103481,48,Two year,Premium,75.18,19,2,0,Card,1,0.51,0
C103482,69,Two year,Standard,48.89,14,2,1,Wallet,1,0.53,0
C103483,43,Month-to-month,Standard,53.63,11,3,0,Bank transfer,0,0.3,0
C103484,9,Month-to-month,Basic,15.0,12,1,0,Wallet,1,0.64,0
C103485,21,Month-to-month,Standard,35.22,8,0,0,Card,0,0.66,0
C103486,20,Month-to-month,Basic,34.36,16,0,1,Card,0,0.17,1
C103487,68,Two year,Basic,,16,2,1,Card,0,0.1,0
C103488,62,Month-to-month,Basic,,16,1,0,Wallet,0,0.71,0
C103489,30,One year,Standard,42.95,12,1,0,Card,0,0.35,0
C103490,64,One year,Standard,44.59,16,2,0,Bank transfer,0,0.46,0
C103491,43,Month-to-month,Basic,30.83,9,0,0,Bank transfer,0,0.51,0
C103492,23,Month-to-month,Basic,22.62,8,2,0,Card,1,0.83,0
C103493,7,Month-to-month,Premium,74.53,9,2,0,Cash,1,0.3,1
C103494,66,Month-to-month,Standard,36.58,8,4,0,Cash,0,0.08,0
C103495,65,One year,Basic,33.35,10,1,0,Card,0,0.2,0
C103496,54,Two year,Premium,77.29,21,2,0,Cash,0,0.35,0
C103497,8,Two year,Basic,21.77,19,2,2,Bank transfer,0,0.59,0
C103498,41,One year,Standard,36.58,11,1,1,Card,0,0.45,0
C103499,29,Month-to-month,Standard,44.47,9,0,1,Wallet,0,0.64,0
C103500,50,Month-to-month,Premium,79.87,15,2,1,Card,0,0.35,0
C103501,64,One year,Premium,88.41,20,1,0,Card,0,0.76,0
C103502,39,Month-to-month,Premium,86.09,10,2,0,Bank transfer,0,0.54,0
C103503,69,One year,Standard,42.39,9,1,0,Bank transfer,1,0.42,0
C103504,14,One year,Premium,72.14,10,0,0,Card,1,0.08,0
C103505,66,Month-to-month,Basic,18.81,9,2,3,Wallet,0,0.8,0
C103506,63,Two year,Basic,27.43,14,1,1,Bank transfer,0,0.57,0
C103507,60,Month-to-month,Standard,40.13,11,3,0,Bank transfer,1,0.44,0
C103508,69,Month-to-month,Standard,48.13,12,0,0,Card,1,0.2,0
C103509,17,Two year,Premium,76.63,16,1,0,Card,0,0.6,0
C103510,14,One year,Basic,27.2,20,3,0,Card,0,0.59,1
C103511,3,Two year,Standard,38.86,16,0,1,Bank transfer,1,0.21,0
C103512,55,Two year,Standard,51.61,17,3,0,Card,1,0.26,0
C103513,33,Month-to-month,Basic,23.52,11,2,1,Card,0,0.44,0
C103514,22,One year,Standard,37.44,14,2,0,Cash,0,0.35,0
C103515,5,Month-to-month,Premium,74.5,8,1,0,Wallet,1,0.03,1
C103516,20,Month-to-month,Basic,25.78,12,3,0,Card,0,0.36,1
C103517,70,Month-to-month,Premium,75.09,9,1,1,Card,1,0.31,0
C103518,6,Month-to-month,Standard,50.41,12,1,0,Card,1,0.32,0
C103519,1,One year,Standard,51.97,14,2,0,Card,0,0.29,0
C103520,19,One year,Basic,38.43,10,0,0,Card,0,0.55,0
C103521,24,Two year,Premium,74.19,10,1,1,Card,0,0.61,0
C103522,15,Month-to-month,Standard,52.06,15,2,0,Card,0,0.18,1
C103523,15,One year,Standard,29.22,16,0,0,Bank transfer,0,0.68,0
C103524,40,Month-to-month,Basic,36.06,12,0,0,Card,0,0.42,1
C103525,1,Month-to-month,Premium,74.64,16,2,0,Cash,0,0.36,0
C103526,71,One year,Premium,82.42,10,1,0,Card,1,0.76,0
C103527,36,Month-to-month,Premium,73.38,8,2,0,Card,0,0.2,0
C103528,27,Two year,Premium,78.05,13,1,1,Card,1,0.73,0
C103529,6,Month-to-month,Basic,28.56,9,1,1,Cash,0,0.16,1
C103530,15,Month-to-month,Premium,71.14,9,1,0,Card,1,0.39,0
C103531,65,Two year,Basic,21.37,16,0,0,Card,0,0.46,0
C103532,25,Two year,Basic,15.0,12,3,0,Bank transfer,1,0.91,1
C103533,50,Month-to-month,Premium,78.16,2,2,1,Card,0,0.71,1
C103534,12,Month-to-month,Premium,73.87,18,2,0,Bank transfer,0,0.66,0
C103535,27,Month-to-month,Basic,23.46,13,1,0,Card,1,0.52,0
C103536,24,Month-to-month,Basic,32.17,8,1,0,Card,0,0.42,0
C103537,61,Month-to-month,Standard,46.92,14,0,1,Card,0,0.43,1
C103538,29,One year,Premium,76.23,7,1,1,Card,0,0.34,0
C103539,58,One year,Standard,33.44,16,1,0,Bank transfer,0,0.54,0
C103540,67,Month-to-month,Basic,25.76,12,1,0,Card,1,0.35,0
C103541,24,Month-to-month,Standard,43.06,11,0,0,Wallet,1,0.51,0
C103542,16,Month-to-month,Premium,80.73,3,2,2,Card,0,0.32,1
C103543,62,One year,Basic,21.84,12,1,0,Card,0,0.91,0
C103544,67,Month-to-month,Premium,67.46,9,1,1,Card,0,0.33,0
C103545,67,Two year,Premium,73.44,16,3,2,Cash,1,0.69,0
C103546,10,Month-to-month,Standard,55.94,14,1,0,Card,1,0.46,0
C103547,45,Month-to-month,Premium,69.59,8,1,1,Card,1,0.7,1
C103548,9,One year,Standard,52.56,12,1,0,Card,1,0.22,0
C103549,26,Two year,Premium,73.81,13,2,0,Card,1,0.25,0
C103550,30,One year,Standard,32.62,5,1,0,Bank transfer,0,0.52,0
C103551,65,Two year,Basic,28.57,13,0,1,Wallet,0,0.49,0
C103552,53,Month-to-month,Standard,59.02,16,3,0,Card,0,0.34,1
C103553,68,Month-to-month,Basic,27.57,8,0,1,Card,0,0.32,0
C103554,61,Month-to-month,Standard,38.4,12,2,0,Bank transfer,0,0.25,0
C103555,26,One year,Basic,23.52,12,0,2,Card,0,0.36,0
C103556,63,Month-to-month,Basic,19.51,18,1,0,Bank transfer,0,0.5,0
C103557,7,One year,Basic,42.12,13,2,0,Card,0,0.15,1
C103558,15,Month-to-month,Standard,,14,1,0,Card,0,0.34,1
C103559,63,Month-to-month,Standard,30.56,6,0,0,Bank transfer,1,0.2,0
C103560,4,Month-to-month,Standard,49.81,10,1,0,Card,1,0.55,0
C103561,48,Month-to-month,Standard,47.56,12,2,1,Card,1,0.75,0
C103562,65,Month-to-month,Basic,18.67,8,2,0,Card,0,0.29,0
C103563,17,Month-to-month,Basic,21.15,16,0,1,Wallet,0,0.16,0
C103564,51,One year,Standard,44.4,14,0,0,Wallet,0,0.48,0
C103565,41,One year,Standard,55.24,13,1,1,Card,0,0.05,0
C103566,51,Month-to-month,Standard,41.66,13,2,0,Wallet,0,0.58,0
C103567,23,One year,Standard,40.27,13,0,0,Card,0,0.28,0
C103568,9,Month-to-month,Premium,80.62,5,0,1,Bank transfer,1,0.72,1
C103569,67,Month-to-month,Premium,71.0,8,0,0,Cash,0,0.18,1
C103570,8,Month-to-month,Premium,68.55,8,2,0,Card,0,0.66,1
C103571,25,One year,Basic,24.01,20,0,1,Bank transfer,0,0.46,0
C103572,1,Two year,Standard,49.81,26,0,0,Card,0,0.38,0
C103573,15,One year,Basic,,10,1,0,Card,1,0.08,1
C103574,47,Month-to-month,Premium,72.58,13,1,0,Card,1,0.34,0
C103575,4,One year,Standard,53.51,10,0,0,Wallet,1,0.63,0
C103576,16,Month-to-month,Basic,33.23,7,1,0,Card,0,0.13,1
C103577,25,Two year,Basic,15.17,14,2,1,Card,0,0.58,0
C103578,24,Month-to-month,Standard,37.85,5,2,0,Bank transfer,1,0.54,1
C103579,72,One year,Standard,39.27,8,1,0,Bank transfer,0,0.43,0
C103580,14,Month-to-month,Standard,43.52,7,0,2,Wallet,0,0.11,1
C103581,16,Two year,Standard,45.85,10,1,0,Card,1,0.77,0
C103582,55,One year,Premium,74.37,23,2,0,Bank transfer,0,0.35,0
C103583,33,Month-to-month,Premium,75.28,9,2,2,Card,0,0.8,1
C103584,36,One year,Premium,77.55,13,1,0,Card,0,0.13,0
C103585,70,Month-to-month,Standard,37.09,18,1,0,Card,0,0.52,0
C103586,15,Month-to-month,Basic,15.0,5,4,1,Card,0,0.71,0
C103587,1,Month-to-month,Standard,46.62,16,2,1,Card,1,0.38,1
C103588,64,Month-to-month,Basic,32.35,8,1,1,Cash,1,0.44,0
C103589,22,One year,Standard,46.02,12,2,2,Wallet,0,0.88,0
C103590,24,Month-to-month,Standard,42.36,11,2,0,Wallet,1,0.59,0
C103591,60,Month-to-month,Premium,78.23,17,1,0,Cash,1,0.62,0
C103592,45,Month-to-month,Basic,22.9,9,2,1,Wallet,0,0.38,0
C103593,7,One year,Basic,17.01,18,0,3,Card,1,0.39,0
C103594,65,Month-to-month,Basic,22.56,18,2,1,Card,0,0.35,0
C103595,67,One year,Standard,49.47,8,1,0,Wallet,0,0.66,0
C103596,1,Month-to-month,Standard,46.82,15,4,0,Card,1,0.59,1
C103597,61,Month-to-month,Standard,48.99,10,1,0,Card,0,0.68,1
C103598,13,One year,Premium,71.87,9,1,0,Card,0,0.71,0
C103599,11,Month-to-month,Standard,48.22,9,0,0,Card,0,0.23,1
C103600,56,Month-to-month,Premium,83.48,8,2,1,Wallet,0,0.26,1
C103601,43,Month-to-month,Premium,72.9,17,1,1,Wallet,0,0.44,0
C103602,32,Month-to-month,Premium,71.92,11,1,0,Wallet,0,0.39,1
C103603,40,Month-to-month,Basic,32.3,5,1,0,Wallet,0,0.31,0
C103604,15,Two year,Basic,25.5,16,0,0,Card,0,0.45,0
C103605,50,Month-to-month,Basic,17.86,8,0,0,Cash,1,0.73,0
C103606,26,Month-to-month,Standard,42.4,9,1,0,Cash,0,0.59,1
C103607,23,One year,Standard,52.8,11,3,3,Card,0,0.55,1
C103608,41,Month-to-month,Basic,27.1,22,0,0,Cash,1,0.38,0
C103609,28,Month-to-month,Standard,56.13,11,1,0,Wallet,0,0.89,1
C103610,5,Month-to-month,Basic,28.75,8,3,1,Cash,0,0.54,1
C103611,18,Month-to-month,Premium,76.48,6,2,1,Cash,0,0.79,1
C103612,71,One year,Standard,51.27,10,1,0,Card,0,0.5,0
C103613,22,Month-to-month,Basic,21.27,12,1,0,Bank transfer,1,0.3,1
C103614,29,One year,Standard,51.36,13,1,1,Card,0,0.59,0
C103615,13,Month-to-month,Standard,44.42,14,1,1,Bank transfer,1,0.8,0
C103616,4,One year,Basic,23.44,9,1,0,Card,1,0.28,0
C103617,66,Two year,Standard,47.33,16,1,0,Cash,0,0.5,0
C103618,43,One year,Standard,42.16,14,2,0,Cash,0,0.38,0
C103619,64,Two year,Premium,68.19,16,0,0,Wallet,0,0.32,0
C103620,60,Month-to-month,Standard,39.57,4,0,2,Card,1,0.84,0
C103621,26,Month-to-month,Premium,78.08,10,1,0,Bank transfer,0,0.47,0
C103622,35,Month-to-month,Basic,26.76,11,0,1,Cash,1,0.76,1
C103623,50,One year,Basic,25.46,14,0,2,Card,1,0.39,0
C103624,56,Month-to-month,Basic,29.3,13,3,0,Wallet,0,0.34,0
C103625,36,One year,Premium,69.63,17,1,1,Card,1,0.64,0
C103626,3,Month-to-month,Basic,22.52,7,1,1,Card,0,0.4,1
C103627,21,Two year,Standard,54.75,18,2,0,Card,0,0.18,0
C103628,23,Month-to-month,Basic,19.28,15,3,0,Card,0,0.75,0
C103629,26,Month-to-month,Premium,82.66,6,1,0,Wallet,0,0.27,0
C103630,43,Month-to-month,Standard,43.38,8,1,2,Wallet,0,0.54,0
C103631,70,Month-to-month,Basic,28.14,11,1,0,Cash,0,0.39,1
C103632,11,Two year,Premium,76.41,15,5,0,Card,0,0.52,0
C103633,25,Month-to-month,Standard,43.47,13,2,0,Card,0,0.37,0
C103634,20,One year,Standard,45.67,18,0,1,Card,0,0.34,0
C103635,42,Month-to-month,Premium,80.74,10,1,0,Bank transfer,1,0.25,0
C103636,59,Month-to-month,Premium,70.82,4,0,1,Card,0,0.41,1
C103637,69,One year,Basic,19.31,10,1,0,Card,1,0.85,0
C103638,37,One year,Premium,80.16,14,0,1,Cash,0,0.32,0
C103639,22,One year,Basic,22.63,8,2,0,Card,0,0.38,1
C103640,16,Month-to-month,Standard,43.99,10,2,0,Cash,0,0.44,1
C103641,59,Month-to-month,Basic,23.89,14,2,0,Card,1,0.46,0
C103642,4,Month-to-month,Basic,22.47,12,2,0,Wallet,1,0.46,1
C103643,9,Month-to-month,Standard,34.22,11,3,0,Wallet,0,0.57,0
C103644,5,Month-to-month,Basic,24.43,13,0,0,Cash,0,0.87,0
C103645,53,Month-to-month,Premium,72.24,9,1,0,Card,0,0.5,0
C103646,62,Month-to-month,Basic,16.94,14,1,1,Card,1,0.5,0
C103647,59,Two year,Standard,41.65,17,2,0,Card,1,0.53,0
C103648,20,One year,Basic,26.42,22,0,2,Bank transfer,0,0.66,0
C103649,61,Month-to-month,Basic,35.36,10,1,0,Cash,0,0.3,1
C103650,1,One year,Basic,21.77,16,0,2,Bank transfer,0,0.85,0
C103651,71,Month-to-month,Standard,53.02,8,1,2,Wallet,0,0.56,0
C103652,44,Month-to-month,Standard,42.29,10,1,1,Card,0,0.62,1
C103653,52,One year,Standard,47.79,16,0,0,Card,1,0.38,1
C103654,8,One year,Standard,,10,1,1,Card,0,0.18,1
C103655,71,One year,Standard,49.49,17,3,0,Wallet,0,0.25,0
C103656,29,Two year,Standard,45.85,17,1,2,Card,0,0.57,0
C103657,21,One year,Basic,22.68,12,0,0,Wallet,0,0.41,0
C103658,62,Two year,Standard,35.8,16,3,1,Card,0,0.32,0
C103659,38,Month-to-month,Premium,80.93,9,1,1,Cash,0,0.22,1
C103660,10,Two year,Premium,66.05,8,2,1,Bank transfer,1,0.47,0
C103661,16,One year,Standard,41.4,16,0,0,Card,1,0.24,0
C103662,27,One year,Basic,35.59,11,4,0,Card,0,0.62,1
C103663,7,One year,Premium,76.46,10,2,1,Bank transfer,0,0.69,0
C103664,37,Month-to-month,Standard,45.54,13,2,0,Card,0,0.7,0
C103665,32,Month-to-month,Basic,25.79,10,0,0,Card,0,0.68,1
C103666,47,Two year,Basic,26.5,12,4,0,Card,1,0.77,0
C103667,52,One year,Standard,42.99,10,2,0,Bank transfer,0,0.66,0
C103668,10,Two year,Basic,27.08,10,2,0,Wallet,1,0.08,1
C103669,57,Month-to-month,Standard,44.07,13,3,0,Card,1,0.22,0
C103670,60,One year,Premium,73.06,11,1,1,Bank transfer,0,0.23,0
C103671,2,One year,Standard,47.84,17,0,0,Card,0,0.33,0
C103672,55,Month-to-month,Standard,48.82,10,2,0,Bank transfer,0,0.22,1
C103673,68,One year,Premium,77.15,14,4,0,Cash,0,0.58,0
C103674,29,Month-to-month,Standard,50.72,10,1,0,Card,1,0.09,1
C103675,18,Month-to-month,Premium,86.2,13,2,0,Cash,0,0.72,1
C103676,40,Month-to-month,Basic,35.31,7,1,0,Bank transfer,1,0.5,0
C103677,22,One year,Premium,75.67,16,2,0,Card,0,0.63,0
C103678,16,One year,Basic,18.55,12,0,0,Wallet,0,0.5,0
C103679,60,Two year,Basic,31.9,17,0,0,Cash,1,0.5,1
C103680,44,Two year,Standard,45.77,10,1,0,Bank transfer,1,0.38,0
C103681,65,Two year,Standard,49.69,14,1,0,Cash,0,0.49,0
C103682,52,Two year,Basic,22.98,18,2,0,Card,1,0.32,0
C103683,54,One year,Premium,80.2,13,1,0,Bank transfer,0,0.59,0
C103684,57,Month-to-month,Standard,38.48,9,4,1,Card,0,0.63,1
C103685,24,Month-to-month,Premium,76.13,6,3,2,Bank transfer,0,0.6,1
C103686,10,Month-to-month,Standard,37.11,8,1,0,Card,0,0.53,1
C103687,34,One year,Standard,57.14,13,0,1,Cash,1,0.69,0
C103688,71,Month-to-month,Standard,43.61,13,1,0,Card,1,0.49,1
C103689,61,Month-to-month,Standard,32.69,12,0,0,Bank transfer,0,0.57,0
C103690,53,One year,Premium,82.74,12,1,0,Bank transfer,1,0.76,0
C103691,26,Month-to-month,Basic,30.94,16,0,0,Wallet,0,0.34,0
C103692,16,Two year,Standard,53.33,13,1,2,Card,1,0.47,0
C103693,58,Month-to-month,Basic,18.48,17,0,1,Bank transfer,0,0.64,0
C103694,32,Month-to-month,Standard,47.43,13,0,1,Wallet,0,0.4,1
C103695,57,Month-to-month,Standard,53.02,11,1,0,Cash,1,0.54,0
C103696,16,Month-to-month,Premium,74.12,16,2,1,Bank transfer,1,0.41,0
C103697,34,Month-to-month,Standard,47.52,12,1,0,Card,0,0.57,0
C103698,58,Month-to-month,Basic,23.94,15,1,0,Cash,0,0.33,0
C103699,65,Month-to-month,Standard,43.39,8,1,0,Card,0,0.43,0
C103700,4,Two year,Standard,53.39,15,1,1,Card,1,0.55,0
C103701,28,Month-to-month,Basic,20.64,10,3,0,Bank transfer,0,0.39,0
C103702,20,Two year,Basic,25.45,17,2,0,Card,0,0.89,0
C103703,54,One year,Standard,48.66,9,2,0,Wallet,0,0.53,0
C103704,57,Month-to-month,Premium,75.49,2,3,0,Wallet,0,0.62,1
C103705,47,Month-to-month,Standard,50.24,11,2,0,Card,0,0.58,0
C103706,54,Two year,Standard,33.5,22,1,1,Wallet,0,0.23,0
C103707,24,Month-to-month,Basic,32.01,9,2,0,Wallet,0,0.65,1
C103708,5,One year,Premium,68.24,9,0,1,Bank transfer,0,0.49,1
C103709,39,Month-to-month,Premium,73.98,8,1,1,Card,0,0.78,0
C103710,2,Month-to-month,Standard,43.22,7,2,0,Bank transfer,0,0.33,0
C103711,44,Month-to-month,Standard,48.04,9,1,0,Card,1,0.82,0
C103712,44,Month-to-month,Basic,24.16,13,4,1,Cash,0,0.12,1
C103713,39,Month-to-month,Basic,,9,4,0,Cash,0,0.62,0
C103714,61,One year,Standard,49.33,10,0,0,Card,1,0.61,0
C103715,8,One year,Standard,57.46,19,1,2,Wallet,0,0.83,1
C103716,30,Month-to-month,Basic,21.65,15,0,0,Card,0,0.6,0
C103717,72,Month-to-month,Standard,41.34,12,0,0,Bank transfer,1,0.38,1
C103718,19,Month-to-month,Basic,21.8,15,0,1,Card,0,0.3,0
C103719,70,One year,Basic,18.03,17,2,0,Wallet,0,0.39,0
C103720,1,Month-to-month,Standard,38.04,8,2,1,Wallet,0,0.46,1
C103721,3,Month-to-month,Premium,72.44,11,3,3,Bank transfer,0,0.31,0
C103722,16,Month-to-month,Basic,29.45,6,1,0,Card,0,0.74,0
C103723,68,Two year,Standard,42.22,21,1,0,Card,0,0.18,0
C103724,47,Two year,Basic,20.35,23,2,1,Card,0,0.54,0
C103725,39,Month-to-month,Premium,74.58,12,1,0,Wallet,0,0.7,0
C103726,9,One year,Basic,20.52,18,3,1,Card,1,0.32,1
C103727,10,Month-to-month,Basic,41.2,10,1,0,Bank transfer,0,0.78,1
C103728,62,Month-to-month,Premium,84.31,7,1,1,Card,0,0.26,0
C103729,60,Two year,Basic,25.39,17,1,1,Card,1,0.76,0
C103730,5,Month-to-month,Basic,15.22,14,0,0,Card,0,0.41,0
C103731,32,One year,Standard,41.88,19,3,0,Card,0,0.05,0
C103732,40,Two year,Premium,69.81,20,0,1,Wallet,0,0.62,0
C103733,52,Month-to-month,Standard,39.98,12,0,1,Cash,1,0.25,0
C103734,1,Two year,Standard,32.34,13,1,0,Card,0,0.48,1
C103735,60,One year,Standard,42.09,14,1,1,Bank transfer,1,0.28,0
C103736,38,Month-to-month,Basic,21.65,11,3,1,Cash,0,0.5,1
C103737,39,Month-to-month,Premium,71.18,8,0,1,Bank transfer,0,0.56,0
C103738,26,Month-to-month,Standard,37.55,11,1,0,Card,0,0.28,0
C103739,4,Month-to-month,Standard,47.29,8,2,1,Card,1,0.28,1
C103740,68,Month-to-month,Standard,40.08,10,0,0,Card,0,0.32,0
C103741,60,Month-to-month,Premium,61.82,9,0,1,Wallet,0,0.33,0
C103742,60,Month-to-month,Basic,19.05,15,4,1,Card,1,0.84,0
C103743,50,Month-to-month,Basic,29.85,10,2,1,Bank transfer,1,0.8,0
C103744,36,Month-to-month,Standard,52.17,16,2,0,Card,1,0.73,1
C103745,66,One year,Standard,38.42,16,2,0,Wallet,1,0.32,0
C103746,8,One year,Basic,24.11,14,0,0,Bank transfer,0,0.29,0
C103747,20,One year,Premium,78.36,12,2,1,Bank transfer,0,0.36,0
C103748,33,One year,Standard,50.49,17,1,0,Card,0,0.45,1
C103749,57,Two year,Basic,22.34,9,1,1,Bank transfer,1,0.58,0
C103750,25,One year,Standard,46.79,14,2,0,Bank transfer,1,0.56,0
C103751,63,Month-to-month,Standard,42.51,5,1,1,Card,1,0.56,0
C103752,23,Month-to-month,Basic,15.0,14,3,0,Bank transfer,1,0.74,1
C103753,26,One year,Standard,50.46,10,1,1,Bank transfer,0,0.47,0
C103754,24,One year,Basic,24.65,15,2,1,Wallet,0,0.43,0
C103755,30,Month-to-month,Basic,27.52,11,0,0,Bank transfer,0,0.1,0
C103756,59,Month-to-month,Standard,43.82,13,3,0,Bank transfer,0,0.42,0
C103757,25,Two year,Basic,19.88,7,1,1,Wallet,0,0.29,0
C103758,36,One year,Standard,42.15,14,0,0,Bank transfer,0,0.35,0
C103759,1,Month-to-month,Standard,47.02,11,0,1,Wallet,0,0.27,1
C103760,40,Two year,Basic,17.55,17,0,0,Wallet,0,0.49,0
C103761,17,Month-to-month,Basic,34.11,12,3,1,Card,0,0.63,1
C103762,36,Month-to-month,Basic,38.45,5,1,1,Card,0,0.69,0
C103763,24,Month-to-month,Standard,31.64,11,1,0,Card,0,0.88,0
C103764,28,Two year,Standard,50.44,8,2,0,Card,1,0.26,0
C103765,8,Month-to-month,Basic,22.47,11,0,0,Card,0,0.53,1
C103766,34,One year,Standard,48.63,25,0,2,Bank transfer,0,0.29,0
C103767,56,Month-to-month,Premium,76.14,8,1,0,Bank transfer,0,0.58,0
C103768,44,Month-to-month,Basic,23.96,12,1,0,Cash,1,0.24,0
C103769,31,Month-to-month,Standard,50.35,11,1,0,Bank transfer,0,0.59,0
C103770,61,Month-to-month,Basic,25.61,12,1,1,Cash,1,0.44,0
C103771,41,Month-to-month,Basic,33.79,7,1,0,Card,0,0.28,1
C103772,45,Month-to-month,Premium,76.98,15,2,0,Wallet,0,0.34,1
C103773,21,One year,Basic,16.59,11,1,0,Card,1,0.19,1
C103774,50,Month-to-month,Premium,74.11,6,0,0,Card,0,0.67,1
C103775,26,Month-to-month,Premium,75.1,12,0,1,Bank transfer,0,0.85,0
C103776,15,Two year,Basic,21.72,11,0,0,Cash,0,0.44,0
C103777,55,Two year,Premium,67.88,23,2,3,Wallet,0,0.75,0
C103778,42,Month-to-month,Premium,86.63,6,2,2,Card,1,0.33,1
C103779,34,Month-to-month,Basic,24.67,11,2,0,Bank transfer,0,0.25,1
C103780,52,Month-to-month,Premium,74.91,11,2,0,Bank transfer,1,0.77,0
C103781,43,Month-to-month,Standard,35.54,11,1,0,Bank transfer,0,0.43,0
C103782,55,Month-to-month,Basic,28.38,7,0,1,Card,0,0.44,0
C103783,31,Month-to-month,Standard,44.42,8,0,0,Card,0,0.77,0
C103784,72,Two year,Premium,81.55,12,1,0,Bank transfer,0,0.41,0
C103785,41,One year,Premium,85.06,14,0,0,Card,0,0.38,0
C103786,34,Month-to-month,Premium,71.33,13,1,2,Card,1,0.5,0
C103787,65,One year,Standard,40.86,13,2,0,Bank transfer,1,0.75,0
C103788,72,Month-to-month,Basic,31.94,6,1,1,Bank transfer,1,0.57,0
C103789,20,Two year,Basic,31.47,15,1,0,Card,0,0.32,0
C103790,17,Month-to-month,Basic,26.98,9,1,0,Wallet,0,0.47,0
C103791,38,One year,Standard,49.41,14,1,0,Wallet,0,0.4,0
C103792,6,Month-to-month,Basic,23.3,10,2,0,Wallet,1,0.52,0
C103793,50,Month-to-month,Standard,45.0,8,2,0,Wallet,1,0.87,0
C103794,49,One year,Basic,25.13,14,2,0,Bank transfer,1,0.51,0
C103795,7,Month-to-month,Standard,32.61,11,0,0,Card,1,0.23,1
C103796,20,Month-to-month,Standard,49.48,13,2,0,Card,0,0.84,0
C103797,70,Month-to-month,Premium,79.72,14,2,0,Card,0,0.8,0
C103798,13,Two year,Basic,19.73,18,3,2,Bank transfer,0,0.71,0
C103799,36,Month-to-month,Standard,41.94,9,0,2,Wallet,0,0.71,1
C103800,49,Two year,Basic,26.9,12,2,0,Card,0,0.72,0
C103801,18,One year,Standard,49.38,16,0,0,Cash,0,0.38,0
C103802,25,Two year,Standard,45.23,9,2,2,Card,0,0.42,0
C103803,55,Month-to-month,Standard,42.46,13,2,0,Wallet,0,0.49,0
C103804,31,One year,Basic,27.61,16,3,0,Wallet,0,0.44,0
C103805,59,Month-to-month,Basic,25.87,15,0,1,Bank transfer,0,0.72,0
C103806,5,Month-to-month,Premium,69.31,10,1,0,Cash,0,0.45,0
C103807,46,Two year,Basic,23.26,14,1,0,Card,0,0.45,0
C103808,25,Month-to-month,Standard,42.97,13,1,0,Wallet,0,0.07,1
C103809,66,Month-to-month,Basic,29.04,10,3,0,Card,1,0.39,0
C103810,32,Month-to-month,Standard,37.45,14,1,0,Card,0,0.37,0
C103811,7,Two year,Basic,20.41,20,3,0,Cash,0,0.53,0
C103812,61,One year,Standard,42.86,9,3,0,Wallet,1,0.59,0
C103813,38,Month-to-month,Basic,25.3,12,2,0,Cash,0,0.92,0
C103814,5,Month-to-month,Premium,89.04,6,2,1,Wallet,1,0.35,1
C103815,54,Month-to-month,Standard,44.11,13,1,0,Card,1,0.29,0
C103816,43,Month-to-month,Standard,51.31,9,1,0,Card,0,0.27,1
C103817,67,Two year,Standard,49.69,13,2,0,Card,0,0.6,0
C103818,51,Two year,Premium,82.7,15,1,0,Card,0,0.22,1
C103819,47,One year,Standard,55.28,20,1,0,Cash,1,0.45,0
C103820,16,Month-to-month,Standard,48.51,13,1,0,Wallet,1,0.14,0
C103821,44,Month-to-month,Standard,39.48,14,3,2,Cash,0,0.35,1
C103822,13,One year,Basic,23.07,12,0,0,Card,1,0.48,0
C103823,28,Two year,Standard,53.93,13,1,0,Card,1,0.73,0
C103824,32,Month-to-month,Premium,87.75,20,5,0,Bank transfer,1,0.59,1
C103825,42,Month-to-month,Standard,52.64,17,3,0,Card,0,0.62,0
C103826,16,One year,Basic,39.21,16,1,1,Cash,0,0.39,0
C103827,40,Month-to-month,Basic,29.19,9,1,0,Card,0,0.51,0
C103828,24,Two year,Basic,20.27,15,0,0,Card,0,0.62,0
C103829,66,Month-to-month,Standard,45.73,16,2,0,Card,0,0.52,0
C103830,72,Two year,Basic,26.88,15,0,0,Bank transfer,0,0.54,0
C103831,60,Month-to-month,Basic,30.57,7,2,2,Card,0,0.32,1
C103832,17,Month-to-month,Premium,80.19,12,2,0,Wallet,0,0.92,0
C103833,54,Month-to-month,Basic,20.0,6,0,2,Card,0,0.6,1
C103834,71,One year,Premium,82.07,27,1,0,Cash,0,0.29,0
C103835,67,Two year,Basic,21.85,17,2,1,Card,0,0.57,0
C103836,63,Month-to-month,Premium,76.79,8,2,1,Cash,0,0.69,1
C103837,5,Two year,Basic,28.98,12,3,0,Bank transfer,1,0.23,0
C103838,11,Two year,Standard,49.27,14,1,1,Card,0,0.72,0
C103839,56,Two year,Basic,28.2,18,0,0,Wallet,0,0.51,0
C103840,23,Month-to-month,Basic,21.96,12,4,0,Bank transfer,0,0.3,0
C103841,34,Month-to-month,Standard,44.37,7,2,1,Bank transfer,0,0.69,0
C103842,35,Month-to-month,Standard,50.64,13,3,1,Wallet,0,0.49,0
C103843,55,Month-to-month,Basic,22.45,21,1,0,Bank transfer,0,0.19,0
C103844,54,Month-to-month,Standard,38.26,14,1,1,Bank transfer,0,0.66,1
C103845,22,Month-to-month,Premium,60.2,16,3,0,Card,0,0.34,0
C103846,57,Two year,Standard,45.23,18,0,1,Cash,0,0.5,0
C103847,34,Month-to-month,Basic,19.84,4,1,0,Card,0,0.47,1
C103848,43,Month-to-month,Standard,45.14,9,2,2,Card,1,0.2,0
C103849,60,Month-to-month,Standard,38.85,11,2,3,Card,0,0.31,1
C103850,21,Month-to-month,Standard,42.54,9,3,1,Bank transfer,1,0.69,1
C103851,3,One year,Premium,72.93,21,1,0,Bank transfer,1,0.23,0
C103852,48,Month-to-month,Premium,80.68,14,0,2,Wallet,0,0.17,1
C103853,21,Month-to-month,Basic,19.94,9,1,0,Bank transfer,0,0.34,0
C103854,19,Month-to-month,Basic,18.1,10,1,0,Cash,1,0.3,1
C103855,36,Two year,Basic,25.75,14,1,0,Bank transfer,0,0.69,0
C103856,64,Month-to-month,Premium,79.94,11,1,0,Wallet,0,0.53,0
C103857,62,Month-to-month,Premium,69.73,9,0,0,Card,1,0.31,1
C103858,53,One year,Premium,78.09,16,0,0,Bank transfer,1,0.26,0
C103859,20,Two year,Standard,45.16,12,1,0,Wallet,0,0.41,0
C103860,69,Two year,Basic,28.02,9,1,0,Wallet,1,0.56,0
C103861,60,Two year,Basic,15.0,15,2,0,Card,0,0.83,0
C103862,3,Month-to-month,Basic,25.63,13,0,0,Card,1,0.65,0
C103863,18,Two year,Standard,43.57,16,1,0,Card,0,0.61,0
C103864,9,Two year,Basic,26.29,9,1,0,Card,1,0.66,0
C103865,22,Month-to-month,Basic,21.06,4,1,0,Card,1,0.37,0
C103866,49,Two year,Basic,24.37,11,2,0,Wallet,0,0.49,0
C103867,40,Two year,Standard,32.2,15,2,0,Bank transfer,1,0.26,0
C103868,11,One year,Basic,24.95,16,3,0,Bank transfer,0,0.22,0
C103869,48,One year,Basic,33.08,13,0,0,Card,1,0.73,0
C103870,43,Two year,Premium,76.2,16,3,1,Card,1,0.3,1
C103871,64,Two year,Premium,75.47,21,2,0,Wallet,0,0.74,0
C103872,23,One year,Premium,77.08,18,0,0,Card,0,0.63,0
C103873,64,Month-to-month,Premium,83.37,11,3,0,Wallet,0,0.39,0
C103874,48,Month-to-month,Premium,71.05,12,0,0,Wallet,0,0.66,0
C103875,19,Month-to-month,Standard,36.37,8,0,0,Card,0,0.51,0
C103876,24,Month-to-month,Standard,38.49,19,0,0,Card,1,0.25,0
C103877,54,Month-to-month,Standard,41.07,11,1,1,Bank transfer,0,0.43,0
C103878,50,One year,Basic,25.59,11,2,3,Card,0,0.64,0
C103879,46,Two year,Basic,29.89,15,1,0,Card,0,0.77,0
C103880,30,Two year,Standard,40.69,17,0,1,Card,1,0.69,0
C103881,28,Month-to-month,Basic,19.04,8,1,2,Bank transfer,0,0.11,0
C103882,41,One year,Standard,50.29,10,0,0,Card,0,0.7,0
C103883,56,Month-to-month,Premium,81.36,11,2,0,Card,0,0.66,0
C103884,19,Two year,Premium,70.47,11,2,1,Bank transfer,0,0.58,0
C103885,65,Month-to-month,Standard,49.51,8,0,1,Bank transfer,1,0.45,0
C103886,15,Month-to-month,Standard,43.93,4,3,0,Bank transfer,0,0.88,1
C103887,35,Month-to-month,Premium,72.12,7,0,2,Card,1,0.11,1
C103888,23,Month-to-month,Basic,24.25,14,2,0,Wallet,0,0.5,0
C103889,66,One year,Standard,39.93,15,0,0,Card,0,0.61,0
C103890,13,Month-to-month,Standard,34.93,11,0,0,Card,1,0.61,0
C103891,10,One year,Standard,36.61,20,1,0,Card,1,0.5,0
C103892,50,Two year,Basic,20.51,8,2,1,Bank transfer,0,0.26,0
C103893,12,Month-to-month,Standard,46.74,11,1,0,Card,1,0.12,1
C103894,72,Month-to-month,Standard,47.31,9,0,0,Cash,1,0.79,0
C103895,56,Two year,Premium,80.06,16,2,0,Bank transfer,0,0.52,0
C103896,64,Month-to-month,Premium,,18,2,0,Card,1,0.19,0
C103897,22,Two year,Basic,24.79,20,2,1,Bank transfer,0,0.56,1
C103898,54,One year,Premium,66.41,22,0,0,Cash,0,0.4,0
C103899,43,Month-to-month,Standard,39.12,14,2,1,Wallet,0,0.25,1
C103900,31,Month-to-month,Standard,51.04,8,4,0,Card,0,0.71,1
C103901,36,One year,Standard,44.15,14,0,0,Bank transfer,0,0.32,0
C103902,2,Month-to-month,Premium,86.12,17,1,1,Wallet,0,0.33,1
C103903,11,Two year,Standard,48.99,24,4,0,Bank transfer,0,0.51,0
C103904,9,Two year,Standard,42.14,16,2,1,Bank transfer,0,0.43,0
C103905,55,One year,Standard,40.81,14,2,0,Card,0,0.39,0
C103906,20,Two year,Premium,62.65,16,1,0,Card,1,0.46,0
C103907,54,One year,Standard,,6,1,0,Card,0,0.58,0
C103908,52,Two year,Standard,50.84,17,0,0,Wallet,1,0.64,0
C103909,11,Month-to-month,Standard,66.3,10,1,0,Card,0,0.29,0
C103910,24,Month-to-month,Premium,87.26,11,1,0,Bank transfer,0,0.77,0
C103911,19,One year,Basic,26.93,13,3,1,Card,0,0.41,1
C103912,9,Month-to-month,Standard,38.75,16,1,0,Wallet,0,0.55,1
C103913,58,Month-to-month,Standard,,13,1,1,Card,0,0.68,0
C103914,27,Month-to-month,Premium,72.66,7,2,0,Bank transfer,1,0.19,0
C103915,66,Month-to-month,Basic,24.77,7,2,1,Card,0,0.08,0
C103916,61,Month-to-month,Standard,36.2,9,1,1,Wallet,1,0.79,0
C103917,63,One year,Basic,29.09,10,0,0,Wallet,0,0.44,0
C103918,54,One year,Standard,50.73,10,0,0,Wallet,0,0.1,0
C103919,37,One year,Basic,19.1,14,0,1,Card,0,0.74,0
C103920,31,Two year,Basic,23.44,17,1,0,Card,0,0.9,0
C103921,27,Month-to-month,Standard,36.56,3,1,0,Bank transfer,0,0.18,0
C103922,46,Month-to-month,Basic,30.98,15,0,0,Cash,0,0.5,0
C103923,33,Two year,Standard,39.61,15,2,0,Card,0,0.19,0
C103924,62,Month-to-month,Basic,18.17,7,0,0,Bank transfer,0,0.26,0
C103925,13,One year,Basic,15.0,17,0,0,Bank transfer,0,0.44,0
C103926,27,Month-to-month,Basic,18.81,8,1,0,Wallet,1,0.69,0
C103927,36,One year,Standard,34.58,27,2,0,Bank transfer,1,0.44,0
C103928,21,One year,Standard,51.26,17,1,0,Card,1,0.56,0
C103929,17,One year,Premium,78.71,6,2,0,Card,1,0.47,0
C103930,41,Month-to-month,Basic,17.57,6,0,0,Card,0,0.65,0
C103931,12,Month-to-month,Premium,69.59,8,2,0,Cash,0,0.23,1
C103932,57,Two year,Basic,24.46,15,1,0,Wallet,0,0.44,0
C103933,28,Two year,Basic,25.57,11,2,2,Card,1,0.6,0
C103934,55,Month-to-month,Basic,18.57,0,2,1,Cash,0,0.34,1
C103935,5,One year,Standard,52.98,14,0,0,Bank transfer,0,0.59,0
C103936,57,Month-to-month,Basic,28.71,9,4,1,Cash,0,0.66,0
C103937,34,Month-to-month,Basic,37.0,8,1,0,Card,0,0.41,0
C103938,62,One year,Standard,28.28,22,0,0,Bank transfer,1,0.53,0
C103939,51,One year,Standard,35.43,11,0,2,Wallet,0,0.25,0
C103940,58,Month-to-month,Basic,29.22,12,0,0,Card,1,0.29,0
C103941,47,Month-to-month,Standard,46.24,7,1,1,Cash,0,0.47,0
C103942,8,Two year,Standard,43.21,9,0,0,Wallet,1,0.24,0
C103943,71,Two year,Premium,67.98,18,3,0,Bank transfer,0,0.34,0
C103944,29,Month-to-month,Standard,47.94,19,1,0,Cash,0,0.2,0
C103945,64,Two year,Standard,41.82,18,2,1,Card,1,0.03,0
C103946,37,Two year,Premium,83.07,8,2,1,Bank transfer,1,0.65,0
C103947,46,Month-to-month,Basic,31.56,9,1,1,Wallet,1,0.47,0
C103948,14,Two year,Standard,50.43,12,0,0,Card,1,0.15,0
C103949,65,Month-to-month,Premium,63.84,8,1,0,Bank transfer,0,0.25,0
C103950,57,Month-to-month,Standard,46.85,20,3,2,Card,0,0.26,0
C103951,33,Month-to-month,Basic,35.49,5,0,0,Card,0,0.22,0
C103952,31,One year,Basic,36.0,23,2,0,Wallet,0,0.52,0
C103953,58,One year,Basic,32.43,14,1,0,Card,0,0.19,0
C103954,12,Month-to-month,Premium,81.8,15,0,1,Bank transfer,0,0.2,0
C103955,21,Month-to-month,Basic,20.33,11,1,0,Wallet,1,0.52,0
C103956,11,One year,Basic,33.78,20,2,1,Bank transfer,0,0.44,1
C103957,38,Month-to-month,Premium,86.27,10,0,1,Wallet,0,0.47,1
C103958,27,Month-to-month,Basic,27.52,8,2,1,Card,1,0.19,1
C103959,71,One year,Basic,28.06,14,4,0,Bank transfer,0,0.54,0
C103960,65,Month-to-month,Premium,74.09,9,1,0,Wallet,0,0.52,0
C103961,44,Two year,Standard,46.1,13,0,0,Card,0,0.92,0
C103962,56,One year,Basic,23.12,21,2,0,Card,0,0.18,0
C103963,37,One year,Standard,47.84,10,2,2,Cash,0,0.28,1
C103964,31,Month-to-month,Standard,43.92,12,2,0,Bank transfer,1,0.32,0
C103965,57,Month-to-month,Basic,15.8,9,2,0,Cash,1,0.34,1
C103966,26,Month-to-month,Basic,21.23,13,2,1,Card,0,0.9,0
C103967,23,Month-to-month,Basic,27.43,14,1,0,Card,1,0.34,0
C103968,11,Month-to-month,Basic,26.22,2,1,0,Cash,0,0.07,0
C103969,60,One year,Standard,53.74,13,0,0,Bank transfer,1,0.61,0
C103970,58,Month-to-month,Basic,30.77,17,2,0,Card,0,0.4,0
C103971,2,Two year,Basic,32.77,14,2,1,Bank transfer,1,0.49,0
C103972,61,Month-to-month,Standard,44.67,7,3,2,Card,1,0.79,0
C103973,18,Month-to-month,Premium,81.42,17,2,1,Card,0,0.52,0
C103974,64,Month-to-month,Basic,20.7,12,0,0,Bank transfer,0,0.82,0
C103975,13,Two year,Premium,70.91,8,0,0,Card,1,0.53,0
C103976,12,Month-to-month,Standard,50.35,5,1,0,Card,0,0.17,0
C103977,19,Month-to-month,Basic,26.42,11,0,1,Cash,0,0.71,1
C103978,68,One year,Basic,20.19,12,1,0,Card,0,0.27,0
C103979,69,Month-to-month,Standard,50.72,7,0,0,Bank transfer,0,0.43,0
C103980,48,Two year,Basic,33.75,14,0,1,Card,0,0.6,0
C103981,2,Two year,Basic,29.6,10,3,1,Card,0,0.57,1
C103982,45,Month-to-month,Premium,82.89,18,0,0,Card,0,0.7,0
C103983,22,Month-to-month,Premium,80.57,8,1,2,Card,0,0.23,1
C103984,53,One year,Standard,50.54,13,0,2,Card,0,0.71,0
C103985,42,Month-to-month,Standard,40.12,10,3,1,Wallet,0,0.54,0
C103986,64,One year,Basic,15.0,13,2,0,Bank transfer,1,0.33,0
C103987,51,One year,Basic,22.9,8,0,0,Wallet,0,0.56,0
C103988,23,Two year,Basic,15.0,11,0,1,Card,0,0.47,0
C103989,56,One year,Standard,41.6,11,1,0,Wallet,1,0.49,0
C103990,18,Month-to-month,Basic,18.21,6,2,0,Card,0,0.24,1
C103991,28,One year,Basic,25.63,9,1,1,Cash,0,0.42,0
C103992,17,Month-to-month,Premium,70.63,20,1,0,Card,0,0.49,1
C103993,16,Two year,Basic,24.93,24,1,0,Card,0,0.82,0
C103994,29,Month-to-month,Premium,69.53,8,2,0,Card,0,0.35,0
C103995,62,Month-to-month,Standard,43.38,8,0,0,Bank transfer,0,0.65,0
C103996,33,Two year,Standard,53.94,16,2,2,Card,0,0.43,0
C103997,9,Month-to-month,Basic,18.7,8,1,1,Card,1,0.83,0
C103998,55,Two year,Standard,34.4,16,0,1,Cash,0,0.79,0
C103999,5,One year,Basic,33.44,10,0,0,Bank transfer,0,0.1,0
C104000,41,One year,Standard,49.58,16,3,1,Card,0,0.68,0
C104001,17,One year,Premium,74.7,17,2,1,Bank transfer,0,0.97,0
C104002,66,Two year,Basic,22.47,9,2,1,Bank transfer,1,0.41,0
C104003,36,Two year,Basic,26.76,18,2,0,Wallet,0,0.63,0
C104004,30,One year,Premium,72.7,14,1,0,Wallet,1,0.27,1
C104005,68,Month-to-month,Standard,50.75,17,1,0,Wallet,1,0.55,0
C104006,33,Month-to-month,Standard,43.09,10,2,0,Card,0,0.33,0
C104007,53,Month-to-month,Premium,71.11,10,2,0,Card,0,0.18,0
C104008,32,Month-to-month,Standard,48.24,13,0,2,Card,0,0.36,0
C104009,41,Month-to-month,Standard,40.06,7,0,0,Bank transfer,0,0.26,0
C104010,36,Month-to-month,Basic,28.25,4,0,2,Bank transfer,0,0.3,0
C104011,38,Month-to-month,Premium,67.78,8,1,1,Cash,0,0.22,0
C104012,32,Month-to-month,Basic,21.63,8,4,1,Bank transfer,0,0.28,1
C104013,50,Month-to-month,Standard,46.0,15,2,1,Wallet,1,0.67,0
C104014,35,Month-to-month,Basic,20.67,13,3,1,Wallet,0,0.4,0
C104015,46,One year,Basic,30.84,8,1,1,Bank transfer,0,0.25,0
C104016,53,Month-to-month,Standard,44.36,6,1,1,Cash,0,0.44,1
C104017,25,Month-to-month,Standard,46.17,20,1,0,Card,0,0.6,1
C104018,13,Month-to-month,Premium,63.04,9,0,0,Card,0,0.59,0
C104019,7,One year,Standard,48.29,18,0,0,Wallet,0,0.61,1
C104020,44,Month-to-month,Standard,45.42,11,0,1,Wallet,1,0.03,1
C104021,15,Month-to-month,Standard,32.94,11,1,0,Bank transfer,0,0.35,0
C104022,26,Two year,Basic,26.41,12,1,2,Card,0,0.63,0
C104023,57,Month-to-month,Premium,76.91,10,0,1,Card,0,0.52,1
C104024,34,Two year,Standard,40.6,14,1,0,Card,0,0.24,0
C104025,46,Month-to-month,Basic,18.3,13,0,1,Card,1,0.29,0
C104026,11,Month-to-month,Standard,36.39,18,3,2,Card,1,0.17,1
C104027,58,One year,Basic,25.04,12,3,2,Card,0,0.52,0
C104028,43,Month-to-month,Basic,25.08,9,1,0,Wallet,0,0.47,0
C104029,4,Two year,Standard,43.6,17,1,0,Card,1,0.61,0
C104030,34,Month-to-month,Premium,87.07,15,2,0,Card,0,0.63,1
C104031,65,Two year,Premium,74.74,7,2,0,Card,0,0.58,0
C104032,35,One year,Premium,75.83,14,2,0,Card,0,0.49,0
C104033,28,One year,Premium,65.31,16,1,1,Card,0,0.42,0
C104034,3,Month-to-month,Basic,26.72,11,0,0,Card,0,0.64,1
C104035,67,Two year,Standard,50.48,19,1,0,Card,1,0.14,0
C104036,17,Month-to-month,Standard,39.5,10,1,0,Wallet,0,0.52,0
C104037,43,Month-to-month,Standard,57.51,8,0,0,Card,0,0.2,1
C104038,31,Month-to-month,Standard,41.48,6,1,3,Card,0,0.61,0
C104039,40,Month-to-month,Basic,25.74,9,0,0,Bank transfer,0,0.82,0
C104040,9,Two year,Basic,22.63,8,2,0,Card,0,0.52,1
C104041,59,Two year,Basic,22.52,16,0,1,Cash,0,0.08,0
C104042,12,Month-to-month,Basic,15.0,17,0,0,Wallet,1,0.33,0
C104043,46,One year,Basic,30.05,14,1,1,Card,0,0.14,0
C104044,19,One year,Standard,31.65,17,1,2,Card,0,0.85,0
C104045,49,Month-to-month,Basic,32.36,10,0,0,Bank transfer,0,0.32,0
C104046,7,Month-to-month,Basic,18.17,10,1,0,Card,1,0.26,0
C104047,12,One year,Premium,71.68,14,2,0,Wallet,0,0.6,0
C104048,65,Month-to-month,Basic,39.99,16,2,3,Card,0,0.51,0
C104049,44,One year,Basic,19.01,20,2,1,Bank transfer,0,0.27,0
C104050,59,Month-to-month,Standard,43.52,17,3,1,Card,0,0.92,0
C104051,26,Month-to-month,Standard,37.31,15,0,0,Card,1,0.37,1
C104052,55,Month-to-month,Standard,43.72,10,1,0,Card,1,0.45,0
C104053,6,Two year,Basic,27.32,10,1,0,Wallet,0,0.78,0
C104054,52,Month-to-month,Premium,84.3,12,0,0,Bank transfer,1,0.7,0
C104055,10,One year,Standard,29.07,16,4,0,Card,0,0.7,0
C104056,47,One year,Premium,74.41,19,0,1,Bank transfer,0,0.5,0
C104057,35,Month-to-month,Standard,48.45,11,1,0,Wallet,0,0.35,1
C104058,46,Two year,Premium,80.25,20,0,1,Card,0,0.41,0
C104059,19,Month-to-month,Basic,20.19,10,2,0,Bank transfer,1,0.74,1
C104060,8,Month-to-month,Basic,25.36,7,3,1,Bank transfer,0,0.73,1
C104061,56,Month-to-month,Premium,86.13,11,1,0,Card,1,0.52,1
C104062,34,One year,Basic,27.1,18,1,0,Card,0,0.48,0
C104063,9,One year,Premium,87.62,11,1,2,Card,0,0.51,1
C104064,31,One year,Standard,37.59,20,3,0,Card,0,0.23,0
C104065,1,Two year,Standard,40.58,14,0,1,Bank transfer,0,0.64,0
C104066,64,Month-to-month,Basic,,13,3,0,Wallet,1,0.72,0
C104067,72,One year,Basic,,16,2,1,Card,1,0.6,0
C104068,29,Month-to-month,Premium,78.78,19,0,0,Bank transfer,0,0.17,1
C104069,23,One year,Standard,38.12,11,1,1,Wallet,0,0.27,0
C104070,46,Month-to-month,Basic,26.92,12,3,0,Bank transfer,0,0.32,0
C104071,37,Month-to-month,Premium,65.8,21,1,1,Card,0,0.15,0
C104072,55,Month-to-month,Basic,19.73,6,1,0,Card,0,0.31,0
C104073,16,Month-to-month,Standard,46.4,6,3,0,Card,0,0.86,1
C104074,28,Month-to-month,Premium,78.48,12,0,0,Wallet,0,0.41,1
C104075,16,Month-to-month,Standard,39.07,9,0,0,Wallet,1,0.59,0
C104076,69,Month-to-month,Basic,15.77,10,0,0,Bank transfer,0,0.78,0
C104077,29,One year,Standard,48.23,13,2,0,Bank transfer,1,0.33,0
C104078,47,Month-to-month,Premium,68.83,13,0,0,Card,1,0.12,0
C104079,57,Two year,Standard,47.28,19,3,0,Card,0,0.56,0
C104080,45,Month-to-month,Premium,82.72,16,3,1,Wallet,1,0.57,0
C104081,3,Month-to-month,Standard,48.78,14,1,0,Card,1,0.36,0
C104082,72,Month-to-month,Basic,15.71,11,0,0,Card,0,0.09,0
C104083,61,Two year,Basic,32.36,21,2,1,Wallet,0,0.51,0
C104084,23,One year,Premium,81.63,17,0,2,Wallet,0,0.68,1
C104085,72,Two year,Premium,71.31,19,2,0,Card,0,0.1,0
C104086,65,Month-to-month,Basic,22.33,4,0,0,Card,0,0.22,0
C104087,41,Two year,Premium,83.51,12,1,0,Card,1,0.57,0
C104088,32,Month-to-month,Premium,76.83,15,1,0,Wallet,0,0.3,1
C104089,26,Two year,Basic,27.49,17,3,0,Wallet,1,0.38,0
C104090,19,Month-to-month,Premium,81.51,14,2,0,Card,0,0.11,0
C104091,17,Two year,Standard,48.18,15,2,1,Card,0,0.39,0
C104092,9,One year,Basic,41.94,19,0,0,Card,0,0.57,0
C104093,14,One year,Standard,53.33,12,2,1,Cash,0,0.56,1
C104094,71,Month-to-month,Basic,25.9,5,3,1,Wallet,0,0.51,0
C104095,24,Month-to-month,Standard,45.71,9,1,2,Wallet,0,0.37,1
C104096,16,Month-to-month,Premium,73.2,15,0,0,Wallet,1,0.77,1
C104097,62,Month-to-month,Basic,32.33,2,0,1,Cash,0,0.23,0
C104098,43,One year,Standard,37.81,14,1,0,Card,0,0.14,0
C104099,1,Month-to-month,Standard,50.37,12,1,2,Bank transfer,1,0.41,0
C104100,19,Month-to-month,Basic,21.44,7,5,1,Card,0,0.43,0
C104101,57,Month-to-month,Standard,33.87,14,0,1,Card,1,0.67,0
C104102,20,Month-to-month,Basic,30.95,19,2,1,Bank transfer,1,0.36,0
C104103,49,Month-to-month,Premium,77.62,8,0,0,Cash,0,0.24,1
C104104,42,Month-to-month,Premium,76.75,5,1,2,Card,0,0.26,1
C104105,2,Two year,Standard,43.15,16,2,0,Bank transfer,1,0.6,0
C104106,10,One year,Basic,24.9,13,0,2,Card,1,0.41,1
C104107,6,One year,Basic,21.21,21,0,0,Wallet,0,0.74,0
C104108,60,Month-to-month,Basic,33.13,18,0,0,Bank transfer,0,0.08,0
C104109,53,One year,Standard,53.32,15,1,0,Card,0,0.62,0
C104110,10,Two year,Standard,44.78,8,0,0,Card,0,0.67,0
C104111,49,Two year,Basic,25.14,14,3,0,Cash,0,0.54,0
C104112,12,One year,Standard,46.81,10,1,1,Card,0,0.23,1
C104113,23,One year,Standard,50.55,15,1,0,Cash,0,0.5,0
C104114,50,Two year,Premium,76.46,13,1,0,Wallet,0,0.16,0
C104115,63,Month-to-month,Standard,42.34,7,0,1,Card,0,0.39,0
C104116,22,One year,Standard,43.69,8,2,0,Card,1,0.59,0
C104117,16,One year,Premium,76.8,11,2,0,Card,0,0.38,1
C104118,2,One year,Standard,44.24,13,1,0,Wallet,0,0.73,0
C104119,31,Month-to-month,Premium,72.77,14,0,0,Card,0,0.32,0
C104120,41,Month-to-month,Standard,52.56,7,0,0,Bank transfer,1,0.08,1
C104121,9,Month-to-month,Basic,27.66,3,2,0,Bank transfer,1,0.15,1
C104122,48,One year,Premium,80.66,22,0,0,Card,1,0.46,0
C104123,47,Month-to-month,Premium,69.79,17,1,0,Wallet,0,0.86,0
C104124,12,Two year,Basic,30.19,17,0,0,Bank transfer,0,0.69,0
C104125,7,Month-to-month,Basic,25.31,15,1,1,Wallet,0,0.28,1
C104126,15,Two year,Standard,43.62,11,0,1,Bank transfer,1,0.71,0
C104127,13,Month-to-month,Basic,21.04,8,0,1,Card,0,0.24,0
C104128,13,Month-to-month,Standard,41.31,6,0,1,Card,1,0.24,1
C104129,56,Month-to-month,Basic,22.32,12,0,1,Card,0,0.49,0
C104130,17,Month-to-month,Standard,45.87,6,4,0,Card,0,0.55,1
C104131,37,Month-to-month,Standard,44.67,13,0,0,Card,0,0.58,0
C104132,56,Month-to-month,Premium,87.28,8,4,1,Wallet,0,0.58,1
C104133,48,Month-to-month,Premium,78.08,5,2,1,Card,1,0.15,0
C104134,31,Two year,Basic,26.65,12,2,2,Wallet,1,0.31,0
C104135,53,Month-to-month,Standard,44.64,9,1,1,Bank transfer,1,0.39,0
C104136,2,One year,Premium,70.38,16,1,0,Wallet,0,0.71,0
C104137,44,One year,Basic,20.3,19,1,0,Card,1,0.6,0
C104138,26,Month-to-month,Standard,47.34,7,3,0,Card,0,0.58,0
C104139,15,Two year,Basic,16.01,9,1,2,Card,0,0.64,0
C104140,13,Month-to-month,Basic,34.98,9,1,0,Wallet,0,0.3,1
C104141,51,Month-to-month,Standard,54.65,13,1,1,Wallet,0,0.19,1
C104142,70,Month-to-month,Basic,16.26,14,3,1,Bank transfer,0,0.36,0
C104143,9,Month-to-month,Standard,52.51,10,2,0,Wallet,0,0.39,1
C104144,22,Month-to-month,Basic,31.86,6,2,0,Bank transfer,1,0.17,1
C104145,20,One year,Basic,32.03,16,0,0,Card,1,0.41,0
C104146,36,One year,Standard,49.3,10,0,0,Card,1,0.53,0
C104147,33,Month-to-month,Basic,35.13,5,1,0,Wallet,0,0.45,1
C104148,49,Two year,Basic,20.35,15,1,0,Wallet,1,0.43,0
C104149,9,One year,Premium,72.45,8,1,2,Bank transfer,0,0.21,1
C104150,37,One year,Standard,48.89,16,0,1,Card,0,0.28,0
C104151,8,Two year,Standard,45.54,15,2,0,Bank transfer,1,0.77,0
C104152,58,Month-to-month,Basic,16.59,13,1,0,Card,0,0.69,0
C104153,47,Month-to-month,Premium,80.17,7,0,2,Card,1,0.31,1
C104154,64,One year,Standard,51.42,10,0,0,Card,1,0.85,0
C104155,54,Two year,Basic,23.94,13,2,2,Card,1,0.54,0
C104156,50,Month-to-month,Standard,47.52,13,1,0,Cash,1,0.55,1
C104157,27,Month-to-month,Standard,51.0,12,1,1,Cash,0,0.51,0
C104158,61,Month-to-month,Standard,32.52,12,2,0,Card,0,0.34,0
C104159,29,Two year,Standard,41.87,18,2,2,Card,0,0.64,1
C104160,18,Month-to-month,Basic,19.97,20,0,0,Card,1,0.65,0
C104161,15,Two year,Premium,74.35,19,0,0,Cash,0,0.38,1
C104162,38,Month-to-month,Basic,17.76,13,0,0,Card,0,0.57,0
C104163,38,One year,Basic,17.56,11,2,1,Card,0,0.1,0
C104164,19,One year,Standard,46.54,17,3,1,Bank transfer,0,0.34,0
C104165,42,One year,Premium,86.24,12,0,1,Card,0,0.28,0
C104166,15,Month-to-month,Premium,67.78,8,4,1,Card,0,0.6,1
C104167,68,Month-to-month,Basic,34.92,18,0,0,Cash,0,0.31,0
C104168,3,Month-to-month,Premium,81.02,11,2,0,Bank transfer,0,0.31,1
C104169,3,Month-to-month,Basic,31.29,13,0,0,Card,0,0.65,0
C104170,24,Month-to-month,Basic,33.18,10,0,0,Card,0,0.27,0
C104171,66,Month-to-month,Standard,42.7,12,1,0,Card,0,0.45,0
C104172,16,Two year,Standard,52.03,13,2,1,Card,1,0.79,0
C104173,72,One year,Standard,36.15,17,3,2,Card,0,0.36,0
C104174,25,Month-to-month,Premium,70.44,8,0,2,Card,0,0.57,1
C104175,25,Month-to-month,Standard,47.24,4,0,0,Bank transfer,0,0.82,0
C104176,8,Month-to-month,Standard,49.9,11,2,2,Bank transfer,0,0.53,0
C104177,53,Month-to-month,Standard,36.96,10,1,0,Wallet,1,0.39,1
C104178,63,One year,Basic,15.0,12,0,2,Bank transfer,0,0.19,0
C104179,60,One year,Standard,47.73,10,1,1,Card,0,0.7,0
C104180,11,One year,Basic,27.02,14,1,0,Bank transfer,0,0.32,0
C104181,47,Two year,Standard,49.45,19,0,1,Card,0,0.66,0
C104182,33,Two year,Basic,24.8,18,0,0,Card,0,0.44,0
C104183,21,Two year,Standard,37.38,16,1,0,Card,0,0.43,0
C104184,56,Month-to-month,Standard,52.07,12,1,0,Card,0,0.47,0
C104185,45,One year,Premium,79.94,13,2,0,Bank transfer,0,0.35,0
C104186,63,Month-to-month,Basic,26.29,8,1,1,Cash,0,0.67,0
C104187,64,Two year,Standard,58.39,17,0,0,Bank transfer,0,0.2,0
C104188,62,Month-to-month,Premium,76.7,10,0,1,Card,0,0.52,0
C104189,8,Two year,Standard,54.38,10,1,1,Card,0,0.39,0
C104190,45,Month-to-month,Basic,24.45,13,0,1,Wallet,0,0.75,1
C104191,35,One year,Basic,15.0,11,1,0,Bank transfer,0,0.92,0
C104192,13,Month-to-month,Standard,38.27,6,3,1,Bank transfer,0,0.39,1
C104193,2,Two year,Premium,58.7,15,0,1,Card,0,0.36,0
C104194,15,Month-to-month,Standard,43.85,9,0,1,Wallet,0,0.4,0
C104195,61,Two year,Standard,52.36,11,0,0,Wallet,0,0.44,0
C104196,50,One year,Standard,34.98,14,2,0,Bank transfer,1,0.43,0
C104197,57,One year,Premium,79.63,12,0,0,Bank transfer,0,0.43,0
C104198,65,Two year,Standard,43.6,16,0,1,Card,1,0.62,0
C104199,4,Month-to-month,Basic,30.75,5,0,1,Card,0,0.32,1
C104200,30,Two year,Basic,27.54,15,0,1,Wallet,0,0.19,0
C104201,54,Month-to-month,Premium,69.26,7,2,2,Card,1,0.48,0
C104202,53,One year,Basic,28.77,15,1,0,Wallet,0,0.13,0
C104203,50,One year,Standard,45.06,12,0,0,Card,1,0.45,0
C104204,11,Month-to-month,Standard,50.7,14,1,2,Card,0,0.36,1
C104205,10,Month-to-month,Premium,87.0,3,0,0,Bank transfer,1,0.5,1
C104206,31,Two year,Standard,44.11,13,1,0,Wallet,0,0.18,0
C104207,38,Month-to-month,Basic,35.18,19,0,0,Card,1,0.62,0
C104208,23,Two year,Premium,74.72,18,2,0,Card,0,0.81,0
C104209,50,Month-to-month,Standard,48.98,4,1,1,Card,1,0.42,1
C104210,16,One year,Premium,76.45,15,0,0,Card,1,0.75,0
C104211,25,One year,Premium,71.26,14,0,1,Wallet,1,0.37,0
C104212,8,Month-to-month,Standard,46.1,13,0,0,Card,0,0.55,0
C104213,37,Month-to-month,Standard,42.62,20,0,0,Wallet,0,0.62,0
C104214,54,One year,Basic,28.73,12,1,0,Wallet,1,0.63,0
C104215,71,One year,Premium,68.94,11,0,1,Card,0,0.13,0
C104216,18,Month-to-month,Standard,39.51,21,0,0,Bank transfer,0,0.42,0
C104217,46,Month-to-month,Basic,30.57,6,0,2,Cash,1,0.66,1
C104218,4,Two year,Standard,,16,1,1,Bank transfer,0,0.05,0
C104219,37,One year,Premium,78.75,12,1,2,Card,1,0.66,0
C104220,64,Two year,Standard,48.75,7,0,0,Card,1,0.16,0
C104221,5,Two year,Basic,31.63,20,0,0,Wallet,1,0.33,0
C104222,28,Month-to-month,Basic,28.21,7,1,0,Card,1,0.57,0
C104223,9,One year,Basic,30.89,14,0,2,Card,1,0.66,0
C104224,39,Month-to-month,Basic,20.67,6,0,0,Cash,1,0.12,0
C104225,62,Month-to-month,Standard,48.45,6,1,2,Bank transfer,0,0.31,0
C104226,34,Month-to-month,Standard,40.9,14,2,0,Cash,0,0.69,1
C104227,54,One year,Basic,17.89,18,1,0,Card,1,0.09,0
C104228,22,Two year,Standard,43.99,21,2,0,Card,1,0.78,1
C104229,61,Month-to-month,Basic,29.26,8,0,2,Bank transfer,0,0.12,0
C104230,18,Month-to-month,Basic,25.48,13,0,0,Bank transfer,1,0.11,0
C104231,42,One year,Standard,56.11,10,1,0,Bank transfer,1,0.64,0
C104232,26,One year,Premium,79.45,16,0,2,Wallet,0,0.5,0
C104233,42,Month-to-month,Standard,47.94,11,1,1,Wallet,0,0.13,0
C104234,20,One year,Premium,76.05,21,1,0,Card,0,0.29,0
C104235,39,One year,Premium,,16,2,1,Bank transfer,0,0.64,0
C104236,20,One year,Premium,75.69,18,0,1,Bank transfer,0,0.26,0
C104237,53,Month-to-month,Premium,75.52,13,3,1,Card,0,0.45,0
C104238,17,One year,Standard,55.9,11,1,1,Bank transfer,0,0.51,1
C104239,24,Month-to-month,Standard,40.62,7,5,0,Card,0,0.78,0
C104240,2,Two year,Premium,74.62,14,2,0,Cash,0,0.71,0
C104241,36,One year,Basic,,12,2,1,Card,0,0.55,0
C104242,1,Two year,Standard,46.28,20,2,0,Wallet,0,0.9,0
C104243,34,Two year,Basic,15.0,15,0,0,Card,0,0.64,0
C104244,62,Month-to-month,Premium,77.17,7,1,0,Wallet,1,0.69,0
C104245,48,Month-to-month,Premium,75.46,11,0,0,Card,0,0.12,0
C104246,38,One year,Basic,26.47,16,0,0,Bank transfer,0,0.36,0
C104247,16,Month-to-month,Standard,61.23,11,3,0,Bank transfer,0,0.35,1
C104248,63,Two year,Basic,24.88,16,1,1,Card,0,0.45,0
C104249,2,One year,Basic,28.3,12,0,0,Card,0,0.49,0
C104250,14,Month-to-month,Standard,45.26,6,1,1,Card,1,0.4,1
C104251,7,One year,Premium,81.93,18,2,0,Card,1,0.86,0
C104252,26,Month-to-month,Basic,38.89,9,1,1,Bank transfer,1,0.32,0
C104253,13,One year,Standard,,13,0,0,Bank transfer,0,0.61,0
C104254,11,Two year,Standard,47.39,17,1,1,Wallet,0,0.4,0
C104255,62,Month-to-month,Standard,37.71,12,0,1,Wallet,0,0.13,0
C104256,40,Two year,Basic,27.99,10,1,2,Bank transfer,0,0.52,0
C104257,52,Month-to-month,Basic,15.39,11,1,0,Bank transfer,0,0.58,0
C104258,38,Month-to-month,Premium,70.07,12,0,0,Card,0,0.49,0
C104259,54,Two year,Basic,21.8,20,0,0,Card,0,0.22,0
C104260,55,One year,Standard,38.67,9,2,0,Card,0,0.62,0
C104261,32,Month-to-month,Premium,75.37,6,0,2,Wallet,1,0.45,1
C104262,61,Two year,Basic,23.17,16,1,1,Bank transfer,1,0.7,0
C104263,8,Month-to-month,Standard,40.89,13,2,0,Bank transfer,1,0.41,0
C104264,68,One year,Premium,77.62,17,1,1,Card,0,0.71,0
C104265,34,Month-to-month,Basic,20.92,12,2,0,Card,0,0.65,0
C104266,12,Two year,Basic,33.12,14,1,0,Card,0,0.44,0
C104267,63,Month-to-month,Basic,29.19,12,3,0,Cash,1,0.57,1
C104268,49,Month-to-month,Basic,22.73,7,0,0,Card,0,0.29,0
C104269,37,Month-to-month,Premium,78.01,7,2,1,Bank transfer,0,0.35,1
C104270,20,Month-to-month,Standard,41.22,15,0,0,Wallet,1,0.56,0
C104271,46,One year,Standard,41.54,11,3,2,Card,0,0.61,0
C104272,58,Two year,Basic,31.53,15,1,0,Wallet,1,0.46,0
C104273,27,Two year,Standard,35.67,15,1,0,Bank transfer,1,0.61,0
C104274,11,Month-to-month,Basic,28.13,12,2,0,Card,1,0.13,0
C104275,11,Month-to-month,Basic,36.95,18,4,1,Bank transfer,0,0.34,0
C104276,58,Two year,Basic,15.0,11,0,1,Bank transfer,0,0.47,0
C104277,46,Month-to-month,Premium,89.85,13,1,1,Card,0,0.21,0
C104278,19,One year,Basic,15.0,12,3,0,Card,0,0.43,0
C104279,35,Month-to-month,Basic,15.0,10,0,0,Card,0,0.4,0
C104280,13,Two year,Standard,32.51,20,2,0,Wallet,0,0.47,0
C104281,25,One year,Basic,18.23,13,1,0,Card,0,0.77,0
C104282,59,Two year,Premium,71.68,12,2,1,Bank transfer,0,0.59,0
C104283,19,Month-to-month,Basic,15.0,5,3,1,Wallet,0,0.57,1
C104284,70,One year,Basic,24.05,12,2,1,Wallet,0,0.51,0
C104285,51,Month-to-month,Premium,80.19,9,0,0,Card,0,0.28,0
C104286,5,Month-to-month,Standard,40.53,10,0,0,Wallet,0,0.39,1
C104287,23,Month-to-month,Basic,25.97,5,3,2,Wallet,0,0.72,1
C104288,23,One year,Standard,49.0,11,0,0,Card,1,0.48,0
C104289,42,One year,Basic,35.78,18,0,3,Bank transfer,1,0.45,0
C104290,72,One year,Premium,74.7,10,0,1,Cash,0,0.59,0
C104291,19,Month-to-month,Premium,79.61,11,2,1,Card,0,0.55,1
C104292,13,Month-to-month,Basic,28.36,14,2,0,Card,0,0.13,1
C104293,55,Month-to-month,Basic,25.56,12,0,0,Bank transfer,0,0.13,0
C104294,45,Two year,Standard,43.16,16,1,1,Wallet,0,0.88,0
C104295,27,Two year,Standard,47.44,11,1,2,Wallet,1,0.27,0
C104296,51,Month-to-month,Premium,79.46,11,1,0,Bank transfer,0,0.54,1
C104297,35,Month-to-month,Premium,67.19,15,1,0,Cash,0,0.62,0
C104298,64,Month-to-month,Premium,72.96,14,0,1,Card,0,0.38,0
C104299,67,One year,Standard,47.3,10,3,1,Wallet,0,0.81,0
C104300,23,Month-to-month,Standard,47.05,10,1,0,Wallet,0,0.48,1
C104301,52,Two year,Premium,77.25,14,2,0,Bank transfer,1,0.41,0
C104302,37,Month-to-month,Standard,55.21,10,2,0,Cash,0,0.44,0
C104303,54,Month-to-month,Standard,51.64,6,1,0,Wallet,0,0.62,1
C104304,27,Month-to-month,Premium,67.56,5,2,2,Bank transfer,0,0.27,1
C104305,25,Two year,Standard,54.89,5,0,1,Bank transfer,0,0.79,0
C104306,2,Month-to-month,Basic,20.92,14,0,1,Cash,0,0.86,0
C104307,61,Month-to-month,Basic,20.15,10,1,0,Card,0,0.75,0
C104308,38,Two year,Premium,81.82,11,1,0,Card,0,0.7,0
C104309,28,One year,Basic,23.2,14,1,0,Bank transfer,0,0.74,0
C104310,39,Month-to-month,Premium,64.88,16,1,0,Card,0,0.36,0
C104311,72,Month-to-month,Premium,79.0,21,1,2,Bank transfer,0,0.21,1
C104312,60,Month-to-month,Basic,27.95,14,0,1,Bank transfer,0,0.8,0
C104313,65,Month-to-month,Premium,78.49,13,2,0,Card,0,0.51,1
C104314,28,Two year,Standard,36.59,16,1,0,Card,0,0.37,0
C104315,48,Month-to-month,Premium,80.11,6,1,0,Card,0,0.64,0
C104316,38,Two year,Premium,71.41,13,1,1,Card,0,0.61,0
C104317,60,Two year,Basic,30.71,15,0,1,Card,1,0.43,0
C104318,53,Two year,Basic,17.57,14,1,0,Bank transfer,0,0.15,0
C104319,40,Month-to-month,Premium,69.3,13,0,0,Wallet,1,0.69,0
C104320,35,Month-to-month,Standard,33.14,23,2,0,Card,0,0.25,0
C104321,53,Month-to-month,Basic,20.41,8,2,1,Card,1,0.66,0
C104322,37,One year,Standard,51.69,11,0,0,Cash,0,0.65,0
C104323,9,Two year,Basic,26.61,10,1,0,Cash,0,0.65,1
C104324,4,Two year,Standard,41.69,15,2,1,Card,1,0.36,0
C104325,72,Month-to-month,Basic,33.56,12,1,0,Card,0,0.63,0
C104326,19,One year,Standard,46.44,16,3,1,Bank transfer,1,0.56,0
C104327,58,Month-to-month,Premium,79.88,13,1,2,Card,0,0.42,1
C104328,9,One year,Standard,47.23,19,1,0,Bank transfer,0,0.63,0
C104329,11,Month-to-month,Basic,24.54,13,2,0,Card,1,0.9,0
C104330,3,Two year,Premium,76.0,13,1,1,Card,0,0.88,0
C104331,18,One year,Standard,47.83,12,1,2,Card,0,0.81,0
C104332,71,Month-to-month,Premium,82.1,8,0,0,Cash,0,0.24,0
C104333,42,Month-to-month,Premium,78.85,13,3,0,Bank transfer,0,0.87,0
C104334,1,Month-to-month,Basic,30.58,9,2,0,Bank transfer,1,0.3,0
C104335,55,Month-to-month,Standard,38.34,14,0,1,Cash,0,0.47,0
C104336,68,Two year,Basic,15.0,15,2,0,Wallet,0,0.39,0
C104337,11,Two year,Basic,27.09,14,0,0,Card,0,0.11,0
C104338,40,One year,Standard,46.09,14,2,0,Cash,0,0.5,0
C104339,70,Month-to-month,Basic,27.83,15,0,2,Card,0,0.58,0
C104340,24,Two year,Basic,18.97,12,2,0,Bank transfer,0,0.87,1
C104341,25,Two year,Premium,76.0,17,1,0,Wallet,1,0.37,0
C104342,45,Month-to-month,Basic,18.62,8,2,0,Card,1,0.6,0
C104343,72,One year,Standard,45.65,12,1,2,Bank transfer,0,0.47,0
C104344,67,One year,Standard,44.67,16,0,0,Card,1,0.39,0
C104345,55,One year,Standard,44.05,10,0,2,Cash,0,0.33,0
C104346,21,One year,Premium,77.02,5,0,0,Bank transfer,0,0.4,0
C104347,35,Month-to-month,Basic,22.06,8,1,0,Card,0,0.61,0
C104348,13,Month-to-month,Basic,24.98,8,2,0,Card,1,0.78,0
C104349,27,Month-to-month,Premium,79.4,12,0,0,Bank transfer,1,0.47,0
C104350,69,One year,Basic,34.38,15,1,0,Card,0,0.78,0
C104351,7,Month-to-month,Basic,27.61,14,1,1,Card,1,0.28,1
C104352,10,Month-to-month,Standard,50.12,9,0,0,Bank transfer,0,0.66,1
C104353,7,Month-to-month,Standard,48.69,5,2,0,Bank transfer,1,0.52,1
C104354,15,Month-to-month,Standard,55.33,13,1,0,Bank transfer,0,0.53,0
C104355,46,Month-to-month,Premium,87.96,2,2,0,Card,0,0.11,1
C104356,27,Month-to-month,Basic,21.21,15,2,0,Bank transfer,1,0.61,1
C104357,56,Month-to-month,Premium,79.36,12,2,1,Card,1,0.22,0
C104358,44,Month-to-month,Premium,76.97,4,0,0,Cash,1,0.68,1
C104359,66,One year,Standard,54.83,11,0,0,Card,0,0.51,0
C104360,24,Month-to-month,Standard,30.13,8,2,1,Wallet,0,0.37,1
C104361,27,One year,Standard,41.16,10,2,0,Card,1,0.2,0
C104362,3,One year,Basic,15.0,20,2,1,Card,0,0.46,0
C104363,68,Month-to-month,Basic,33.57,10,3,0,Card,0,0.44,0
C104364,61,Month-to-month,Standard,46.83,10,0,1,Bank transfer,0,0.69,0
C104365,22,Month-to-month,Basic,29.2,13,0,0,Card,0,0.65,0
C104366,17,Month-to-month,Standard,47.65,11,0,0,Card,1,0.3,0
C104367,68,One year,Standard,46.85,14,3,0,Card,1,0.71,1
C104368,38,Month-to-month,Premium,77.65,19,0,1,Card,1,0.32,0
C104369,67,Month-to-month,Standard,42.58,12,1,2,Card,1,0.29,1
C104370,23,One year,Basic,15.0,17,2,0,Card,0,0.35,0
C104371,12,Month-to-month,Standard,47.13,15,0,1,Bank transfer,0,0.53,0
C104372,43,Two year,Basic,24.76,14,3,1,Bank transfer,0,0.71,0
C104373,62,Month-to-month,Basic,21.66,16,1,0,Card,0,0.35,0
C104374,8,Month-to-month,Standard,41.41,14,1,0,Wallet,0,0.8,0
C104375,51,One year,Basic,33.14,17,2,0,Card,0,0.74,0
C104376,3,Month-to-month,Basic,20.58,11,3,3,Wallet,1,0.61,1
C104377,51,Two year,Premium,68.64,18,1,0,Wallet,0,0.55,0
C104378,64,Two year,Basic,29.18,21,1,0,Card,0,0.78,0
C104379,61,Two year,Standard,54.1,12,1,0,Card,1,0.91,0
C104380,44,Two year,Premium,67.18,11,2,0,Bank transfer,0,0.18,0
C104381,39,Month-to-month,Basic,19.04,10,1,1,Card,0,0.59,1
C104382,10,Month-to-month,Standard,38.67,14,3,2,Card,0,0.47,1
C104383,37,Month-to-month,Premium,77.45,10,0,0,Cash,1,0.66,0
C104384,67,Month-to-month,Premium,78.53,17,3,2,Card,0,0.52,0
C104385,27,Month-to-month,Standard,53.75,15,0,1,Card,0,0.52,0
C104386,21,One year,Standard,44.76,12,0,1,Wallet,0,0.11,0
C104387,63,One year,Basic,23.58,15,0,1,Cash,0,0.34,0
C104388,39,One year,Basic,21.41,14,1,0,Bank transfer,0,0.37,0
C104389,65,Two year,Basic,32.01,11,2,1,Card,1,0.17,0
C104390,4,One year,Premium,71.43,12,2,0,Wallet,0,0.05,1
C104391,12,Two year,Basic,20.01,14,1,0,Bank transfer,0,0.14,0
C104392,49,Month-to-month,Standard,43.68,10,0,0,Wallet,1,0.69,0
C104393,56,Month-to-month,Basic,24.91,8,2,0,Wallet,0,0.27,1
C104394,71,Month-to-month,Premium,77.52,13,1,0,Bank transfer,0,0.47,0
C104395,20,Two year,Premium,,11,0,0,Card,0,0.51,0
C104396,19,Month-to-month,Premium,85.78,14,1,1,Card,0,0.33,1
C104397,14,Month-to-month,Premium,86.82,12,0,1,Wallet,1,0.6,1
C104398,54,Month-to-month,Standard,38.19,6,1,0,Bank transfer,0,0.6,0
C104399,15,Month-to-month,Premium,75.95,9,4,1,Cash,0,0.55,1
C104400,65,Two year,Premium,68.9,17,2,1,Card,0,0.07,0
C104401,42,Month-to-month,Basic,23.36,14,2,0,Card,0,0.34,0
C104402,49,Two year,Basic,17.52,19,3,0,Wallet,0,0.61,0
C104403,21,Two year,Standard,43.33,12,0,1,Card,0,0.39,0
C104404,53,One year,Standard,46.72,11,1,1,Wallet,0,0.69,0
C104405,18,Two year,Basic,26.1,11,0,1,Card,1,0.35,0
C104406,13,Month-to-month,Standard,36.84,14,0,2,Bank transfer,0,0.34,1
C104407,8,Month-to-month,Standard,32.78,8,1,0,Card,0,0.31,0
C104408,11,Month-to-month,Basic,15.0,4,2,0,Bank transfer,1,0.38,1
C104409,24,Month-to-month,Basic,32.53,5,0,0,Bank transfer,1,0.76,0
C104410,8,Two year,Premium,73.96,11,3,1,Card,0,0.53,0
C104411,56,Month-to-month,Standard,45.5,6,0,2,Bank transfer,0,0.29,0
C104412,26,One year,Basic,33.96,20,1,0,Wallet,0,0.73,0
C104413,2,Month-to-month,Premium,68.92,4,2,2,Bank transfer,1,0.61,1
C104414,65,Month-to-month,Premium,77.61,11,0,0,Card,0,0.28,0
C104415,35,Month-to-month,Standard,40.92,12,0,1,Card,1,0.57,1
C104416,47,One year,Premium,76.21,14,1,0,Bank transfer,0,0.09,0
C104417,44,Month-to-month,Basic,15.0,11,0,0,Cash,1,0.34,0
C104418,58,Month-to-month,Standard,42.59,12,0,0,Card,0,0.43,0
C104419,4,Month-to-month,Premium,74.61,10,2,2,Wallet,0,0.55,0
C104420,26,Month-to-month,Standard,45.72,13,0,1,Card,1,0.18,0
C104421,22,Two year,Basic,,12,2,0,Card,0,0.6,0
C104422,42,Two year,Standard,43.53,19,0,0,Card,1,0.09,0
C104423,66,Month-to-month,Standard,50.47,7,2,1,Wallet,0,0.26,1
C104424,1,Two year,Standard,44.48,13,1,2,Card,0,0.57,0
C104425,72,One year,Premium,80.29,16,0,1,Wallet,1,0.1,0
C104426,35,Month-to-month,Premium,79.1,15,0,1,Cash,0,0.26,0
C104427,62,Month-to-month,Standard,46.54,11,2,0,Bank transfer,1,0.76,0
C104428,69,Two year,Standard,42.78,17,2,1,Card,1,0.7,0
C104429,13,Month-to-month,Basic,25.51,5,2,0,Card,0,0.35,1
C104430,17,Two year,Basic,19.32,15,0,0,Card,0,0.79,0
C104431,56,Month-to-month,Basic,29.12,14,2,0,Card,0,0.79,0
C104432,31,Two year,Basic,27.03,17,1,1,Wallet,0,0.1,0
C104433,33,Month-to-month,Basic,32.33,18,2,1,Card,0,0.34,1
C104434,23,Month-to-month,Standard,58.86,3,0,2,Card,0,0.34,1
C104435,13,One year,Basic,30.24,13,1,0,Card,0,0.62,0
C104436,61,Month-to-month,Basic,28.52,9,1,0,Wallet,0,0.79,0
C104437,35,Month-to-month,Basic,26.22,9,0,0,Bank transfer,0,0.43,1
C104438,1,Two year,Standard,50.27,14,0,1,Card,1,0.47,0
C104439,67,Two year,Standard,53.51,20,0,2,Bank transfer,0,0.92,0
C104440,9,Two year,Basic,23.32,17,1,2,Wallet,1,0.55,0
C104441,64,One year,Standard,37.28,20,2,1,Wallet,0,0.36,0
C104442,51,One year,Premium,66.69,17,0,0,Card,0,0.17,0
C104443,29,Month-to-month,Standard,51.16,6,1,0,Card,0,0.22,1
C104444,29,Two year,Standard,47.91,14,0,1,Card,1,0.36,0
C104445,5,One year,Standard,48.34,11,2,1,Bank transfer,0,0.23,0
C104446,29,One year,Premium,64.74,10,0,0,Card,0,0.57,0
C104447,65,One year,Basic,21.59,18,1,0,Cash,0,0.54,0
C104448,64,Two year,Standard,35.49,21,0,2,Bank transfer,0,0.56,0
C104449,72,Month-to-month,Premium,68.02,16,2,1,Card,0,0.45,0
C104450,49,Month-to-month,Standard,41.55,8,2,0,Card,0,0.38,1
C104451,37,Two year,Basic,20.84,15,3,0,Wallet,0,0.78,0
C104452,58,Month-to-month,Standard,54.76,8,1,0,Bank transfer,0,0.48,0
C104453,17,Month-to-month,Basic,17.25,8,1,1,Cash,1,0.49,1
C104454,65,Month-to-month,Standard,41.23,8,1,0,Card,0,0.8,0
C104455,40,Month-to-month,Premium,70.43,8,2,0,Bank transfer,0,0.42,0
C104456,33,Month-to-month,Standard,45.48,8,1,0,Bank transfer,0,0.2,0
C104457,51,Two year,Basic,29.52,9,1,2,Wallet,0,0.33,0
C104458,43,One year,Premium,70.11,10,3,0,Card,0,0.77,0
C104459,35,One year,Standard,34.79,14,0,0,Card,0,0.46,0
C104460,65,Month-to-month,Standard,42.41,13,1,1,Card,0,0.59,0
C104461,26,Month-to-month,Basic,27.48,7,2,2,Bank transfer,1,0.24,1
C104462,61,Month-to-month,Premium,68.36,11,1,1,Wallet,0,0.42,1
C104463,18,Month-to-month,Basic,31.0,5,2,0,Card,0,0.74,1
C104464,30,Month-to-month,Premium,68.77,7,1,0,Wallet,1,0.41,0
C104465,22,Month-to-month,Basic,21.07,10,2,0,Card,0,0.54,0
C104466,14,Month-to-month,Standard,42.26,12,1,0,Wallet,0,0.24,0
C104467,4,One year,Standard,56.78,10,0,1,Wallet,1,0.21,0
C104468,41,Month-to-month,Premium,79.83,8,3,1,Card,1,0.21,1
C104469,19,Two year,Premium,77.2,16,1,0,Card,0,0.48,0
C104470,72,Month-to-month,Basic,18.82,6,3,0,Bank transfer,0,0.24,0
C104471,69,Month-to-month,Premium,68.17,15,2,0,Wallet,0,0.51,0
C104472,24,Month-to-month,Premium,70.73,17,0,1,Card,0,0.39,0
C104473,1,Two year,Basic,34.86,9,0,0,Cash,0,0.26,0
C104474,54,Month-to-month,Basic,33.03,8,1,1,Bank transfer,0,0.3,1
C104475,53,Two year,Premium,75.92,12,1,0,Card,0,0.32,0
C104476,26,One year,Standard,40.69,11,2,1,Card,0,0.36,0
C104477,57,Month-to-month,Basic,15.0,18,2,1,Bank transfer,0,0.08,0
C104478,9,Month-to-month,Premium,72.23,6,0,1,Bank transfer,0,0.62,1
C104479,30,Month-to-month,Premium,78.22,9,2,0,Card,0,0.29,1
C104480,15,Month-to-month,Basic,28.44,13,0,2,Card,1,0.98,1
C104481,43,One year,Premium,77.43,19,1,1,Card,0,0.89,0
C104482,5,Month-to-month,Standard,40.7,8,0,0,Card,0,0.93,0
C104483,16,Two year,Standard,48.16,14,0,0,Wallet,1,0.45,0
C104484,12,Month-to-month,Basic,24.04,9,2,1,Wallet,0,0.69,0
C104485,49,One year,Premium,80.42,15,0,0,Cash,1,0.39,0
C104486,30,Month-to-month,Premium,76.58,10,2,0,Bank transfer,1,0.14,1
C104487,51,Two year,Basic,29.77,15,0,0,Bank transfer,0,0.94,0
C104488,10,Month-to-month,Premium,77.07,10,1,0,Bank transfer,1,0.52,0
C104489,53,Two year,Standard,42.13,16,2,1,Bank transfer,1,0.44,0
C104490,42,Month-to-month,Basic,32.26,14,0,0,Wallet,1,0.6,0
C104491,36,Month-to-month,Standard,38.66,13,0,1,Bank transfer,0,0.71,1
C104492,28,Month-to-month,Premium,79.14,12,0,1,Card,0,0.52,1
C104493,70,Month-to-month,Standard,42.32,11,2,0,Bank transfer,0,0.38,0
C104494,46,Month-to-month,Basic,22.78,8,1,1,Wallet,1,0.55,1
C104495,63,Two year,Premium,76.7,21,0,0,Card,1,0.61,0
C104496,19,Two year,Standard,41.84,14,2,0,Wallet,1,0.48,0
C104497,42,Month-to-month,Standard,38.77,11,1,1,Bank transfer,0,0.42,0
C104498,51,One year,Standard,39.35,13,0,0,Bank transfer,0,0.19,0
C104499,50,Month-to-month,Premium,68.13,12,2,0,Wallet,0,0.55,1
C104500,32,Month-to-month,Standard,45.2,12,1,0,Card,0,0.31,1
C104501,20,One year,Premium,76.97,9,1,0,Wallet,0,0.51,0
C104502,24,Month-to-month,Premium,74.51,10,0,1,Card,0,0.71,0
C104503,68,Two year,Standard,35.51,12,0,2,Bank transfer,0,0.18,0
C104504,19,Two year,Premium,75.85,17,0,0,Bank transfer,1,0.54,0
C104505,47,Month-to-month,Basic,30.83,10,0,1,Bank transfer,1,0.64,0
C104506,50,One year,Basic,18.06,11,3,0,Bank transfer,0,0.52,0
C104507,65,Two year,Standard,39.52,16,0,0,Bank transfer,0,0.59,0
C104508,30,One year,Standard,50.63,21,1,0,Card,0,0.78,0
C104509,21,One year,Premium,74.0,13,1,1,Bank transfer,1,0.65,1
C104510,6,Month-to-month,Standard,51.64,12,0,1,Card,0,0.82,1
C104511,71,One year,Basic,22.98,19,2,0,Bank transfer,0,0.47,0
C104512,32,Month-to-month,Standard,36.26,14,0,1,Card,0,0.55,0
C104513,8,One year,Premium,74.79,22,0,1,Bank transfer,0,0.22,0
C104514,5,Two year,Standard,44.71,12,0,0,Card,0,0.06,1
C104515,39,Month-to-month,Basic,26.84,11,2,0,Bank transfer,0,0.29,0
C104516,34,Month-to-month,Standard,39.85,11,0,1,Wallet,1,0.2,0
C104517,8,Month-to-month,Standard,42.22,9,3,0,Card,0,0.35,1
C104518,64,Two year,Basic,37.48,11,0,2,Card,1,0.65,0
C104519,14,Month-to-month,Standard,41.64,13,0,0,Card,0,0.35,0
C104520,28,Month-to-month,Standard,54.72,5,2,1,Card,0,0.61,0
C104521,56,One year,Premium,68.16,13,2,0,Card,1,0.24,0
C104522,32,Month-to-month,Premium,76.44,11,1,1,Cash,0,0.41,1
C104523,5,Two year,Premium,77.31,16,0,0,Bank transfer,0,0.44,0
C104524,49,Month-to-month,Basic,30.37,9,1,2,Card,1,0.66,0
C104525,28,Month-to-month,Standard,45.02,14,1,0,Bank transfer,1,0.55,0
C104526,53,Month-to-month,Basic,21.08,14,0,2,Bank transfer,0,0.29,0
C104527,14,Month-to-month,Standard,45.69,5,0,0,Card,1,0.06,1
C104528,44,Month-to-month,Basic,16.0,12,3,0,Bank transfer,1,0.61,0
C104529,62,Month-to-month,Standard,29.81,9,3,0,Bank transfer,1,0.71,0
C104530,17,Month-to-month,Basic,15.61,7,1,1,Bank transfer,0,0.49,0
C104531,6,Two year,Basic,34.63,12,1,0,Bank transfer,0,0.52,0
C104532,35,Two year,Premium,80.14,13,1,0,Cash,1,0.6,0
C104533,25,One year,Premium,86.31,22,0,0,Bank transfer,0,0.25,0
C104534,45,One year,Premium,78.05,9,2,0,Card,1,0.46,0
C104535,62,Two year,Standard,36.1,13,0,0,Card,0,0.23,0
C104536,67,Two year,Standard,38.99,17,1,1,Bank transfer,0,0.49,0
C104537,50,Month-to-month,Basic,26.95,11,1,0,Wallet,0,0.3,0
C104538,68,Two year,Basic,19.96,16,0,2,Card,1,0.85,0
C104539,51,Month-to-month,Standard,39.25,14,1,1,Card,0,0.1,0
C104540,68,Month-to-month,Premium,68.43,8,1,0,Card,0,0.48,0
C104541,72,One year,Standard,40.39,16,2,0,Wallet,1,0.16,0
C104542,14,Month-to-month,Standard,33.41,6,1,0,Bank transfer,0,0.52,0
C104543,2,Two year,Premium,77.61,13,1,0,Card,1,0.54,0
C104544,1,Two year,Standard,40.64,13,2,0,Wallet,1,0.61,0
C104545,48,Month-to-month,Basic,32.73,16,1,3,Bank transfer,0,0.48,1
C104546,27,One year,Premium,85.12,13,0,1,Wallet,1,0.42,1
C104547,54,Two year,Basic,24.62,14,0,0,Card,0,0.48,0
C104548,63,Month-to-month,Standard,51.4,11,0,1,Card,1,0.03,0
C104549,54,Month-to-month,Basic,31.73,17,1,1,Wallet,0,0.24,0
C104550,30,One year,Basic,26.31,17,2,1,Card,0,0.28,0
C104551,52,One year,Premium,73.95,13,1,0,Card,0,0.03,0
C104552,50,One year,Standard,52.83,11,3,0,Card,1,0.3,0
C104553,6,One year,Standard,49.06,16,2,0,Wallet,0,0.4,0
C104554,4,Two year,Basic,23.93,8,1,1,Card,1,0.6,0
C104555,7,Month-to-month,Premium,71.98,14,0,2,Card,0,0.82,1
C104556,39,Month-to-month,Standard,45.06,14,2,0,Card,0,0.57,0
C104557,56,Month-to-month,Basic,,13,3,0,Bank transfer,0,0.66,1
C104558,60,Month-to-month,Standard,49.22,7,2,0,Card,1,0.72,0
C104559,45,Month-to-month,Basic,21.44,8,1,0,Wallet,1,0.55,0
C104560,69,Two year,Premium,74.12,17,1,0,Bank transfer,0,0.68,0
C104561,19,Month-to-month,Standard,46.04,11,4,0,Wallet,0,0.62,0
C104562,18,One year,Basic,22.54,14,1,1,Card,0,0.8,0
C104563,1,Month-to-month,Basic,24.51,12,3,0,Cash,1,0.31,1
C104564,10,Two year,Basic,19.11,12,0,0,Bank transfer,0,0.41,0
C104565,39,Month-to-month,Basic,20.14,4,1,0,Wallet,1,0.09,1
C104566,56,Month-to-month,Standard,46.78,15,1,0,Bank transfer,1,0.52,0
C104567,7,Month-to-month,Basic,26.48,16,0,1,Card,0,0.69,0
C104568,60,Month-to-month,Standard,43.19,11,3,0,Card,1,0.44,0
C104569,54,Month-to-month,Premium,88.18,12,4,1,Wallet,1,0.11,1
C104570,10,Month-to-month,Standard,44.02,8,0,1,Card,0,0.56,1
C104571,25,Month-to-month,Standard,49.29,10,1,2,Wallet,1,0.12,1
C104572,46,Month-to-month,Standard,46.74,10,2,1,Wallet,0,0.61,1
C104573,59,Two year,Basic,22.19,8,1,0,Card,0,0.26,0
C104574,59,Month-to-month,Basic,29.19,14,1,1,Card,0,0.56,0
C104575,7,Month-to-month,Standard,51.7,10,0,1,Bank transfer,1,0.7,0
C104576,5,One year,Premium,75.13,11,2,1,Wallet,0,0.66,0
C104577,36,Month-to-month,Standard,48.09,14,0,1,Card,0,0.67,0
C104578,17,One year,Basic,42.23,19,0,0,Card,0,0.39,0
C104579,8,Month-to-month,Basic,19.72,14,2,0,Wallet,0,0.07,0
C104580,33,Month-to-month,Standard,43.83,12,2,2,Card,0,0.32,1
C104581,57,One year,Standard,48.53,15,3,0,Card,0,0.81,0
C104582,39,Month-to-month,Basic,25.08,7,3,1,Bank transfer,0,0.31,1
C104583,41,Two year,Standard,40.15,10,1,1,Cash,0,0.69,0
C104584,45,Month-to-month,Standard,42.16,11,2,0,Cash,0,0.71,0
C104585,17,Month-to-month,Standard,43.68,13,1,0,Cash,0,0.53,1
C104586,48,Month-to-month,Standard,43.44,20,1,3,Card,0,0.53,1
C104587,70,Month-to-month,Standard,45.4,13,2,0,Card,0,0.36,1
C104588,7,Month-to-month,Premium,84.66,8,0,0,Card,1,0.55,0
C104589,50,Month-to-month,Basic,26.45,14,1,1,Cash,0,0.43,1
C104590,30,Month-to-month,Standard,42.82,8,1,0,Card,0,0.86,0
C104591,25,Two year,Premium,79.26,10,0,1,Card,0,0.29,0
C104592,11,Month-to-month,Standard,48.99,16,1,1,Card,0,0.64,0
C104593,62,Two year,Premium,68.66,14,1,0,Bank transfer,0,0.39,0
C104594,32,Month-to-month,Basic,21.43,10,2,1,Card,0,0.21,0
C104595,28,Month-to-month,Standard,38.51,24,2,0,Wallet,0,0.82,0
C104596,70,Two year,Premium,77.11,11,0,0,Card,0,0.11,0
C104597,68,One year,Standard,50.29,12,2,0,Card,1,0.14,0
C104598,7,Two year,Basic,23.77,9,2,0,Bank transfer,1,0.32,0
C104599,22,Month-to-month,Standard,52.55,9,1,1,Card,0,0.23,0
C104600,22,Month-to-month,Premium,71.66,11,3,0,Cash,1,0.51,1
C104601,71,One year,Basic,23.19,17,0,0,Cash,0,0.24,0
C104602,2,One year,Premium,74.7,13,0,2,Bank transfer,0,0.39,1
C104603,5,Month-to-month,Standard,46.22,7,0,0,Cash,0,0.62,0
C104604,61,Month-to-month,Standard,55.1,21,2,1,Wallet,0,0.4,1
C104605,53,Two year,Standard,38.43,10,2,0,Wallet,0,0.05,0
C104606,31,One year,Premium,78.5,11,1,1,Wallet,0,0.67,0
C104607,21,Two year,Basic,25.59,23,0,0,Card,0,0.5,0
C104608,1,Month-to-month,Basic,32.21,11,2,0,Wallet,0,0.06,1
C104609,31,Two year,Standard,37.1,11,1,0,Cash,0,0.91,0
C104610,40,Month-to-month,Basic,18.16,15,1,0,Bank transfer,0,0.34,0
C104611,46,Month-to-month,Basic,35.37,7,2,0,Bank transfer,1,0.29,0
C104612,25,Month-to-month,Basic,32.69,9,0,0,Card,0,0.35,1
C104613,4,Month-to-month,Premium,81.61,6,0,0,Card,1,0.64,1
C104614,19,Month-to-month,Standard,44.39,9,0,0,Bank transfer,1,0.34,1
C104615,17,Two year,Basic,31.51,22,0,1,Bank transfer,0,0.81,0
C104616,70,Two year,Basic,25.2,14,0,2,Card,1,0.68,0
C104617,8,Month-to-month,Basic,18.6,10,1,1,Bank transfer,0,0.41,1
C104618,59,One year,Standard,44.31,15,1,1,Wallet,0,0.09,0
C104619,54,Two year,Basic,23.53,8,1,1,Card,0,0.37,0
C104620,34,Month-to-month,Premium,68.89,10,1,0,Cash,0,0.64,0
C104621,16,Month-to-month,Standard,41.68,9,7,0,Card,0,0.35,1
C104622,8,Month-to-month,Basic,20.95,16,0,0,Card,0,0.5,0
C104623,36,Month-to-month,Premium,78.26,11,2,1,Card,0,0.18,1
C104624,57,Month-to-month,Standard,50.97,6,0,0,Bank transfer,0,0.73,0
C104625,24,Two year,Basic,31.82,16,3,2,Card,0,0.55,0
C104626,57,Month-to-month,Premium,81.71,15,1,2,Wallet,1,0.41,1
C104627,18,Month-to-month,Standard,38.72,13,0,0,Card,0,0.69,0
C104628,22,Two year,Standard,48.56,14,0,0,Wallet,0,0.68,0
C104629,68,Month-to-month,Standard,50.0,9,0,1,Wallet,0,0.5,0
C104630,43,Month-to-month,Standard,47.6,22,0,1,Card,0,0.53,1
C104631,37,One year,Premium,69.46,11,1,2,Card,0,0.35,0
C104632,41,Month-to-month,Standard,27.64,20,0,0,Wallet,1,0.46,0
C104633,47,Two year,Premium,76.06,16,0,1,Card,0,0.87,0
C104634,41,Month-to-month,Standard,40.13,11,1,1,Bank transfer,0,0.55,1
C104635,51,Month-to-month,Basic,30.5,16,0,1,Card,0,0.36,0
C104636,17,Month-to-month,Standard,36.26,10,1,0,Wallet,1,0.21,0
C104637,60,Two year,Premium,78.39,15,1,0,Bank transfer,0,0.28,0
C104638,1,Month-to-month,Basic,22.5,7,2,0,Wallet,0,0.58,1
C104639,19,Two year,Basic,17.14,19,0,1,Card,0,0.31,0
C104640,23,Month-to-month,Basic,22.4,10,1,0,Card,1,0.44,0
C104641,6,Two year,Basic,24.19,10,2,0,Wallet,1,0.82,0
C104642,59,Month-to-month,Basic,30.09,12,3,0,Card,0,0.61,0
C104643,34,Two year,Standard,,15,3,1,Cash,1,0.21,0
C104644,52,Two year,Standard,52.53,20,0,0,Card,0,0.13,0
C104645,13,One year,Standard,49.64,11,0,1,Card,1,0.54,0
C104646,72,Month-to-month,Premium,72.35,7,3,0,Bank transfer,0,0.62,0
C104647,2,Two year,Basic,22.46,9,2,2,Card,1,0.8,0
C104648,47,Two year,Premium,76.05,13,3,0,Bank transfer,0,0.89,0
C104649,67,Month-to-month,Premium,73.01,12,1,0,Card,0,0.7,0
C104650,63,Two year,Basic,,12,1,1,Card,0,0.59,0
C104651,46,Month-to-month,Basic,15.0,6,0,1,Card,1,0.74,1
C104652,71,Month-to-month,Basic,29.65,18,0,0,Wallet,0,0.55,0
C104653,30,Month-to-month,Standard,45.77,16,2,0,Bank transfer,1,0.25,0
C104654,26,One year,Standard,56.93,10,1,0,Bank transfer,0,0.11,0
C104655,10,Month-to-month,Basic,22.02,12,3,1,Cash,0,0.72,1
C104656,51,Month-to-month,Standard,51.33,9,1,0,Bank transfer,0,0.61,0
C104657,55,Month-to-month,Basic,25.97,9,1,0,Cash,0,0.89,1
C104658,5,Two year,Premium,78.0,12,3,0,Bank transfer,0,0.69,0
C104659,39,Month-to-month,Standard,45.49,8,1,0,Wallet,1,0.53,0
C104660,45,One year,Basic,31.71,20,0,0,Card,0,0.64,0
C104661,13,Month-to-month,Basic,28.17,13,0,0,Bank transfer,0,0.47,1
C104662,37,Month-to-month,Standard,42.24,7,0,1,Wallet,0,0.75,0
C104663,71,Month-to-month,Basic,24.45,13,2,2,Wallet,0,0.59,0
C104664,58,Month-to-month,Standard,43.69,14,0,0,Wallet,0,0.21,0
C104665,69,Month-to-month,Standard,45.56,15,0,0,Card,0,0.6,0
C104666,39,One year,Basic,26.43,14,1,1,Bank transfer,0,0.37,0
C104667,67,Month-to-month,Premium,72.5,8,0,0,Card,0,0.63,0
C104668,70,One year,Standard,41.61,23,2,0,Card,1,0.14,0
C104669,60,Month-to-month,Standard,45.02,11,1,2,Wallet,0,0.87,0
C104670,32,Two year,Standard,34.42,12,2,0,Bank transfer,0,0.22,0
C104671,39,Month-to-month,Standard,47.51,2,0,1,Card,0,0.14,1
C104672,34,Month-to-month,Standard,47.31,7,1,2,Card,1,0.41,0
C104673,22,One year,Standard,26.43,8,0,0,Card,1,0.74,0
C104674,41,Month-to-month,Standard,38.5,8,0,2,Bank transfer,1,0.55,0
C104675,47,Month-to-month,Basic,24.94,9,2,1,Cash,0,0.84,0
C104676,61,Month-to-month,Standard,31.55,18,2,1,Wallet,1,0.22,0
C104677,11,One year,Basic,27.69,14,1,0,Bank transfer,0,0.73,1
C104678,37,Two year,Standard,50.98,17,0,0,Bank transfer,1,0.4,0
C104679,45,Month-to-month,Premium,77.9,4,1,1,Card,1,0.84,0
C104680,45,One year,Premium,80.72,16,2,0,Card,0,0.7,0
C104681,5,Month-to-month,Premium,74.43,6,2,0,Wallet,0,0.14,1
C104682,53,Two year,Standard,50.18,14,1,0,Bank transfer,0,0.8,0
C104683,1,One year,Premium,79.26,9,0,0,Wallet,0,0.7,0
C104684,47,Two year,Premium,74.29,15,0,3,Card,0,0.89,0
C104685,52,Month-to-month,Standard,45.57,5,3,0,Wallet,0,0.4,1
C104686,22,Month-to-month,Standard,35.05,8,1,0,Wallet,0,0.22,1
C104687,25,One year,Basic,16.93,13,0,0,Card,0,0.46,0
C104688,21,Month-to-month,Standard,51.11,12,2,0,Card,0,0.24,1
C104689,51,Two year,Basic,31.28,25,0,1,Cash,0,0.82,0
C104690,16,One year,Premium,70.12,12,0,0,Card,0,0.48,0
C104691,57,One year,Basic,15.84,20,1,1,Bank transfer,1,0.43,0
C104692,22,Month-to-month,Basic,15.0,8,1,0,Card,0,0.42,0
C104693,61,One year,Standard,51.98,15,2,0,Cash,0,0.66,0
C104694,70,One year,Standard,47.09,11,1,0,Wallet,0,0.31,0
C104695,45,Month-to-month,Standard,56.51,12,5,0,Card,0,0.24,0
C104696,2,Month-to-month,Standard,52.66,6,0,1,Wallet,0,0.62,1
C104697,61,Two year,Basic,37.24,10,1,0,Card,1,0.61,0
C104698,55,Month-to-month,Standard,50.03,13,1,1,Wallet,0,0.76,0
C104699,48,Month-to-month,Standard,41.65,11,1,3,Card,0,0.52,1
C104700,65,Month-to-month,Basic,22.98,12,1,1,Cash,1,0.58,0
C104701,67,One year,Premium,81.71,11,3,0,Card,1,0.15,0
C104702,33,Month-to-month,Standard,36.45,5,1,1,Wallet,0,0.46,1
C104703,65,Month-to-month,Standard,48.44,13,0,0,Wallet,1,0.23,0
C104704,38,One year,Standard,42.53,13,1,0,Card,0,0.45,0
C104705,4,Two year,Basic,32.76,16,2,1,Wallet,0,0.7,0
C104706,38,One year,Basic,21.67,13,0,0,Bank transfer,0,0.29,0
C104707,20,Two year,Premium,70.6,17,0,0,Cash,0,0.6,1
C104708,53,Month-to-month,Standard,50.77,10,0,0,Wallet,0,0.46,0
C104709,28,Month-to-month,Standard,25.64,11,0,0,Card,0,0.49,0
C104710,53,Month-to-month,Basic,31.42,11,3,0,Bank transfer,0,0.67,0
C104711,19,Month-to-month,Standard,46.77,9,1,0,Wallet,0,0.35,0
C104712,61,Month-to-month,Standard,41.4,8,1,0,Wallet,0,0.42,0
C104713,13,One year,Standard,49.0,10,4,0,Bank transfer,0,0.46,1
C104714,15,Month-to-month,Premium,72.09,13,0,1,Bank transfer,1,0.22,1
C104715,63,Month-to-month,Basic,28.77,12,2,2,Card,1,0.57,0
C104716,53,Month-to-month,Basic,25.55,13,0,0,Bank transfer,0,0.58,0
C104717,2,Two year,Premium,79.56,10,2,3,Card,0,0.71,1
C104718,33,Month-to-month,Basic,19.26,10,0,0,Card,1,0.23,0
C104719,14,One year,Basic,20.94,13,2,0,Bank transfer,0,0.21,0
C104720,64,Month-to-month,Standard,56.1,5,1,0,Card,0,0.42,1
C104721,55,Two year,Basic,26.85,18,0,0,Cash,1,0.84,0
C104722,56,Month-to-month,Standard,43.9,12,0,0,Bank transfer,0,0.59,0
C104723,17,Month-to-month,Basic,19.54,17,2,0,Card,0,0.79,1
C104724,53,Month-to-month,Premium,71.85,8,3,1,Bank transfer,0,0.35,1
C104725,19,Month-to-month,Standard,46.4,15,4,1,Wallet,0,0.65,1
C104726,44,Month-to-month,Standard,37.7,12,2,1,Card,0,0.64,1
C104727,70,Month-to-month,Standard,44.72,11,0,0,Bank transfer,1,0.53,0
C104728,58,Month-to-month,Premium,73.42,7,2,0,Cash,0,0.52,1
C104729,55,One year,Basic,15.0,14,1,1,Bank transfer,1,0.26,0
C104730,12,Month-to-month,Basic,25.03,13,2,0,Bank transfer,0,0.37,0
C104731,33,One year,Standard,52.34,12,0,0,Wallet,0,0.72,0
C104732,42,One year,Standard,42.36,19,3,0,Cash,0,0.31,0
C104733,10,Month-to-month,Basic,,9,5,0,Card,0,0.29,1
C104734,46,Month-to-month,Standard,46.53,10,1,0,Card,1,0.16,0
C104735,20,Month-to-month,Standard,41.34,16,1,0,Card,0,0.09,1
C104736,72,Two year,Premium,64.47,17,0,0,Card,0,0.34,0
C104737,71,Month-to-month,Premium,75.15,11,1,0,Card,0,0.2,0
C104738,38,Month-to-month,Basic,22.28,11,1,0,Card,0,0.44,0
C104739,57,Month-to-month,Standard,41.08,15,2,0,Card,0,0.27,1
C104740,69,Month-to-month,Standard,53.32,6,2,0,Bank transfer,1,0.52,0
C104741,6,One year,Basic,25.63,17,0,0,Bank transfer,1,0.81,0
C104742,15,One year,Premium,70.48,15,1,0,Bank transfer,0,0.33,1
C104743,51,One year,Standard,40.83,20,1,1,Card,0,0.41,0
C104744,14,One year,Basic,34.55,18,1,1,Bank transfer,0,0.46,0
C104745,28,Month-to-month,Premium,79.84,6,0,0,Bank transfer,1,0.45,0
C104746,65,Month-to-month,Standard,34.26,14,2,0,Wallet,0,0.43,0
C104747,52,Month-to-month,Basic,28.61,12,1,0,Wallet,1,0.23,0
C104748,33,Month-to-month,Premium,71.97,11,2,1,Card,1,0.77,1
C104749,22,One year,Premium,,12,1,1,Bank transfer,0,0.78,0
C104750,31,One year,Basic,31.73,12,0,1,Wallet,1,0.72,0
C104751,10,Month-to-month,Premium,79.28,15,4,2,Card,0,0.6,1
C104752,61,Month-to-month,Basic,19.86,12,0,1,Card,0,0.34,0
C104753,2,Month-to-month,Standard,44.86,15,0,0,Bank transfer,1,0.61,0
C104754,10,One year,Standard,48.81,18,2,0,Card,0,0.61,0
C104755,22,One year,Premium,74.25,9,1,0,Wallet,0,0.59,1
C104756,29,Month-to-month,Premium,77.47,15,1,0,Cash,1,0.3,0
C104757,62,Month-to-month,Basic,20.77,9,0,0,Bank transfer,0,0.41,0
C104758,54,Month-to-month,Standard,52.75,8,2,1,Bank transfer,0,0.54,1
C104759,65,Month-to-month,Premium,83.72,13,0,0,Wallet,0,0.5,0
C104760,50,One year,Standard,41.0,10,2,0,Card,0,0.61,0
C104761,50,Month-to-month,Basic,16.42,10,0,0,Wallet,0,0.39,0
C104762,16,Two year,Standard,42.13,24,2,1,Bank transfer,0,0.3,0
C104763,54,Two year,Basic,30.19,13,0,0,Card,0,0.24,0
C104764,31,Two year,Basic,26.22,11,0,0,Card,0,0.26,0
C104765,15,Month-to-month,Premium,74.64,16,1,1,Bank transfer,0,0.58,1
C104766,61,Two year,Premium,76.07,15,1,3,Card,1,0.17,0
C104767,26,Month-to-month,Premium,66.07,8,0,0,Card,0,0.16,1
C104768,70,One year,Basic,24.71,21,0,0,Wallet,1,0.35,0
C104769,65,Month-to-month,Standard,44.35,12,1,0,Card,1,0.57,0
C104770,60,Two year,Standard,41.16,18,1,1,Bank transfer,0,0.57,0
C104771,72,Month-to-month,Standard,49.74,7,1,2,Card,0,0.53,0
C104772,21,One year,Basic,21.02,11,1,1,Card,0,0.2,0
C104773,32,Month-to-month,Basic,21.12,5,0,2,Bank transfer,0,0.55,1
C104774,15,Month-to-month,Premium,79.19,11,1,2,Wallet,0,0.59,1
C104775,56,One year,Standard,48.79,11,0,0,Bank transfer,0,0.39,0
C104776,29,Month-to-month,Standard,45.41,12,1,0,Bank transfer,0,0.82,1
C104777,68,One year,Standard,46.37,15,0,0,Card,1,0.36,0
C104778,12,Month-to-month,Basic,27.33,15,0,3,Card,0,0.36,0
C104779,72,Month-to-month,Standard,47.01,8,0,0,Cash,0,0.44,0
C104780,14,Month-to-month,Premium,69.08,7,3,1,Card,0,0.76,1
C104781,22,Month-to-month,Premium,80.01,16,1,0,Bank transfer,1,0.3,0
C104782,70,Month-to-month,Basic,37.12,11,1,0,Card,1,0.66,0
C104783,48,One year,Premium,77.31,15,2,0,Card,1,0.79,0
C104784,34,One year,Standard,43.4,13,0,2,Card,1,0.85,0
C104785,29,Two year,Standard,52.06,13,1,0,Wallet,1,0.2,0
C104786,21,Two year,Basic,28.77,11,5,0,Cash,0,0.54,1
C104787,34,Month-to-month,Premium,70.47,8,1,0,Card,1,0.62,1
C104788,16,One year,Standard,44.41,15,2,0,Bank transfer,0,0.69,0
C104789,34,One year,Premium,71.53,23,4,1,Card,1,0.97,0
C104790,41,Month-to-month,Basic,31.17,1,1,0,Wallet,0,0.45,0
C104791,21,One year,Standard,37.09,18,0,1,Card,0,0.3,0
C104792,26,Month-to-month,Basic,32.55,11,0,0,Wallet,0,0.66,0
C104793,2,Month-to-month,Standard,40.91,5,1,1,Card,0,0.21,1
C104794,64,One year,Basic,26.79,13,3,1,Bank transfer,0,0.31,0
C104795,56,Month-to-month,Standard,42.37,7,1,1,Card,1,0.61,1
C104796,72,Month-to-month,Basic,27.3,12,0,0,Bank transfer,0,0.25,0
C104797,51,Two year,Standard,51.99,14,0,0,Card,0,0.32,0
C104798,72,Month-to-month,Basic,28.78,14,1,0,Wallet,0,0.33,1
C104799,61,One year,Standard,37.67,10,2,0,Card,1,0.61,0
C104800,14,Month-to-month,Basic,23.44,9,1,1,Card,0,0.81,0
C104801,12,Two year,Basic,25.81,12,1,1,Card,0,0.37,0
C104802,48,Two year,Basic,36.33,8,0,0,Bank transfer,1,0.66,0
C104803,18,One year,Premium,71.91,14,1,1,Card,0,0.29,0
C104804,54,Two year,Basic,22.58,11,0,0,Card,0,0.55,0
C104805,43,One year,Basic,20.33,20,1,0,Card,0,0.51,0
C104806,71,One year,Premium,74.68,15,1,0,Card,0,0.58,0
C104807,68,One year,Standard,48.98,12,2,0,Wallet,0,0.71,0
C104808,60,Two year,Premium,69.03,23,1,0,Card,0,0.34,0
C104809,34,Month-to-month,Basic,33.46,14,2,0,Wallet,0,0.37,1
C104810,50,One year,Basic,32.6,22,1,0,Cash,0,0.07,0
C104811,15,Month-to-month,Standard,49.85,9,1,1,Bank transfer,0,0.54,1
C104812,67,Month-to-month,Basic,28.76,16,2,0,Bank transfer,0,0.37,0
C104813,43,Month-to-month,Basic,39.74,12,2,0,Card,1,0.07,1
C104814,45,One year,Standard,38.62,14,1,1,Cash,1,0.7,0
C104815,69,One year,Standard,41.68,10,1,0,Bank transfer,0,0.79,0
C104816,33,Two year,Basic,37.98,12,1,2,Bank transfer,1,0.21,0
C104817,63,Two year,Basic,17.6,12,1,0,Bank transfer,0,0.44,0
C104818,54,Month-to-month,Standard,46.89,20,1,0,Bank transfer,0,0.92,0
C104819,65,Month-to-month,Standard,43.96,16,1,1,Wallet,0,0.48,0
C104820,11,Month-to-month,Premium,69.36,6,0,0,Bank transfer,0,0.47,0
C104821,30,One year,Standard,39.28,14,2,0,Wallet,0,0.72,0
C104822,44,Month-to-month,Basic,23.71,11,0,1,Card,0,0.21,1
C104823,19,Two year,Premium,76.63,9,2,0,Cash,0,0.42,0
C104824,27,Month-to-month,Basic,27.97,11,1,0,Bank transfer,0,0.69,0
C104825,63,Two year,Premium,78.58,10,1,0,Card,1,0.13,0
C104826,64,One year,Premium,75.42,17,2,0,Card,1,0.61,0
C104827,57,One year,Standard,45.19,16,2,1,Card,0,0.53,0
C104828,17,One year,Standard,48.69,8,4,1,Card,0,0.37,1
C104829,62,Two year,Basic,21.17,8,3,1,Bank transfer,0,0.42,0
C104830,7,Month-to-month,Standard,36.98,11,1,1,Bank transfer,0,0.12,0
C104831,29,Two year,Basic,30.05,15,2,0,Card,0,0.63,0
C104832,7,Two year,Premium,62.45,16,4,1,Card,0,0.08,1
C104833,21,One year,Standard,48.37,14,0,1,Card,0,0.32,0
C104834,57,One year,Standard,52.7,16,1,1,Card,1,0.53,0
C104835,18,Month-to-month,Premium,67.46,9,0,1,Bank transfer,1,0.42,1
C104836,36,Month-to-month,Premium,61.53,20,1,0,Card,0,0.52,0
C104837,63,One year,Basic,19.84,11,2,0,Bank transfer,0,0.48,0
C104838,20,Month-to-month,Premium,76.84,10,1,0,Wallet,0,0.52,1
C104839,67,Month-to-month,Premium,69.15,10,1,0,Bank transfer,0,0.68,0
C104840,42,Two year,Basic,31.22,13,2,0,Card,1,0.56,0
C104841,27,Two year,Standard,48.87,12,0,1,Card,0,0.54,0
C104842,46,Month-to-month,Standard,39.01,10,3,1,Card,1,0.48,1
C104843,63,Month-to-month,Standard,,12,0,0,Bank transfer,0,0.37,0
C104844,24,One year,Standard,36.29,7,0,0,Bank transfer,0,0.28,0
C104845,28,Two year,Standard,42.25,14,2,1,Cash,0,0.04,0
C104846,6,One year,Standard,46.36,12,0,1,Card,0,0.37,0
C104847,33,One year,Standard,53.0,19,2,1,Cash,0,0.05,0
C104848,24,Two year,Standard,49.76,17,0,0,Bank transfer,0,0.76,0
C104849,41,Month-to-month,Basic,34.04,9,0,0,Bank transfer,0,0.05,0
C104850,45,One year,Basic,16.22,11,1,2,Card,0,0.56,0
C104851,16,Two year,Standard,64.4,13,2,1,Bank transfer,0,0.18,0
C104852,25,Two year,Standard,39.65,16,4,1,Card,0,0.39,0
C104853,20,Two year,Standard,46.66,20,0,2,Wallet,0,0.61,0
C104854,7,Month-to-month,Basic,34.45,7,1,1,Card,0,0.64,1
C104855,20,One year,Basic,28.1,12,1,1,Bank transfer,1,0.88,0
C104856,50,Month-to-month,Standard,52.29,10,1,0,Wallet,0,0.59,0
C104857,19,Two year,Standard,37.56,12,0,1,Wallet,0,0.49,0
C104858,30,One year,Standard,38.17,13,1,0,Cash,1,0.63,0
C104859,38,Month-to-month,Premium,72.3,14,1,0,Bank transfer,0,0.72,0
C104860,1,One year,Standard,41.56,14,2,0,Card,1,0.9,0
C104861,8,Month-to-month,Basic,25.66,8,1,1,Card,0,0.4,0
C104862,4,Two year,Basic,23.01,13,0,0,Card,1,0.41,0
C104863,57,One year,Standard,37.92,7,2,1,Card,0,0.5,0
C104864,22,Month-to-month,Premium,76.32,7,0,2,Wallet,0,0.18,1
C104865,13,Month-to-month,Basic,16.46,10,2,0,Card,0,0.33,0
C104866,13,Month-to-month,Standard,40.76,11,1,1,Bank transfer,0,0.36,1
C104867,32,Month-to-month,Basic,26.9,10,0,0,Cash,0,0.64,0
C104868,8,Month-to-month,Basic,19.53,14,3,0,Cash,0,0.8,1
C104869,47,Month-to-month,Standard,44.86,10,2,1,Bank transfer,0,0.41,0
C104870,51,Month-to-month,Standard,48.93,7,1,1,Cash,1,0.58,1
C104871,10,Month-to-month,Standard,53.97,14,2,0,Card,0,0.33,1
C104872,71,Month-to-month,Premium,82.26,16,1,0,Cash,0,0.68,1
C104873,30,Month-to-month,Basic,30.34,10,0,2,Card,1,0.55,1
C104874,61,Month-to-month,Basic,27.98,10,6,0,Cash,0,0.73,1
C104875,41,Month-to-month,Basic,17.34,14,3,1,Card,0,0.17,1
C104876,63,Month-to-month,Basic,19.78,10,3,0,Bank transfer,0,0.72,0
C104877,40,Month-to-month,Standard,39.67,17,0,0,Card,0,0.45,0
C104878,23,One year,Basic,21.66,12,3,1,Card,0,0.45,0
C104879,65,Two year,Standard,44.13,19,2,0,Bank transfer,0,0.49,0
C104880,65,One year,Basic,19.17,13,0,0,Wallet,0,0.3,0
C104881,57,Month-to-month,Basic,22.3,16,3,0,Card,0,0.5,0
C104882,49,Two year,Standard,51.72,10,6,0,Bank transfer,0,0.27,0
C104883,9,Two year,Basic,22.28,9,0,0,Bank transfer,0,0.03,0
C104884,56,Two year,Standard,33.2,12,0,1,Card,0,0.76,0
C104885,60,One year,Basic,23.22,15,2,1,Card,0,0.21,0
C104886,47,Month-to-month,Premium,74.05,12,1,0,Wallet,0,0.73,0
C104887,40,Month-to-month,Premium,72.75,10,0,0,Bank transfer,1,0.4,1
C104888,48,Month-to-month,Basic,37.91,10,1,0,Wallet,0,0.6,0
C104889,49,Month-to-month,Premium,80.57,17,4,1,Wallet,1,0.7,1
C104890,8,Month-to-month,Standard,55.22,16,1,0,Bank transfer,1,0.54,0
C104891,12,Month-to-month,Standard,41.21,8,1,1,Bank transfer,1,0.51,0
C104892,21,Two year,Premium,79.53,16,1,2,Card,1,0.46,0
C104893,34,One year,Standard,46.43,21,1,0,Bank transfer,0,0.71,0
C104894,29,Two year,Standard,44.4,19,0,0,Wallet,0,0.37,0
C104895,51,Month-to-month,Basic,19.85,12,1,0,Bank transfer,1,0.9,0
C104896,44,One year,Standard,46.22,18,3,0,Wallet,1,0.57,0
C104897,58,Two year,Basic,15.0,14,2,0,Card,0,0.07,0
C104898,16,Month-to-month,Standard,50.72,6,0,0,Bank transfer,0,0.45,0
C104899,59,Month-to-month,Standard,61.78,13,0,0,Card,1,0.15,0
C104900,17,Month-to-month,Standard,53.92,14,0,2,Bank transfer,0,0.06,0
C104901,16,One year,Standard,32.2,14,1,0,Bank transfer,0,0.23,0
C104902,66,Month-to-month,Basic,26.06,11,0,1,Card,1,0.63,0
C104903,60,Month-to-month,Standard,40.33,9,0,0,Bank transfer,1,0.73,0
C104904,8,One year,Standard,41.16,15,4,0,Cash,1,0.55,1
C104905,41,Two year,Standard,43.25,13,3,1,Card,0,0.55,0
C104906,69,Month-to-month,Basic,32.0,8,1,1,Bank transfer,0,0.59,0
C104907,49,Two year,Basic,29.3,11,1,2,Bank transfer,0,0.29,0
C104908,41,Month-to-month,Standard,39.79,9,1,0,Cash,1,0.4,0
C104909,62,One year,Basic,28.27,11,1,0,Bank transfer,0,0.46,0
C104910,43,Month-to-month,Premium,75.81,9,1,0,Bank transfer,1,0.3,0
C104911,30,Month-to-month,Premium,87.2,16,1,1,Cash,0,0.6,0
C104912,66,Month-to-month,Standard,35.98,7,1,0,Wallet,0,0.39,0
C104913,67,Month-to-month,Basic,24.15,10,0,1,Wallet,0,0.3,0
C104914,67,Month-to-month,Basic,19.13,9,0,1,Card,0,0.27,0
C104915,64,Two year,Basic,24.67,11,3,0,Bank transfer,0,0.5,0
C104916,19,Month-to-month,Standard,32.61,12,0,0,Card,0,0.54,1
C104917,59,Two year,Premium,69.23,15,0,0,Card,0,0.64,0
C104918,24,Month-to-month,Basic,24.18,11,0,0,Bank transfer,1,0.14,1
C104919,28,Two year,Basic,21.23,11,1,1,Card,0,0.51,0
C104920,42,Month-to-month,Standard,39.49,14,0,1,Bank transfer,0,0.32,0
C104921,39,Two year,Premium,74.08,11,1,1,Bank transfer,0,0.35,0
C104922,64,Month-to-month,Basic,,11,1,0,Cash,1,0.37,0
C104923,13,Month-to-month,Basic,19.22,19,1,1,Card,1,0.23,0
C104924,44,Month-to-month,Standard,43.34,10,1,1,Bank transfer,1,0.38,0
C104925,55,Month-to-month,Basic,24.97,11,0,0,Card,1,0.11,0
C104926,32,Month-to-month,Basic,26.8,12,2,0,Wallet,0,0.17,1
C104927,65,One year,Standard,34.33,12,2,0,Bank transfer,1,0.62,0
C104928,55,Month-to-month,Basic,22.34,11,1,1,Bank transfer,1,0.74,0
C104929,12,Two year,Basic,31.92,12,1,1,Card,1,0.22,0
C104930,11,Month-to-month,Standard,36.1,5,1,2,Bank transfer,0,0.5,1
C104931,54,Two year,Premium,75.58,12,0,1,Card,0,0.16,0
C104932,28,Month-to-month,Basic,21.84,7,0,0,Wallet,1,0.89,0
C104933,50,Month-to-month,Basic,31.35,14,1,1,Card,0,0.41,0
C104934,55,Month-to-month,Basic,32.19,13,1,1,Card,0,0.66,1
C104935,3,Month-to-month,Basic,26.4,8,1,1,Card,0,0.66,1
C104936,51,Month-to-month,Basic,21.78,6,1,0,Card,1,0.47,0
C104937,67,Two year,Basic,15.26,8,2,1,Card,0,0.81,0
C104938,60,Month-to-month,Basic,21.61,12,0,2,Cash,0,0.23,1
C104939,35,Month-to-month,Standard,39.73,16,0,1,Cash,0,0.51,0
C104940,35,Month-to-month,Basic,25.03,11,0,1,Card,0,0.55,1
C104941,20,One year,Premium,84.12,12,1,2,Cash,0,0.14,0
C104942,36,Month-to-month,Standard,56.26,10,1,0,Card,0,0.43,0
C104943,3,Month-to-month,Premium,76.65,10,0,0,Wallet,1,0.71,0
C104944,14,Two year,Basic,25.56,13,0,0,Card,0,0.76,0
C104945,57,Month-to-month,Premium,74.02,10,0,0,Wallet,1,0.14,0
C104946,23,Month-to-month,Standard,46.61,10,0,0,Wallet,0,0.76,0
C104947,25,Month-to-month,Basic,23.6,9,0,0,Card,0,0.44,0
C104948,51,Two year,Premium,85.37,22,0,0,Wallet,0,0.44,0
C104949,37,Month-to-month,Standard,40.32,11,1,0,Bank transfer,0,0.51,1
C104950,33,Two year,Basic,25.53,16,1,1,Wallet,0,0.09,0
C104951,15,Month-to-month,Standard,41.14,10,0,0,Card,0,0.72,1
C104952,25,Month-to-month,Standard,50.51,14,0,1,Card,1,0.63,0
C104953,44,One year,Basic,35.67,14,0,0,Card,0,0.25,0
C104954,45,One year,Standard,48.83,11,0,0,Bank transfer,0,0.18,0
C104955,29,Month-to-month,Basic,26.04,11,2,0,Wallet,1,0.56,1
C104956,49,One year,Basic,25.19,9,0,1,Wallet,0,0.52,0
C104957,59,Month-to-month,Basic,28.33,11,1,0,Bank transfer,1,0.6,0
C104958,7,Two year,Premium,72.09,14,1,3,Wallet,0,0.71,0
C104959,48,One year,Premium,84.79,10,5,0,Card,0,0.36,0
C104960,52,Two year,Basic,35.47,16,0,0,Wallet,1,0.69,0
C104961,52,One year,Premium,80.96,14,0,1,Bank transfer,0,0.32,0
C104962,21,One year,Standard,49.81,11,0,0,Card,0,0.7,0
C104963,19,Two year,Standard,42.53,24,3,0,Wallet,1,0.69,0
C104964,32,One year,Basic,35.88,9,2,1,Card,0,0.26,0
C104965,5,Month-to-month,Basic,16.69,16,0,1,Card,0,0.41,1
C104966,22,One year,Standard,40.63,13,1,0,Wallet,0,0.07,0
C104967,64,Month-to-month,Basic,37.66,9,5,0,Wallet,1,0.21,0
C104968,61,One year,Premium,72.52,14,4,0,Card,0,0.61,0
C104969,68,Two year,Standard,40.13,15,2,1,Card,0,0.4,0
C104970,3,One year,Basic,15.13,12,2,2,Card,1,0.44,0
C104971,47,Two year,Standard,51.2,19,1,1,Cash,0,0.1,0
C104972,5,Month-to-month,Standard,52.13,14,2,1,Card,0,0.92,0
C104973,67,Month-to-month,Standard,46.29,6,1,0,Bank transfer,0,0.79,0
C104974,38,Month-to-month,Basic,15.31,4,2,0,Card,0,0.13,1
C104975,51,Month-to-month,Standard,44.53,7,2,1,Card,0,0.57,0
C104976,17,Month-to-month,Premium,70.37,14,1,1,Card,0,0.38,1
C104977,44,Month-to-month,Premium,80.46,11,0,1,Bank transfer,0,0.44,0
C104978,61,Month-to-month,Basic,33.82,8,2,1,Cash,0,0.53,0
C104979,31,One year,Standard,47.71,8,1,0,Card,0,0.09,1
C104980,58,One year,Standard,47.63,15,1,0,Bank transfer,0,0.22,0
C104981,26,One year,Basic,34.31,18,2,0,Wallet,0,0.57,0
C104982,17,One year,Standard,55.23,16,1,1,Bank transfer,0,0.33,0
C104983,36,Two year,Basic,18.01,7,0,1,Bank transfer,0,0.49,0
C104984,50,One year,Basic,27.8,11,3,0,Wallet,0,0.7,0
C104985,17,Month-to-month,Basic,,3,2,1,Bank transfer,0,0.94,0
C104986,38,Month-to-month,Standard,40.57,8,0,0,Card,0,0.5,0
C104987,31,Month-to-month,Basic,31.94,5,0,0,Bank transfer,1,0.3,0
C104988,62,Month-to-month,Basic,18.51,4,2,0,Bank transfer,1,0.51,0
C104989,37,Two year,Basic,24.16,23,0,0,Card,1,0.61,0
C104990,2,Month-to-month,Basic,32.57,11,2,0,Bank transfer,0,0.1,1
C104991,3,Two year,Standard,47.89,16,2,1,Card,0,0.37,0
C104992,37,Month-to-month,Premium,65.4,11,0,0,Card,0,0.55,0
C104993,29,Month-to-month,Premium,74.58,12,2,1,Card,1,0.13,0
C104994,5,Two year,Premium,73.83,11,6,1,Card,0,0.66,0
C104995,21,One year,Premium,69.82,7,0,0,Card,1,0.33,0
C104996,25,Two year,Premium,87.35,13,1,0,Bank transfer,1,0.38,0
C104997,46,Month-to-month,Basic,25.55,3,1,0,Card,1,0.41,0
C104998,15,Two year,Standard,45.53,13,3,0,Card,0,0.09,1
C104999,59,Month-to-month,Premium,81.36,16,1,0,Bank transfer,0,0.74,1
C105000,50,Month-to-month,Premium,76.21,13,0,0,Card,0,0.51,0
C105001,45,Month-to-month,Standard,37.4,7,1,1,Bank transfer,1,0.58,0
C105002,52,One year,Basic,25.29,8,0,0,Card,0,0.88,0
C105003,48,Two year,Basic,27.8,23,2,0,Wallet,1,0.72,0
C105004,8,Two year,Basic,26.24,13,2,0,Wallet,1,0.16,0
C105005,45,Two year,Premium,81.59,11,2,0,Bank transfer,0,0.85,0
C105006,15,Month-to-month,Premium,80.49,12,2,1,Bank transfer,1,0.4,1
C105007,19,Month-to-month,Standard,48.38,9,1,0,Wallet,1,0.8,0
C105008,57,Month-to-month,Basic,24.36,12,3,2,Bank transfer,0,0.74,1
C105009,28,Two year,Premium,75.58,17,1,0,Card,1,0.41,0
C105010,57,Month-to-month,Premium,86.84,17,5,0,Card,0,0.39,0
C105011,61,Month-to-month,Premium,65.56,8,0,1,Wallet,0,0.24,0
C105012,18,Month-to-month,Standard,52.05,15,0,0,Card,0,0.12,0
C105013,69,One year,Premium,78.03,15,1,0,Card,0,0.21,0
C105014,33,Two year,Basic,21.27,7,4,0,Cash,1,0.5,0
C105015,14,Two year,Basic,25.32,8,1,0,Bank transfer,0,0.79,0
C105016,21,One year,Premium,78.99,10,0,0,Wallet,0,0.35,0
C105017,1,Two year,Premium,67.08,8,0,0,Card,0,0.27,0
C105018,13,Two year,Basic,26.39,11,1,0,Card,1,0.5,0
C105019,70,Two year,Standard,48.84,11,0,0,Bank transfer,1,0.04,0
C105020,11,One year,Basic,20.12,12,1,0,Cash,0,0.25,0
C105021,62,Two year,Basic,26.2,19,2,0,Wallet,0,0.51,0
C105022,48,Two year,Premium,83.71,16,2,0,Card,0,0.37,0
C105023,44,Month-to-month,Premium,76.59,17,1,0,Wallet,0,0.35,1
C105024,64,Month-to-month,Basic,20.34,14,0,2,Cash,0,0.68,0
C105025,59,Two year,Standard,36.0,10,0,0,Bank transfer,0,0.73,0
C105026,38,One year,Standard,34.96,12,0,0,Cash,0,0.57,0
C105027,43,Month-to-month,Standard,51.26,11,0,0,Wallet,1,0.58,1
C105028,72,Two year,Standard,44.26,21,2,1,Card,0,0.55,0
C105029,66,Month-to-month,Standard,44.85,9,1,0,Wallet,0,0.85,0
C105030,25,Month-to-month,Basic,24.18,10,1,1,Card,0,0.31,0
C105031,18,Month-to-month,Premium,71.08,10,1,0,Bank transfer,1,0.26,1
C105032,3,Month-to-month,Standard,55.82,13,2,1,Cash,0,0.69,1
C105033,32,Month-to-month,Standard,,15,1,0,Bank transfer,0,0.09,1
C105034,45,Month-to-month,Basic,34.24,19,1,0,Wallet,1,0.76,0
C105035,49,Month-to-month,Basic,18.33,14,3,0,Card,1,0.24,0
C105036,72,Month-to-month,Standard,49.0,1,2,0,Cash,0,0.67,0
C105037,16,One year,Basic,,24,1,0,Bank transfer,0,0.5,0
C105038,36,Month-to-month,Standard,38.73,16,3,1,Cash,0,0.77,1
C105039,52,One year,Basic,20.28,15,0,0,Card,1,0.45,0
C105040,7,Two year,Standard,40.59,12,1,0,Card,0,0.3,0
C105041,19,Two year,Basic,31.47,15,0,0,Bank transfer,1,0.44,0
C105042,54,One year,Basic,26.77,7,1,3,Card,1,0.47,0
C105043,52,One year,Standard,41.23,15,3,1,Bank transfer,1,0.78,0
C105044,15,Month-to-month,Premium,79.57,16,0,0,Wallet,0,0.72,1
C105045,58,Two year,Standard,41.54,19,0,1,Card,0,0.87,0
C105046,63,One year,Basic,26.19,10,0,0,Card,0,0.05,0
C105047,31,Month-to-month,Standard,45.01,18,1,0,Card,0,0.27,0
C105048,24,One year,Basic,20.39,13,0,2,Card,0,0.72,0
C105049,72,Month-to-month,Premium,81.06,9,0,1,Bank transfer,0,0.62,0
C105050,19,Month-to-month,Standard,45.76,12,3,1,Card,0,0.23,1
C105051,46,Month-to-month,Standard,31.94,14,0,1,Card,0,0.43,0
C105052,27,Two year,Basic,24.34,11,1,1,Bank transfer,0,0.8,0
C105053,55,Month-to-month,Standard,54.3,8,1,0,Bank transfer,1,0.43,0
C105054,45,Month-to-month,Standard,32.21,7,2,1,Bank transfer,1,0.28,0
C105055,2,Two year,Standard,50.81,16,0,0,Bank transfer,0,0.14,0
C105056,4,One year,Premium,76.8,13,0,1,Bank transfer,0,0.33,1
C105057,9,One year,Standard,38.21,14,1,1,Bank transfer,0,0.31,0
C105058,72,Two year,Standard,45.32,18,2,0,Wallet,1,0.16,0
C105059,52,One year,Standard,38.73,13,0,0,Card,1,0.38,0
C105060,24,Month-to-month,Basic,16.4,6,0,1,Bank transfer,1,0.31,0
C105061,68,Month-to-month,Standard,47.72,10,0,0,Cash,0,0.62,0
C105062,22,Month-to-month,Premium,77.1,14,0,0,Card,0,0.35,1
C105063,46,One year,Standard,34.8,7,1,1,Bank transfer,1,0.4,0
C105064,35,Month-to-month,Standard,42.26,7,2,0,Bank transfer,0,0.56,0
C105065,66,Month-to-month,Premium,75.6,7,0,1,Card,0,0.27,1
C105066,35,Two year,Basic,16.13,14,3,1,Card,0,0.6,0
C105067,5,Two year,Standard,51.82,13,3,2,Card,0,0.57,0
C105068,29,Two year,Basic,21.06,12,3,1,Bank transfer,0,0.5,0
C105069,65,Month-to-month,Standard,47.77,14,2,0,Bank transfer,0,0.63,1
C105070,29,Two year,Basic,29.24,12,1,1,Bank transfer,0,0.89,0
C105071,64,Month-to-month,Standard,39.87,15,1,0,Wallet,0,0.13,0
C105072,3,Two year,Basic,27.46,12,1,1,Card,1,0.12,0
C105073,46,One year,Standard,46.12,15,1,0,Card,0,0.63,0
C105074,11,Two year,Premium,77.81,23,0,1,Card,1,0.39,1
C105075,31,Two year,Premium,72.85,17,2,0,Card,0,0.64,0
C105076,39,Month-to-month,Standard,51.15,19,1,0,Card,1,0.36,0
C105077,51,Month-to-month,Standard,,2,1,0,Cash,0,0.96,1
C105078,53,Two year,Basic,34.51,18,2,0,Card,0,0.33,0
C105079,18,Month-to-month,Basic,31.73,11,2,0,Card,0,0.73,1
C105080,51,Month-to-month,Basic,17.43,14,1,1,Card,0,0.24,0
C105081,49,One year,Standard,42.09,9,3,1,Wallet,0,0.83,1
C105082,2,Month-to-month,Premium,77.97,15,2,0,Bank transfer,1,0.49,1
C105083,50,Month-to-month,Basic,31.33,10,0,0,Card,0,0.13,0
C105084,68,Month-to-month,Standard,41.31,12,3,1,Wallet,0,0.5,0
C105085,39,Month-to-month,Premium,75.51,11,3,0,Bank transfer,1,0.4,1
C105086,14,Two year,Standard,47.25,18,4,1,Cash,1,0.53,0
C105087,19,Two year,Basic,24.8,10,2,0,Cash,1,0.54,0
C105088,56,Two year,Standard,51.36,14,0,0,Card,0,0.22,0
C105089,1,One year,Premium,69.59,17,2,0,Bank transfer,0,0.53,0
C105090,13,One year,Premium,78.43,17,0,0,Bank transfer,0,0.67,1
C105091,15,Month-to-month,Basic,20.76,11,0,2,Cash,0,0.18,1
C105092,18,Two year,Premium,77.95,16,0,0,Card,0,0.61,0
C105093,61,Month-to-month,Premium,69.98,9,1,1,Card,1,0.6,0
C105094,9,Month-to-month,Premium,73.76,13,0,1,Bank transfer,0,0.78,0
C105095,16,Month-to-month,Premium,80.9,16,0,0,Card,0,0.38,1
C105096,64,Month-to-month,Basic,19.78,9,3,1,Wallet,0,0.49,0
C105097,6,Month-to-month,Standard,45.87,11,1,0,Card,0,0.36,0
C105098,22,One year,Standard,49.2,13,2,0,Card,1,0.35,1
C105099,18,Month-to-month,Premium,74.77,9,3,0,Wallet,1,0.4,1
C105100,58,One year,Premium,73.83,18,0,2,Cash,0,0.73,0
C105101,38,One year,Standard,45.48,11,0,0,Bank transfer,0,0.26,0
C105102,11,One year,Standard,40.2,9,4,0,Card,0,0.54,1
C105103,43,One year,Standard,49.88,15,2,1,Wallet,0,0.39,0
C105104,66,One year,Basic,29.69,15,0,0,Cash,0,0.17,0
C105105,64,Month-to-month,Standard,55.65,17,1,0,Bank transfer,1,0.59,0
C105106,67,One year,Premium,77.09,9,4,0,Card,0,0.31,0
C105107,62,Month-to-month,Basic,31.85,12,0,0,Card,0,0.43,1
C105108,63,Month-to-month,Premium,72.5,15,2,0,Cash,1,0.15,1
C105109,70,Month-to-month,Basic,28.26,12,2,1,Card,0,0.25,0
C105110,44,Two year,Basic,20.04,16,0,0,Card,0,0.44,0
C105111,64,Two year,Standard,46.86,15,2,0,Card,0,0.39,0
C105112,24,Month-to-month,Standard,43.57,10,0,1,Card,0,0.37,0
C105113,33,Month-to-month,Basic,31.06,7,0,0,Wallet,0,0.52,1
C105114,24,Month-to-month,Premium,63.49,5,0,0,Card,0,0.68,1
C105115,11,Month-to-month,Standard,44.45,6,0,0,Cash,0,0.56,0
C105116,5,Month-to-month,Basic,23.67,9,0,0,Bank transfer,0,0.17,1
C105117,69,Month-to-month,Basic,29.33,11,0,0,Wallet,0,0.45,0
C105118,49,One year,Premium,71.23,16,1,0,Card,1,0.71,0
C105119,17,Month-to-month,Basic,22.94,13,1,0,Card,0,0.65,1
C105120,25,Month-to-month,Basic,32.83,22,4,1,Card,0,0.59,0
C105121,45,Month-to-month,Basic,21.76,15,1,1,Bank transfer,0,0.48,1
C105122,10,One year,Basic,23.16,11,2,1,Wallet,0,0.6,0
C105123,20,Month-to-month,Basic,32.12,9,5,0,Card,0,0.66,1
C105124,7,Two year,Standard,33.11,16,2,2,Cash,0,0.21,0
C105125,59,Month-to-month,Premium,77.8,11,0,0,Wallet,1,0.36,0
C105126,28,Month-to-month,Standard,47.44,11,3,1,Card,0,0.57,0
C105127,15,One year,Standard,46.96,20,3,2,Bank transfer,1,0.39,1
C105128,14,Two year,Basic,15.0,11,1,0,Card,0,0.53,0
C105129,31,Month-to-month,Basic,17.11,8,2,1,Bank transfer,0,0.87,0
C105130,50,Month-to-month,Standard,40.58,15,0,0,Bank transfer,0,0.4,0
C105131,16,Two year,Standard,40.41,13,2,3,Card,1,0.47,0
C105132,15,Two year,Premium,79.35,14,2,0,Cash,1,0.1,1
C105133,62,Month-to-month,Standard,42.84,9,0,0,Card,1,0.31,0
C105134,1,Month-to-month,Premium,83.75,5,1,1,Bank transfer,1,0.63,1
C105135,45,Two year,Basic,25.28,16,1,1,Card,0,0.26,0
C105136,2,Month-to-month,Standard,49.02,13,1,0,Card,0,0.61,0
C105137,46,Month-to-month,Premium,71.55,9,0,1,Wallet,1,0.29,0
C105138,20,One year,Premium,71.94,20,0,0,Bank transfer,0,0.55,0
C105139,23,One year,Basic,27.96,23,0,0,Cash,0,0.71,0
C105140,37,One year,Standard,50.56,15,0,2,Cash,0,0.35,1
C105141,13,One year,Premium,71.58,9,1,0,Card,0,0.65,0
C105142,53,Two year,Standard,52.95,13,0,1,Card,0,0.59,0
C105143,62,Month-to-month,Premium,74.03,8,2,0,Card,0,0.24,0
C105144,31,Month-to-month,Premium,84.59,11,1,0,Wallet,0,0.69,0
C105145,56,Two year,Basic,18.24,13,0,1,Wallet,1,0.94,0
C105146,56,Month-to-month,Standard,43.4,2,0,2,Bank transfer,1,0.93,0
C105147,53,Two year,Basic,29.24,9,0,0,Wallet,0,0.67,0
C105148,55,One year,Premium,75.02,13,0,0,Card,1,0.63,0
C105149,72,Two year,Basic,,17,2,2,Cash,0,0.9,0
C105150,17,One year,Standard,49.22,13,2,1,Card,1,0.36,0
C105151,41,Month-to-month,Basic,30.98,10,1,0,Bank transfer,0,0.69,0
C105152,69,One year,Basic,23.09,18,0,1,Card,0,0.6,0
C105153,13,Month-to-month,Premium,79.92,10,1,0,Card,0,0.16,1
C105154,25,Month-to-month,Basic,22.93,15,1,0,Card,0,0.63,1
C105155,44,Month-to-month,Standard,40.81,12,2,0,Card,0,0.56,1
C105156,7,Month-to-month,Premium,82.96,13,0,0,Card,1,0.4,0
C105157,21,Month-to-month,Basic,22.14,16,0,0,Card,1,0.28,0
C105158,23,Month-to-month,Standard,42.58,5,0,1,Bank transfer,0,0.47,0
C105159,37,Two year,Premium,79.9,6,0,0,Cash,0,0.48,0
C105160,40,Two year,Standard,,20,0,0,Wallet,1,0.32,0
C105161,34,Two year,Standard,39.93,14,2,1,Card,0,0.71,0
C105162,59,One year,Basic,23.92,18,1,0,Card,0,0.6,0
C105163,41,One year,Standard,45.97,19,0,0,Card,1,0.34,0
C105164,54,Month-to-month,Premium,80.88,12,2,0,Bank transfer,0,0.46,1
C105165,67,Month-to-month,Standard,44.34,15,1,0,Card,0,0.38,0
C105166,41,One year,Standard,41.63,26,1,0,Card,0,0.21,1
C105167,59,One year,Standard,37.93,12,2,1,Cash,0,0.27,0
C105168,34,One year,Standard,43.55,13,3,1,Bank transfer,0,0.85,1
C105169,30,One year,Standard,42.72,12,1,0,Card,1,0.8,0
C105170,4,Two year,Standard,51.89,13,1,1,Card,0,0.09,0
C105171,59,One year,Basic,16.02,10,2,2,Wallet,0,0.31,0
C105172,7,Month-to-month,Basic,15.04,9,2,3,Wallet,0,0.38,1
C105173,62,Month-to-month,Premium,,8,1,0,Wallet,0,0.39,0
C105174,12,Two year,Basic,24.01,20,3,1,Card,0,0.57,0
C105175,56,Two year,Standard,47.94,18,2,1,Card,1,0.33,0
C105176,71,Two year,Basic,34.84,13,0,1,Card,1,0.2,0
C105177,40,Month-to-month,Standard,35.92,14,1,1,Card,0,0.15,0
C105178,56,Month-to-month,Standard,46.3,7,0,0,Cash,1,0.69,0
C105179,65,Month-to-month,Standard,41.77,17,1,1,Bank transfer,1,0.56,0
C105180,61,Month-to-month,Standard,54.85,11,1,0,Wallet,0,0.8,0
C105181,36,One year,Premium,77.39,15,3,1,Card,1,0.61,0
C105182,66,Two year,Basic,34.27,11,4,0,Card,1,0.54,0
C105183,8,Two year,Standard,45.22,7,2,0,Wallet,1,0.39,0
C105184,8,Month-to-month,Basic,31.63,11,2,1,Cash,0,0.73,1
C105185,20,Month-to-month,Standard,47.47,4,1,1,Bank transfer,0,0.21,1
C105186,72,Month-to-month,Basic,21.63,8,2,0,Card,0,0.1,0
C105187,48,One year,Basic,30.87,11,0,0,Bank transfer,0,0.94,0
C105188,14,Month-to-month,Premium,73.56,8,2,2,Card,0,0.38,1
C105189,28,One year,Standard,32.18,6,1,2,Cash,1,0.32,0
C105190,1,One year,Basic,24.74,19,0,0,Bank transfer,1,0.41,0
C105191,31,Two year,Basic,18.16,16,1,2,Wallet,0,0.75,0
C105192,44,Month-to-month,Basic,28.44,9,2,0,Card,1,0.39,1
C105193,29,Month-to-month,Premium,,11,1,0,Wallet,0,0.53,1
C105194,37,Month-to-month,Standard,47.1,10,3,0,Card,1,0.33,1
C105195,14,Month-to-month,Premium,78.6,10,1,0,Card,0,0.48,1
C105196,6,One year,Standard,38.13,12,1,0,Card,1,0.64,0
C105197,7,Month-to-month,Premium,70.7,6,1,0,Card,1,0.35,1
C105198,49,Month-to-month,Basic,21.89,11,0,0,Wallet,0,0.23,0
C105199,4,Two year,Standard,56.84,11,1,0,Card,1,0.09,1
C105200,14,One year,Basic,22.88,18,0,0,Wallet,0,0.55,0
C105201,49,Month-to-month,Standard,46.96,8,0,2,Cash,0,0.65,1
C105202,58,Two year,Basic,15.0,15,0,1,Card,1,0.54,0
C105203,24,One year,Basic,22.37,16,1,1,Card,1,0.35,0
C105204,36,Month-to-month,Premium,76.06,15,1,1,Card,0,0.73,1
C105205,33,Month-to-month,Basic,24.51,17,1,0,Card,1,0.76,0
C105206,55,One year,Basic,23.61,18,2,0,Bank transfer,0,0.61,0
C105207,68,Month-to-month,Basic,27.87,16,0,1,Card,0,0.41,0
C105208,61,One year,Basic,28.18,11,0,0,Bank transfer,0,0.32,0
C105209,46,Month-to-month,Premium,68.22,7,2,0,Card,0,0.66,0
C105210,54,One year,Premium,,18,1,1,Card,0,0.84,0
C105211,59,Two year,Premium,78.58,9,1,1,Bank transfer,1,0.46,0
C105212,62,Month-to-month,Standard,50.05,7,3,0,Cash,0,0.4,0
C105213,55,Month-to-month,Standard,37.3,11,0,0,Card,1,0.3,0
C105214,52,Two year,Standard,49.27,13,0,1,Wallet,1,0.11,0
C105215,69,Two year,Standard,37.08,13,1,1,Wallet,0,0.41,0
C105216,27,Month-to-month,Standard,44.31,15,2,1,Cash,1,0.58,1
C105217,5,Month-to-month,Premium,82.79,9,1,0,Wallet,0,0.65,1
C105218,36,Month-to-month,Standard,35.68,9,0,0,Bank transfer,0,0.38,0
C105219,28,Month-to-month,Basic,25.25,8,0,0,Bank transfer,0,0.35,1
C105220,3,Month-to-month,Premium,74.0,8,1,1,Card,0,0.62,1
C105221,69,One year,Standard,38.59,12,2,0,Card,0,0.19,0
C105222,71,Month-to-month,Premium,79.76,11,1,1,Card,0,0.33,0
C105223,34,Month-to-month,Basic,19.74,12,5,0,Bank transfer,0,0.31,1
C105224,53,Two year,Basic,21.33,15,1,1,Wallet,0,0.29,0
C105225,69,One year,Standard,38.76,16,1,2,Card,0,0.07,0
C105226,35,Month-to-month,Basic,27.82,7,2,0,Card,0,0.78,0
C105227,14,Month-to-month,Standard,48.54,7,0,2,Bank transfer,0,0.52,1
C105228,9,Month-to-month,Standard,53.27,12,2,1,Card,1,0.81,0
C105229,5,Two year,Standard,43.81,17,1,2,Card,0,0.47,0
C105230,5,Two year,Basic,20.35,20,1,3,Wallet,0,0.38,1
C105231,65,Month-to-month,Premium,84.04,12,0,2,Cash,0,0.51,0
C105232,51,One year,Basic,21.58,12,2,1,Card,1,0.27,0
C105233,30,Month-to-month,Standard,49.24,11,1,0,Card,0,0.67,0
C105234,70,Two year,Standard,54.77,18,1,0,Bank transfer,0,0.44,0
C105235,37,Two year,Premium,79.9,16,1,1,Card,0,0.64,0
C105236,28,Month-to-month,Premium,64.46,11,2,0,Card,0,0.53,0
C105237,68,Month-to-month,Premium,69.03,11,1,0,Wallet,0,0.64,0
C105238,53,Month-to-month,Basic,20.56,16,2,0,Wallet,1,0.16,0
C105239,16,Month-to-month,Standard,50.15,6,1,0,Card,0,0.23,1
C105240,51,One year,Premium,70.59,10,1,0,Card,0,0.82,0
C105241,70,Month-to-month,Premium,79.73,11,1,0,Card,0,0.66,0
C105242,29,Month-to-month,Standard,46.47,9,0,0,Card,1,0.31,0
C105243,29,Month-to-month,Standard,46.14,10,0,0,Card,0,0.45,0
C105244,39,One year,Basic,25.05,16,1,0,Card,0,0.32,0
C105245,18,One year,Standard,40.71,10,0,1,Card,0,0.61,0
C105246,68,Month-to-month,Premium,83.25,21,1,0,Bank transfer,0,0.59,1
C105247,17,Month-to-month,Standard,45.89,5,0,1,Card,0,0.49,1
C105248,59,One year,Premium,84.06,17,4,0,Bank transfer,0,0.19,1
C105249,38,One year,Standard,39.75,22,0,0,Bank transfer,1,0.31,0
C105250,48,One year,Basic,15.11,13,2,1,Card,1,0.52,0
C105251,34,One year,Basic,33.43,18,2,2,Card,1,0.56,1
C105252,50,Month-to-month,Standard,38.2,10,1,0,Bank transfer,1,0.83,0
C105253,64,Two year,Premium,75.78,18,3,1,Wallet,0,0.47,0
C105254,41,Month-to-month,Standard,42.88,13,1,0,Bank transfer,0,0.41,0
C105255,4,Month-to-month,Premium,74.17,9,0,0,Card,1,0.63,0
C105256,53,One year,Standard,43.12,7,0,0,Card,1,0.72,0
C105257,4,Month-to-month,Standard,38.57,2,0,0,Card,0,0.46,0
C105258,41,One year,Standard,37.95,18,2,0,Card,0,0.44,0
C105259,12,Month-to-month,Basic,26.31,12,1,0,Wallet,1,0.18,1
C105260,60,Month-to-month,Standard,40.82,6,2,1,Bank transfer,0,0.71,0
C105261,44,One year,Standard,55.25,9,1,0,Bank transfer,0,0.66,0
C105262,47,One year,Premium,75.5,12,2,0,Wallet,0,0.52,1
C105263,57,Month-to-month,Premium,83.33,12,1,1,Wallet,0,0.35,0
C105264,18,One year,Basic,22.2,13,2,0,Cash,1,0.66,0
C105265,35,Month-to-month,Basic,29.75,8,0,1,Bank transfer,0,0.28,0
C105266,15,One year,Standard,41.47,12,1,0,Bank transfer,0,0.21,0
C105267,45,Month-to-month,Standard,39.42,21,1,0,Bank transfer,1,0.67,0
C105268,30,Month-to-month,Standard,43.56,3,1,1,Card,0,0.6,1
C105269,47,Month-to-month,Standard,,4,0,1,Wallet,0,0.65,1
C105270,44,One year,Basic,40.4,12,2,1,Wallet,0,0.45,1
C105271,2,Month-to-month,Standard,37.08,13,1,0,Bank transfer,0,0.18,1
C105272,15,One year,Basic,21.09,14,1,1,Card,0,0.36,0
C105273,18,Month-to-month,Basic,29.2,11,0,1,Cash,1,0.48,1
C105274,28,Month-to-month,Premium,74.0,11,1,0,Card,0,0.93,0
C105275,72,Two year,Basic,25.82,10,2,0,Bank transfer,0,0.75,0
C105276,34,Two year,Standard,49.56,19,0,0,Card,0,0.32,0
C105277,24,Month-to-month,Premium,74.13,15,0,1,Bank transfer,0,0.56,1
C105278,62,Two year,Basic,20.7,17,1,1,Wallet,0,0.68,0
C105279,69,Month-to-month,Basic,16.88,10,1,3,Cash,1,0.51,0
C105280,22,One year,Basic,24.54,11,3,0,Card,0,0.27,1
C105281,36,Two year,Premium,78.18,6,1,0,Bank transfer,0,0.36,0
C105282,10,Month-to-month,Standard,46.18,14,0,0,Card,1,0.42,0
C105283,17,Month-to-month,Basic,31.9,9,0,0,Card,0,0.49,0
C105284,39,Two year,Premium,72.47,12,4,0,Bank transfer,1,0.37,0
C105285,1,Month-to-month,Standard,46.59,11,1,0,Wallet,1,0.4,1
C105286,52,Two year,Premium,69.96,9,3,0,Bank transfer,1,0.44,0
C105287,16,Two year,Basic,15.0,15,1,0,Cash,0,0.51,0
C105288,37,Two year,Standard,48.37,12,0,0,Card,1,0.44,0
C105289,24,One year,Premium,72.14,23,1,0,Card,1,0.89,0
C105290,18,Month-to-month,Standard,48.74,7,1,1,Card,0,0.32,0
C105291,32,Two year,Standard,41.24,9,2,0,Card,0,0.68,0
C105292,50,Month-to-month,Basic,15.72,13,1,1,Bank transfer,0,0.6,0
C105293,33,Month-to-month,Basic,19.5,13,1,0,Card,0,0.78,0
C105294,51,Month-to-month,Basic,23.12,6,1,0,Wallet,1,0.29,1
C105295,40,Month-to-month,Standard,40.8,13,1,0,Wallet,0,0.77,0
C105296,55,Month-to-month,Basic,23.21,18,2,1,Card,1,0.39,0
C105297,35,One year,Basic,28.15,15,2,0,Bank transfer,0,0.66,0
C105298,44,Two year,Standard,44.78,11,3,1,Bank transfer,0,0.48,0
C105299,3,Month-to-month,Premium,77.67,10,0,0,Card,0,0.75,1
C105300,13,Month-to-month,Basic,23.96,8,1,1,Card,1,0.29,1
C105301,20,One year,Standard,40.8,11,1,0,Card,0,0.51,0
C105302,42,Month-to-month,Standard,39.03,11,1,1,Card,1,0.36,0
C105303,70,Month-to-month,Premium,61.79,13,0,0,Card,0,0.19,0
C105304,10,Two year,Standard,48.35,16,0,1,Card,0,0.21,0
C105305,2,Month-to-month,Standard,51.39,20,2,0,Card,0,0.66,1
C105306,47,Month-to-month,Basic,18.95,8,1,0,Bank transfer,1,0.2,0
C105307,53,Month-to-month,Basic,19.18,13,0,0,Bank transfer,0,0.64,0
C105308,64,One year,Standard,39.74,15,1,0,Card,0,0.35,0
C105309,35,Month-to-month,Basic,26.85,7,2,0,Bank transfer,0,0.29,0
C105310,56,Two year,Basic,25.4,12,2,0,Cash,0,0.4,0
C105311,51,Month-to-month,Basic,23.44,12,1,0,Bank transfer,1,0.43,0
C105312,3,Two year,Premium,74.52,13,1,0,Bank transfer,0,0.17,0
C105313,24,Month-to-month,Basic,15.0,5,1,0,Bank transfer,0,0.81,1
C105314,52,Month-to-month,Standard,44.06,11,0,1,Cash,1,0.32,0
C105315,27,Month-to-month,Standard,43.69,14,1,0,Bank transfer,0,0.43,1
C105316,43,Month-to-month,Standard,47.69,11,1,0,Cash,0,0.68,0
C105317,38,Month-to-month,Basic,20.57,14,4,1,Card,0,0.37,1
C105318,47,Two year,Basic,21.66,14,0,0,Card,1,0.43,0
C105319,66,One year,Premium,76.07,14,2,2,Card,1,0.11,0
C105320,63,Two year,Standard,60.73,11,1,0,Cash,0,0.12,0
C105321,24,Two year,Standard,41.23,11,0,0,Cash,0,0.33,0
C105322,33,Month-to-month,Standard,56.93,12,0,1,Bank transfer,0,0.2,1
C105323,7,Month-to-month,Basic,19.34,12,0,3,Card,1,0.05,1
C105324,58,Two year,Basic,25.16,20,3,0,Card,1,0.69,0
C105325,3,One year,Basic,19.29,11,1,1,Bank transfer,0,0.66,1
C105326,33,One year,Basic,32.96,16,0,0,Wallet,1,0.29,0
C105327,64,Month-to-month,Standard,45.64,15,2,1,Card,1,0.53,0
C105328,67,Month-to-month,Premium,76.03,11,2,1,Card,0,0.16,0
C105329,23,Month-to-month,Standard,50.97,11,1,1,Card,0,0.47,1
C105330,69,Month-to-month,Premium,82.62,8,2,0,Card,1,0.45,0
C105331,9,Month-to-month,Basic,20.96,13,2,1,Card,0,0.49,1
C105332,52,Month-to-month,Basic,26.36,12,2,0,Bank transfer,1,0.47,0
C105333,43,Month-to-month,Standard,41.96,10,1,1,Card,0,0.25,1
C105334,59,Two year,Standard,51.78,11,1,0,Card,1,0.53,0
C105335,61,One year,Basic,15.0,15,1,1,Bank transfer,0,0.66,0
C105336,32,One year,Premium,87.88,6,2,0,Card,1,0.78,0
C105337,44,One year,Premium,73.54,16,1,0,Card,0,0.65,0
C105338,54,Two year,Basic,15.0,17,1,3,Wallet,0,0.54,0
C105339,11,Month-to-month,Basic,26.57,4,0,0,Wallet,1,0.38,0
C105340,45,One year,Standard,39.91,12,0,0,Card,1,0.48,0
C105341,30,Month-to-month,Standard,45.1,6,2,2,Card,0,0.6,1
C105342,27,Two year,Standard,45.64,12,0,1,Bank transfer,1,0.54,0
C105343,20,Month-to-month,Premium,81.26,12,2,0,Card,1,0.18,0
C105344,34,Month-to-month,Standard,34.04,9,0,1,Bank transfer,1,0.4,0
C105345,2,One year,Basic,27.25,17,1,2,Bank transfer,0,0.59,0
C105346,44,Two year,Basic,31.78,13,1,1,Bank transfer,0,0.34,0
C105347,70,One year,Premium,67.19,8,2,1,Card,1,0.5,0
C105348,35,One year,Premium,79.35,11,0,2,Wallet,1,0.8,0
C105349,34,Month-to-month,Basic,29.74,9,0,0,Bank transfer,1,0.63,0
C105350,34,One year,Basic,21.71,9,3,0,Wallet,0,0.72,0
C105351,10,Month-to-month,Premium,63.53,10,0,1,Wallet,0,0.81,0
C105352,39,Two year,Basic,25.83,23,1,0,Bank transfer,0,0.58,0
C105353,64,Month-to-month,Basic,22.1,11,2,1,Bank transfer,0,0.15,0
C105354,64,Month-to-month,Standard,54.21,14,1,0,Card,0,0.44,0
C105355,71,Month-to-month,Basic,23.53,9,1,1,Bank transfer,1,0.13,0
C105356,13,Month-to-month,Standard,49.12,11,2,1,Bank transfer,0,0.7,1
C105357,59,Two year,Premium,77.0,11,3,0,Bank transfer,1,0.87,0
C105358,37,One year,Basic,,19,3,1,Wallet,0,0.75,0
C105359,19,One year,Standard,37.55,9,1,0,Bank transfer,0,0.3,0
C105360,55,Month-to-month,Basic,20.6,15,1,0,Card,1,0.4,0
C105361,14,Month-to-month,Standard,45.55,12,1,1,Cash,1,0.47,1
C105362,34,Two year,Basic,24.44,17,0,0,Card,0,0.13,0
C105363,38,Month-to-month,Basic,24.3,18,2,0,Card,1,0.41,0
C105364,40,Month-to-month,Basic,29.51,15,2,1,Card,1,0.75,0
C105365,43,One year,Standard,45.22,14,0,1,Wallet,0,0.27,0
C105366,7,Month-to-month,Basic,29.19,8,0,0,Card,0,0.54,1
C105367,64,Month-to-month,Standard,45.46,14,1,1,Bank transfer,0,0.22,0
C105368,14,One year,Standard,47.18,11,1,0,Card,0,0.53,0
C105369,70,Two year,Basic,21.82,22,3,0,Card,0,0.46,0
C105370,70,Month-to-month,Standard,36.01,7,2,0,Card,0,0.53,0
C105371,66,One year,Basic,29.98,8,1,2,Card,1,0.64,0
C105372,22,Month-to-month,Basic,30.07,6,1,1,Cash,0,0.39,1
C105373,25,One year,Premium,78.79,15,3,0,Cash,0,0.8,1
C105374,57,One year,Premium,70.14,19,1,2,Wallet,0,0.52,0
C105375,43,Month-to-month,Standard,51.48,14,3,0,Wallet,0,0.92,1
C105376,71,Month-to-month,Premium,75.51,16,3,0,Bank transfer,1,0.63,0
C105377,9,Month-to-month,Standard,45.94,13,3,2,Cash,1,0.49,1
C105378,43,Two year,Premium,70.94,16,2,1,Bank transfer,0,0.68,0
C105379,38,Month-to-month,Standard,42.02,7,0,1,Wallet,0,0.59,0
C105380,68,Month-to-month,Premium,71.17,8,1,2,Wallet,0,0.72,0
C105381,6,Month-to-month,Standard,47.12,14,1,1,Card,1,0.94,1
C105382,32,Month-to-month,Standard,40.85,10,1,0,Card,0,0.15,1
C105383,9,Month-to-month,Standard,44.77,15,0,0,Cash,0,0.26,1
C105384,55,Two year,Premium,71.68,16,1,0,Card,0,0.26,0
C105385,9,Month-to-month,Basic,17.31,9,1,0,Card,1,0.68,0
C105386,71,Two year,Standard,45.25,20,1,0,Card,0,0.28,0
C105387,22,Month-to-month,Standard,45.69,8,3,0,Wallet,0,0.37,0
C105388,32,One year,Premium,75.37,12,0,1,Bank transfer,0,0.67,0
C105389,23,One year,Standard,27.37,16,1,1,Card,1,0.35,0
C105390,25,One year,Standard,51.08,18,0,1,Bank transfer,1,0.42,0
C105391,51,One year,Standard,44.88,16,1,0,Bank transfer,1,0.19,0
C105392,27,Month-to-month,Standard,39.24,9,2,0,Cash,0,0.21,0
C105393,6,One year,Basic,36.28,13,0,1,Card,0,0.64,0
C105394,11,Month-to-month,Premium,75.08,12,1,0,Wallet,0,0.68,1
C105395,9,Month-to-month,Basic,29.32,14,2,0,Card,0,0.34,1
C105396,71,Two year,Standard,45.7,12,0,0,Bank transfer,0,0.52,0
C105397,48,One year,Basic,15.0,9,1,0,Bank transfer,0,0.47,0
C105398,68,Two year,Premium,82.04,14,0,1,Card,1,0.39,0
C105399,49,Two year,Standard,38.16,14,0,1,Wallet,0,0.47,0
C105400,50,Month-to-month,Premium,81.36,13,2,0,Wallet,1,0.68,1
C105401,52,Month-to-month,Premium,74.16,11,0,1,Bank transfer,1,0.38,1
C105402,64,Month-to-month,Premium,69.82,7,2,0,Bank transfer,1,0.35,0
C105403,52,Month-to-month,Standard,30.38,5,4,0,Cash,0,0.21,0
C105404,33,One year,Basic,22.12,22,2,0,Bank transfer,0,0.22,0
C105405,48,Two year,Basic,18.94,12,0,0,Bank transfer,0,0.67,0
C105406,29,Month-to-month,Standard,45.11,7,0,1,Wallet,0,0.76,0
C105407,40,Month-to-month,Basic,18.4,14,0,0,Wallet,0,0.47,0
C105408,11,Two year,Standard,49.17,14,4,1,Wallet,0,0.66,0
C105409,54,One year,Standard,41.76,22,2,0,Wallet,0,0.47,0
C105410,3,Month-to-month,Premium,72.25,14,2,1,Wallet,0,0.44,1
C105411,6,Two year,Basic,36.7,22,1,2,Wallet,1,0.58,0
C105412,18,Month-to-month,Basic,29.58,14,2,0,Bank transfer,1,0.74,0
C105413,16,Month-to-month,Premium,71.08,18,1,0,Card,0,0.68,0
C105414,55,Month-to-month,Basic,27.08,6,1,0,Card,1,0.34,0
C105415,54,Month-to-month,Standard,35.33,15,0,1,Card,1,0.93,0
C105416,17,Month-to-month,Premium,70.46,16,1,0,Card,1,0.43,0
C105417,14,Month-to-month,Basic,23.86,10,0,0,Bank transfer,0,0.28,1
C105418,25,Month-to-month,Premium,70.5,14,0,0,Wallet,0,0.52,0
C105419,39,One year,Basic,18.95,18,2,1,Wallet,0,0.23,0
C105420,52,One year,Premium,78.7,17,1,1,Wallet,0,0.44,0
C105421,19,One year,Premium,71.33,16,3,0,Wallet,0,0.32,0
C105422,51,Month-to-month,Standard,40.1,13,1,0,Bank transfer,0,0.19,0
C105423,32,Month-to-month,Basic,21.33,10,0,0,Bank transfer,0,0.64,1
C105424,6,One year,Basic,21.0,17,0,1,Wallet,0,0.78,0
C105425,61,Month-to-month,Premium,,5,0,0,Bank transfer,0,0.52,0
C105426,24,One year,Standard,46.62,16,1,0,Bank transfer,0,0.36,0
C105427,48,Month-to-month,Premium,66.01,8,1,2,Wallet,0,0.14,0
C105428,21,Month-to-month,Premium,82.8,16,1,0,Cash,0,0.12,0
C105429,33,Month-to-month,Standard,51.27,14,1,0,Bank transfer,0,0.51,1
C105430,47,Month-to-month,Premium,73.2,11,1,2,Card,1,0.27,1
C105431,20,One year,Premium,69.03,12,0,0,Card,1,0.38,0
C105432,6,Month-to-month,Standard,45.0,6,2,0,Wallet,0,0.41,1
C105433,58,Month-to-month,Premium,71.48,10,0,1,Wallet,0,0.2,0
C105434,7,Month-to-month,Basic,27.93,8,0,1,Card,0,0.62,1
C105435,48,One year,Premium,74.64,14,1,0,Card,0,0.72,0
C105436,44,Month-to-month,Standard,52.37,10,0,0,Card,0,0.09,1
C105437,32,Month-to-month,Standard,35.28,10,1,0,Wallet,1,0.57,0
C105438,13,Month-to-month,Standard,41.23,14,7,0,Wallet,1,0.63,1
C105439,63,Month-to-month,Premium,76.53,10,1,0,Card,0,0.6,0
C105440,28,Two year,Basic,21.95,16,3,0,Cash,0,0.36,0
C105441,50,One year,Premium,72.39,17,1,1,Bank transfer,0,0.65,0
C105442,61,Month-to-month,Premium,68.06,13,0,1,Bank transfer,0,0.35,0
C105443,71,One year,Standard,56.13,15,0,1,Bank transfer,1,0.56,0
C105444,58,Month-to-month,Standard,43.8,11,0,0,Wallet,0,0.66,0
C105445,48,Month-to-month,Premium,78.96,8,0,1,Wallet,0,0.39,1
C105446,71,Month-to-month,Basic,20.27,13,2,1,Card,0,0.76,0
C105447,65,One year,Premium,,15,1,1,Card,0,0.65,0
C105448,3,Month-to-month,Premium,74.43,7,1,1,Card,0,0.81,1
C105449,40,Two year,Standard,54.54,11,0,1,Wallet,1,0.36,0
C105450,23,Month-to-month,Basic,32.93,4,0,0,Bank transfer,0,0.55,0
C105451,52,Two year,Basic,37.1,11,0,1,Card,0,0.58,0
C105452,10,Two year,Basic,33.81,12,0,0,Wallet,0,0.65,0
C105453,61,Month-to-month,Premium,83.61,7,2,0,Wallet,1,0.7,0
C105454,70,Month-to-month,Basic,23.61,13,1,2,Wallet,0,0.14,1
C105455,7,Month-to-month,Basic,20.78,12,2,1,Card,0,0.21,1
C105456,55,One year,Standard,52.57,17,1,1,Card,0,0.31,0
C105457,35,Month-to-month,Basic,20.65,16,0,1,Card,0,0.28,0
C105458,72,Month-to-month,Basic,28.0,7,0,0,Card,1,0.28,0
C105459,44,Month-to-month,Premium,71.26,9,0,0,Card,0,0.89,0
C105460,69,Month-to-month,Premium,68.69,11,2,2,Card,1,0.46,0
C105461,5,Month-to-month,Premium,75.22,12,1,1,Card,1,0.36,1
C105462,44,Two year,Premium,69.61,21,1,0,Wallet,0,0.74,0
C105463,57,Month-to-month,Standard,43.06,12,2,1,Wallet,1,0.17,1
C105464,5,Month-to-month,Basic,30.01,9,0,2,Cash,0,0.28,1
C105465,52,Month-to-month,Premium,73.73,13,1,0,Bank transfer,0,0.39,0
C105466,61,Month-to-month,Standard,50.75,6,0,1,Wallet,0,0.74,0
C105467,68,Month-to-month,Basic,22.23,5,1,1,Bank transfer,0,0.45,0
C105468,40,Month-to-month,Basic,26.89,11,0,1,Card,0,0.31,0
C105469,27,One year,Standard,38.92,11,2,0,Bank transfer,1,0.41,0
C105470,61,Month-to-month,Standard,52.6,11,1,0,Card,1,0.63,0
C105471,34,Two year,Premium,62.89,14,0,1,Cash,1,0.84,0
C105472,24,Two year,Basic,26.53,12,1,0,Wallet,1,0.36,0
C105473,66,Two year,Basic,28.14,15,1,2,Wallet,0,0.36,0
C105474,57,Month-to-month,Basic,15.0,11,0,0,Wallet,0,0.73,0
C105475,30,One year,Basic,15.23,14,1,1,Wallet,0,0.55,0
C105476,4,One year,Basic,15.91,16,0,0,Card,1,0.48,0
C105477,61,Two year,Premium,74.36,16,1,0,Card,0,0.37,0
C105478,16,Month-to-month,Standard,43.3,10,0,0,Wallet,1,0.28,1
C105479,31,One year,Standard,42.86,23,0,0,Bank transfer,0,0.61,0
C105480,4,One year,Basic,28.44,17,1,0,Wallet,1,0.61,0
C105481,25,Month-to-month,Premium,88.21,11,2,0,Card,0,0.18,1
C105482,66,One year,Standard,38.88,17,4,0,Card,0,0.52,0
C105483,20,One year,Basic,26.94,18,2,0,Cash,0,0.49,0
C105484,6,Two year,Standard,45.1,14,0,1,Cash,0,0.1,1
C105485,16,Two year,Premium,81.23,16,1,0,Cash,1,0.57,0
C105486,13,Month-to-month,Premium,62.36,13,2,0,Bank transfer,0,0.08,1
C105487,32,One year,Premium,65.34,18,0,1,Bank transfer,0,0.07,1
C105488,12,Month-to-month,Standard,38.52,10,1,1,Cash,1,0.36,0
C105489,12,One year,Standard,38.47,21,4,1,Wallet,1,0.13,0
C105490,19,Month-to-month,Standard,46.25,12,1,2,Card,0,0.22,0
C105491,60,Month-to-month,Basic,22.03,6,0,0,Wallet,0,0.14,0
C105492,21,Month-to-month,Basic,15.0,10,1,0,Card,0,0.18,0
C105493,71,One year,Premium,70.44,12,0,0,Cash,0,0.29,0
C105494,54,One year,Standard,35.32,12,2,2,Card,1,0.2,0
C105495,8,Two year,Standard,40.33,11,1,2,Cash,0,0.27,0
C105496,28,Month-to-month,Premium,73.67,5,2,0,Wallet,0,0.36,1
C105497,4,Month-to-month,Premium,70.18,12,1,1,Card,1,0.36,1
C105498,14,One year,Basic,31.97,14,2,0,Bank transfer,0,0.13,0
C105499,1,Month-to-month,Basic,38.03,14,3,0,Card,1,0.17,0
C105500,27,Two year,Premium,77.73,6,2,0,Cash,1,0.95,0
C105501,68,Month-to-month,Basic,15.72,8,1,1,Cash,0,0.22,0
C105502,71,One year,Standard,53.19,4,0,2,Card,0,0.09,0
C105503,6,Month-to-month,Standard,57.09,14,1,0,Wallet,1,0.28,1
C105504,24,Two year,Standard,43.7,19,0,0,Card,0,0.6,0
C105505,49,Month-to-month,Basic,27.02,16,0,0,Wallet,0,0.24,0
C105506,54,Month-to-month,Premium,81.24,15,0,1,Card,1,0.79,0
C105507,22,Month-to-month,Premium,75.97,12,0,0,Cash,0,0.37,0
C105508,36,Month-to-month,Standard,52.17,9,2,0,Card,1,0.42,0
C105509,15,Month-to-month,Basic,28.06,9,1,0,Card,0,0.52,1
C105510,39,Month-to-month,Standard,41.2,6,0,0,Card,0,0.67,1
C105511,18,One year,Basic,21.92,14,2,0,Wallet,0,0.57,0
C105512,13,Two year,Basic,23.32,10,1,0,Card,1,0.38,0
C105513,50,Two year,Basic,20.78,21,1,0,Card,0,0.69,0
C105514,11,One year,Basic,32.5,12,2,0,Bank transfer,0,0.63,0
C105515,2,Month-to-month,Standard,46.68,10,0,1,Cash,0,0.58,1
C105516,34,Month-to-month,Basic,23.64,14,0,0,Bank transfer,0,0.31,0
C105517,63,Month-to-month,Basic,29.54,8,1,0,Bank transfer,0,0.61,0
C105518,27,Month-to-month,Basic,25.25,12,0,0,Cash,0,0.51,1
C105519,41,One year,Premium,80.9,16,0,1,Wallet,1,0.43,0
C105520,14,Month-to-month,Basic,34.29,10,1,0,Bank transfer,0,0.53,0
C105521,17,Month-to-month,Premium,75.8,13,4,0,Card,0,0.73,0
C105522,12,Month-to-month,Premium,71.35,6,1,1,Card,0,0.27,1
C105523,16,Month-to-month,Standard,37.87,15,2,0,Bank transfer,0,0.18,0
C105524,44,Month-to-month,Premium,85.17,5,0,1,Cash,0,0.62,0
C105525,48,Month-to-month,Basic,27.04,10,0,1,Card,0,0.42,1
C105526,24,Month-to-month,Premium,71.28,13,1,0,Wallet,1,0.72,0
C105527,46,Month-to-month,Standard,44.22,16,1,1,Wallet,0,0.23,0
C105528,28,Month-to-month,Standard,38.15,6,3,0,Cash,1,0.86,1
C105529,23,Two year,Premium,82.66,11,1,0,Card,1,0.3,0
C105530,12,One year,Basic,26.59,8,0,2,Cash,1,0.43,0
C105531,25,One year,Basic,22.64,13,2,0,Card,0,0.59,0
C105532,23,Month-to-month,Standard,36.13,10,0,1,Card,1,0.24,0
C105533,34,Two year,Basic,37.19,18,1,1,Wallet,0,0.82,0
C105534,61,Two year,Premium,75.49,10,1,2,Bank transfer,0,0.43,0
C105535,66,Month-to-month,Basic,15.0,11,0,0,Cash,1,0.7,0
C105536,18,Month-to-month,Standard,41.4,11,1,1,Card,0,0.53,0
C105537,39,One year,Standard,44.61,15,1,0,Bank transfer,1,0.37,0
C105538,9,Month-to-month,Premium,75.67,11,3,0,Bank transfer,0,0.28,1
C105539,61,One year,Premium,68.38,11,2,1,Bank transfer,0,0.75,0
C105540,25,Two year,Premium,81.54,10,1,0,Wallet,0,0.84,0
C105541,47,Two year,Standard,48.2,16,3,1,Card,1,0.47,0
C105542,65,Two year,Standard,45.04,17,3,1,Card,0,0.1,0
C105543,41,Month-to-month,Standard,40.91,7,1,1,Bank transfer,0,0.53,1
C105544,66,Month-to-month,Basic,15.0,11,0,1,Bank transfer,0,0.87,0
C105545,36,Month-to-month,Standard,42.07,9,3,1,Wallet,0,0.72,1
C105546,69,Month-to-month,Standard,43.54,11,0,1,Card,0,0.63,0
C105547,50,One year,Basic,17.81,11,1,0,Card,1,0.33,0
C105548,46,One year,Basic,26.49,9,1,0,Cash,0,0.67,0
C105549,36,Two year,Basic,29.43,15,2,1,Bank transfer,0,0.45,0
C105550,71,Month-to-month,Standard,41.99,10,0,0,Wallet,0,0.23,0
C105551,53,Month-to-month,Standard,42.38,17,2,1,Wallet,0,0.41,0
C105552,42,Month-to-month,Premium,74.65,14,3,1,Card,1,0.42,0
C105553,14,Two year,Basic,34.51,20,1,2,Wallet,1,0.36,0
C105554,61,Month-to-month,Basic,33.13,14,3,0,Bank transfer,1,0.29,0
C105555,24,Month-to-month,Basic,15.02,12,3,0,Wallet,0,0.49,1
C105556,7,Month-to-month,Standard,41.86,7,1,0,Wallet,0,0.35,0
C105557,63,Month-to-month,Standard,59.74,11,1,1,Card,0,0.49,0
C105558,50,Two year,Basic,22.83,11,1,1,Bank transfer,0,0.75,0
C105559,29,Month-to-month,Premium,85.06,20,0,0,Wallet,0,0.53,1
C105560,39,Month-to-month,Basic,27.73,11,1,0,Bank transfer,0,0.32,0
C105561,61,Month-to-month,Basic,32.18,16,0,2,Card,0,0.43,1
C105562,21,Month-to-month,Basic,22.68,14,4,1,Wallet,0,0.47,1
C105563,68,Month-to-month,Premium,75.29,8,1,0,Wallet,0,0.47,0
C105564,9,Month-to-month,Standard,47.98,15,1,0,Bank transfer,0,0.82,0
C105565,42,Month-to-month,Standard,44.7,6,1,0,Cash,0,0.63,1
C105566,52,One year,Basic,24.47,16,2,1,Bank transfer,0,0.42,0
C105567,8,One year,Standard,53.17,12,0,0,Card,1,0.39,0
C105568,21,Two year,Premium,73.84,9,1,0,Wallet,1,0.42,0
C105569,55,Month-to-month,Premium,82.56,15,2,0,Bank transfer,0,0.82,0
C105570,44,Two year,Premium,71.29,22,0,1,Card,0,0.46,0
C105571,48,Month-to-month,Basic,22.96,16,2,0,Card,0,0.69,1
C105572,49,One year,Basic,29.07,12,2,0,Bank transfer,0,0.79,0
C105573,21,Month-to-month,Basic,27.81,9,1,0,Card,0,0.6,1
C105574,3,One year,Basic,30.49,11,2,0,Wallet,0,0.75,0
C105575,63,One year,Premium,75.04,16,0,0,Card,1,0.53,0
C105576,9,Month-to-month,Basic,24.65,12,0,0,Bank transfer,0,0.57,1
C105577,35,Two year,Premium,72.04,18,1,0,Bank transfer,0,0.22,0
C105578,63,Month-to-month,Basic,15.56,6,1,1,Card,1,0.74,0
C105579,5,Month-to-month,Basic,22.38,10,2,2,Card,1,0.23,0
C105580,52,Month-to-month,Basic,30.9,5,0,0,Bank transfer,0,0.56,0
C105581,5,One year,Standard,44.42,10,5,0,Card,0,0.49,1
C105582,9,Month-to-month,Premium,76.01,14,0,1,Card,0,0.55,0
C105583,17,One year,Standard,52.13,10,0,0,Card,0,0.26,0
C105584,26,One year,Premium,69.44,17,0,1,Card,1,0.62,0
C105585,44,One year,Standard,46.87,14,0,0,Bank transfer,0,0.47,0
C105586,26,Two year,Premium,71.54,15,1,1,Bank transfer,0,0.27,0
C105587,59,Month-to-month,Premium,81.44,11,1,0,Bank transfer,1,0.77,0
C105588,6,One year,Premium,66.24,13,1,0,Wallet,1,0.21,0
C105589,8,Month-to-month,Premium,72.77,8,2,1,Bank transfer,1,0.57,1
C105590,17,Two year,Standard,41.84,14,1,1,Wallet,1,0.64,1
C105591,2,Month-to-month,Premium,72.86,12,0,1,Wallet,1,0.37,0
C105592,19,Two year,Premium,71.56,18,4,0,Card,0,0.62,0
C105593,45,Month-to-month,Standard,55.79,6,1,3,Wallet,1,0.24,0
C105594,49,Two year,Basic,23.55,20,3,1,Card,0,0.26,0
C105595,30,Month-to-month,Standard,43.97,8,2,1,Card,0,0.35,0
C105596,23,One year,Premium,66.41,16,1,0,Card,0,0.35,1
C105597,32,Month-to-month,Standard,37.08,16,1,0,Wallet,0,0.86,0
C105598,41,One year,Standard,40.4,12,4,0,Wallet,0,0.61,1
C105599,60,Month-to-month,Premium,67.73,11,1,1,Cash,0,0.34,0
C105600,11,Month-to-month,Standard,47.81,21,2,0,Card,0,0.38,0
C105601,67,Two year,Standard,41.41,13,1,0,Cash,0,0.82,0
C105602,28,One year,Standard,42.18,21,3,1,Cash,0,0.78,1
C105603,70,Two year,Standard,44.0,16,0,0,Card,0,0.13,1
C105604,23,One year,Standard,39.5,10,1,0,Bank transfer,0,0.19,0
C105605,57,Month-to-month,Basic,17.44,13,0,0,Card,0,0.46,0
C105606,34,Month-to-month,Standard,40.87,6,0,2,Cash,1,0.46,1
C105607,1,One year,Standard,46.02,12,0,1,Card,0,0.37,1
C105608,3,Two year,Standard,44.19,11,1,0,Card,0,0.32,0
C105609,11,Month-to-month,Standard,,4,2,0,Card,1,0.49,0
C105610,43,Two year,Basic,34.1,17,3,1,Cash,0,0.71,0
C105611,43,Month-to-month,Standard,46.98,13,1,1,Bank transfer,0,0.39,1
C105612,12,One year,Premium,78.73,13,0,2,Wallet,1,0.15,0
C105613,69,One year,Standard,53.78,10,0,1,Card,0,0.81,0
C105614,24,Month-to-month,Basic,19.47,15,1,1,Wallet,0,0.34,1
C105615,6,Month-to-month,Standard,50.41,5,0,2,Card,1,0.16,1
C105616,41,Month-to-month,Basic,26.31,12,1,0,Bank transfer,0,0.41,1
C105617,38,Month-to-month,Standard,46.53,11,0,0,Cash,1,0.24,0
C105618,9,Month-to-month,Basic,15.97,21,5,2,Card,0,0.5,0
C105619,29,Month-to-month,Premium,70.11,6,1,1,Cash,0,0.4,1
C105620,46,Month-to-month,Premium,74.87,10,2,1,Bank transfer,0,0.6,1
C105621,30,Month-to-month,Standard,44.57,8,0,0,Card,0,0.18,0
C105622,27,Month-to-month,Basic,33.83,18,0,1,Card,1,0.03,0
C105623,20,Month-to-month,Basic,22.64,7,0,0,Cash,0,0.18,1
C105624,29,Month-to-month,Standard,46.27,10,3,0,Card,0,0.19,0
C105625,20,Month-to-month,Basic,23.04,14,3,1,Card,0,0.8,0
C105626,14,Two year,Premium,67.27,17,1,0,Card,1,0.56,0
C105627,18,Month-to-month,Premium,,9,1,2,Wallet,0,0.67,1
C105628,9,One year,Basic,25.43,15,0,1,Card,0,0.54,0
C105629,8,Month-to-month,Premium,,11,1,0,Card,0,0.36,1
C105630,21,One year,Premium,82.07,9,2,0,Card,0,0.39,0
C105631,40,Two year,Basic,21.73,16,3,2,Card,0,0.77,0
C105632,6,One year,Standard,39.64,20,1,1,Bank transfer,1,0.59,0
C105633,33,One year,Basic,24.71,20,3,0,Bank transfer,1,0.28,0
C105634,48,Month-to-month,Standard,41.57,11,0,0,Wallet,0,0.61,0
C105635,52,Month-to-month,Premium,89.17,17,1,0,Wallet,1,0.23,0
C105636,34,Two year,Basic,29.79,22,3,0,Card,0,0.77,0
C105637,47,Month-to-month,Basic,24.57,11,1,0,Cash,0,0.32,0
C105638,41,Month-to-month,Standard,41.76,16,1,0,Bank transfer,0,0.58,0
C105639,69,One year,Basic,18.67,14,0,1,Card,0,0.19,0
C105640,62,Month-to-month,Standard,44.35,11,0,0,Card,0,0.65,0
C105641,25,Month-to-month,Basic,15.0,14,0,0,Bank transfer,1,0.48,0
C105642,4,Month-to-month,Standard,42.65,7,0,0,Cash,0,0.13,0
C105643,64,One year,Basic,22.24,20,0,1,Bank transfer,0,0.36,0
C105644,1,Month-to-month,Basic,33.75,10,0,1,Wallet,0,0.51,1
C105645,28,Month-to-month,Premium,64.71,13,0,2,Card,1,0.74,0
C105646,18,Month-to-month,Premium,80.16,7,0,0,Bank transfer,0,0.38,0
C105647,48,One year,Standard,42.94,15,3,1,Bank transfer,0,0.52,0
C105648,2,Month-to-month,Standard,49.42,15,0,0,Card,0,0.46,1
C105649,58,Two year,Basic,20.61,13,2,0,Bank transfer,1,0.63,0
C105650,45,One year,Standard,47.28,15,0,0,Card,0,0.15,0
C105651,29,Two year,Standard,49.79,18,0,1,Wallet,0,0.38,0
C105652,1,One year,Basic,39.74,15,0,0,Card,1,0.59,1
C105653,33,Month-to-month,Standard,40.25,7,1,1,Wallet,0,0.54,0
C105654,40,Month-to-month,Basic,24.18,15,5,2,Cash,0,0.22,1
C105655,46,Month-to-month,Standard,44.32,8,0,1,Wallet,0,0.56,0
C105656,28,Month-to-month,Basic,21.51,12,1,0,Bank transfer,0,0.53,0
C105657,8,Month-to-month,Premium,74.38,12,1,0,Cash,1,0.87,1
C105658,14,One year,Standard,45.09,10,2,0,Cash,0,0.14,1
C105659,39,Month-to-month,Premium,72.96,12,1,2,Card,0,0.32,1
C105660,17,Month-to-month,Standard,34.95,9,1,0,Card,0,0.37,1
C105661,7,One year,Premium,76.47,14,3,0,Wallet,0,0.44,0
C105662,28,Two year,Standard,36.51,10,2,0,Card,1,0.37,0
C105663,17,Month-to-month,Basic,24.43,12,2,1,Cash,0,0.38,1
C105664,29,Month-to-month,Basic,30.79,9,3,1,Wallet,1,0.72,0
C105665,45,One year,Standard,37.53,13,0,2,Card,0,0.14,1
C105666,12,Month-to-month,Premium,74.17,5,1,0,Cash,0,0.64,1
C105667,70,Two year,Basic,26.09,21,0,0,Wallet,0,0.79,0
C105668,10,One year,Standard,44.67,20,0,2,Card,0,0.19,0
C105669,72,Two year,Premium,,15,3,0,Wallet,0,0.37,0
C105670,27,Month-to-month,Basic,25.04,14,1,0,Card,0,0.89,0
C105671,19,One year,Basic,28.88,14,1,0,Bank transfer,0,0.51,0
C105672,51,One year,Basic,19.09,12,1,0,Card,1,0.31,0
C105673,11,One year,Standard,43.98,15,2,1,Bank transfer,0,0.07,1
C105674,45,Month-to-month,Basic,29.09,12,0,1,Bank transfer,0,0.15,0
C105675,38,One year,Premium,71.49,16,2,0,Card,0,0.19,0
C105676,60,Month-to-month,Premium,68.0,10,0,1,Cash,0,0.51,0
C105677,32,One year,Standard,49.38,13,0,0,Card,0,0.62,0
C105678,17,Month-to-month,Premium,78.97,13,0,1,Cash,0,0.41,1
C105679,28,Month-to-month,Basic,30.5,13,0,0,Cash,0,0.84,0
C105680,9,Two year,Basic,24.88,6,3,0,Card,0,0.41,0
C105681,56,One year,Standard,41.21,23,1,1,Card,0,0.32,0
C105682,11,Month-to-month,Premium,83.75,6,1,0,Card,0,0.68,0
C105683,52,Month-to-month,Premium,82.16,13,0,0,Wallet,0,0.48,0
C105684,28,Month-to-month,Basic,29.6,22,0,0,Card,0,0.58,0
C105685,41,Month-to-month,Basic,22.1,8,1,0,Wallet,0,0.44,0
C105686,30,Month-to-month,Standard,45.65,13,1,0,Bank transfer,0,0.52,0
C105687,45,Two year,Standard,39.88,9,3,1,Wallet,0,0.35,0
C105688,55,Month-to-month,Basic,18.92,12,3,0,Card,0,0.21,1
C105689,42,One year,Standard,45.5,15,2,2,Bank transfer,0,0.38,0
C105690,39,One year,Standard,46.83,11,2,0,Bank transfer,0,0.71,0
C105691,49,One year,Standard,48.21,12,1,0,Wallet,1,0.36,0
C105692,33,Month-to-month,Premium,75.58,3,1,0,Card,1,0.21,0
C105693,67,Month-to-month,Premium,86.8,6,1,0,Wallet,0,0.41,0
C105694,8,One year,Basic,19.33,22,2,0,Card,0,0.32,0
C105695,69,Two year,Basic,32.58,11,1,0,Wallet,1,0.19,0
C105696,18,Month-to-month,Standard,42.65,9,0,0,Card,0,0.24,0
C105697,71,Month-to-month,Basic,30.4,10,1,0,Card,0,0.64,0
C105698,43,Month-to-month,Basic,19.69,5,3,0,Card,1,0.79,1
C105699,62,Month-to-month,Premium,87.72,12,1,0,Wallet,0,0.57,0
C105700,3,Month-to-month,Standard,53.31,9,1,2,Card,0,0.11,1
C105701,8,One year,Standard,35.76,22,1,1,Wallet,0,0.32,1
C105702,10,Month-to-month,Standard,52.58,16,0,0,Bank transfer,1,0.47,0
C105703,33,Month-to-month,Basic,26.1,15,1,0,Card,1,0.69,0
C105704,2,One year,Standard,50.28,13,1,0,Card,0,0.48,0
C105705,57,Month-to-month,Premium,75.05,11,1,2,Bank transfer,0,0.85,1
C105706,65,Month-to-month,Basic,24.28,12,0,2,Card,1,0.3,0
C105707,22,Two year,Premium,67.08,13,1,2,Card,0,0.37,1
C105708,20,Two year,Basic,22.37,19,1,0,Bank transfer,0,0.4,0
C105709,44,Two year,Standard,44.95,10,2,3,Card,0,0.49,0
C105710,63,One year,Standard,35.41,18,0,0,Card,0,0.83,0
C105711,4,Month-to-month,Standard,39.39,11,1,0,Wallet,1,0.18,1
C105712,37,Month-to-month,Premium,75.15,14,2,0,Card,0,0.54,1
C105713,15,Month-to-month,Basic,27.69,21,2,0,Card,0,0.22,0
C105714,36,Month-to-month,Premium,72.48,12,0,1,Wallet,1,0.24,0
C105715,29,Month-to-month,Premium,83.21,7,0,0,Bank transfer,1,0.62,0
C105716,29,Month-to-month,Basic,22.14,8,1,0,Cash,0,0.46,0
C105717,6,Month-to-month,Basic,28.71,18,1,2,Card,0,0.19,1
C105718,65,Month-to-month,Basic,32.72,12,1,0,Wallet,0,0.63,0
C105719,31,One year,Basic,20.59,19,0,0,Bank transfer,0,0.3,0
C105720,65,Month-to-month,Basic,31.83,6,1,0,Card,1,0.59,0
C105721,17,Month-to-month,Premium,74.36,8,1,0,Card,0,0.16,1
C105722,61,Month-to-month,Basic,20.25,8,2,0,Bank transfer,0,0.3,0
C105723,63,Two year,Basic,34.48,14,1,0,Wallet,1,0.51,1
C105724,56,One year,Basic,34.67,13,0,0,Card,1,0.88,0
C105725,23,Month-to-month,Basic,23.4,12,0,0,Bank transfer,0,0.25,1
C105726,49,Month-to-month,Standard,51.4,8,0,0,Card,0,0.6,1
C105727,28,Month-to-month,Premium,80.93,18,0,0,Cash,0,0.57,1
C105728,70,Month-to-month,Premium,75.09,12,0,0,Bank transfer,0,0.68,0
C105729,58,Month-to-month,Basic,37.94,18,1,1,Card,0,0.59,1
C105730,30,Month-to-month,Premium,74.56,8,2,1,Wallet,0,0.53,0
C105731,41,Month-to-month,Premium,71.42,9,0,1,Bank transfer,0,0.78,0
C105732,67,One year,Basic,25.41,19,2,2,Bank transfer,1,0.09,0
C105733,4,Month-to-month,Basic,24.62,3,0,1,Bank transfer,0,0.12,1
C105734,16,Month-to-month,Standard,42.73,9,2,1,Wallet,0,0.4,1
C105735,16,Month-to-month,Premium,73.63,16,0,1,Card,0,0.43,1
C105736,2,Month-to-month,Premium,67.51,16,0,1,Bank transfer,0,0.79,0
C105737,44,Two year,Standard,48.81,17,3,0,Bank transfer,1,0.77,0
C105738,50,Month-to-month,Standard,37.39,8,0,0,Card,1,0.21,0
C105739,15,One year,Standard,51.67,15,1,1,Wallet,0,0.66,0
C105740,54,Month-to-month,Standard,49.32,14,2,1,Card,0,0.43,1
C105741,18,Month-to-month,Basic,23.02,10,0,0,Card,0,0.61,0
C105742,64,Two year,Standard,43.05,15,1,0,Card,1,0.93,0
C105743,45,One year,Standard,41.49,15,3,0,Card,0,0.39,1
C105744,35,Month-to-month,Basic,25.32,15,0,0,Card,0,0.68,0
C105745,36,Month-to-month,Standard,55.48,9,1,0,Bank transfer,0,0.74,0
C105746,14,Two year,Premium,77.21,11,1,0,Card,0,0.75,0
C105747,20,Two year,Basic,22.84,13,0,0,Card,0,0.36,0
C105748,24,Month-to-month,Standard,55.5,7,4,0,Cash,1,0.74,1
C105749,41,Month-to-month,Standard,43.0,8,0,0,Card,0,0.68,1
C105750,35,Month-to-month,Standard,43.27,21,0,0,Card,0,0.53,0
C105751,46,Month-to-month,Basic,37.78,12,0,0,Bank transfer,0,0.16,0
C105752,57,Two year,Basic,29.22,10,1,0,Wallet,1,0.22,0
C105753,3,Month-to-month,Premium,82.29,7,2,0,Wallet,0,0.78,0
C105754,60,Month-to-month,Premium,78.95,13,0,0,Card,1,0.5,0
C105755,20,Month-to-month,Basic,28.46,14,1,1,Bank transfer,1,0.33,0
C105756,9,Two year,Standard,49.31,14,0,1,Card,0,0.17,1
C105757,23,Two year,Standard,49.78,14,1,0,Card,0,0.7,0
C105758,56,One year,Standard,58.17,14,0,0,Wallet,0,0.71,0
C105759,64,Month-to-month,Premium,68.57,12,3,3,Card,0,0.41,1
C105760,55,One year,Basic,15.0,14,1,0,Card,0,0.35,0
C105761,4,Month-to-month,Standard,43.72,14,3,0,Wallet,0,0.54,1
C105762,8,Two year,Basic,16.74,21,2,0,Card,1,0.4,0
C105763,25,One year,Premium,76.26,11,0,0,Wallet,1,0.56,1
C105764,1,Two year,Basic,18.43,18,1,3,Card,0,0.77,0
C105765,15,One year,Standard,45.56,10,2,0,Wallet,1,0.85,0
C105766,19,One year,Standard,51.75,21,1,1,Cash,1,0.7,0
C105767,51,One year,Basic,22.37,9,0,0,Bank transfer,0,0.84,0
C105768,44,One year,Standard,41.04,22,1,1,Wallet,0,0.05,0
C105769,59,Two year,Basic,,13,0,0,Card,0,0.32,0
C105770,2,One year,Basic,20.96,20,1,1,Cash,0,0.63,0
C105771,5,Month-to-month,Premium,74.87,14,0,1,Bank transfer,0,0.35,1
C105772,53,Month-to-month,Premium,74.51,5,0,0,Wallet,0,0.45,0
C105773,63,Month-to-month,Basic,17.87,9,1,0,Card,0,0.41,0
C105774,47,Two year,Standard,50.82,17,0,0,Card,0,0.18,0
C105775,51,Month-to-month,Standard,39.0,8,2,0,Cash,1,0.7,0
C105776,70,Month-to-month,Standard,50.57,9,1,1,Card,0,0.47,0
C105777,16,One year,Standard,47.53,14,1,0,Bank transfer,0,0.12,1
C105778,54,Two year,Basic,19.11,12,1,0,Card,0,0.55,0
C105779,66,Two year,Premium,73.29,18,0,1,Wallet,0,0.7,0
C105780,66,Two year,Basic,30.32,11,0,0,Card,1,0.22,0
C105781,22,Two year,Premium,73.67,12,0,0,Wallet,0,0.87,0
C105782,3,Month-to-month,Premium,88.14,12,1,1,Bank transfer,0,0.46,1
C105783,57,Month-to-month,Basic,19.55,6,0,0,Wallet,0,0.15,0
C105784,10,One year,Standard,52.27,15,1,1,Card,1,0.5,1
C105785,6,One year,Standard,35.69,18,3,1,Wallet,1,0.19,0
C105786,43,Month-to-month,Basic,23.82,16,0,0,Cash,0,0.27,0
C105787,33,Month-to-month,Premium,81.13,11,3,0,Bank transfer,0,0.59,1
C105788,53,Two year,Standard,34.19,15,1,0,Wallet,0,0.36,0
C105789,37,One year,Standard,46.88,9,2,0,Card,0,0.47,0
C105790,14,Two year,Standard,38.87,12,1,0,Bank transfer,0,0.45,0
C105791,65,Month-to-month,Standard,37.56,11,1,0,Card,0,0.47,1
C105792,32,Month-to-month,Basic,21.01,13,0,1,Card,0,0.31,1
C105793,61,Two year,Premium,72.07,17,0,0,Wallet,0,0.48,0
C105794,47,One year,Premium,72.38,11,1,2,Card,1,0.29,0
C105795,40,One year,Premium,71.77,13,0,0,Bank transfer,0,0.42,1
C105796,20,Month-to-month,Premium,70.23,16,0,0,Card,1,0.57,1
C105797,4,Month-to-month,Premium,60.02,10,2,1,Card,0,0.27,1
C105798,5,One year,Standard,53.1,10,3,0,Card,0,0.59,0
C105799,31,Two year,Basic,37.56,13,1,0,Card,1,0.43,0
C105800,35,Month-to-month,Premium,77.9,7,1,0,Card,1,0.34,1
C105801,28,Two year,Premium,73.59,11,0,1,Wallet,0,0.49,0
C105802,62,Month-to-month,Standard,39.47,7,0,0,Bank transfer,0,0.62,0
C105803,72,One year,Standard,46.85,15,2,0,Bank transfer,1,0.75,0
C105804,7,Month-to-month,Standard,46.87,16,1,0,Bank transfer,0,0.36,1
C105805,50,Month-to-month,Standard,39.96,12,1,0,Bank transfer,0,0.73,0
C105806,53,Month-to-month,Standard,44.19,6,1,1,Bank transfer,0,0.65,1
C105807,30,Month-to-month,Standard,49.58,5,0,1,Wallet,0,0.91,1
C105808,29,Month-to-month,Basic,26.94,16,2,0,Card,0,0.29,0
C105809,27,One year,Standard,44.92,15,2,0,Card,0,0.66,0
C105810,30,Month-to-month,Basic,25.95,8,1,1,Card,1,0.42,1
C105811,56,One year,Standard,40.96,12,2,0,Bank transfer,0,0.4,0
C105812,65,Month-to-month,Premium,74.89,15,3,0,Card,0,0.09,0
C105813,7,Two year,Premium,75.65,15,1,3,Bank transfer,0,0.37,0
C105814,10,Month-to-month,Standard,40.88,11,0,0,Card,0,0.33,1
C105815,59,Month-to-month,Standard,44.52,8,0,0,Cash,1,0.53,0
C105816,10,Month-to-month,Standard,50.54,10,2,0,Bank transfer,0,0.16,1
C105817,49,One year,Standard,51.3,16,3,0,Card,0,0.39,0
C105818,5,Month-to-month,Premium,62.4,7,1,0,Card,0,0.54,1
C105819,32,One year,Premium,66.81,12,2,1,Wallet,0,0.73,0
C105820,3,Month-to-month,Basic,31.05,15,1,0,Bank transfer,0,0.55,1
C105821,52,Month-to-month,Premium,77.7,6,2,0,Bank transfer,0,0.27,0
C105822,41,One year,Standard,47.78,9,1,0,Wallet,1,0.09,1
C105823,29,Two year,Standard,37.04,12,1,0,Card,0,0.38,0
C105824,50,Two year,Standard,45.62,21,0,0,Bank transfer,0,0.71,0
C105825,11,One year,Basic,28.61,15,1,0,Bank transfer,0,0.31,0
C105826,46,Month-to-month,Basic,27.72,14,2,0,Card,0,0.22,0
C105827,31,Month-to-month,Premium,70.96,17,0,0,Card,0,0.39,1
C105828,31,One year,Standard,41.84,12,0,1,Card,0,0.67,0
C105829,4,One year,Basic,27.02,12,1,1,Card,0,0.5,0
C105830,61,Month-to-month,Premium,76.28,10,1,0,Bank transfer,1,0.83,0
C105831,7,One year,Premium,82.8,11,3,0,Wallet,0,0.89,0
C105832,23,Month-to-month,Premium,61.94,14,1,2,Card,0,0.06,0
C105833,32,One year,Standard,41.72,11,0,0,Card,0,0.2,0
C105834,52,Month-to-month,Standard,52.44,10,0,0,Cash,0,0.52,0
C105835,60,Month-to-month,Basic,18.49,10,2,1,Card,0,0.22,0
C105836,8,Two year,Basic,,14,1,1,Bank transfer,0,0.75,0
C105837,15,One year,Standard,53.6,13,1,2,Wallet,0,0.5,1
C105838,27,Two year,Standard,39.27,14,0,0,Bank transfer,1,0.28,0
C105839,37,Month-to-month,Standard,47.14,15,2,0,Card,0,0.31,0
C105840,10,Two year,Premium,86.44,11,2,0,Bank transfer,0,0.72,0
C105841,71,Month-to-month,Basic,17.73,5,1,0,Bank transfer,0,0.55,0
C105842,21,One year,Basic,15.0,13,2,0,Wallet,1,0.36,0
C105843,60,One year,Basic,31.38,6,3,1,Bank transfer,0,0.81,0
C105844,56,Month-to-month,Premium,72.34,16,0,0,Bank transfer,0,0.48,0
C105845,65,Month-to-month,Standard,44.89,10,2,0,Cash,0,0.25,0
C105846,65,Month-to-month,Standard,45.6,10,2,0,Card,0,0.56,0
C105847,49,One year,Standard,52.43,17,0,1,Bank transfer,0,0.65,0
C105848,23,Month-to-month,Basic,23.49,8,3,0,Cash,0,0.89,1
C105849,43,Month-to-month,Premium,81.01,10,0,0,Card,0,0.42,0
C105850,14,Two year,Premium,79.67,17,2,0,Wallet,0,0.82,0
C105851,42,Month-to-month,Basic,25.13,8,1,0,Bank transfer,0,0.71,0
C105852,16,One year,Basic,31.36,12,2,0,Card,0,0.17,0
C105853,44,Two year,Premium,76.96,26,1,1,Card,1,0.5,0
C105854,54,Two year,Standard,44.63,15,0,0,Card,0,0.56,0
C105855,34,Month-to-month,Basic,42.91,7,0,0,Wallet,0,0.07,0
C105856,56,Two year,Premium,63.45,14,1,0,Wallet,0,0.69,0
C105857,26,Month-to-month,Premium,68.39,8,0,0,Card,0,0.66,0
C105858,39,One year,Standard,39.17,13,1,1,Card,0,0.74,0
C105859,18,Month-to-month,Standard,42.69,11,0,1,Cash,0,0.49,1
C105860,27,Month-to-month,Standard,46.18,9,2,1,Wallet,1,0.84,1
C105861,5,One year,Standard,43.85,16,1,0,Cash,0,0.53,0
C105862,68,Two year,Standard,58.49,19,1,0,Card,1,0.44,0
C105863,27,Month-to-month,Standard,42.13,11,1,0,Card,0,0.32,1
C105864,49,Two year,Premium,68.79,6,2,1,Card,1,0.23,0
C105865,56,One year,Basic,25.25,11,1,0,Card,0,0.49,0
C105866,42,Month-to-month,Standard,42.59,11,1,1,Bank transfer,0,0.31,0
C105867,40,Two year,Basic,22.27,12,0,1,Bank transfer,1,0.66,0
C105868,58,Month-to-month,Standard,50.56,6,3,0,Cash,1,0.95,0
C105869,12,Month-to-month,Basic,26.98,4,0,0,Wallet,1,0.66,0
C105870,7,One year,Basic,31.76,9,1,1,Card,1,0.33,0
C105871,59,Two year,Premium,68.87,15,1,2,Cash,0,0.26,1
C105872,64,Month-to-month,Standard,48.71,10,1,0,Card,0,0.69,1
C105873,3,Month-to-month,Basic,25.22,13,1,0,Card,0,0.46,1
C105874,39,Month-to-month,Standard,41.47,10,2,0,Bank transfer,1,0.43,0
C105875,68,Month-to-month,Basic,15.86,15,0,2,Card,1,0.37,0
C105876,33,Month-to-month,Basic,24.64,9,2,1,Bank transfer,1,0.42,1
C105877,47,One year,Premium,68.28,17,1,1,Cash,0,0.39,0
C105878,27,Month-to-month,Basic,29.35,3,1,0,Card,1,0.46,1
C105879,41,Month-to-month,Premium,77.8,11,2,0,Cash,0,0.34,1
C105880,25,Month-to-month,Standard,47.93,14,1,0,Cash,0,0.26,1
C105881,30,Month-to-month,Standard,61.53,8,2,0,Bank transfer,0,0.64,0
C105882,58,Two year,Premium,82.57,15,0,1,Wallet,1,0.09,0
C105883,60,Month-to-month,Basic,15.0,13,1,0,Wallet,0,0.24,0
C105884,16,One year,Standard,48.59,7,1,1,Wallet,1,0.59,0
C105885,1,Month-to-month,Basic,26.34,4,3,1,Wallet,0,0.64,0
C105886,69,One year,Basic,26.35,5,3,0,Card,0,0.51,0
C105887,2,One year,Basic,22.16,7,0,0,Wallet,1,0.42,0
C105888,38,Two year,Basic,30.51,9,1,0,Card,1,0.43,0
C105889,38,One year,Premium,58.48,14,3,0,Card,0,0.79,1
C105890,46,Month-to-month,Standard,37.23,13,1,0,Card,0,0.38,0
C105891,22,Month-to-month,Premium,78.71,9,1,0,Cash,1,0.4,1
C105892,10,Two year,Standard,46.19,23,0,0,Card,1,0.02,0
C105893,29,Month-to-month,Standard,50.48,5,3,2,Card,1,0.77,0
C105894,70,Two year,Standard,42.84,9,1,0,Card,1,0.24,0
C105895,39,Month-to-month,Standard,41.92,9,0,0,Wallet,1,0.58,0
C105896,33,Two year,Basic,29.68,17,1,1,Card,0,0.44,0
C105897,4,Month-to-month,Premium,76.04,10,0,0,Card,0,0.71,1
C105898,67,One year,Standard,34.85,14,2,0,Card,1,0.87,0
C105899,71,Month-to-month,Standard,50.64,7,1,0,Bank transfer,0,0.88,0
C105900,4,Month-to-month,Premium,68.65,19,0,0,Bank transfer,0,0.53,0
C105901,49,One year,Standard,50.29,5,1,0,Card,0,0.2,0
C105902,56,Month-to-month,Standard,46.18,17,1,1,Cash,1,0.51,0
C105903,8,Month-to-month,Premium,78.48,10,3,1,Card,0,0.55,1
C105904,27,Two year,Basic,31.1,18,1,1,Card,1,0.34,0
C105905,54,Month-to-month,Premium,69.08,11,1,1,Card,0,0.14,0
C105906,63,Month-to-month,Basic,28.93,10,2,1,Card,1,0.89,0
C105907,39,Month-to-month,Standard,44.72,9,1,0,Cash,0,0.41,0
C105908,22,Month-to-month,Basic,23.56,14,3,0,Card,1,0.93,0
C105909,50,Month-to-month,Premium,75.1,13,1,1,Card,1,0.43,0
C105910,25,Month-to-month,Standard,42.08,18,1,1,Card,1,0.38,0
C105911,54,Month-to-month,Basic,25.31,9,3,2,Bank transfer,0,0.8,0
C105912,2,Month-to-month,Premium,76.5,4,2,0,Bank transfer,0,0.25,0
C105913,72,Month-to-month,Basic,21.29,13,1,0,Card,0,0.52,0
C105914,20,Two year,Basic,31.52,17,1,0,Bank transfer,0,0.53,1
C105915,9,Two year,Premium,75.63,11,0,0,Wallet,1,0.5,1
C105916,9,Two year,Basic,18.55,12,3,0,Card,0,0.49,0
C105917,72,Month-to-month,Basic,27.76,9,2,0,Card,0,0.41,0
C105918,68,Month-to-month,Basic,28.14,13,0,0,Cash,0,0.25,0
C105919,35,Two year,Standard,36.6,10,0,1,Wallet,0,0.29,0
C105920,56,One year,Premium,76.77,16,2,1,Card,0,0.24,0
C105921,15,Month-to-month,Basic,22.83,11,1,0,Bank transfer,0,0.59,0
C105922,68,Month-to-month,Premium,76.58,14,1,1,Card,0,0.16,0
C105923,27,Two year,Basic,,21,0,2,Bank transfer,0,0.16,0
C105924,43,Two year,Standard,47.35,14,2,0,Wallet,1,0.44,0
C105925,27,Two year,Premium,76.15,11,2,1,Card,1,0.2,0
C105926,8,Month-to-month,Premium,,13,0,0,Bank transfer,0,0.6,1
C105927,65,Month-to-month,Basic,25.52,13,2,0,Bank transfer,1,0.43,0
C105928,56,Month-to-month,Standard,48.3,5,1,0,Card,0,0.56,1
C105929,38,Month-to-month,Standard,49.32,9,1,0,Bank transfer,0,0.31,0
C105930,72,Month-to-month,Basic,32.38,13,0,0,Card,1,0.86,0
C105931,5,Month-to-month,Premium,77.06,5,1,0,Card,1,0.62,1
C105932,31,Month-to-month,Standard,52.81,13,2,0,Card,0,0.31,0
C105933,52,Month-to-month,Standard,50.14,7,0,0,Card,1,0.62,0
C105934,25,Month-to-month,Standard,42.27,9,1,0,Card,0,0.45,1
C105935,36,One year,Basic,20.95,12,1,1,Wallet,0,0.78,0
C105936,13,One year,Basic,32.6,15,0,1,Card,0,0.41,0
C105937,59,Month-to-month,Standard,49.22,6,2,0,Bank transfer,0,0.61,0
C105938,19,Two year,Premium,64.73,16,0,0,Bank transfer,0,0.08,1
C105939,4,Two year,Premium,68.83,11,2,1,Cash,0,0.11,1
C105940,13,Two year,Standard,51.93,12,3,0,Card,1,0.65,0
C105941,63,Month-to-month,Basic,26.01,13,3,0,Bank transfer,0,0.34,0
C105942,37,One year,Basic,15.0,15,1,0,Card,0,0.52,0
C105943,65,One year,Standard,47.67,17,1,0,Card,0,0.4,0
C105944,38,One year,Standard,50.92,13,1,0,Card,0,0.78,0
C105945,1,Two year,Standard,48.92,10,1,0,Wallet,0,0.47,0
C105946,58,Month-to-month,Standard,44.78,8,2,0,Bank transfer,1,0.25,0
C105947,35,Two year,Basic,23.89,15,2,0,Card,0,0.47,0
C105948,9,Two year,Premium,71.92,13,2,0,Bank transfer,0,0.64,0
C105949,9,One year,Premium,72.01,11,1,1,Cash,0,0.38,0
C105950,6,Month-to-month,Premium,76.67,10,1,1,Bank transfer,0,0.35,1
C105951,39,Month-to-month,Basic,39.98,11,0,1,Cash,1,0.61,0
C105952,49,Month-to-month,Standard,60.38,15,1,2,Wallet,1,0.47,0
C105953,7,One year,Basic,24.07,14,1,0,Card,1,0.29,0
C105954,42,One year,Premium,66.29,12,0,3,Wallet,1,0.43,1
C105955,64,One year,Standard,44.51,14,0,2,Card,1,0.05,0
C105956,66,One year,Basic,23.39,14,2,1,Cash,0,0.73,0
C105957,14,Month-to-month,Premium,73.57,8,2,0,Card,0,0.48,1
C105958,20,Month-to-month,Standard,35.17,12,1,0,Cash,1,0.24,0
C105959,49,Month-to-month,Basic,24.63,14,0,1,Card,0,0.33,0
C105960,55,Month-to-month,Premium,71.21,16,1,0,Wallet,0,0.47,1
C105961,48,Two year,Basic,25.33,13,0,1,Card,1,0.41,1
C105962,43,Month-to-month,Premium,65.89,18,1,0,Bank transfer,1,0.51,0
C105963,24,Month-to-month,Premium,75.26,11,0,0,Cash,0,0.69,0
C105964,67,One year,Standard,37.86,21,1,0,Cash,0,0.39,0
C105965,16,Month-to-month,Standard,40.11,8,1,0,Card,0,0.15,1
C105966,47,Two year,Standard,41.19,17,1,0,Wallet,0,0.49,0
C105967,66,Two year,Standard,41.79,7,3,0,Bank transfer,0,0.2,0
C105968,47,Month-to-month,Premium,71.81,8,0,1,Card,0,0.33,0
C105969,3,One year,Premium,71.71,14,1,0,Bank transfer,1,0.12,0
C105970,15,One year,Standard,41.4,10,0,0,Bank transfer,0,0.47,0
C105971,19,Two year,Premium,70.88,11,1,3,Bank transfer,1,0.81,0
C105972,68,One year,Basic,21.63,15,2,1,Wallet,0,0.78,0
C105973,24,Month-to-month,Premium,72.97,9,2,0,Cash,0,0.96,0
C105974,17,Month-to-month,Basic,36.2,15,1,0,Card,0,0.62,0
C105975,43,One year,Premium,80.48,14,1,1,Card,0,0.29,0
C105976,33,One year,Basic,21.5,17,2,0,Card,0,0.83,1
C105977,27,One year,Standard,36.92,7,2,0,Card,1,0.35,0
C105978,10,Month-to-month,Basic,31.77,13,1,1,Card,0,0.39,1
C105979,9,Two year,Basic,24.96,21,0,1,Card,0,0.45,0
C105980,22,One year,Standard,47.12,13,0,0,Card,1,0.3,0
C105981,42,Month-to-month,Basic,31.92,13,2,1,Card,0,0.14,0
C105982,2,Month-to-month,Basic,15.0,15,0,2,Card,0,0.1,0
C105983,53,Month-to-month,Standard,41.44,14,2,1,Card,1,0.87,0
C105984,19,One year,Premium,76.15,22,0,0,Bank transfer,0,0.1,1
C105985,51,Month-to-month,Standard,53.31,13,0,1,Card,0,0.8,0
C105986,48,Two year,Basic,24.55,18,0,1,Wallet,0,0.2,0
C105987,36,Month-to-month,Standard,45.51,9,0,0,Card,0,0.54,0
C105988,46,Month-to-month,Standard,44.83,18,1,2,Card,0,0.65,0
C105989,23,One year,Basic,24.8,12,0,1,Card,1,0.62,0
C105990,14,Month-to-month,Basic,25.94,17,1,0,Card,0,0.41,1
C105991,1,Two year,Standard,41.65,12,3,0,Cash,1,0.8,0
C105992,40,One year,Standard,40.82,17,1,1,Card,1,0.35,0
C105993,39,Two year,Standard,42.79,20,0,0,Wallet,0,0.08,0
C105994,9,Month-to-month,Premium,78.75,12,1,0,Bank transfer,0,0.62,1
C105995,46,Month-to-month,Premium,81.97,3,1,1,Bank transfer,0,0.48,0
C105996,17,Month-to-month,Standard,45.82,10,0,1,Card,0,0.55,0
C105997,32,Two year,Standard,43.43,21,2,0,Bank transfer,0,0.76,0
C105998,34,Month-to-month,Basic,32.34,7,0,1,Card,0,0.39,0
C105999,70,One year,Standard,48.35,19,0,0,Wallet,1,0.23,0
C106000,45,Month-to-month,Basic,29.41,12,0,0,Card,0,0.71,1
C106001,15,Two year,Standard,44.32,11,0,1,Card,0,0.48,1
C106002,23,Two year,Basic,22.58,12,3,1,Bank transfer,0,0.49,0
C106003,59,Month-to-month,Standard,47.95,19,2,0,Wallet,0,0.38,0
C106004,10,Month-to-month,Basic,24.12,7,3,0,Card,0,0.39,1
C106005,52,Month-to-month,Basic,31.99,10,1,1,Cash,0,0.52,0
C106006,30,Month-to-month,Basic,19.83,14,1,0,Bank transfer,0,0.81,0
C106007,65,Month-to-month,Standard,47.01,10,2,0,Cash,1,0.27,1
C106008,30,One year,Basic,25.17,14,0,0,Bank transfer,1,0.12,0
C106009,67,Two year,Basic,19.05,19,0,0,Card,1,0.27,0
C106010,12,Two year,Basic,22.96,13,1,0,Wallet,0,0.7,0
C106011,18,Month-to-month,Basic,18.85,10,1,1,Card,0,0.07,1
C106012,32,Month-to-month,Basic,22.98,9,0,1,Bank transfer,0,0.34,1
C106013,67,One year,Basic,23.47,11,3,0,Bank transfer,0,0.21,0
C106014,64,One year,Standard,,22,0,0,Bank transfer,0,0.34,0
C106015,30,One year,Standard,38.9,14,1,1,Card,1,0.54,0
C106016,62,Two year,Standard,48.89,15,4,0,Wallet,1,0.51,0
C106017,49,Month-to-month,Standard,42.34,10,0,1,Wallet,0,0.85,0
C106018,71,Month-to-month,Standard,47.22,6,0,0,Wallet,1,0.56,0
C106019,69,Month-to-month,Standard,43.06,13,0,0,Bank transfer,1,0.67,0
C106020,60,Month-to-month,Premium,70.31,11,2,0,Cash,0,0.53,0
C106021,43,Month-to-month,Basic,33.51,12,2,2,Bank transfer,1,0.21,1
C106022,27,One year,Basic,31.69,12,0,1,Card,1,0.56,0
C106023,42,Month-to-month,Basic,15.0,8,1,1,Card,1,0.24,0
C106024,60,One year,Standard,44.2,17,1,0,Bank transfer,0,0.54,0
C106025,6,Two year,Premium,72.95,16,0,0,Card,1,0.62,0
C106026,27,One year,Standard,35.64,15,1,0,Card,1,0.27,1
C106027,43,Two year,Premium,76.05,17,1,0,Wallet,0,0.4,0
C106028,55,Two year,Standard,48.06,22,2,0,Bank transfer,1,0.75,0
C106029,18,Month-to-month,Basic,25.36,8,4,1,Wallet,0,0.4,0
C106030,21,One year,Basic,27.79,10,2,0,Bank transfer,1,0.24,0
C106031,28,Month-to-month,Standard,55.53,8,2,1,Bank transfer,0,0.51,1
C106032,55,Month-to-month,Premium,72.39,11,1,0,Card,0,0.24,0
C106033,28,One year,Basic,32.47,11,1,0,Bank transfer,0,0.12,0
C106034,7,One year,Premium,87.98,15,1,0,Bank transfer,1,0.29,0
C106035,71,Month-to-month,Standard,27.91,11,1,0,Card,1,0.57,0
C106036,27,One year,Basic,23.74,16,3,0,Cash,0,0.32,1
C106037,46,Month-to-month,Basic,33.1,19,0,1,Bank transfer,0,0.67,0
C106038,29,Month-to-month,Premium,77.09,7,0,0,Bank transfer,1,0.53,0
C106039,53,One year,Premium,71.47,15,1,0,Bank transfer,1,0.45,0
C106040,55,Month-to-month,Standard,53.54,14,3,0,Bank transfer,0,0.34,1
C106041,13,Two year,Premium,80.35,14,0,0,Card,1,0.56,0
C106042,10,Two year,Premium,65.6,19,0,1,Bank transfer,1,0.22,0
C106043,22,Month-to-month,Premium,79.97,6,1,0,Cash,0,0.78,1
C106044,7,Month-to-month,Standard,44.03,5,2,1,Card,1,0.66,1
C106045,64,One year,Standard,46.3,17,0,0,Bank transfer,1,0.44,0
C106046,69,Month-to-month,Basic,18.15,8,2,1,Wallet,1,0.5,1
C106047,9,Two year,Basic,28.33,15,2,2,Bank transfer,0,0.54,0
C106048,21,One year,Basic,26.08,12,3,0,Card,0,0.36,0
C106049,69,Two year,Basic,19.54,10,0,1,Wallet,0,0.74,0
C106050,44,Month-to-month,Premium,73.12,18,1,0,Bank transfer,1,0.52,1
C106051,31,One year,Standard,53.54,10,0,0,Bank transfer,1,0.32,0
C106052,12,One year,Premium,84.2,16,1,0,Cash,0,0.68,0
C106053,29,One year,Basic,16.29,14,2,0,Wallet,1,0.6,0
C106054,25,Two year,Standard,48.12,15,1,1,Bank transfer,0,0.48,0
C106055,38,Month-to-month,Standard,43.36,19,0,1,Card,1,0.64,1
C106056,47,Month-to-month,Premium,72.1,5,3,0,Card,1,0.52,0
C106057,32,Two year,Basic,26.6,13,0,0,Wallet,0,0.6,0
C106058,16,Month-to-month,Standard,54.12,6,1,1,Card,0,0.62,1
C106059,34,One year,Standard,48.41,16,0,0,Card,1,0.29,0
C106060,44,Two year,Basic,19.47,18,1,0,Card,1,0.58,0
C106061,31,Two year,Standard,45.47,13,3,1,Wallet,0,0.77,0
C106062,63,One year,Basic,27.8,8,1,1,Bank transfer,1,0.56,0
C106063,51,Month-to-month,Basic,31.73,16,1,0,Card,0,0.91,0
C106064,65,Two year,Basic,24.75,14,1,0,Cash,0,0.36,0
C106065,20,Month-to-month,Premium,75.97,12,3,0,Card,0,0.16,1
C106066,35,Month-to-month,Basic,26.56,10,0,0,Card,1,0.68,0
C106067,12,Month-to-month,Premium,79.02,11,1,0,Wallet,1,0.05,1
C106068,68,Month-to-month,Basic,15.0,8,2,0,Bank transfer,0,0.2,0
C106069,32,Month-to-month,Premium,83.4,10,2,1,Card,0,0.64,1
C106070,60,One year,Premium,77.08,15,1,0,Card,1,0.71,0
C106071,7,Month-to-month,Standard,45.24,8,1,0,Wallet,1,0.84,0
C106072,52,Month-to-month,Premium,68.73,6,1,1,Card,0,0.14,0
C106073,33,Two year,Basic,26.74,18,0,0,Wallet,0,0.67,0
C106074,64,Month-to-month,Basic,36.89,12,2,0,Wallet,0,0.19,0
C106075,36,Month-to-month,Standard,41.66,14,2,0,Bank transfer,1,0.74,0
C106076,10,Two year,Standard,35.54,12,1,0,Card,0,0.19,1
C106077,57,Two year,Premium,77.78,8,1,1,Card,0,0.37,0
C106078,51,One year,Standard,45.35,20,2,1,Card,0,0.61,0
C106079,8,Month-to-month,Premium,74.9,9,3,0,Wallet,0,0.36,1
C106080,11,Month-to-month,Standard,36.16,16,1,1,Bank transfer,1,0.16,0
C106081,29,Month-to-month,Standard,47.68,11,1,3,Card,0,0.13,1
C106082,51,One year,Premium,78.97,15,1,0,Card,0,0.51,0
C106083,57,One year,Premium,49.6,12,2,1,Card,0,0.48,0
C106084,3,One year,Basic,26.14,12,0,0,Card,1,0.38,1
C106085,25,Two year,Basic,29.72,21,2,1,Card,0,0.23,0
C106086,68,One year,Premium,69.85,7,3,0,Wallet,0,0.56,0
C106087,61,Two year,Basic,15.0,15,1,0,Wallet,1,0.21,0
C106088,4,Two year,Basic,25.73,14,0,0,Bank transfer,0,0.44,0
C106089,52,Month-to-month,Standard,57.89,12,0,1,Card,1,0.08,0
C106090,61,Month-to-month,Basic,27.33,9,1,0,Card,0,0.35,0
C106091,4,Two year,Basic,38.56,12,2,1,Bank transfer,0,0.26,1
C106092,28,Month-to-month,Standard,47.21,10,3,2,Bank transfer,0,0.69,1
C106093,28,Month-to-month,Standard,43.89,12,2,0,Card,0,0.64,1
C106094,57,Month-to-month,Basic,20.57,10,2,1,Bank transfer,1,0.55,0
C106095,56,Two year,Basic,33.6,17,2,1,Card,0,0.31,0
C106096,41,Month-to-month,Standard,37.29,21,1,0,Bank transfer,0,0.68,0
C106097,38,Month-to-month,Basic,21.55,9,2,0,Card,1,0.45,0
C106098,9,Month-to-month,Standard,42.71,13,0,1,Card,0,0.49,1
C106099,49,Month-to-month,Basic,26.95,15,0,1,Wallet,0,0.42,0
C106100,35,Month-to-month,Standard,45.48,10,3,1,Wallet,0,0.25,1
C106101,72,Two year,Basic,16.39,12,3,1,Card,0,0.22,0
C106102,6,Month-to-month,Premium,68.21,16,1,0,Cash,0,0.4,1
C106103,49,Month-to-month,Basic,35.39,10,4,0,Card,0,0.72,0
C106104,38,One year,Basic,25.73,14,2,0,Wallet,0,0.12,1
C106105,40,Month-to-month,Basic,25.21,8,3,1,Bank transfer,0,0.56,1
C106106,72,One year,Premium,73.13,12,4,1,Wallet,0,0.17,0
C106107,61,Month-to-month,Standard,46.89,10,2,0,Card,1,0.1,0
C106108,29,Month-to-month,Premium,70.75,13,0,0,Card,1,0.41,0
C106109,31,Month-to-month,Basic,31.83,7,2,0,Card,0,0.5,0
C106110,25,Two year,Premium,80.3,19,1,1,Card,0,0.38,0
C106111,1,Month-to-month,Standard,45.15,4,0,0,Card,0,0.78,0
C106112,22,Month-to-month,Premium,80.67,8,1,0,Card,0,0.18,1
C106113,20,One year,Basic,24.24,10,4,0,Card,0,0.19,1
C106114,39,One year,Basic,22.7,13,1,0,Wallet,0,0.2,0
C106115,43,Month-to-month,Premium,81.09,21,1,1,Card,0,0.65,0
C106116,71,Month-to-month,Premium,74.66,21,2,0,Card,1,0.34,0
C106117,69,Two year,Standard,40.38,21,0,0,Card,0,0.37,0
C106118,51,Month-to-month,Premium,84.68,13,4,0,Card,0,0.08,1
C106119,44,One year,Premium,74.12,11,1,0,Wallet,0,0.84,0
C106120,22,Month-to-month,Standard,47.91,14,1,0,Bank transfer,0,0.4,0
C106121,21,One year,Standard,54.21,20,0,1,Cash,0,0.45,0
C106122,36,Month-to-month,Basic,17.67,11,1,1,Bank transfer,1,0.41,0
C106123,72,One year,Standard,43.39,17,2,1,Card,0,0.65,0
C106124,55,Two year,Standard,50.99,20,2,2,Card,0,0.28,0
C106125,29,Month-to-month,Standard,43.46,12,0,1,Card,0,0.78,0
C106126,42,Two year,Premium,72.58,14,1,0,Card,0,0.67,0
C106127,17,Month-to-month,Standard,44.36,19,0,0,Bank transfer,0,0.72,0
C106128,7,Month-to-month,Basic,23.44,8,2,0,Bank transfer,0,0.26,0
C106129,40,Two year,Premium,73.37,12,1,0,Card,0,0.65,0
C106130,22,Month-to-month,Basic,27.64,10,2,1,Card,0,0.48,1
C106131,25,Month-to-month,Basic,25.78,7,3,0,Wallet,1,0.04,1
C106132,61,One year,Basic,35.48,15,0,0,Bank transfer,0,0.58,0
C106133,9,Month-to-month,Standard,47.18,12,2,0,Card,0,0.19,0
C106134,45,Two year,Standard,55.2,10,0,1,Card,0,0.5,0
C106135,52,Two year,Standard,46.07,8,0,1,Card,1,0.91,0
C106136,33,Two year,Standard,55.6,17,0,2,Cash,1,0.12,0
C106137,50,Month-to-month,Standard,44.48,9,0,0,Bank transfer,0,0.23,0
C106138,7,Two year,Basic,32.54,11,0,2,Cash,0,0.39,1
C106139,70,One year,Standard,46.24,15,2,2,Wallet,0,0.4,0
C106140,67,Month-to-month,Standard,54.89,8,1,0,Wallet,0,0.28,0
C106141,10,One year,Standard,40.63,18,0,0,Bank transfer,0,0.38,1
C106142,42,Month-to-month,Standard,42.53,13,2,1,Cash,0,0.36,0
C106143,66,Month-to-month,Basic,27.62,14,2,1,Cash,1,0.62,0
C106144,9,Month-to-month,Standard,39.58,8,0,0,Card,0,0.38,1
C106145,58,Month-to-month,Standard,54.0,9,1,0,Cash,0,0.38,1
C106146,34,Month-to-month,Premium,74.24,15,1,1,Card,0,0.84,0
C106147,19,Two year,Basic,28.44,15,0,0,Card,1,0.71,0
C106148,71,One year,Standard,51.39,11,0,1,Bank transfer,0,0.43,0
C106149,35,Month-to-month,Basic,28.89,8,1,1,Wallet,0,0.32,0
C106150,16,Month-to-month,Standard,40.94,7,1,4,Card,0,0.5,1
C106151,46,Month-to-month,Basic,,14,2,0,Bank transfer,0,0.28,0
C106152,43,Month-to-month,Standard,35.37,16,1,0,Bank transfer,0,0.73,0
C106153,23,Month-to-month,Standard,39.93,8,1,1,Card,0,0.5,1
C106154,53,One year,Standard,40.84,10,1,0,Wallet,1,0.69,0
C106155,8,Two year,Standard,40.57,14,2,0,Bank transfer,0,0.77,0
C106156,44,Month-to-month,Standard,48.0,7,2,1,Wallet,0,0.47,0
C106157,61,Month-to-month,Basic,17.22,9,1,1,Card,0,0.13,1
C106158,55,One year,Basic,15.66,14,0,0,Wallet,0,0.57,0
C106159,12,Month-to-month,Premium,76.32,15,4,0,Wallet,1,0.64,0
C106160,58,Month-to-month,Premium,85.88,7,0,0,Card,0,0.42,0
C106161,36,Two year,Basic,19.78,10,1,0,Card,0,0.62,0
C106162,8,Month-to-month,Standard,44.56,11,0,4,Bank transfer,0,0.3,1
C106163,32,Two year,Basic,24.95,14,0,0,Cash,0,0.32,0
C106164,21,Month-to-month,Basic,31.71,9,1,0,Bank transfer,0,0.61,0
C106165,66,Two year,Premium,80.38,9,2,1,Card,0,0.21,0
C106166,27,Two year,Premium,72.62,12,4,0,Wallet,0,0.61,0
C106167,41,Two year,Standard,50.71,21,1,0,Wallet,1,0.47,0
C106168,46,One year,Premium,75.66,11,2,0,Card,1,0.3,0
C106169,31,One year,Basic,30.03,15,1,0,Cash,0,0.46,0
C106170,10,Month-to-month,Premium,86.01,12,1,0,Bank transfer,1,0.45,0
C106171,71,Month-to-month,Basic,15.0,12,0,0,Card,0,0.63,0
C106172,19,One year,Basic,16.81,12,2,1,Wallet,0,0.56,0
C106173,26,Month-to-month,Basic,17.21,5,2,0,Bank transfer,0,0.88,0
C106174,25,One year,Basic,17.86,18,2,1,Card,0,0.62,0
C106175,53,One year,Standard,45.85,8,1,0,Wallet,0,0.42,0
C106176,6,One year,Basic,25.94,8,1,0,Cash,0,0.21,1
C106177,17,Two year,Premium,85.53,17,1,0,Wallet,0,0.55,0
C106178,66,Month-to-month,Standard,53.62,9,1,0,Card,1,0.43,0
C106179,55,One year,Premium,76.93,12,2,0,Bank transfer,1,0.22,0
C106180,42,Month-to-month,Standard,44.44,12,3,0,Wallet,0,0.29,1
C106181,55,One year,Basic,29.16,9,2,0,Bank transfer,1,0.66,0
C106182,25,Two year,Basic,27.73,19,4,0,Card,0,0.56,0
C106183,60,One year,Premium,72.4,6,1,2,Bank transfer,1,0.44,1
C106184,58,One year,Standard,49.3,10,0,0,Card,0,0.34,0
C106185,35,One year,Basic,22.19,9,0,0,Card,0,0.28,0
C106186,52,Month-to-month,Basic,24.63,7,0,0,Card,0,0.76,0
C106187,16,One year,Basic,24.28,16,0,1,Bank transfer,0,0.37,0
C106188,20,Month-to-month,Standard,41.65,15,1,0,Bank transfer,0,0.52,0
C106189,46,One year,Premium,71.34,16,2,0,Card,1,0.69,0
C106190,3,Month-to-month,Standard,45.55,11,2,1,Card,0,0.45,1
C106191,66,One year,Basic,24.44,7,0,0,Bank transfer,0,0.46,0
C106192,55,Month-to-month,Premium,67.86,16,0,1,Bank transfer,0,0.33,0
C106193,23,One year,Premium,85.01,14,1,1,Card,0,0.6,0
C106194,20,Month-to-month,Basic,,16,1,0,Card,1,0.56,0
C106195,2,Month-to-month,Basic,34.89,8,3,0,Card,1,0.87,0
C106196,26,One year,Standard,52.1,12,1,2,Bank transfer,0,0.49,0
C106197,14,Month-to-month,Premium,74.57,9,3,0,Wallet,0,0.28,1
C106198,64,One year,Basic,19.55,12,1,1,Card,1,0.56,0
C106199,68,Month-to-month,Premium,69.12,6,1,0,Cash,0,0.75,1
C106200,16,Month-to-month,Standard,34.85,7,3,0,Bank transfer,0,0.15,1
C106201,1,Month-to-month,Standard,43.2,13,1,0,Card,0,0.45,1
C106202,17,One year,Standard,34.93,12,0,0,Bank transfer,0,0.13,1
C106203,4,Month-to-month,Standard,45.75,11,1,0,Bank transfer,0,0.68,1
C106204,52,One year,Basic,26.69,18,1,0,Wallet,0,0.62,0
C106205,8,One year,Basic,21.92,15,2,1,Wallet,0,0.41,1
C106206,16,Month-to-month,Premium,71.9,11,0,0,Wallet,0,0.74,0
C106207,65,One year,Basic,24.71,14,0,0,Bank transfer,0,0.82,0
C106208,54,Two year,Premium,78.44,8,0,0,Card,1,0.44,0
C106209,28,Two year,Basic,23.1,17,0,1,Bank transfer,0,0.28,0
C106210,10,Month-to-month,Standard,55.08,10,4,1,Bank transfer,1,0.58,1
C106211,50,Month-to-month,Basic,19.82,14,0,0,Wallet,0,0.51,0
C106212,22,Month-to-month,Standard,41.43,13,0,1,Bank transfer,1,0.25,1
C106213,51,One year,Standard,42.23,19,1,0,Bank transfer,0,0.47,0
C106214,60,Month-to-month,Premium,73.87,16,3,0,Bank transfer,0,0.39,1
C106215,32,Two year,Standard,46.32,16,3,1,Card,1,0.59,0
C106216,10,One year,Standard,48.26,9,1,0,Card,0,0.27,0
C106217,53,Month-to-month,Basic,23.12,13,0,0,Card,1,0.56,0
C106218,63,One year,Premium,84.39,21,1,0,Card,0,0.23,0
C106219,34,Month-to-month,Premium,64.1,11,1,1,Card,1,0.37,0
C106220,30,Month-to-month,Standard,46.6,12,2,1,Card,0,0.71,0
C106221,40,One year,Standard,45.28,15,0,0,Card,0,0.22,0
C106222,64,One year,Basic,16.99,14,2,0,Card,1,0.58,0
C106223,23,One year,Basic,16.59,11,1,1,Bank transfer,0,0.28,0
C106224,23,Month-to-month,Standard,45.62,14,0,0,Cash,1,0.45,0
C106225,1,Month-to-month,Standard,51.73,10,2,1,Bank transfer,0,0.54,1
C106226,3,Month-to-month,Basic,27.33,9,0,1,Bank transfer,0,0.6,1
C106227,43,Month-to-month,Premium,74.49,9,1,0,Bank transfer,0,0.22,0
C106228,70,Month-to-month,Standard,43.1,18,2,2,Card,1,0.28,1
C106229,20,Month-to-month,Basic,22.04,13,1,0,Cash,0,0.83,0
C106230,20,Month-to-month,Premium,72.59,16,0,1,Card,1,0.7,1
C106231,20,Two year,Standard,48.68,20,3,1,Wallet,0,0.32,0
C106232,23,Month-to-month,Standard,51.22,3,0,0,Bank transfer,0,0.25,1
C106233,64,Month-to-month,Premium,78.11,8,2,3,Card,0,0.45,1
C106234,67,Month-to-month,Basic,20.88,7,2,0,Card,0,0.26,0
C106235,27,Month-to-month,Basic,28.26,14,1,1,Bank transfer,0,0.6,1
C106236,34,One year,Premium,80.95,11,2,0,Bank transfer,0,0.57,0
C106237,8,Month-to-month,Basic,15.0,19,0,0,Bank transfer,1,0.17,0
C106238,15,Month-to-month,Standard,46.76,12,1,0,Bank transfer,0,0.48,1
C106239,46,Month-to-month,Premium,71.73,8,0,2,Card,1,0.59,1
C106240,3,Month-to-month,Basic,25.56,13,3,0,Card,0,0.91,0
C106241,39,Two year,Premium,67.43,17,2,0,Bank transfer,1,0.31,0
C106242,39,One year,Basic,18.68,13,2,0,Card,0,0.57,0
C106243,5,Two year,Premium,74.21,14,1,0,Cash,1,0.65,0
C106244,35,Two year,Basic,21.65,8,1,0,Card,0,0.65,0
C106245,26,Month-to-month,Standard,41.98,11,0,1,Card,0,0.43,1
C106246,10,One year,Premium,69.7,18,0,1,Card,1,0.43,0
C106247,45,Month-to-month,Premium,,9,0,0,Bank transfer,0,0.27,1
C106248,63,Month-to-month,Standard,51.1,6,0,1,Card,0,0.3,0
C106249,21,One year,Standard,39.23,10,2,2,Wallet,0,0.64,0
C106250,41,One year,Premium,76.36,14,1,0,Bank transfer,0,0.11,0
C106251,72,One year,Standard,42.25,14,1,0,Wallet,1,0.26,0
C106252,62,Month-to-month,Basic,26.33,12,1,0,Wallet,0,0.28,0
C106253,58,Two year,Standard,51.33,17,1,0,Card,0,0.7,0
C106254,27,One year,Premium,76.32,21,3,1,Bank transfer,0,0.25,0
C106255,37,One year,Standard,44.12,17,6,0,Card,0,0.82,0
C106256,4,One year,Basic,18.71,13,1,1,Card,1,0.84,0
C106257,66,Two year,Standard,51.37,18,1,1,Card,0,0.6,0
C106258,2,Month-to-month,Basic,34.4,10,1,0,Card,1,0.51,1
C106259,3,Month-to-month,Standard,33.66,12,1,1,Card,1,0.17,1
C106260,4,Two year,Standard,48.2,15,1,0,Wallet,0,0.17,0
C106261,17,One year,Premium,73.81,11,3,1,Bank transfer,0,0.47,0
C106262,65,Two year,Standard,37.39,12,0,0,Wallet,0,0.5,0
C106263,66,Month-to-month,Basic,34.89,9,3,0,Wallet,0,0.63,0
C106264,40,Two year,Premium,77.89,18,1,1,Bank transfer,1,0.34,0
C106265,37,Month-to-month,Standard,56.99,10,0,0,Card,0,0.51,0
C106266,24,Two year,Basic,20.23,10,0,1,Card,0,0.57,0
C106267,13,Two year,Standard,42.1,15,1,1,Bank transfer,0,0.54,0
C106268,47,Month-to-month,Basic,16.08,9,0,1,Wallet,1,0.3,0
C106269,42,Month-to-month,Basic,25.22,14,0,0,Wallet,0,0.54,0
C106270,36,Month-to-month,Basic,15.0,9,0,0,Bank transfer,1,0.42,0
C106271,53,Month-to-month,Premium,72.96,12,2,1,Card,1,0.33,1
C106272,20,Month-to-month,Basic,31.48,4,1,0,Card,0,0.66,1
C106273,44,Two year,Basic,27.91,23,0,0,Bank transfer,0,0.11,0
C106274,60,One year,Standard,50.43,14,0,0,Card,0,0.29,1
C106275,4,Month-to-month,Standard,45.56,9,0,2,Bank transfer,0,0.19,0
C106276,30,One year,Basic,29.26,15,1,0,Card,1,0.06,0
C106277,3,Month-to-month,Standard,44.11,4,1,3,Card,0,0.32,1
C106278,11,Two year,Premium,67.44,8,1,0,Bank transfer,0,0.52,0
C106279,30,Month-to-month,Standard,47.6,16,1,0,Bank transfer,1,0.34,0
C106280,33,Month-to-month,Premium,74.43,14,2,0,Bank transfer,1,0.38,0
C106281,2,One year,Premium,70.16,11,1,1,Card,1,0.4,0
C106282,6,Two year,Basic,18.36,8,1,1,Card,0,0.58,0
C106283,7,One year,Standard,51.85,11,1,0,Card,1,0.31,0
C106284,67,Two year,Standard,35.2,11,0,1,Wallet,0,0.34,0
C106285,47,Month-to-month,Premium,69.94,4,3,1,Cash,0,0.64,0
C106286,24,Month-to-month,Standard,46.89,8,0,0,Card,0,0.6,0
C106287,32,One year,Standard,48.33,12,0,0,Card,1,0.17,0
C106288,34,Month-to-month,Premium,76.17,13,0,2,Wallet,0,0.29,1
C106289,7,Month-to-month,Basic,15.98,15,1,1,Cash,0,0.68,1
C106290,19,Month-to-month,Basic,31.12,19,0,0,Card,0,0.41,0
C106291,64,Month-to-month,Standard,44.13,10,1,1,Wallet,0,0.55,0
C106292,14,One year,Standard,36.22,12,0,1,Bank transfer,1,0.75,0
C106293,27,One year,Standard,51.08,16,2,1,Wallet,1,0.37,0
C106294,34,One year,Premium,74.22,17,0,1,Wallet,1,0.67,0
C106295,64,One year,Basic,15.0,18,1,1,Card,0,0.22,0
C106296,69,One year,Basic,15.0,12,1,0,Bank transfer,0,0.58,0
C106297,44,Two year,Basic,23.84,10,1,1,Bank transfer,0,0.28,0
C106298,51,Month-to-month,Standard,41.09,16,0,1,Card,0,0.58,0
C106299,45,Month-to-month,Basic,26.35,18,2,0,Wallet,0,0.05,1
C106300,38,Two year,Standard,45.64,12,3,1,Card,1,0.42,0
C106301,31,Two year,Standard,40.22,14,3,0,Wallet,0,0.48,0
C106302,26,One year,Basic,27.26,9,3,0,Card,0,0.59,0
C106303,49,One year,Standard,46.08,17,0,1,Wallet,0,0.44,0
C106304,17,One year,Standard,38.6,14,0,0,Wallet,0,0.62,0
C106305,18,Month-to-month,Premium,79.35,15,1,0,Bank transfer,0,0.7,0
C106306,46,One year,Premium,75.94,15,2,0,Wallet,0,0.47,0
C106307,19,Month-to-month,Basic,,22,3,1,Card,0,0.12,0
C106308,34,Month-to-month,Basic,26.8,12,0,0,Wallet,0,0.7,0
C106309,63,Month-to-month,Premium,70.07,13,0,0,Card,0,0.4,0
C106310,11,Two year,Premium,70.14,22,0,1,Card,0,0.24,0
C106311,15,Month-to-month,Premium,74.14,17,0,0,Card,1,0.26,0
C106312,70,Month-to-month,Standard,39.29,7,1,1,Cash,1,0.16,1
C106313,28,Month-to-month,Basic,33.62,9,0,0,Bank transfer,1,0.69,1
C106314,35,One year,Standard,46.22,17,3,0,Bank transfer,0,0.33,0
C106315,54,Two year,Premium,79.01,15,1,1,Card,0,0.35,0
C106316,72,Month-to-month,Standard,55.25,12,0,1,Card,0,0.72,0
C106317,24,Two year,Standard,53.23,12,0,1,Card,0,0.66,0
C106318,36,Month-to-month,Basic,37.06,10,2,0,Card,1,0.15,0
C106319,27,One year,Standard,39.83,13,3,0,Cash,1,0.26,1
C106320,63,One year,Basic,34.46,12,2,0,Card,0,0.28,0
C106321,66,Month-to-month,Basic,22.46,16,5,0,Card,0,0.34,0
C106322,5,Two year,Basic,,18,1,0,Wallet,1,0.72,0
C106323,15,Two year,Basic,26.11,16,0,1,Card,0,0.49,0
C106324,46,Month-to-month,Standard,45.39,12,0,2,Card,1,0.59,0
C106325,18,Month-to-month,Standard,44.81,11,0,0,Cash,0,0.5,1
C106326,11,Two year,Standard,46.73,14,2,1,Wallet,1,0.52,0
C106327,64,One year,Standard,53.82,12,0,1,Wallet,1,0.28,0
C106328,67,Month-to-month,Basic,15.0,12,0,0,Bank transfer,0,0.57,0
C106329,20,Month-to-month,Standard,36.43,13,0,0,Card,1,0.41,1
C106330,45,Month-to-month,Premium,67.37,14,3,1,Bank transfer,1,0.7,1
C106331,24,Month-to-month,Premium,76.69,10,2,0,Card,1,0.23,0
C106332,12,Two year,Premium,75.6,16,1,0,Card,0,0.3,0
C106333,64,One year,Premium,77.23,14,0,1,Bank transfer,0,0.22,0
C106334,1,Month-to-month,Standard,56.03,9,3,1,Card,0,0.47,1
C106335,24,Two year,Standard,45.16,18,3,0,Cash,0,0.43,0
C106336,4,One year,Basic,16.67,17,2,0,Card,1,0.41,1
C106337,72,Two year,Standard,47.5,13,2,0,Card,0,0.41,0
C106338,39,Month-to-month,Standard,55.58,14,2,1,Card,1,0.53,1
C106339,60,Month-to-month,Standard,56.54,14,0,0,Wallet,0,0.57,0
C106340,30,Two year,Basic,24.62,16,1,1,Bank transfer,1,0.45,1
C106341,61,One year,Basic,25.89,15,1,0,Card,0,0.5,0
C106342,42,Month-to-month,Standard,,10,3,1,Wallet,0,0.58,1
C106343,17,Month-to-month,Standard,48.49,12,0,0,Wallet,1,0.72,1
C106344,1,Month-to-month,Premium,74.18,9,3,0,Card,0,0.52,1
C106345,16,Month-to-month,Basic,,10,2,0,Bank transfer,1,0.17,0
C106346,72,Two year,Standard,54.07,10,0,1,Card,0,0.43,0
C106347,55,Month-to-month,Premium,83.96,9,0,1,Wallet,0,0.56,1
C106348,64,Month-to-month,Basic,25.13,16,4,0,Bank transfer,0,0.77,0
C106349,60,Two year,Premium,71.6,12,0,0,Bank transfer,0,0.33,0
C106350,45,Month-to-month,Basic,21.38,12,0,0,Card,1,0.34,0
C106351,17,Month-to-month,Standard,38.32,15,1,1,Card,0,0.5,0
C106352,29,One year,Standard,37.83,15,4,0,Cash,0,0.21,0
C106353,15,Two year,Basic,23.41,22,0,0,Card,0,0.49,0
C106354,65,Two year,Standard,40.8,18,1,2,Cash,1,0.74,0
C106355,18,Month-to-month,Basic,26.63,10,3,0,Bank transfer,1,0.56,0
C106356,58,Month-to-month,Premium,72.01,5,3,0,Bank transfer,0,0.61,0
C106357,10,One year,Basic,19.63,16,1,0,Bank transfer,0,0.24,0
C106358,29,Month-to-month,Premium,72.74,17,2,0,Cash,0,0.25,0
C106359,31,One year,Premium,60.4,12,0,0,Card,0,0.26,0
C106360,53,Month-to-month,Premium,77.12,21,0,0,Bank transfer,0,0.63,0
C106361,37,One year,Basic,23.58,10,5,0,Bank transfer,1,0.72,0
C106362,60,Month-to-month,Standard,53.0,7,0,0,Card,1,0.67,0
C106363,46,Month-to-month,Premium,72.37,11,1,0,Card,0,0.3,0
C106364,1,One year,Standard,44.1,22,1,0,Wallet,0,0.02,0
C106365,4,One year,Standard,39.67,13,0,0,Card,0,0.44,0
C106366,31,One year,Premium,87.14,10,2,1,Card,0,0.43,1
C106367,14,Month-to-month,Basic,26.59,8,0,2,Bank transfer,0,0.72,0
C106368,17,One year,Standard,52.11,15,1,0,Card,1,0.42,1
C106369,9,Two year,Premium,73.02,10,2,0,Card,0,0.61,0
C106370,70,Month-to-month,Premium,78.41,7,0,0,Bank transfer,0,0.43,0
C106371,20,Month-to-month,Premium,69.46,13,2,1,Wallet,0,0.14,1
C106372,50,Month-to-month,Premium,71.38,8,0,1,Card,0,0.78,0
C106373,14,One year,Basic,23.21,15,2,0,Wallet,1,0.57,0
C106374,10,Month-to-month,Premium,69.77,12,1,0,Bank transfer,0,0.46,0
C106375,68,One year,Basic,29.21,15,2,0,Card,0,0.67,0
C106376,35,Month-to-month,Standard,49.85,11,1,0,Card,1,0.66,1
C106377,27,One year,Standard,51.88,16,2,1,Bank transfer,0,0.26,1
C106378,15,Month-to-month,Standard,39.63,6,2,0,Card,0,0.97,1
C106379,11,Month-to-month,Standard,41.55,10,2,0,Cash,0,0.48,1
C106380,4,Month-to-month,Basic,24.68,11,4,0,Wallet,0,0.37,1
C106381,48,One year,Premium,78.73,15,1,1,Card,0,0.24,0
C106382,8,One year,Basic,17.57,18,1,0,Wallet,0,0.92,0
C106383,71,One year,Standard,43.35,10,2,0,Cash,0,0.27,0
C106384,21,Month-to-month,Basic,30.91,17,1,0,Cash,0,0.45,0
C106385,58,Month-to-month,Premium,75.48,13,5,1,Bank transfer,0,0.35,0
C106386,23,Two year,Premium,74.27,18,5,1,Wallet,0,0.69,0
C106387,47,Month-to-month,Basic,,16,1,0,Card,0,0.19,1
C106388,46,Month-to-month,Standard,42.94,7,1,1,Cash,1,0.58,0
C106389,28,One year,Standard,48.93,14,3,1,Card,0,0.57,0
C106390,15,Two year,Premium,80.81,9,2,1,Cash,1,0.69,1
C106391,30,One year,Basic,15.09,13,3,0,Card,0,0.66,0
C106392,24,Month-to-month,Basic,27.18,12,4,0,Card,0,0.4,1
C106393,22,Two year,Standard,42.72,15,1,0,Card,0,0.38,0
C106394,17,Month-to-month,Basic,19.39,5,1,0,Cash,0,0.54,1
C106395,59,Month-to-month,Basic,35.55,17,1,1,Card,1,0.6,0
C106396,26,One year,Premium,78.7,17,1,0,Bank transfer,0,0.36,0
C106397,58,Two year,Standard,38.52,8,1,1,Card,0,0.56,0
C106398,46,One year,Basic,18.86,14,1,0,Card,0,0.31,0
C106399,36,Two year,Basic,,15,1,0,Bank transfer,0,0.25,0
C106400,52,One year,Premium,66.17,7,1,1,Card,0,0.83,0
C106401,63,Month-to-month,Standard,43.58,10,3,0,Card,1,0.67,0
C106402,11,One year,Basic,27.66,16,2,0,Wallet,0,0.37,1
C106403,47,One year,Standard,37.06,9,0,0,Bank transfer,0,0.45,0
C106404,20,Month-to-month,Basic,25.76,10,0,0,Card,0,0.36,0
C106405,50,One year,Standard,47.26,10,1,0,Card,1,0.64,0
C106406,36,Month-to-month,Basic,20.91,13,1,0,Card,0,0.58,0
C106407,20,Month-to-month,Standard,46.9,11,3,1,Cash,1,0.39,1
C106408,27,Two year,Premium,78.57,9,0,1,Card,0,0.31,0
C106409,18,Month-to-month,Standard,47.19,9,2,0,Card,0,0.68,1
C106410,50,Month-to-month,Standard,40.81,11,2,1,Wallet,0,0.26,1
C106411,17,Month-to-month,Basic,29.67,13,1,1,Wallet,0,0.32,1
C106412,64,Month-to-month,Basic,22.79,12,0,1,Bank transfer,0,0.12,0
C106413,66,Month-to-month,Basic,25.91,11,1,0,Bank transfer,0,0.46,0
C106414,15,Month-to-month,Basic,25.06,14,0,1,Card,1,0.8,1
C106415,58,Month-to-month,Standard,44.67,10,1,0,Bank transfer,0,0.76,0
C106416,36,Month-to-month,Standard,32.99,8,3,0,Card,1,0.49,0
C106417,65,Month-to-month,Basic,30.74,8,0,1,Card,0,0.48,0
C106418,40,Month-to-month,Standard,47.47,11,2,0,Card,1,0.16,0
C106419,60,Month-to-month,Standard,45.43,4,0,2,Card,0,0.55,0
C106420,66,Month-to-month,Premium,78.24,18,0,0,Cash,0,0.54,0
C106421,58,Month-to-month,Premium,72.24,10,0,2,Bank transfer,0,0.75,0
C106422,29,Two year,Premium,73.82,16,2,0,Wallet,1,0.22,0
C106423,32,Two year,Standard,47.62,15,0,1,Bank transfer,0,0.53,0
C106424,22,Two year,Basic,15.0,19,1,0,Wallet,1,0.4,0
C106425,56,Two year,Basic,20.36,12,0,1,Bank transfer,0,0.71,0
C106426,6,Month-to-month,Standard,41.21,14,0,0,Card,0,0.69,1
C106427,12,Month-to-month,Premium,72.91,10,1,0,Bank transfer,0,0.56,1
C106428,12,One year,Premium,71.54,22,2,0,Bank transfer,0,0.45,1
C106429,48,One year,Basic,20.15,6,2,0,Wallet,0,0.52,0
C106430,33,Two year,Premium,76.07,20,0,0,Cash,0,0.49,0
C106431,4,Month-to-month,Standard,49.21,10,1,0,Wallet,1,0.15,1
C106432,30,Two year,Standard,47.29,10,5,3,Card,0,0.59,0
C106433,70,Two year,Standard,50.59,12,0,0,Bank transfer,0,0.61,0
C106434,25,Two year,Standard,47.63,25,0,1,Bank transfer,0,0.29,0
C106435,64,One year,Standard,53.24,14,4,1,Card,0,0.61,0
C106436,27,One year,Standard,53.88,12,2,0,Bank transfer,1,0.7,1
C106437,12,Two year,Standard,42.0,11,1,0,Wallet,0,0.38,0
C106438,4,Month-to-month,Premium,,7,1,0,Cash,0,0.38,0
C106439,56,One year,Standard,41.21,17,2,0,Cash,1,0.21,0
C106440,35,Month-to-month,Premium,72.64,10,2,0,Wallet,0,0.23,0
C106441,60,Month-to-month,Standard,48.89,14,5,0,Card,0,0.69,0
C106442,49,Month-to-month,Basic,27.7,10,3,0,Bank transfer,0,0.69,0
C106443,4,One year,Standard,45.92,15,1,1,Bank transfer,0,0.86,1
C106444,43,Month-to-month,Basic,20.78,9,4,3,Card,0,0.73,1
C106445,41,Two year,Standard,42.24,12,2,0,Card,0,0.22,0
C106446,11,One year,Basic,23.52,10,1,0,Wallet,0,0.25,0
C106447,31,Month-to-month,Standard,45.96,16,2,0,Card,0,0.38,0
C106448,28,Month-to-month,Basic,15.0,8,4,1,Card,0,0.85,0
C106449,45,Month-to-month,Standard,46.13,7,1,0,Wallet,0,0.87,0
C106450,48,Two year,Standard,47.54,13,1,0,Card,0,0.46,0
C106451,64,Two year,Standard,40.47,17,0,0,Card,0,0.88,0
C106452,5,One year,Basic,32.96,14,1,4,Cash,0,0.03,1
C106453,53,Month-to-month,Standard,49.16,7,2,1,Wallet,0,0.61,0
C106454,17,Two year,Standard,48.74,12,3,1,Card,0,0.46,0
C106455,16,Month-to-month,Standard,35.44,7,1,1,Bank transfer,0,0.5,1
C106456,26,Month-to-month,Basic,29.29,8,0,1,Wallet,0,0.29,0
C106457,40,One year,Premium,75.57,10,1,2,Card,0,0.52,0
C106458,2,Month-to-month,Standard,45.83,12,1,0,Bank transfer,1,0.68,1
C106459,41,Month-to-month,Standard,31.32,10,0,0,Wallet,0,0.35,0
C106460,59,Month-to-month,Premium,65.64,14,2,0,Cash,0,0.78,0
C106461,1,Two year,Standard,42.89,12,0,1,Card,0,0.45,0
C106462,63,Month-to-month,Premium,66.86,8,2,0,Card,0,0.7,0
C106463,10,Month-to-month,Standard,52.3,15,1,1,Card,1,0.12,1
C106464,60,Month-to-month,Premium,68.12,8,1,0,Card,0,0.57,1
C106465,26,One year,Standard,49.0,20,0,0,Bank transfer,0,0.51,0
C106466,27,Month-to-month,Standard,46.8,12,2,0,Bank transfer,0,0.39,1
C106467,13,Two year,Basic,41.15,19,2,0,Wallet,0,0.39,0
C106468,41,Month-to-month,Standard,44.99,15,1,0,Wallet,0,0.64,1
C106469,18,One year,Standard,53.36,17,1,0,Wallet,0,0.33,0
C106470,15,One year,Premium,72.14,13,1,1,Bank transfer,0,0.84,0
C106471,49,Month-to-month,Premium,68.04,23,3,0,Wallet,0,0.45,0
C106472,53,Month-to-month,Premium,76.78,5,1,1,Bank transfer,0,0.3,0
C106473,70,Month-to-month,Standard,52.17,10,2,0,Card,0,0.42,0
C106474,40,Month-to-month,Standard,41.57,10,1,0,Cash,1,0.41,0
C106475,33,Month-to-month,Standard,50.8,18,0,0,Bank transfer,1,0.78,0
C106476,51,Month-to-month,Standard,48.14,15,0,1,Wallet,0,0.48,0
C106477,47,Month-to-month,Standard,44.82,6,0,0,Cash,0,0.7,0
C106478,67,Month-to-month,Premium,75.96,12,0,1,Bank transfer,0,0.46,0
C106479,55,Month-to-month,Basic,25.55,7,3,2,Card,0,0.32,0
C106480,65,Month-to-month,Premium,71.21,9,2,1,Bank transfer,1,0.37,1
C106481,49,Two year,Basic,25.62,15,2,1,Cash,0,0.42,0
C106482,67,Month-to-month,Basic,27.22,5,0,0,Bank transfer,0,0.22,0
C106483,48,Month-to-month,Premium,70.47,8,2,0,Card,0,0.57,1
C106484,40,One year,Basic,15.0,10,0,0,Wallet,0,0.42,1
C106485,1,One year,Standard,,13,2,0,Card,0,0.32,0
C106486,21,Two year,Basic,20.79,15,1,0,Card,1,0.56,0
C106487,63,Month-to-month,Premium,78.03,9,0,0,Card,0,0.62,0
C106488,48,Month-to-month,Standard,39.77,16,0,0,Card,0,0.28,0
C106489,12,One year,Basic,27.03,9,1,1,Card,0,0.63,0
C106490,4,One year,Standard,43.44,19,1,0,Card,0,0.04,0
C106491,13,One year,Standard,42.89,12,2,0,Wallet,0,0.72,0
C106492,15,Two year,Premium,74.47,12,2,0,Wallet,0,0.47,0
C106493,37,Two year,Basic,26.86,20,1,0,Cash,1,0.21,0
C106494,20,Month-to-month,Premium,64.51,9,1,0,Card,0,0.17,0
C106495,43,Month-to-month,Premium,82.04,15,1,0,Wallet,1,0.64,0
C106496,53,Two year,Basic,30.7,13,4,2,Bank transfer,1,0.65,0
C106497,55,Month-to-month,Standard,46.66,16,1,0,Card,0,0.61,0
C106498,56,Month-to-month,Standard,35.21,7,0,1,Bank transfer,0,0.56,0
C106499,22,One year,Standard,49.7,13,0,1,Cash,0,0.26,0
C106500,68,Month-to-month,Basic,24.79,8,0,0,Card,0,0.17,0
C106501,69,One year,Premium,84.39,10,0,1,Card,1,0.53,0
C106502,6,Two year,Standard,42.07,13,1,0,Card,0,0.28,0
C106503,46,Month-to-month,Standard,43.65,14,3,2,Card,0,0.69,1
C106504,31,Month-to-month,Premium,80.53,11,1,1,Wallet,1,0.43,0
C106505,61,Month-to-month,Standard,32.24,9,1,0,Card,0,0.48,0
C106506,49,Month-to-month,Standard,42.48,13,2,1,Bank transfer,0,0.34,0
C106507,35,Month-to-month,Standard,43.74,17,1,0,Cash,1,0.51,0
C106508,26,One year,Standard,31.23,15,2,0,Wallet,0,0.33,0
C106509,6,Month-to-month,Basic,19.24,12,2,0,Card,0,0.39,1
C106510,26,Month-to-month,Standard,46.14,5,1,0,Wallet,0,0.72,0
C106511,1,One year,Standard,46.75,15,0,0,Card,1,0.34,0
C106512,70,One year,Standard,54.47,18,0,0,Bank transfer,0,0.57,0
C106513,47,Two year,Standard,50.35,12,1,0,Cash,1,0.14,0
C106514,40,Month-to-month,Standard,36.93,11,0,1,Card,0,0.1,1
C106515,31,Month-to-month,Standard,49.4,19,1,2,Card,0,0.5,0
C106516,47,One year,Basic,27.04,13,3,0,Card,0,0.29,0
C106517,32,Month-to-month,Standard,45.42,7,2,0,Card,0,0.8,0
C106518,66,Two year,Premium,68.11,11,1,2,Card,1,0.37,0
C106519,24,Month-to-month,Standard,55.73,1,1,2,Bank transfer,1,0.27,0
C106520,32,Two year,Standard,55.1,15,1,1,Wallet,1,0.5,0
C106521,13,Month-to-month,Basic,26.57,6,0,0,Wallet,0,0.68,1
C106522,52,One year,Standard,40.03,17,3,1,Wallet,1,0.34,0
C106523,35,One year,Standard,38.12,15,1,1,Card,0,0.69,1
C106524,21,Two year,Standard,38.24,14,2,1,Card,0,0.57,0
C106525,19,Month-to-month,Standard,50.03,8,2,0,Card,0,0.51,1
C106526,62,Two year,Premium,64.82,17,0,0,Bank transfer,1,0.51,0
C106527,65,One year,Standard,51.51,11,2,0,Card,0,0.18,0
C106528,15,One year,Basic,23.8,15,1,0,Bank transfer,1,0.19,0
C106529,13,Month-to-month,Standard,46.89,13,4,0,Card,1,0.8,0
C106530,42,Two year,Standard,49.29,4,1,0,Cash,0,0.74,0
C106531,70,Month-to-month,Premium,88.87,13,2,0,Bank transfer,0,0.34,0
C106532,43,Two year,Premium,79.17,20,1,0,Wallet,1,0.62,0
C106533,62,One year,Standard,43.85,15,1,0,Card,0,0.52,0
C106534,56,One year,Premium,77.04,10,2,0,Card,0,0.06,0
C106535,28,Month-to-month,Standard,45.66,9,0,1,Bank transfer,0,0.44,0
C106536,21,One year,Standard,45.06,12,3,2,Bank transfer,1,0.34,1
C106537,56,Month-to-month,Basic,25.46,13,1,1,Bank transfer,0,0.23,0
C106538,42,Two year,Basic,19.0,16,0,0,Wallet,1,0.62,0
C106539,42,One year,Premium,76.71,13,0,0,Card,0,0.1,0
C106540,4,Month-to-month,Basic,16.89,6,2,2,Bank transfer,1,0.54,1
C106541,34,One year,Standard,51.5,14,0,1,Card,0,0.39,0
C106542,56,One year,Premium,72.65,16,0,0,Cash,0,0.96,0
C106543,59,Month-to-month,Premium,68.01,16,2,0,Card,0,0.55,0
C106544,39,One year,Basic,28.72,10,2,0,Card,0,0.69,0
C106545,60,One year,Basic,28.86,14,2,0,Card,0,0.39,1
C106546,58,Month-to-month,Standard,45.5,17,4,0,Card,0,0.23,1
C106547,15,One year,Basic,15.99,22,3,1,Bank transfer,1,0.45,0
C106548,52,One year,Standard,37.22,14,0,0,Wallet,1,0.76,0
C106549,66,Two year,Standard,48.05,13,2,1,Wallet,0,0.15,0
C106550,35,Two year,Standard,58.13,16,1,1,Wallet,1,0.87,0
C106551,3,Month-to-month,Premium,76.39,22,1,0,Cash,0,0.19,1
C106552,71,Two year,Basic,26.61,15,1,0,Wallet,1,0.39,0
C106553,1,Two year,Basic,28.33,12,1,0,Card,0,0.53,0
C106554,7,Month-to-month,Basic,19.8,13,0,2,Wallet,0,0.63,1
C106555,35,Two year,Premium,81.41,22,0,1,Bank transfer,0,0.35,0
C106556,24,Month-to-month,Basic,21.21,7,4,0,Card,0,0.66,1
C106557,22,Month-to-month,Basic,25.14,2,0,2,Cash,1,0.71,1
C106558,68,Month-to-month,Standard,40.13,12,3,0,Bank transfer,0,0.4,0
C106559,31,Month-to-month,Standard,37.79,5,0,0,Card,0,0.44,0
C106560,6,Month-to-month,Premium,70.39,8,1,0,Bank transfer,0,0.78,1
C106561,35,Month-to-month,Premium,69.44,10,2,2,Card,1,0.84,0
C106562,20,Two year,Premium,72.54,18,3,1,Bank transfer,0,0.27,0
C106563,34,Month-to-month,Premium,83.96,11,0,0,Card,0,0.44,0
C106564,61,Two year,Basic,26.64,7,0,1,Wallet,0,0.42,0
C106565,66,Month-to-month,Premium,71.61,14,2,0,Cash,1,0.64,0
C106566,52,Month-to-month,Basic,27.33,8,1,0,Card,0,0.57,0
C106567,67,Month-to-month,Basic,21.56,17,1,0,Cash,1,0.78,0
C106568,17,Month-to-month,Premium,81.55,7,0,1,Card,1,0.26,1
C106569,25,Two year,Basic,29.58,9,2,0,Card,0,0.31,1
C106570,57,One year,Basic,22.83,14,0,0,Card,0,0.04,0
C106571,21,One year,Standard,44.66,8,1,1,Card,1,0.35,0
C106572,42,Two year,Premium,75.37,12,2,1,Bank transfer,1,0.4,0
C106573,48,One year,Basic,18.98,17,0,1,Card,0,0.35,0
C106574,23,Month-to-month,Premium,68.19,9,0,0,Wallet,0,0.42,0
C106575,15,Two year,Premium,74.15,15,1,0,Wallet,0,0.87,1
C106576,1,One year,Standard,39.66,23,0,1,Card,0,0.53,0
C106577,29,Month-to-month,Basic,24.8,14,1,0,Bank transfer,0,0.45,0
C106578,30,Two year,Basic,29.94,17,3,0,Bank transfer,1,0.57,0
C106579,52,Month-to-month,Basic,23.66,16,0,0,Card,0,0.6,0
C106580,53,Two year,Standard,48.39,15,0,0,Card,0,0.5,0
C106581,1,Two year,Standard,,13,0,0,Card,1,0.85,0
C106582,35,Two year,Basic,22.43,14,0,0,Wallet,0,0.57,0
C106583,56,Month-to-month,Standard,53.4,10,2,0,Wallet,0,0.24,0
C106584,70,One year,Basic,20.13,18,2,0,Cash,0,0.44,0
C106585,53,Month-to-month,Premium,68.25,12,1,0,Bank transfer,0,0.41,0
C106586,21,Two year,Premium,76.04,19,1,0,Card,0,0.26,1
C106587,28,Month-to-month,Standard,44.04,5,0,0,Card,0,0.17,1
C106588,27,Two year,Basic,16.38,17,1,1,Bank transfer,0,0.41,0
C106589,18,Two year,Basic,32.57,17,2,0,Card,0,0.43,0
C106590,1,Month-to-month,Standard,50.01,13,0,2,Cash,0,0.45,1
C106591,39,Month-to-month,Premium,69.29,10,2,0,Card,0,0.39,1
C106592,20,One year,Premium,73.83,13,0,0,Card,0,0.3,0
C106593,22,Two year,Basic,24.53,12,3,2,Card,1,0.51,1
C106594,27,Month-to-month,Basic,17.72,12,0,1,Cash,1,0.27,1
C106595,60,Two year,Basic,26.91,10,1,0,Card,0,0.15,0
C106596,53,Month-to-month,Standard,37.06,8,1,0,Card,0,0.11,1
C106597,43,Month-to-month,Standard,34.84,15,1,0,Wallet,1,0.6,0
C106598,53,Two year,Standard,53.47,13,1,1,Wallet,0,0.58,0
C106599,23,Month-to-month,Basic,21.3,17,2,0,Card,0,0.19,1
C106600,28,Month-to-month,Basic,20.54,16,0,0,Card,0,0.48,1
C106601,59,One year,Premium,73.68,14,4,0,Wallet,1,0.42,0
C106602,45,One year,Basic,,18,2,0,Card,1,0.81,0
C106603,44,Month-to-month,Basic,37.59,11,2,0,Wallet,0,0.65,0
C106604,15,One year,Basic,27.7,19,0,0,Card,0,0.26,0
C106605,10,Month-to-month,Basic,29.91,21,0,0,Card,0,0.7,0
C106606,17,Month-to-month,Premium,,9,0,1,Wallet,0,0.75,1
C106607,30,Month-to-month,Basic,37.5,8,0,2,Card,1,0.23,0
C106608,20,Month-to-month,Premium,61.86,10,3,1,Card,1,0.12,1
C106609,36,Month-to-month,Premium,79.57,13,0,1,Card,0,0.41,1
C106610,20,Month-to-month,Basic,26.04,8,0,0,Card,1,0.37,0
C106611,69,Month-to-month,Premium,75.48,10,0,0,Cash,0,0.5,0
C106612,70,Two year,Basic,31.87,15,1,1,Bank transfer,1,0.21,0
C106613,24,Month-to-month,Standard,48.67,10,2,1,Cash,1,0.62,1
C106614,54,Month-to-month,Premium,64.86,8,3,0,Card,0,0.38,1
C106615,33,Two year,Standard,46.47,15,0,1,Bank transfer,0,0.06,0
C106616,58,One year,Basic,24.03,11,1,3,Card,0,0.66,0
C106617,71,Two year,Standard,51.55,26,1,0,Card,0,0.36,0
C106618,60,Month-to-month,Standard,32.76,8,1,1,Cash,1,0.36,1
C106619,31,One year,Basic,28.76,15,2,1,Wallet,1,0.19,0
C106620,36,Month-to-month,Standard,45.86,13,0,0,Bank transfer,0,0.31,0
C106621,60,Two year,Standard,48.87,6,1,1,Cash,0,0.69,0
C106622,27,Month-to-month,Standard,47.31,12,0,1,Card,0,0.6,0
C106623,7,Two year,Standard,32.73,10,3,0,Bank transfer,0,0.58,0
C106624,28,Month-to-month,Premium,79.08,15,2,0,Bank transfer,0,0.54,1
C106625,29,One year,Standard,44.8,13,0,3,Bank transfer,0,0.76,0
C106626,6,One year,Standard,,8,1,0,Cash,0,0.26,0
C106627,14,One year,Standard,50.55,8,3,0,Card,1,0.36,0
C106628,29,Month-to-month,Standard,44.74,10,2,1,Bank transfer,0,0.37,1
C106629,64,Two year,Premium,84.73,17,0,0,Wallet,0,0.42,0
C106630,30,Month-to-month,Standard,51.33,17,2,2,Card,0,0.44,0
C106631,40,Month-to-month,Premium,68.47,9,2,0,Cash,0,0.05,1
C106632,22,One year,Basic,29.61,10,0,1,Card,0,0.36,1
C106633,16,Month-to-month,Standard,44.99,8,1,0,Bank transfer,0,0.25,0
C106634,13,One year,Standard,44.84,8,0,0,Card,1,0.84,0
C106635,7,One year,Basic,24.13,13,3,0,Wallet,0,0.56,0
C106636,6,Month-to-month,Standard,51.0,17,1,1,Bank transfer,0,0.4,1
C106637,31,Month-to-month,Basic,20.28,8,1,2,Wallet,1,0.39,0
C106638,41,Month-to-month,Premium,77.57,10,1,0,Card,0,0.46,1
C106639,7,One year,Standard,35.95,21,1,1,Bank transfer,1,0.66,0
C106640,65,One year,Basic,26.92,19,0,0,Bank transfer,0,0.51,0
C106641,35,Two year,Standard,37.56,16,0,0,Wallet,0,0.61,0
C106642,64,Month-to-month,Basic,17.51,13,1,0,Cash,0,0.5,0
C106643,53,Month-to-month,Basic,24.73,13,1,0,Card,0,0.78,0
C106644,31,One year,Standard,38.37,12,1,1,Card,0,0.14,0
C106645,23,Two year,Premium,81.49,14,2,0,Wallet,0,0.49,0
C106646,20,One year,Standard,38.53,12,1,1,Bank transfer,0,0.42,1
C106647,13,Month-to-month,Premium,84.42,8,1,1,Wallet,0,0.52,1
C106648,37,Month-to-month,Standard,49.83,13,1,1,Bank transfer,0,0.76,0
C106649,27,One year,Standard,45.57,10,1,0,Card,1,0.42,1
C106650,36,Two year,Basic,28.73,14,1,0,Card,1,0.51,0
C106651,12,Month-to-month,Basic,26.23,15,1,1,Bank transfer,0,0.39,1
C106652,50,One year,Premium,88.93,13,3,0,Card,1,0.1,0
C106653,61,One year,Basic,27.97,16,2,0,Wallet,0,0.56,0
C106654,41,Two year,Basic,21.54,15,1,1,Card,1,0.43,0
C106655,7,Month-to-month,Premium,77.28,12,2,1,Wallet,0,0.71,1
C106656,12,Month-to-month,Basic,23.01,12,0,0,Bank transfer,1,0.47,0
C106657,54,Month-to-month,Standard,44.61,9,1,1,Card,1,0.75,1
C106658,23,Month-to-month,Premium,71.54,21,2,0,Cash,1,0.32,1
C106659,25,One year,Standard,41.87,13,0,2,Bank transfer,1,0.56,0
C106660,70,Month-to-month,Standard,49.99,8,3,1,Bank transfer,0,0.3,1
C106661,53,Two year,Basic,,14,2,2,Card,0,0.48,0
C106662,32,Month-to-month,Standard,49.54,13,1,0,Card,0,0.54,1
C106663,56,One year,Standard,43.21,16,2,0,Cash,0,0.19,0
C106664,21,Month-to-month,Standard,44.5,8,1,1,Card,0,0.34,1
C106665,10,One year,Basic,22.24,19,0,0,Card,0,0.35,0
C106666,34,Month-to-month,Standard,52.61,15,0,1,Card,0,0.59,1
C106667,55,Month-to-month,Premium,84.7,7,2,0,Bank transfer,0,0.48,1
C106668,21,Month-to-month,Premium,74.51,15,0,1,Bank transfer,0,0.32,0
C106669,69,Month-to-month,Basic,30.32,11,2,2,Card,1,0.29,0
C106670,22,Month-to-month,Premium,66.55,9,1,0,Card,0,0.7,0
C106671,41,Two year,Standard,37.56,16,1,0,Bank transfer,0,0.52,0
C106672,14,Two year,Standard,49.38,14,2,0,Bank transfer,0,0.2,1
C106673,47,One year,Standard,34.78,14,1,2,Wallet,1,0.39,0
C106674,14,Month-to-month,Standard,61.5,10,0,0,Card,0,0.88,0
C106675,24,Two year,Standard,51.02,18,0,1,Bank transfer,1,0.34,0
C106676,5,One year,Premium,85.29,6,0,1,Wallet,0,0.39,0
C106677,13,Two year,Premium,74.55,10,0,0,Card,0,0.68,0
C106678,9,One year,Premium,67.08,9,1,0,Card,0,0.33,0
C106679,54,Month-to-month,Basic,19.84,15,0,0,Cash,0,0.42,1
C106680,53,Month-to-month,Standard,39.92,14,0,0,Wallet,1,0.37,0
C106681,60,Month-to-month,Premium,80.08,14,0,1,Bank transfer,0,0.38,0
C106682,23,Month-to-month,Standard,38.96,3,1,0,Card,1,0.61,0
C106683,15,Month-to-month,Basic,20.28,18,3,1,Bank transfer,0,0.42,0
C106684,15,Two year,Premium,84.36,16,1,0,Wallet,0,0.42,0
C106685,9,Month-to-month,Basic,17.89,3,2,0,Wallet,0,0.38,1
C106686,7,One year,Premium,71.34,17,2,1,Bank transfer,0,0.64,0
C106687,26,Month-to-month,Standard,53.18,7,1,1,Card,1,0.51,0
C106688,10,Two year,Premium,89.91,18,1,0,Card,0,0.6,0
C106689,46,One year,Basic,15.35,13,0,0,Wallet,0,0.3,0
C106690,43,Month-to-month,Premium,60.75,12,1,0,Card,1,0.78,0
C106691,27,Month-to-month,Basic,20.96,20,1,0,Card,0,0.69,0
C106692,9,One year,Basic,26.35,8,1,1,Wallet,1,0.3,0
C106693,70,Month-to-month,Premium,74.85,6,0,1,Wallet,1,0.2,0
C106694,16,Month-to-month,Premium,71.79,14,0,1,Wallet,0,0.55,1
C106695,57,Month-to-month,Premium,67.46,13,0,0,Bank transfer,1,0.33,0
C106696,66,Month-to-month,Basic,30.14,13,2,2,Bank transfer,1,0.42,0
C106697,66,One year,Standard,42.05,23,2,1,Cash,0,0.3,0
C106698,44,One year,Standard,41.22,13,0,0,Bank transfer,0,0.51,0
C106699,44,One year,Basic,25.36,11,2,2,Wallet,0,0.24,1
C106700,60,Month-to-month,Standard,53.77,12,2,1,Bank transfer,0,0.62,0
C106701,55,One year,Standard,46.18,12,2,0,Card,0,0.53,0
C106702,49,One year,Premium,90.54,12,5,0,Card,1,0.47,1
C106703,69,Month-to-month,Standard,43.22,8,2,0,Bank transfer,0,0.35,0
C106704,17,Month-to-month,Standard,48.79,15,2,0,Card,1,0.77,0
C106705,3,One year,Standard,32.37,10,2,0,Card,1,0.67,0
C106706,41,One year,Standard,41.26,11,2,0,Bank transfer,1,0.48,0
C106707,42,Month-to-month,Standard,44.99,13,0,2,Card,0,0.27,0
C106708,62,Month-to-month,Standard,40.97,12,0,1,Bank transfer,1,0.3,0
C106709,14,Month-to-month,Basic,20.48,12,1,2,Wallet,1,0.29,1
C106710,7,One year,Basic,21.82,13,2,2,Cash,0,0.27,1
C106711,58,Month-to-month,Standard,39.35,7,3,0,Wallet,1,0.77,0
C106712,68,Two year,Standard,41.94,7,0,1,Bank transfer,0,0.2,0
C106713,17,Two year,Premium,75.61,12,0,0,Wallet,0,0.82,0
C106714,18,Month-to-month,Basic,27.39,11,0,1,Bank transfer,0,0.78,0
C106715,54,Two year,Premium,68.73,16,1,1,Card,1,0.33,0
C106716,46,One year,Basic,23.93,13,2,1,Card,0,0.9,0
C106717,24,One year,Premium,70.36,15,0,1,Card,0,0.61,0
C106718,45,One year,Basic,30.61,14,1,1,Card,0,0.41,0
C106719,47,One year,Basic,35.56,14,1,0,Bank transfer,0,0.28,0
C106720,7,Two year,Standard,46.35,11,0,2,Wallet,0,0.54,0
C106721,49,One year,Basic,27.68,18,3,1,Wallet,0,0.23,0
C106722,45,Month-to-month,Premium,73.58,7,2,0,Card,1,0.52,0
C106723,66,Month-to-month,Standard,,12,0,0,Wallet,0,0.69,0
C106724,15,Two year,Premium,73.96,10,0,1,Card,0,0.11,0
C106725,63,One year,Standard,37.62,11,1,1,Card,0,0.35,0
C106726,52,One year,Standard,52.65,21,1,0,Wallet,0,0.37,0
C106727,32,Month-to-month,Standard,58.67,4,0,0,Wallet,0,0.19,0
C106728,1,Two year,Basic,28.98,14,1,0,Wallet,0,0.87,0
C106729,50,Month-to-month,Basic,25.2,11,1,0,Bank transfer,1,0.3,0
C106730,72,Month-to-month,Basic,28.08,10,2,0,Card,0,0.86,0
C106731,14,Month-to-month,Standard,55.3,11,0,0,Card,1,0.21,1
C106732,11,Two year,Premium,72.45,17,0,0,Bank transfer,1,0.27,0
C106733,8,One year,Basic,29.67,13,1,1,Bank transfer,0,0.58,0
C106734,16,One year,Basic,26.31,8,1,0,Card,0,0.35,1
C106735,52,Month-to-month,Basic,15.0,13,1,0,Wallet,0,0.46,0
C106736,16,Month-to-month,Premium,73.12,10,0,0,Card,0,0.53,1
C106737,66,Month-to-month,Premium,78.67,11,2,0,Cash,0,0.09,0
C106738,64,Month-to-month,Standard,47.4,18,1,1,Bank transfer,1,0.63,0
C106739,54,Month-to-month,Basic,24.57,11,2,1,Bank transfer,0,0.55,1
C106740,2,Month-to-month,Premium,67.78,11,2,0,Card,0,0.61,1
C106741,38,Month-to-month,Basic,26.8,10,0,0,Bank transfer,0,0.22,1
C106742,15,Two year,Standard,46.35,7,1,0,Card,0,0.21,1
C106743,46,Two year,Premium,78.55,11,2,1,Wallet,1,0.58,0
C106744,48,One year,Basic,36.05,24,0,0,Cash,0,0.36,0
C106745,53,Month-to-month,Basic,25.57,17,0,0,Cash,1,0.23,0
C106746,49,Month-to-month,Basic,31.9,17,2,0,Card,0,0.61,1
C106747,41,Month-to-month,Premium,78.24,3,0,0,Card,0,0.69,0
C106748,59,One year,Basic,41.91,10,0,0,Wallet,0,0.13,0
C106749,27,Month-to-month,Premium,78.37,14,1,0,Wallet,0,0.37,0
C106750,64,Two year,Premium,91.23,15,2,1,Cash,1,0.21,0
C106751,62,Month-to-month,Standard,39.36,12,2,1,Card,0,0.29,0
C106752,6,Two year,Basic,18.07,19,1,1,Card,1,0.84,0
C106753,27,Month-to-month,Standard,48.27,9,1,0,Card,0,0.69,0
C106754,44,One year,Basic,24.55,16,0,1,Cash,0,0.73,0
C106755,66,Month-to-month,Standard,53.25,10,0,0,Cash,1,0.6,0
C106756,71,Two year,Basic,30.27,19,1,0,Bank transfer,0,0.12,0
C106757,58,Month-to-month,Standard,50.38,10,0,0,Card,0,0.23,0
C106758,7,Month-to-month,Standard,40.74,12,0,0,Bank transfer,0,0.63,0
C106759,58,Month-to-month,Standard,45.28,15,2,0,Bank transfer,0,0.73,0
C106760,5,Month-to-month,Standard,50.57,8,0,0,Bank transfer,0,0.23,0
C106761,61,One year,Standard,42.08,14,0,0,Bank transfer,1,0.4,1
C106762,53,Month-to-month,Basic,25.58,20,0,0,Bank transfer,0,0.72,0
C106763,72,Two year,Basic,32.81,16,0,1,Card,1,0.69,0
C106764,61,One year,Basic,25.28,13,1,2,Wallet,0,0.67,0
C106765,72,Month-to-month,Basic,26.96,13,1,0,Cash,1,0.75,0
C106766,48,Month-to-month,Standard,52.86,14,0,0,Card,0,0.7,0
C106767,37,Month-to-month,Basic,28.25,10,1,1,Bank transfer,0,0.84,0
C106768,18,One year,Premium,66.76,19,1,3,Card,0,0.35,0
C106769,28,Month-to-month,Basic,26.29,7,2,0,Bank transfer,0,0.37,0
C106770,3,Month-to-month,Premium,75.72,11,1,0,Wallet,0,0.74,1
C106771,53,Month-to-month,Premium,77.61,13,3,1,Cash,0,0.36,1
C106772,36,Month-to-month,Standard,59.34,10,1,1,Cash,0,0.5,0
C106773,70,One year,Standard,52.45,12,1,0,Cash,0,0.66,0
C106774,70,Month-to-month,Premium,76.46,12,0,1,Card,0,0.35,0
C106775,46,Month-to-month,Basic,21.6,13,1,0,Wallet,0,0.4,0
C106776,67,Month-to-month,Premium,80.69,12,2,1,Card,0,0.31,1
C106777,2,Two year,Standard,46.73,18,0,0,Card,1,0.54,0
C106778,33,Month-to-month,Premium,83.47,18,1,1,Bank transfer,0,0.74,0
C106779,3,Month-to-month,Standard,47.52,13,2,0,Wallet,0,0.7,1
C106780,11,Month-to-month,Premium,81.61,10,0,1,Wallet,0,0.86,1
C106781,34,Month-to-month,Standard,40.76,6,1,0,Wallet,1,0.63,0
C106782,58,Month-to-month,Standard,44.52,7,1,2,Card,0,0.6,0
C106783,57,Two year,Basic,25.9,14,1,1,Card,1,0.8,0
C106784,52,Two year,Premium,70.63,11,0,0,Card,0,0.67,0
C106785,64,Month-to-month,Basic,27.93,11,1,1,Card,0,0.4,0
C106786,71,Two year,Basic,23.31,11,0,0,Card,1,0.09,0
C106787,28,Month-to-month,Standard,43.38,10,0,0,Bank transfer,0,0.48,0
C106788,10,Month-to-month,Premium,71.37,13,2,0,Bank transfer,0,0.96,0
C106789,38,Two year,Basic,25.02,17,1,0,Card,1,0.48,0
C106790,68,Month-to-month,Basic,15.71,10,2,0,Card,1,0.52,0
C106791,37,Two year,Basic,30.95,16,2,1,Card,1,0.78,0
C106792,71,Month-to-month,Premium,78.01,13,1,0,Bank transfer,1,0.48,0
C106793,7,Month-to-month,Premium,78.98,7,2,0,Card,0,0.63,1
C106794,35,Two year,Basic,33.08,11,1,0,Wallet,0,0.2,0
C106795,1,Two year,Standard,47.2,13,0,0,Card,0,0.34,1
C106796,51,Month-to-month,Standard,43.74,8,2,0,Bank transfer,1,0.16,1
C106797,38,Month-to-month,Basic,33.53,13,1,0,Card,0,0.72,1
C106798,19,One year,Basic,23.22,10,2,0,Card,1,0.69,0
C106799,37,Month-to-month,Basic,26.47,10,2,0,Bank transfer,0,0.25,1
C106800,47,Two year,Standard,32.52,18,0,0,Card,1,0.21,1
C106801,63,Month-to-month,Standard,42.23,6,1,1,Card,0,0.51,0
C106802,72,Two year,Standard,45.34,16,1,0,Bank transfer,1,0.4,0
C106803,14,One year,Standard,49.39,10,0,1,Card,0,0.15,1
C106804,4,One year,Standard,48.61,15,1,0,Card,0,0.8,1
C106805,62,One year,Basic,31.24,14,3,1,Card,0,0.63,0
C106806,41,Month-to-month,Basic,22.07,11,2,0,Card,0,0.85,1
C106807,20,Month-to-month,Basic,22.05,9,3,0,Bank transfer,0,0.34,0
C106808,47,Month-to-month,Standard,46.67,17,2,2,Bank transfer,1,0.33,1
C106809,39,Two year,Basic,20.62,10,1,0,Bank transfer,1,0.49,0
C106810,50,Month-to-month,Standard,42.99,9,0,0,Card,1,0.65,0
C106811,51,Month-to-month,Basic,25.71,13,1,0,Card,0,0.37,0
C106812,64,Two year,Basic,15.0,17,1,0,Bank transfer,0,0.49,0
C106813,11,Month-to-month,Standard,35.81,12,0,0,Bank transfer,0,0.52,1
C106814,62,Two year,Premium,77.77,16,0,0,Card,0,0.64,0
C106815,69,Month-to-month,Standard,40.98,13,4,0,Wallet,0,0.08,1
C106816,33,One year,Standard,49.79,16,2,0,Bank transfer,0,0.48,0
C106817,69,One year,Standard,42.35,20,1,0,Wallet,0,0.65,0
C106818,46,Month-to-month,Premium,69.03,16,1,0,Card,0,0.37,1
C106819,70,Two year,Basic,28.95,10,3,1,Card,0,0.28,0
C106820,39,Two year,Basic,23.68,13,1,0,Card,1,0.19,0
C106821,1,Two year,Premium,77.43,13,0,0,Cash,0,0.21,0
C106822,13,Month-to-month,Premium,,9,1,0,Card,0,0.58,0
C106823,47,Month-to-month,Standard,40.38,13,1,1,Wallet,1,0.68,1
C106824,68,Month-to-month,Premium,73.22,9,0,0,Card,1,0.35,0
C106825,49,Month-to-month,Basic,20.46,18,1,0,Bank transfer,1,0.72,0
C106826,49,Month-to-month,Basic,24.05,16,1,1,Card,1,0.48,0
C106827,64,Two year,Premium,69.1,15,2,0,Bank transfer,0,0.59,0
C106828,22,One year,Basic,27.22,12,1,0,Bank transfer,1,0.41,0
C106829,15,Month-to-month,Basic,29.8,11,1,1,Wallet,0,0.21,0
C106830,64,Month-to-month,Standard,47.93,12,0,1,Bank transfer,0,0.5,0
C106831,9,Month-to-month,Standard,37.53,14,2,0,Card,0,0.14,1
C106832,23,Month-to-month,Premium,82.5,9,3,0,Wallet,1,0.24,0
C106833,59,Month-to-month,Basic,15.0,18,1,0,Bank transfer,0,0.66,0
C106834,19,Month-to-month,Basic,26.37,13,1,0,Cash,1,0.12,1
C106835,19,Two year,Basic,25.72,7,1,0,Wallet,0,0.49,0
C106836,64,Month-to-month,Premium,79.68,16,2,0,Card,1,0.59,1
C106837,5,Two year,Standard,41.07,13,0,1,Bank transfer,1,0.85,0
C106838,50,Month-to-month,Standard,42.09,17,5,0,Card,0,0.59,0
C106839,7,Month-to-month,Basic,32.03,17,2,1,Cash,1,0.53,0
C106840,9,One year,Basic,31.9,11,1,0,Wallet,0,0.31,0
C106841,47,Month-to-month,Standard,39.01,13,0,0,Card,0,0.63,1
C106842,40,Month-to-month,Premium,73.42,11,2,0,Bank transfer,0,0.58,0
C106843,39,Month-to-month,Basic,20.4,12,3,0,Wallet,1,0.57,0
C106844,19,One year,Basic,15.0,14,1,0,Cash,0,0.2,0
C106845,54,Two year,Premium,81.88,10,0,0,Card,0,0.48,0
C106846,11,Month-to-month,Premium,71.16,12,2,0,Bank transfer,0,0.48,1
C106847,59,Month-to-month,Basic,25.45,15,0,1,Card,0,0.12,0
C106848,41,One year,Basic,26.59,20,2,1,Card,0,0.35,0
C106849,1,One year,Premium,67.37,11,0,1,Bank transfer,0,0.3,1
C106850,36,Month-to-month,Standard,50.5,12,0,1,Bank transfer,0,0.5,0
C106851,68,Month-to-month,Standard,41.1,11,2,1,Card,1,0.26,0
C106852,36,Month-to-month,Premium,66.37,14,1,0,Bank transfer,1,0.18,0
C106853,64,One year,Standard,47.09,18,1,0,Card,0,0.9,0
C106854,3,Two year,Standard,46.08,10,0,1,Wallet,0,0.35,0
C106855,68,Month-to-month,Standard,41.84,10,2,0,Card,1,0.17,1
C106856,18,Two year,Basic,24.75,13,1,0,Wallet,0,0.04,1
C106857,56,Month-to-month,Standard,55.2,9,2,1,Card,0,0.18,1
C106858,5,Month-to-month,Basic,29.25,13,3,0,Wallet,1,0.63,1
C106859,28,Month-to-month,Standard,,9,0,0,Card,1,0.51,0
C106860,52,Month-to-month,Basic,,13,2,0,Bank transfer,0,0.69,1
C106861,18,Month-to-month,Basic,36.1,12,1,0,Bank transfer,0,0.18,0
C106862,69,Month-to-month,Premium,72.48,13,0,0,Bank transfer,0,0.26,0
C106863,66,Month-to-month,Basic,15.0,6,4,0,Card,0,0.69,0
C106864,26,Month-to-month,Basic,32.4,6,1,1,Card,1,0.35,1
C106865,31,Two year,Premium,72.1,15,1,0,Bank transfer,0,0.34,0
C106866,72,Month-to-month,Basic,15.0,11,1,1,Wallet,0,0.41,0
C106867,36,One year,Standard,36.69,17,0,0,Bank transfer,0,0.05,0
C106868,67,Month-to-month,Standard,36.93,9,2,0,Card,0,0.19,0
C106869,51,Month-to-month,Standard,31.9,20,1,0,Bank transfer,0,0.52,0
C106870,35,Month-to-month,Standard,40.53,13,0,0,Card,0,0.23,0
C106871,50,Two year,Standard,41.49,14,4,0,Card,1,0.21,0
C106872,39,Month-to-month,Premium,84.86,17,2,0,Bank transfer,0,0.28,1
C106873,50,One year,Standard,44.54,18,1,0,Bank transfer,0,0.44,0
C106874,28,One year,Basic,21.57,19,2,1,Wallet,0,0.41,0
C106875,45,Month-to-month,Standard,44.05,8,0,2,Bank transfer,0,0.35,1
C106876,45,Month-to-month,Basic,26.22,14,0,0,Card,1,0.4,0
C106877,37,Two year,Basic,31.0,10,0,0,Bank transfer,1,0.25,0
C106878,39,Month-to-month,Premium,82.92,14,2,0,Wallet,0,0.72,1
C106879,56,Month-to-month,Basic,15.0,14,1,1,Card,1,0.13,1
C106880,15,Month-to-month,Basic,16.22,15,1,0,Card,0,0.42,0
C106881,29,Month-to-month,Basic,24.95,12,2,1,Card,0,0.76,1
C106882,45,One year,Premium,86.57,12,1,1,Wallet,0,0.57,0
C106883,19,Month-to-month,Basic,22.09,9,2,0,Wallet,1,0.34,1
C106884,58,Month-to-month,Standard,51.57,15,0,0,Bank transfer,1,0.5,0
C106885,66,Two year,Standard,41.71,14,2,0,Card,0,0.29,0
C106886,37,One year,Premium,71.7,12,2,0,Cash,0,0.79,0
C106887,61,Month-to-month,Basic,23.51,14,0,0,Card,0,0.2,0
C106888,4,Two year,Basic,33.39,16,1,0,Card,0,0.75,0
C106889,52,Month-to-month,Premium,72.19,10,1,0,Bank transfer,1,0.64,0
C106890,33,Two year,Basic,25.52,12,0,0,Card,0,0.36,0
C106891,13,Two year,Standard,47.06,20,2,0,Card,0,0.36,0
C106892,63,Month-to-month,Premium,80.59,7,1,0,Cash,1,0.61,0
C106893,4,Two year,Basic,25.45,20,2,1,Card,0,0.16,0
C106894,72,Two year,Basic,30.45,10,1,0,Wallet,0,0.31,0
C106895,67,Month-to-month,Premium,85.27,13,2,0,Card,1,0.31,1
C106896,55,One year,Premium,79.88,23,1,0,Bank transfer,1,0.43,0
C106897,68,Month-to-month,Premium,72.87,17,1,1,Wallet,1,0.49,0
C106898,51,Month-to-month,Premium,74.3,8,2,2,Wallet,0,0.22,1
C106899,20,Month-to-month,Standard,46.8,7,2,1,Bank transfer,0,0.09,1
C106900,63,Month-to-month,Basic,23.54,9,2,0,Wallet,0,0.73,0
C106901,46,One year,Premium,68.41,19,0,0,Bank transfer,0,0.4,0
C106902,47,One year,Standard,39.52,10,0,1,Bank transfer,0,0.46,0
C106903,2,Two year,Standard,41.79,13,2,2,Card,0,0.19,0
C106904,29,Month-to-month,Standard,33.34,11,3,1,Card,0,0.5,1
C106905,29,Month-to-month,Basic,42.6,8,0,1,Card,0,0.27,1
C106906,23,Month-to-month,Premium,80.28,14,3,0,Wallet,0,0.35,1
C106907,51,Month-to-month,Standard,41.75,9,0,0,Card,0,0.19,0
C106908,72,One year,Premium,70.66,13,1,0,Bank transfer,0,0.33,0
C106909,26,One year,Premium,82.5,14,0,1,Wallet,0,0.18,0
C106910,20,One year,Standard,36.68,16,2,2,Wallet,0,0.59,0
C106911,59,Month-to-month,Basic,18.99,9,0,1,Card,0,0.24,1
C106912,28,Month-to-month,Standard,51.37,13,3,1,Wallet,0,0.44,1
C106913,66,One year,Standard,44.67,17,1,1,Card,0,0.35,0
C106914,56,One year,Premium,79.81,15,1,0,Wallet,0,0.72,1
C106915,10,Two year,Standard,45.79,7,1,0,Wallet,0,0.55,1
C106916,26,Month-to-month,Premium,75.14,10,2,2,Card,0,0.63,1
C106917,50,Month-to-month,Basic,21.28,7,1,0,Wallet,1,0.47,0
C106918,2,Month-to-month,Premium,78.04,13,0,2,Cash,1,0.12,1
C106919,28,Month-to-month,Standard,46.59,10,2,1,Card,1,0.25,1
C106920,10,Month-to-month,Standard,46.54,8,0,0,Bank transfer,0,0.59,0
C106921,13,Month-to-month,Standard,42.58,13,1,0,Card,0,0.46,0
C106922,62,One year,Premium,82.37,14,3,0,Cash,0,0.42,0
C106923,26,Month-to-month,Standard,45.58,13,2,0,Bank transfer,1,0.25,0
C106924,58,Month-to-month,Premium,78.78,13,1,1,Card,0,0.49,0
C106925,35,One year,Standard,38.14,7,0,1,Card,0,0.47,0
C106926,63,One year,Standard,35.22,14,0,0,Card,0,0.44,0
C106927,65,Two year,Premium,79.57,16,0,0,Card,0,0.5,0
C106928,54,Month-to-month,Premium,71.23,14,2,1,Card,0,0.55,1
C106929,56,Month-to-month,Standard,40.1,15,0,0,Bank transfer,0,0.31,0
C106930,10,Month-to-month,Premium,77.35,5,1,1,Bank transfer,0,0.35,0
C106931,1,Two year,Basic,33.17,13,0,1,Wallet,0,0.83,0
C106932,64,One year,Basic,23.5,12,2,0,Wallet,1,0.73,0
C106933,5,Month-to-month,Standard,43.39,13,0,0,Card,1,0.66,0
C106934,3,Month-to-month,Basic,27.82,7,1,0,Card,0,0.63,1
C106935,72,Month-to-month,Basic,28.46,6,1,0,Card,0,0.42,0
C106936,12,One year,Basic,25.56,12,2,0,Bank transfer,0,0.19,1
C106937,41,One year,Basic,15.0,15,2,0,Cash,0,0.48,0
C106938,3,Two year,Premium,,18,1,1,Bank transfer,1,0.32,0
C106939,44,One year,Basic,20.5,10,1,0,Card,0,0.47,1
C106940,19,Month-to-month,Basic,37.7,10,2,1,Bank transfer,1,0.45,1
C106941,26,Two year,Standard,41.01,18,1,0,Bank transfer,0,0.31,0
C106942,3,Month-to-month,Basic,26.49,15,2,0,Bank transfer,1,0.25,1
C106943,60,One year,Basic,24.84,14,3,0,Card,0,0.14,0
C106944,71,Month-to-month,Standard,46.37,10,2,0,Bank transfer,0,0.48,0
C106945,41,Month-to-month,Standard,60.22,8,1,1,Bank transfer,0,0.28,1
C106946,15,One year,Standard,43.65,10,0,0,Card,0,0.76,0
C106947,43,Month-to-month,Standard,51.33,4,0,1,Card,0,0.32,0
C106948,13,Two year,Basic,25.22,9,0,0,Bank transfer,0,0.43,0
C106949,18,Month-to-month,Standard,43.07,9,1,1,Card,0,0.27,0
C106950,56,Two year,Premium,79.77,15,2,0,Bank transfer,1,0.18,1
C106951,56,One year,Standard,47.23,11,1,3,Cash,0,0.82,0
C106952,11,One year,Standard,44.1,18,0,0,Card,0,0.49,1
C106953,16,Month-to-month,Standard,39.35,13,0,0,Card,0,0.38,0
C106954,67,Month-to-month,Basic,27.74,12,1,2,Wallet,1,0.63,1
C106955,10,Month-to-month,Standard,65.67,7,0,0,Card,1,0.57,1
C106956,32,Two year,Basic,24.4,18,1,0,Bank transfer,0,0.23,1
C106957,44,One year,Basic,29.01,14,0,1,Bank transfer,1,0.36,0
C106958,3,One year,Basic,21.71,19,0,0,Wallet,0,0.78,0
C106959,60,Month-to-month,Premium,96.07,11,2,0,Card,0,0.53,0
C106960,52,Month-to-month,Premium,66.63,11,0,1,Card,0,0.21,0
C106961,22,One year,Premium,71.7,12,0,0,Card,1,0.03,0
C106962,72,Month-to-month,Standard,33.91,7,1,2,Wallet,1,0.76,0
C106963,22,One year,Basic,,16,1,1,Wallet,0,0.7,0
C106964,56,Month-to-month,Standard,46.15,9,1,1,Card,0,0.65,0
C106965,11,Month-to-month,Standard,47.79,17,1,0,Card,0,0.68,1
C106966,56,One year,Premium,75.14,17,1,0,Bank transfer,1,0.44,0
C106967,44,Two year,Standard,54.61,19,0,0,Card,0,0.21,0
C106968,59,Month-to-month,Basic,33.49,9,0,0,Bank transfer,1,0.55,0
C106969,56,Two year,Standard,52.27,16,0,0,Bank transfer,1,0.89,0
C106970,47,One year,Basic,15.0,14,1,1,Wallet,0,0.3,0
C106971,10,Month-to-month,Premium,69.75,12,2,0,Card,0,0.45,1
C106972,33,Month-to-month,Basic,25.88,6,1,1,Bank transfer,0,0.56,1
C106973,39,Two year,Standard,50.56,16,1,1,Card,0,0.36,0
C106974,68,One year,Basic,15.0,12,2,1,Cash,1,0.27,0
C106975,39,One year,Standard,54.8,13,0,2,Cash,0,0.59,1
C106976,66,Month-to-month,Basic,27.26,15,1,0,Card,1,0.13,0
C106977,8,Month-to-month,Premium,84.85,19,1,1,Bank transfer,0,0.73,1
C106978,25,Month-to-month,Standard,38.19,6,1,0,Card,1,0.31,1
C106979,39,One year,Premium,70.6,15,2,0,Bank transfer,0,0.48,0
C106980,61,Month-to-month,Standard,38.93,12,1,0,Card,1,0.57,0
C106981,20,Two year,Basic,21.45,12,2,1,Card,0,0.68,0
C106982,32,One year,Standard,40.53,9,2,0,Card,0,0.58,0
C106983,15,Month-to-month,Basic,15.0,13,0,0,Bank transfer,0,0.35,1
C106984,63,Month-to-month,Standard,53.03,14,1,0,Cash,0,0.69,0
C106985,71,Two year,Standard,48.47,17,1,1,Bank transfer,1,0.42,0
C106986,61,One year,Standard,40.24,11,0,0,Wallet,0,0.25,0
C106987,7,Two year,Basic,15.0,16,1,1,Wallet,1,0.17,0
C106988,51,Month-to-month,Basic,32.18,12,0,3,Card,1,0.29,0
C106989,25,Two year,Standard,31.41,13,0,0,Bank transfer,0,0.83,0
C106990,39,One year,Premium,68.49,14,4,0,Bank transfer,1,0.48,0
C106991,45,Month-to-month,Standard,37.5,12,2,1,Card,0,0.36,0
C106992,43,One year,Standard,40.7,10,1,0,Card,1,0.24,0
C106993,30,Month-to-month,Basic,27.91,9,0,0,Wallet,0,0.48,0
C106994,40,Two year,Basic,30.32,13,1,0,Card,0,0.61,0
C106995,2,Month-to-month,Standard,47.02,17,1,1,Wallet,0,0.38,0
C106996,43,Month-to-month,Standard,38.09,12,1,0,Card,0,0.44,1
C106997,63,One year,Premium,82.98,13,2,0,Card,0,0.65,0
C106998,65,Month-to-month,Standard,52.31,12,1,2,Card,0,0.53,0
C106999,18,Two year,Basic,29.85,12,0,0,Bank transfer,1,0.7,0
C107000,8,Two year,Basic,39.44,16,1,1,Wallet,0,0.36,0
C107001,30,One year,Standard,38.67,15,2,1,Bank transfer,0,0.73,0
C107002,23,Month-to-month,Standard,40.49,9,1,2,Card,0,0.52,1
C107003,66,Month-to-month,Standard,40.39,13,2,2,Card,0,0.45,0
C107004,52,Month-to-month,Standard,41.36,12,1,0,Card,0,0.46,0
C107005,70,Month-to-month,Premium,79.0,12,0,0,Bank transfer,0,0.2,0
C107006,37,Month-to-month,Standard,46.35,3,1,2,Bank transfer,1,0.26,1
C107007,66,Month-to-month,Standard,42.65,11,1,1,Card,1,0.25,0
C107008,51,One year,Standard,52.06,10,2,1,Card,0,0.49,1
C107009,30,Month-to-month,Basic,24.59,9,1,1,Wallet,0,0.36,1
C107010,3,Month-to-month,Basic,21.7,18,1,0,Card,0,0.73,0
C107011,54,Month-to-month,Premium,71.27,13,1,0,Card,0,0.34,0
C107012,6,Month-to-month,Standard,37.19,6,1,2,Card,0,0.4,1
C107013,62,Month-to-month,Standard,43.66,11,0,0,Card,1,0.74,0
C107014,21,Month-to-month,Premium,69.81,21,0,0,Card,1,0.42,0
C107015,15,One year,Basic,24.36,14,0,1,Bank transfer,0,0.64,0
C107016,46,Two year,Standard,47.3,8,1,3,Bank transfer,1,0.28,0
C107017,70,One year,Premium,77.81,9,1,0,Cash,1,0.67,0
C107018,51,Month-to-month,Standard,42.29,21,0,0,Cash,0,0.28,0
C107019,8,One year,Premium,86.47,9,4,1,Wallet,1,0.18,0
C107020,22,Month-to-month,Basic,18.06,6,0,1,Wallet,0,0.83,1
C107021,48,Month-to-month,Premium,79.28,12,0,0,Card,1,0.71,1
C107022,14,Month-to-month,Basic,25.16,8,1,1,Wallet,0,0.44,1
C107023,18,One year,Standard,46.72,23,3,1,Card,0,0.27,1
C107024,36,One year,Premium,70.91,8,2,0,Card,1,0.92,0
C107025,16,Month-to-month,Standard,40.29,18,1,0,Bank transfer,1,0.34,0
C107026,39,Two year,Basic,28.85,18,1,0,Card,0,0.72,0
C107027,10,Month-to-month,Premium,64.58,9,0,2,Card,0,0.76,0
C107028,22,Month-to-month,Basic,25.8,13,1,1,Card,0,0.87,0
C107029,68,One year,Standard,36.15,11,1,0,Bank transfer,0,0.37,0
C107030,55,Month-to-month,Standard,33.91,15,0,2,Bank transfer,0,0.46,1
C107031,10,Month-to-month,Standard,45.41,9,2,0,Card,1,0.28,1
C107032,23,Month-to-month,Premium,71.55,17,3,0,Bank transfer,1,0.32,1
C107033,66,One year,Premium,86.66,17,1,1,Cash,0,0.57,0
C107034,71,One year,Premium,64.36,12,2,0,Bank transfer,0,0.32,0
C107035,12,One year,Premium,75.86,11,4,0,Bank transfer,1,0.6,0
C107036,67,Month-to-month,Premium,75.6,7,2,1,Bank transfer,0,0.31,0
C107037,24,Month-to-month,Basic,,13,0,1,Card,0,0.33,1
C107038,11,Two year,Standard,42.13,9,0,1,Card,0,0.21,0
C107039,16,Month-to-month,Standard,35.21,16,2,0,Card,0,0.59,1
C107040,38,Month-to-month,Standard,49.39,14,1,1,Bank transfer,0,0.37,0
C107041,72,Two year,Premium,79.47,19,1,0,Wallet,0,0.64,0
C107042,70,Month-to-month,Premium,77.31,11,2,0,Card,0,0.15,0
C107043,7,Two year,Standard,46.62,12,3,0,Card,0,0.4,1
C107044,27,One year,Premium,82.21,21,1,0,Card,1,0.64,0
C107045,63,Month-to-month,Standard,50.89,12,0,1,Card,0,0.73,0
C107046,69,Month-to-month,Premium,79.17,20,0,0,Card,0,0.1,0
C107047,22,Month-to-month,Basic,21.19,12,0,0,Bank transfer,0,0.54,0
C107048,18,Two year,Premium,81.09,10,2,0,Bank transfer,0,0.59,0
C107049,69,Month-to-month,Standard,39.73,13,0,0,Card,0,0.47,0
C107050,28,Month-to-month,Premium,77.33,9,0,0,Bank transfer,0,0.47,0
C107051,55,Month-to-month,Basic,18.96,6,0,0,Wallet,0,0.54,0
C107052,25,Two year,Basic,24.01,13,0,0,Card,1,0.7,0
C107053,19,Month-to-month,Basic,29.75,11,1,1,Wallet,0,0.35,0
C107054,65,Month-to-month,Basic,23.12,13,0,0,Card,0,0.76,0
C107055,37,Two year,Basic,30.72,13,1,0,Card,0,0.87,0
C107056,38,Month-to-month,Premium,72.12,17,4,3,Card,0,0.34,1
C107057,12,One year,Standard,55.04,16,2,0,Bank transfer,0,0.75,0
C107058,19,One year,Standard,44.05,14,2,3,Wallet,1,0.61,1
C107059,30,Month-to-month,Basic,40.69,9,1,2,Bank transfer,0,0.36,1
C107060,37,Month-to-month,Standard,49.32,4,1,1,Wallet,0,0.4,1
C107061,2,One year,Standard,44.76,14,3,2,Card,1,0.34,0
C107062,23,Two year,Basic,18.23,11,0,1,Bank transfer,0,0.39,0
C107063,50,Month-to-month,Basic,22.47,15,2,1,Wallet,0,0.06,0
C107064,42,Month-to-month,Basic,36.88,12,0,0,Card,0,0.54,0
C107065,43,Month-to-month,Basic,17.47,9,2,1,Card,0,0.21,0
C107066,64,Two year,Standard,35.56,9,1,0,Wallet,0,0.8,0
C107067,20,Month-to-month,Premium,76.8,4,1,1,Bank transfer,1,0.41,0
C107068,4,Month-to-month,Standard,52.58,16,0,0,Bank transfer,0,0.62,0
C107069,1,Month-to-month,Premium,72.72,10,2,0,Bank transfer,0,0.9,1
C107070,65,Two year,Standard,39.81,15,0,1,Bank transfer,0,0.67,0
C107071,68,Month-to-month,Premium,73.65,8,2,0,Card,1,0.77,0
C107072,39,Month-to-month,Premium,73.7,11,5,0,Card,0,0.28,0
C107073,9,Two year,Premium,81.77,16,3,0,Cash,0,0.75,0
C107074,5,Month-to-month,Basic,36.33,11,3,1,Card,0,0.41,0
C107075,24,Month-to-month,Premium,74.11,11,0,0,Wallet,0,0.74,1
C107076,8,Two year,Standard,40.02,7,2,1,Wallet,0,0.58,0
C107077,2,Month-to-month,Standard,37.77,8,3,0,Wallet,0,0.7,1
C107078,20,Month-to-month,Basic,15.0,5,2,1,Wallet,0,0.91,0
C107079,28,Two year,Basic,24.55,13,0,0,Card,0,0.39,0
C107080,60,Two year,Standard,35.58,8,1,0,Bank transfer,0,0.32,0
C107081,29,Month-to-month,Basic,29.27,11,0,0,Wallet,0,0.61,0
C107082,52,Month-to-month,Standard,43.57,13,1,1,Card,1,0.54,0
C107083,39,One year,Standard,40.73,23,4,3,Card,0,0.64,0
C107084,61,Month-to-month,Standard,53.64,8,3,0,Bank transfer,1,0.5,1
C107085,24,Month-to-month,Standard,34.5,8,3,0,Bank transfer,0,0.71,1
C107086,71,Month-to-month,Basic,30.42,12,2,0,Wallet,0,0.77,0
C107087,18,Month-to-month,Premium,75.61,8,4,1,Card,0,0.41,1
C107088,9,Month-to-month,Standard,46.52,11,0,0,Card,1,0.26,0
C107089,57,Month-to-month,Standard,,12,3,0,Bank transfer,1,0.78,0
C107090,40,Month-to-month,Standard,38.1,10,0,0,Card,1,0.6,0
C107091,21,Two year,Standard,48.61,17,2,0,Bank transfer,1,0.32,0
C107092,12,Month-to-month,Standard,52.16,11,3,1,Card,0,0.58,0
C107093,24,Month-to-month,Standard,32.75,10,0,0,Bank transfer,1,0.19,0
C107094,46,Month-to-month,Basic,25.56,6,1,1,Bank transfer,0,0.1,0
C107095,36,Month-to-month,Premium,74.23,8,2,0,Wallet,0,0.46,0
C107096,9,Month-to-month,Standard,43.16,12,2,1,Card,0,0.31,1
C107097,20,Two year,Premium,77.4,14,0,0,Wallet,0,0.65,0
C107098,38,Month-to-month,Standard,43.74,8,0,1,Card,1,0.57,0
C107099,53,One year,Premium,72.49,17,0,0,Card,1,0.29,0
C107100,42,Two year,Standard,52.13,18,2,1,Card,1,0.68,0
C107101,7,Two year,Basic,19.08,13,4,2,Card,1,0.72,0
C107102,10,One year,Basic,22.46,16,1,0,Card,0,0.8,0
C107103,24,Month-to-month,Standard,42.35,13,3,0,Card,0,0.62,0
C107104,51,Two year,Basic,20.05,16,0,0,Wallet,0,0.42,0
C107105,31,Month-to-month,Standard,41.73,11,0,1,Card,0,0.7,1
C107106,9,Month-to-month,Basic,33.35,14,1,0,Card,1,0.57,0
C107107,19,Two year,Premium,69.85,19,3,0,Bank transfer,0,0.47,0
C107108,43,Month-to-month,Standard,60.0,9,2,1,Bank transfer,0,0.34,1
C107109,61,One year,Basic,15.33,6,1,1,Card,0,0.48,0
C107110,17,One year,Premium,60.21,16,0,0,Wallet,0,0.32,0
C107111,26,One year,Standard,40.63,12,1,0,Card,0,0.23,0
C107112,17,Month-to-month,Standard,37.17,7,1,2,Cash,0,0.64,1
C107113,31,Two year,Standard,52.37,16,3,0,Card,0,0.24,0
C107114,34,Month-to-month,Basic,27.6,11,1,1,Cash,1,0.33,1
C107115,34,Month-to-month,Basic,18.35,9,2,1,Bank transfer,1,0.69,0
C107116,12,Two year,Premium,73.61,18,2,0,Wallet,0,0.25,0
C107117,60,Two year,Standard,42.93,20,2,0,Cash,1,0.45,0
C107118,41,Month-to-month,Basic,40.71,10,2,0,Bank transfer,1,0.35,0
C107119,16,Month-to-month,Premium,75.69,17,0,0,Bank transfer,1,0.53,0
C107120,30,Two year,Premium,76.44,10,1,0,Bank transfer,0,0.33,0
C107121,60,Month-to-month,Standard,48.05,7,2,0,Card,0,0.28,0
C107122,53,Month-to-month,Basic,26.21,11,0,0,Bank transfer,0,0.08,0
C107123,69,Month-to-month,Standard,44.81,13,1,0,Card,1,0.17,0
C107124,41,One year,Standard,39.61,15,2,0,Bank transfer,0,0.83,0
C107125,20,One year,Basic,25.37,8,2,1,Wallet,1,0.4,0
C107126,11,Month-to-month,Standard,46.07,9,2,1,Bank transfer,0,0.51,0
C107127,13,Month-to-month,Basic,16.71,10,1,0,Card,0,0.11,0
C107128,39,One year,Standard,45.29,9,3,0,Card,1,0.54,0
C107129,57,Month-to-month,Basic,17.21,12,1,1,Wallet,1,0.61,0
C107130,49,Month-to-month,Premium,64.66,17,1,1,Wallet,1,0.19,0
C107131,23,Month-to-month,Basic,24.35,11,0,1,Cash,0,0.48,1
C107132,21,Month-to-month,Basic,27.94,15,2,0,Card,0,0.63,1
C107133,17,Month-to-month,Premium,80.46,9,0,1,Card,0,0.26,0
C107134,21,Month-to-month,Basic,21.41,16,2,0,Card,1,0.46,1
C107135,6,Month-to-month,Basic,15.92,5,1,1,Card,0,0.19,0
C107136,13,One year,Premium,69.36,5,1,0,Bank transfer,0,0.65,0
C107137,45,Month-to-month,Basic,23.21,7,3,0,Card,0,0.67,0
C107138,17,Month-to-month,Standard,44.09,14,0,0,Card,0,0.58,1
C107139,68,Two year,Basic,27.62,8,0,0,Card,0,0.73,0
C107140,10,Month-to-month,Premium,,10,0,0,Bank transfer,0,0.41,0
C107141,64,Two year,Premium,81.17,12,2,1,Wallet,0,0.84,0
C107142,61,Month-to-month,Basic,20.91,12,1,3,Card,0,0.41,0
C107143,43,One year,Basic,27.62,14,2,0,Card,1,0.48,0
C107144,20,Month-to-month,Basic,28.67,17,4,1,Cash,0,0.84,1
C107145,32,Two year,Standard,47.14,17,1,1,Bank transfer,0,0.65,0
C107146,46,Two year,Standard,48.02,12,2,1,Bank transfer,1,0.61,0
C107147,71,One year,Premium,68.19,12,2,0,Wallet,1,0.65,0
C107148,21,Month-to-month,Standard,50.13,5,1,1,Bank transfer,0,0.23,1
C107149,48,One year,Standard,41.7,19,1,1,Card,1,0.51,0
C107150,61,Two year,Standard,43.7,14,1,0,Card,0,0.08,0
C107151,69,One year,Basic,18.66,15,0,3,Card,0,0.78,0
C107152,26,One year,Basic,27.03,10,1,2,Card,0,0.57,0
C107153,50,Month-to-month,Standard,42.13,19,2,1,Bank transfer,1,0.57,0
C107154,38,One year,Basic,20.67,8,1,0,Card,0,0.12,0
C107155,51,Month-to-month,Premium,78.95,12,1,0,Bank transfer,0,0.22,1
C107156,25,Month-to-month,Standard,40.19,13,1,0,Wallet,1,0.54,0
C107157,51,Month-to-month,Standard,47.01,8,1,0,Card,0,0.68,0
C107158,64,Month-to-month,Premium,75.94,12,1,0,Card,1,0.33,0
C107159,10,Month-to-month,Basic,28.05,14,2,0,Bank transfer,0,0.72,1
C107160,64,Two year,Premium,75.13,15,1,2,Bank transfer,0,0.83,0
C107161,19,Month-to-month,Premium,67.49,12,3,0,Card,0,0.37,0
C107162,3,Month-to-month,Basic,,16,0,1,Card,1,0.61,0
C107163,5,Month-to-month,Basic,27.08,15,0,1,Card,0,0.29,1
C107164,37,Month-to-month,Basic,36.19,16,2,1,Card,0,0.31,0
C107165,68,Month-to-month,Standard,56.13,11,1,1,Card,0,0.73,0
C107166,13,Month-to-month,Basic,30.19,3,1,0,Cash,1,0.35,0
C107167,72,Month-to-month,Premium,80.81,15,0,0,Bank transfer,0,0.07,1
C107168,6,Month-to-month,Basic,15.0,10,3,0,Bank transfer,0,0.55,0
C107169,44,Month-to-month,Basic,21.66,11,2,2,Wallet,0,0.43,1
C107170,44,Month-to-month,Premium,68.28,8,5,0,Card,0,0.06,1
C107171,12,One year,Basic,28.54,14,0,0,Wallet,0,0.8,0
C107172,63,Two year,Basic,28.15,20,2,1,Card,0,0.54,0
C107173,9,Month-to-month,Standard,48.21,12,3,0,Bank transfer,1,0.64,1
C107174,11,Month-to-month,Standard,48.46,12,3,1,Cash,0,0.4,1
C107175,33,One year,Basic,27.11,17,1,1,Card,0,0.19,0
C107176,27,Month-to-month,Standard,44.25,16,0,0,Cash,0,0.6,0
C107177,29,Month-to-month,Basic,21.37,12,0,0,Bank transfer,1,0.19,0
C107178,27,One year,Standard,49.23,18,0,1,Card,0,0.1,1
C107179,15,Month-to-month,Basic,24.96,10,0,0,Card,0,0.38,1
C107180,44,Month-to-month,Basic,31.37,17,1,0,Cash,0,0.47,0
C107181,7,Month-to-month,Basic,22.25,8,1,0,Bank transfer,1,0.52,0
C107182,42,Two year,Basic,23.28,14,3,1,Bank transfer,1,0.62,0
C107183,47,Month-to-month,Premium,70.17,7,0,0,Card,0,0.93,1
C107184,31,Two year,Premium,78.92,12,2,0,Card,1,0.67,1
C107185,58,One year,Basic,19.95,11,1,0,Wallet,0,0.06,0
C107186,46,Two year,Premium,60.61,6,0,0,Cash,0,0.19,0
C107187,5,One year,Premium,70.03,15,0,0,Card,0,0.18,0
C107188,29,One year,Basic,20.73,13,2,1,Card,0,0.41,0
C107189,23,Two year,Standard,44.88,12,1,0,Card,1,0.36,0
C107190,23,Month-to-month,Standard,42.77,17,1,1,Card,1,0.28,0
C107191,22,Month-to-month,Standard,52.61,12,0,0,Wallet,0,0.28,0
C107192,57,One year,Basic,26.89,11,0,0,Card,0,0.47,0
C107193,40,Month-to-month,Premium,80.83,12,0,0,Card,0,0.52,0
C107194,16,Month-to-month,Standard,53.42,18,0,2,Cash,0,0.16,1
C107195,44,Month-to-month,Standard,51.31,7,1,0,Card,0,0.44,0
C107196,30,Two year,Standard,50.56,10,2,0,Wallet,0,0.73,0
C107197,30,One year,Premium,72.1,7,2,0,Card,1,0.41,1
C107198,9,One year,Basic,27.66,20,1,1,Wallet,0,0.43,0
C107199,63,Month-to-month,Standard,44.39,15,2,0,Wallet,1,0.1,1
C107200,64,Month-to-month,Basic,29.69,8,1,1,Card,0,0.48,0
C107201,29,Month-to-month,Premium,71.48,16,0,2,Card,0,0.89,0
C107202,23,Two year,Basic,29.01,10,0,1,Card,1,0.16,0
C107203,22,Month-to-month,Basic,21.98,7,2,1,Card,0,0.57,0
C107204,36,Month-to-month,Standard,49.54,8,1,0,Cash,0,0.49,0
C107205,56,One year,Standard,52.45,12,0,0,Card,0,0.35,1
C107206,64,One year,Standard,52.48,13,2,2,Card,0,0.38,0
C107207,61,One year,Standard,42.57,9,1,0,Bank transfer,0,0.23,0
C107208,47,Month-to-month,Standard,53.07,8,2,1,Card,0,0.72,0
C107209,64,Month-to-month,Basic,15.0,16,1,1,Cash,0,0.55,1
C107210,5,Month-to-month,Standard,46.07,14,0,1,Wallet,0,0.37,0
C107211,13,Month-to-month,Premium,66.44,9,1,0,Card,1,0.27,0
C107212,23,Month-to-month,Standard,45.16,13,0,1,Card,0,0.19,0
C107213,15,Month-to-month,Premium,67.87,7,0,1,Card,1,0.15,1
C107214,52,Two year,Standard,44.81,16,1,0,Card,0,0.38,0
C107215,34,Month-to-month,Basic,20.76,12,0,0,Bank transfer,0,0.23,1
C107216,16,Month-to-month,Premium,82.77,11,0,0,Wallet,1,0.81,1
C107217,70,One year,Standard,58.18,12,0,0,Bank transfer,0,0.26,0
C107218,19,One year,Basic,30.32,15,0,0,Card,0,0.72,0
C107219,45,One year,Standard,51.34,10,2,0,Wallet,0,0.73,0
C107220,43,One year,Standard,47.95,22,0,0,Card,0,0.47,0
C107221,45,Month-to-month,Premium,74.6,9,3,0,Wallet,0,0.56,1
C107222,62,Month-to-month,Premium,73.78,13,1,0,Bank transfer,0,0.41,1
C107223,24,Month-to-month,Standard,38.08,23,1,0,Bank transfer,1,0.86,0
C107224,33,Month-to-month,Basic,20.36,9,0,0,Card,0,0.71,0
C107225,72,One year,Basic,29.96,13,1,0,Card,0,0.71,0
C107226,37,Two year,Premium,72.65,13,2,1,Bank transfer,0,0.61,0
C107227,14,Two year,Standard,47.48,14,1,1,Card,1,0.53,0
C107228,4,Month-to-month,Premium,69.74,13,2,0,Bank transfer,0,0.72,1
C107229,41,Month-to-month,Standard,59.07,10,1,1,Card,0,0.56,1
C107230,12,Two year,Standard,53.41,10,2,0,Bank transfer,0,0.67,0
C107231,49,Two year,Basic,24.65,12,2,1,Wallet,1,0.8,0
C107232,36,Month-to-month,Standard,56.53,10,1,0,Wallet,0,0.28,0
C107233,59,Month-to-month,Standard,48.31,14,1,0,Card,0,0.42,0
C107234,5,One year,Basic,31.85,12,0,1,Bank transfer,0,0.48,0
C107235,59,Month-to-month,Basic,24.27,10,0,1,Wallet,0,0.29,1
C107236,62,Month-to-month,Premium,72.5,10,2,0,Card,0,0.63,0
C107237,28,Month-to-month,Basic,33.83,8,1,1,Cash,0,0.48,0
C107238,43,Month-to-month,Standard,49.71,15,3,0,Bank transfer,0,0.52,0
C107239,20,One year,Standard,50.26,11,1,0,Bank transfer,0,0.65,0
C107240,41,One year,Standard,51.34,9,0,0,Card,0,0.49,1
C107241,71,One year,Premium,76.04,10,4,0,Cash,0,0.6,0
C107242,3,One year,Basic,22.5,10,1,0,Card,0,0.46,1
C107243,40,Month-to-month,Premium,77.58,5,0,0,Wallet,0,0.57,1
C107244,46,One year,Premium,64.66,13,1,0,Wallet,0,0.74,0
C107245,21,One year,Standard,45.81,14,2,0,Card,0,0.94,0
C107246,13,One year,Standard,52.08,19,0,0,Card,1,0.67,0
C107247,10,Two year,Premium,73.91,14,3,0,Card,0,0.71,0
C107248,8,Month-to-month,Standard,56.55,11,1,2,Card,0,0.92,1
C107249,58,Month-to-month,Premium,73.19,7,2,0,Bank transfer,1,0.81,0
C107250,40,Month-to-month,Basic,19.02,6,2,1,Card,0,0.49,0
C107251,62,Month-to-month,Basic,28.81,17,1,2,Card,1,0.54,0
C107252,32,Two year,Basic,24.24,15,2,0,Cash,0,0.75,0
C107253,42,Month-to-month,Premium,79.01,10,4,1,Card,0,0.83,1
C107254,68,One year,Standard,41.39,11,3,1,Bank transfer,0,0.24,0
C107255,28,One year,Standard,48.61,9,1,1,Wallet,0,0.76,0
C107256,37,Month-to-month,Standard,45.97,18,1,0,Card,1,0.38,0
C107257,48,Month-to-month,Basic,26.8,11,1,1,Card,0,0.43,0
C107258,47,Month-to-month,Standard,51.02,14,2,2,Bank transfer,1,0.25,1
C107259,71,Month-to-month,Standard,40.65,7,2,0,Card,1,0.87,0
C107260,60,Month-to-month,Basic,24.27,14,3,0,Cash,0,0.65,0
C107261,42,Month-to-month,Standard,51.96,11,1,1,Card,0,0.41,0
C107262,41,Month-to-month,Standard,52.66,16,0,0,Card,0,0.42,0
C107263,57,One year,Standard,49.6,14,1,0,Card,0,0.1,0
C107264,55,One year,Basic,18.58,10,1,0,Bank transfer,0,0.21,0
C107265,64,Month-to-month,Basic,26.5,4,0,0,Card,1,0.58,0
C107266,72,One year,Premium,72.84,6,2,0,Card,0,0.67,0
C107267,55,Month-to-month,Premium,73.36,9,1,0,Card,0,0.62,1
C107268,12,One year,Standard,35.99,14,1,0,Card,1,0.42,0
C107269,36,Two year,Standard,32.69,16,1,1,Bank transfer,0,0.43,0
C107270,4,Two year,Basic,31.18,8,0,0,Bank transfer,0,0.48,0
C107271,13,Month-to-month,Premium,80.12,12,1,0,Bank transfer,0,0.68,0
C107272,14,Month-to-month,Basic,16.51,7,0,2,Card,0,0.39,0
C107273,51,One year,Standard,43.1,10,0,0,Card,0,0.38,0
C107274,27,One year,Basic,25.58,11,1,0,Bank transfer,1,0.61,0
C107275,60,Month-to-month,Basic,21.73,11,0,0,Cash,1,0.37,0
C107276,46,Two year,Basic,28.24,12,3,0,Card,1,0.63,0
C107277,70,Two year,Basic,22.87,18,1,1,Wallet,1,0.78,0
C107278,2,One year,Standard,36.86,15,1,1,Bank transfer,0,0.58,0
C107279,11,Month-to-month,Standard,42.69,6,1,0,Wallet,1,0.37,0
C107280,59,Two year,Basic,27.9,14,0,1,Bank transfer,0,0.4,0
C107281,9,Month-to-month,Premium,69.67,14,4,0,Card,0,0.7,1
C107282,21,Month-to-month,Premium,79.71,10,1,0,Cash,0,0.18,0
C107283,46,Month-to-month,Basic,31.51,11,1,0,Bank transfer,1,0.67,0
C107284,31,Two year,Basic,28.84,20,3,0,Wallet,0,0.72,0
C107285,60,One year,Premium,78.57,10,0,0,Bank transfer,0,0.58,0
C107286,9,Month-to-month,Basic,24.63,3,2,2,Wallet,0,0.42,1
C107287,6,Month-to-month,Basic,28.46,18,2,0,Wallet,0,0.36,0
C107288,64,Two year,Basic,20.8,10,1,1,Card,1,0.37,0
C107289,45,Month-to-month,Basic,15.0,13,2,1,Card,0,0.58,1
C107290,11,One year,Premium,70.95,7,1,1,Wallet,0,0.27,1
C107291,20,One year,Standard,53.88,13,2,0,Card,0,0.34,0
C107292,14,Month-to-month,Basic,31.36,11,2,2,Card,0,0.21,1
C107293,72,One year,Premium,68.74,9,0,2,Card,0,0.63,0
C107294,23,Month-to-month,Basic,23.79,23,1,0,Bank transfer,0,0.36,1
C107295,27,One year,Premium,70.8,20,2,1,Card,0,0.64,1
C107296,72,Two year,Standard,38.0,16,3,0,Card,1,0.19,0
C107297,6,One year,Standard,43.12,17,0,0,Card,1,0.36,0
C107298,62,Month-to-month,Standard,49.83,18,2,1,Bank transfer,0,0.81,0
C107299,57,One year,Basic,25.42,17,1,0,Card,1,0.39,0
C107300,8,Month-to-month,Standard,43.59,8,1,0,Card,0,0.21,1
C107301,22,Month-to-month,Basic,15.0,8,4,1,Bank transfer,0,0.66,1
C107302,65,One year,Basic,38.2,22,0,1,Wallet,0,0.96,0
C107303,31,One year,Standard,38.1,21,1,0,Bank transfer,0,0.29,0
C107304,54,Month-to-month,Standard,45.18,6,1,1,Bank transfer,0,0.23,0
C107305,10,Two year,Standard,49.96,13,1,0,Card,1,0.75,0
C107306,56,Month-to-month,Basic,26.13,15,1,0,Wallet,1,0.34,0
C107307,24,Month-to-month,Basic,30.05,14,0,1,Card,1,0.28,0
C107308,18,Month-to-month,Standard,31.1,6,1,1,Wallet,0,0.93,0
C107309,10,Two year,Standard,39.76,12,0,0,Card,1,0.46,0
C107310,57,One year,Basic,20.96,10,1,0,Wallet,0,0.68,0
C107311,19,Month-to-month,Basic,16.94,3,1,0,Bank transfer,1,0.13,0
C107312,43,Month-to-month,Standard,35.53,2,0,0,Card,1,0.52,1
C107313,42,Two year,Basic,30.26,12,2,1,Card,1,0.28,0
C107314,28,Month-to-month,Standard,37.35,12,2,0,Bank transfer,0,0.53,0
C107315,22,Month-to-month,Basic,31.57,13,1,1,Card,0,0.46,0
C107316,2,One year,Standard,50.38,17,0,0,Bank transfer,0,0.38,0
C107317,49,Two year,Premium,72.9,15,0,1,Bank transfer,0,0.29,0
C107318,36,One year,Premium,66.65,15,0,0,Bank transfer,0,0.29,0
C107319,65,Month-to-month,Basic,21.44,6,0,1,Bank transfer,0,0.53,0
C107320,15,Month-to-month,Basic,20.68,13,2,1,Wallet,1,0.39,1
C107321,42,Two year,Premium,71.05,8,1,0,Bank transfer,0,0.71,0
C107322,4,Month-to-month,Standard,40.32,11,1,0,Bank transfer,1,0.48,0
C107323,3,Month-to-month,Standard,45.28,7,1,1,Cash,0,0.77,0
C107324,34,Month-to-month,Basic,23.23,10,0,1,Card,0,0.78,0
C107325,70,Two year,Premium,74.63,16,1,2,Card,0,0.35,0
C107326,49,Two year,Basic,24.81,12,5,1,Cash,0,0.09,0
C107327,15,Month-to-month,Basic,32.29,6,0,0,Card,1,0.26,1
C107328,64,Month-to-month,Basic,37.02,15,1,1,Bank transfer,1,0.35,0
C107329,25,Month-to-month,Basic,25.07,5,2,0,Bank transfer,1,0.82,1
C107330,27,Month-to-month,Standard,44.49,9,0,0,Wallet,1,0.45,0
C107331,38,Month-to-month,Standard,44.01,9,4,0,Wallet,0,0.63,0
C107332,65,Month-to-month,Basic,30.73,10,1,1,Wallet,0,0.59,0
C107333,45,Month-to-month,Basic,29.14,11,2,0,Card,0,0.51,0
C107334,27,Month-to-month,Basic,25.64,6,2,0,Wallet,0,0.71,0
C107335,25,Two year,Premium,74.12,19,2,0,Card,0,0.32,1
C107336,12,One year,Standard,48.42,14,0,0,Cash,0,0.11,0
C107337,32,One year,Basic,31.24,15,0,1,Bank transfer,0,0.58,0
C107338,71,Two year,Premium,72.38,10,2,0,Card,0,0.49,0
C107339,46,Month-to-month,Premium,77.55,9,0,0,Card,0,0.35,0
C107340,29,One year,Standard,34.15,17,1,0,Card,0,0.03,0
C107341,33,Month-to-month,Standard,40.99,12,1,0,Bank transfer,0,0.29,1
C107342,14,One year,Basic,27.85,19,2,1,Cash,0,0.35,0
C107343,21,Two year,Standard,35.53,11,0,0,Card,0,0.04,0
C107344,42,Month-to-month,Basic,15.95,16,1,1,Bank transfer,1,0.35,0
C107345,30,Month-to-month,Basic,26.49,10,0,1,Bank transfer,0,0.17,0
C107346,2,Month-to-month,Premium,63.18,10,2,0,Bank transfer,0,0.75,0
C107347,28,Month-to-month,Basic,23.05,10,2,2,Card,1,0.68,0
C107348,39,Two year,Standard,57.43,13,2,1,Card,0,0.69,0
C107349,22,One year,Standard,,12,1,0,Bank transfer,0,0.32,0
C107350,37,Month-to-month,Basic,35.49,10,0,1,Wallet,0,0.39,1
C107351,44,Month-to-month,Premium,84.32,5,0,0,Cash,1,0.13,1
C107352,21,Month-to-month,Standard,40.46,10,2,1,Card,0,0.32,1
C107353,37,Month-to-month,Basic,23.8,15,0,1,Bank transfer,1,0.39,0
C107354,24,Month-to-month,Premium,77.24,18,0,0,Card,0,0.68,0
C107355,30,Two year,Standard,51.6,9,0,0,Card,0,0.42,0
C107356,37,Two year,Basic,33.58,11,0,2,Card,0,0.35,0
C107357,52,One year,Standard,49.65,19,0,1,Card,0,0.71,0
C107358,6,Month-to-month,Standard,47.02,4,1,2,Card,0,0.61,1
C107359,59,One year,Standard,38.7,14,1,0,Wallet,0,0.52,0
C107360,55,Month-to-month,Standard,51.3,13,2,0,Wallet,1,0.13,0
C107361,47,One year,Basic,21.55,10,1,1,Card,0,0.1,1
C107362,14,Month-to-month,Basic,30.93,12,1,2,Wallet,0,0.33,0
C107363,25,One year,Standard,53.02,10,2,3,Bank transfer,0,0.52,0
C107364,54,One year,Premium,66.37,16,0,1,Card,0,0.14,0
C107365,68,Two year,Basic,37.1,13,1,0,Card,0,0.94,0
C107366,71,One year,Basic,23.88,13,1,0,Card,0,0.31,0
C107367,8,One year,Standard,,19,2,1,Bank transfer,0,0.28,1
C107368,50,Month-to-month,Basic,30.7,12,2,0,Card,0,0.36,0
C107369,58,One year,Premium,86.18,12,1,0,Card,0,0.54,0
C107370,54,Month-to-month,Premium,82.15,10,0,1,Card,0,0.8,0
C107371,31,Two year,Standard,54.85,18,0,0,Bank transfer,0,0.49,0
C107372,52,Two year,Basic,30.09,12,3,1,Card,0,0.2,0
C107373,29,Month-to-month,Standard,40.35,10,2,0,Card,0,0.27,0
C107374,10,One year,Premium,73.95,20,1,0,Wallet,0,0.67,0
C107375,61,Month-to-month,Standard,49.2,11,2,1,Cash,0,0.76,0
C107376,11,Month-to-month,Basic,30.78,3,0,1,Card,0,0.52,0
C107377,48,Two year,Premium,75.96,13,0,0,Wallet,1,0.09,0
C107378,28,Month-to-month,Premium,70.78,13,0,0,Card,1,0.62,0
C107379,71,One year,Premium,67.56,7,1,0,Card,1,0.24,0
C107380,26,Month-to-month,Standard,45.6,16,1,0,Card,1,0.2,0
C107381,64,Two year,Basic,43.11,14,1,0,Card,1,0.29,0
C107382,22,Month-to-month,Standard,44.35,15,1,0,Wallet,1,0.66,0
C107383,9,Two year,Standard,42.15,13,1,1,Cash,0,0.31,0
C107384,29,One year,Standard,48.72,13,1,0,Wallet,0,0.51,0
C107385,37,One year,Standard,49.48,12,2,0,Bank transfer,0,0.36,0
C107386,72,Two year,Basic,25.87,13,1,1,Card,1,0.16,0
C107387,56,One year,Standard,33.07,11,0,0,Card,1,0.32,0
C107388,31,Month-to-month,Premium,71.01,11,1,0,Bank transfer,0,0.58,1
C107389,6,One year,Basic,21.31,14,1,0,Card,1,0.56,0
C107390,28,One year,Basic,28.84,11,1,1,Wallet,0,0.31,0
C107391,40,Two year,Standard,41.32,20,1,0,Card,0,0.42,0
C107392,34,One year,Standard,43.7,12,0,0,Wallet,0,0.47,0
C107393,72,Month-to-month,Premium,68.45,14,0,1,Wallet,0,0.63,0
C107394,22,Month-to-month,Basic,21.77,10,3,1,Card,0,0.2,1
C107395,18,Month-to-month,Premium,88.35,9,1,0,Wallet,0,0.11,1
C107396,21,One year,Premium,80.08,16,1,0,Bank transfer,0,0.46,0
C107397,9,Month-to-month,Basic,,8,0,2,Card,0,0.55,0
C107398,9,One year,Premium,70.05,13,2,0,Card,0,0.09,0
C107399,21,Month-to-month,Standard,37.78,9,2,0,Wallet,0,0.62,1
C107400,16,Month-to-month,Premium,81.26,9,1,0,Card,1,0.47,1
C107401,25,Month-to-month,Premium,75.05,14,1,1,Card,0,0.83,0
C107402,55,Two year,Standard,48.69,14,0,1,Card,0,0.6,0
C107403,21,Month-to-month,Premium,76.91,18,2,1,Bank transfer,0,0.39,1
C107404,58,One year,Basic,25.87,14,0,1,Card,0,0.92,0
C107405,32,Month-to-month,Basic,15.0,11,0,0,Card,0,0.72,0
C107406,11,Two year,Standard,50.55,13,2,0,Card,0,0.37,1
C107407,61,Month-to-month,Standard,,8,0,0,Wallet,0,0.65,0
C107408,17,Month-to-month,Basic,25.59,15,1,0,Card,0,0.72,1
C107409,38,Two year,Premium,74.1,14,0,1,Bank transfer,0,0.15,0
C107410,1,Month-to-month,Premium,76.45,10,0,0,Card,0,0.28,0
C107411,43,One year,Basic,23.62,13,0,0,Wallet,1,0.35,0
C107412,52,Month-to-month,Standard,34.16,11,1,0,Bank transfer,1,0.83,0
C107413,8,Two year,Premium,72.99,12,0,3,Wallet,1,0.09,0
C107414,32,Month-to-month,Premium,75.08,11,4,2,Bank transfer,0,0.51,0
C107415,5,Month-to-month,Basic,31.52,12,1,0,Bank transfer,0,0.41,1
C107416,47,Month-to-month,Basic,19.26,4,1,0,Card,0,0.62,0
C107417,69,One year,Standard,43.27,12,0,0,Bank transfer,0,0.61,0
C107418,50,One year,Premium,75.27,18,0,0,Wallet,0,0.31,0
C107419,25,Month-to-month,Premium,77.96,9,2,0,Card,0,0.76,0
C107420,50,Month-to-month,Basic,36.81,13,2,0,Bank transfer,0,0.49,0
C107421,69,Month-to-month,Premium,79.0,11,2,0,Bank transfer,1,0.62,0
C107422,40,One year,Standard,49.11,14,0,1,Card,0,0.11,0
C107423,25,Month-to-month,Standard,37.99,6,1,2,Wallet,0,0.42,0
C107424,12,Two year,Basic,34.78,15,1,0,Wallet,0,0.61,0
C107425,47,Month-to-month,Standard,34.85,8,1,0,Card,0,0.12,0
C107426,69,Month-to-month,Premium,83.29,12,0,1,Card,1,0.29,0
C107427,48,Month-to-month,Standard,50.42,21,0,0,Card,1,0.68,0
C107428,66,Month-to-month,Premium,75.81,19,3,0,Card,0,0.43,0
C107429,7,Month-to-month,Standard,38.87,6,1,0,Card,1,0.33,0
C107430,9,Two year,Basic,28.43,13,0,0,Wallet,1,0.6,0
C107431,6,One year,Standard,42.37,17,3,2,Bank transfer,1,0.42,1
C107432,66,Month-to-month,Basic,,8,0,0,Bank transfer,1,0.7,0
C107433,32,Month-to-month,Basic,15.0,20,0,1,Wallet,0,0.45,1
C107434,46,Month-to-month,Standard,45.71,16,2,0,Bank transfer,0,0.73,0
C107435,10,Month-to-month,Standard,29.47,8,1,1,Card,0,0.66,1
C107436,3,One year,Premium,75.65,18,4,1,Cash,1,0.31,0
C107437,22,Month-to-month,Basic,23.33,12,0,0,Card,0,0.48,1
C107438,59,One year,Basic,30.25,12,2,1,Bank transfer,1,0.42,0
C107439,15,Month-to-month,Basic,18.32,4,1,0,Cash,1,0.29,1
C107440,60,One year,Basic,19.26,11,2,0,Bank transfer,0,0.83,0
C107441,23,One year,Standard,32.2,11,3,1,Wallet,1,0.21,0
C107442,53,Month-to-month,Basic,22.46,18,1,2,Bank transfer,0,0.21,1
C107443,33,One year,Standard,46.18,16,0,0,Card,0,0.67,0
C107444,24,Two year,Premium,73.65,16,2,0,Cash,0,0.49,0
C107445,23,Month-to-month,Standard,39.3,15,1,2,Bank transfer,0,0.42,1
C107446,22,Two year,Basic,23.81,16,3,0,Bank transfer,1,0.93,0
C107447,25,Two year,Premium,78.51,11,2,1,Card,0,0.14,0
C107448,37,One year,Premium,76.97,12,3,0,Card,0,0.64,0
C107449,35,One year,Standard,33.31,11,1,0,Card,0,0.52,0
C107450,48,Month-to-month,Standard,42.11,9,1,1,Card,0,0.42,1
C107451,50,Month-to-month,Standard,39.76,8,2,1,Card,0,0.44,0
C107452,28,Two year,Basic,15.0,11,1,1,Card,1,0.68,0
C107453,4,Two year,Standard,48.72,11,3,0,Card,0,0.65,0
C107454,39,Month-to-month,Basic,27.05,10,2,0,Bank transfer,0,0.71,1
C107455,72,Month-to-month,Standard,38.85,5,0,0,Cash,1,0.22,0
C107456,66,Month-to-month,Basic,28.27,15,1,1,Card,0,0.91,0
C107457,32,Month-to-month,Standard,46.57,9,1,0,Bank transfer,0,0.42,1
C107458,67,One year,Premium,72.2,16,1,0,Card,0,0.25,0
C107459,67,One year,Basic,26.95,13,0,0,Cash,0,0.74,0
C107460,27,Month-to-month,Premium,73.81,11,1,0,Bank transfer,0,0.56,1
C107461,1,One year,Basic,20.95,16,0,0,Bank transfer,1,0.47,0
C107462,41,Month-to-month,Standard,51.31,11,1,1,Wallet,0,0.33,0
C107463,5,Month-to-month,Basic,15.67,4,1,0,Card,0,0.57,0
C107464,55,Month-to-month,Standard,56.56,21,1,0,Wallet,1,0.49,0
C107465,8,Month-to-month,Premium,76.62,12,2,0,Card,1,0.45,1
C107466,13,Month-to-month,Basic,22.57,7,2,1,Bank transfer,0,0.92,0
C107467,66,One year,Basic,27.67,7,1,2,Card,0,0.71,0
C107468,42,Month-to-month,Premium,69.46,16,0,1,Bank transfer,0,0.25,0
C107469,30,One year,Standard,42.66,14,1,0,Bank transfer,0,0.83,0
C107470,10,Month-to-month,Standard,,12,0,0,Card,1,0.56,0
C107471,61,Month-to-month,Standard,47.95,9,0,0,Card,0,0.78,0
C107472,36,Month-to-month,Standard,44.14,16,2,0,Card,0,0.51,1
C107473,51,Month-to-month,Premium,74.18,12,2,1,Wallet,0,0.46,0
C107474,4,One year,Premium,80.65,19,2,1,Card,0,0.47,1
C107475,7,Two year,Basic,30.66,16,1,1,Card,0,0.47,0
C107476,50,Month-to-month,Basic,23.14,14,0,0,Wallet,0,0.61,1
C107477,27,One year,Standard,52.25,11,2,1,Wallet,0,0.48,0
C107478,56,One year,Basic,25.0,19,1,1,Bank transfer,1,0.29,0
C107479,24,Two year,Standard,44.85,7,1,0,Cash,0,0.67,0
C107480,20,Two year,Basic,29.7,18,4,0,Cash,0,0.49,0
C107481,33,Two year,Standard,40.7,11,0,0,Bank transfer,0,0.15,0
C107482,8,Two year,Standard,35.75,11,0,0,Card,0,0.76,0
C107483,55,Two year,Standard,44.22,8,1,2,Card,1,0.34,0
C107484,45,One year,Standard,50.43,13,2,0,Card,0,0.58,0
C107485,7,Two year,Basic,23.33,16,1,1,Card,0,0.39,0
C107486,68,Month-to-month,Standard,,9,0,0,Card,0,0.89,0
C107487,67,Two year,Premium,82.44,16,1,1,Bank transfer,1,0.22,0
C107488,51,One year,Basic,23.06,11,1,0,Wallet,0,0.29,0
C107489,35,Month-to-month,Premium,75.19,11,2,0,Wallet,1,0.16,1
C107490,34,Month-to-month,Standard,44.32,18,1,0,Card,1,0.38,0
C107491,27,Month-to-month,Basic,29.09,11,0,0,Card,0,0.06,1
C107492,44,Month-to-month,Standard,48.12,6,1,0,Card,1,0.09,1
C107493,51,One year,Basic,26.3,11,1,0,Bank transfer,1,0.53,0
C107494,63,One year,Standard,53.43,7,0,0,Bank transfer,0,0.91,0
C107495,20,Two year,Basic,27.56,17,1,0,Card,0,0.47,0
C107496,58,Month-to-month,Premium,76.9,9,1,0,Bank transfer,0,0.18,1
C107497,52,Month-to-month,Premium,70.77,15,1,0,Card,1,0.39,0
C107498,48,One year,Standard,45.65,10,2,0,Wallet,1,0.42,1
C107499,30,Two year,Standard,53.26,11,3,0,Bank transfer,1,0.47,0
C107500,69,Month-to-month,Standard,49.46,12,1,2,Card,1,0.13,0
C107501,35,Month-to-month,Standard,45.91,14,1,0,Wallet,1,0.74,0
C107502,29,Month-to-month,Standard,44.66,15,1,1,Bank transfer,0,0.83,0
C107503,14,Month-to-month,Premium,69.66,12,0,0,Card,0,0.6,1
C107504,31,Two year,Basic,20.87,13,3,1,Bank transfer,0,0.81,0
C107505,15,Two year,Premium,81.41,13,2,0,Card,0,0.11,0
C107506,21,Month-to-month,Basic,25.41,13,1,0,Card,0,0.55,0
C107507,63,Two year,Premium,75.78,13,0,0,Wallet,0,0.9,0
C107508,54,Month-to-month,Basic,32.87,15,1,1,Wallet,0,0.4,0
C107509,42,One year,Standard,42.77,16,2,1,Card,0,0.59,1
C107510,69,Two year,Premium,72.39,12,0,0,Wallet,1,0.59,0
C107511,31,Month-to-month,Standard,53.82,17,4,2,Bank transfer,1,0.5,0
C107512,29,One year,Basic,29.03,11,2,0,Cash,0,0.55,0
C107513,56,One year,Standard,35.78,15,2,0,Wallet,1,0.33,0
C107514,16,Month-to-month,Standard,45.19,9,1,0,Bank transfer,1,0.72,1
C107515,66,Month-to-month,Standard,40.59,10,1,0,Bank transfer,1,0.38,0
C107516,3,One year,Standard,42.25,9,2,1,Card,0,0.44,1
C107517,12,Month-to-month,Premium,73.88,13,0,3,Bank transfer,0,0.25,1
C107518,41,Month-to-month,Basic,15.48,7,1,1,Bank transfer,0,0.55,0
C107519,72,Month-to-month,Standard,40.97,11,1,0,Card,0,0.28,0
C107520,49,One year,Standard,56.18,16,0,1,Card,1,0.38,0
C107521,2,Month-to-month,Standard,44.07,9,1,1,Cash,1,0.37,1
C107522,63,One year,Basic,22.43,13,2,0,Bank transfer,0,0.25,0
C107523,45,One year,Basic,31.04,17,1,0,Card,0,0.32,0
C107524,28,Month-to-month,Standard,37.13,14,1,1,Card,0,0.73,0
C107525,19,One year,Premium,73.92,11,3,3,Bank transfer,1,0.78,1
C107526,15,Month-to-month,Standard,53.03,14,1,0,Cash,1,0.24,0
C107527,19,Month-to-month,Standard,45.35,9,4,1,Card,1,0.93,0
C107528,1,Month-to-month,Basic,27.34,12,2,1,Wallet,0,0.41,0
C107529,36,Month-to-month,Premium,74.0,11,2,0,Wallet,1,0.72,0
C107530,27,One year,Basic,27.4,13,1,0,Wallet,1,0.15,1
C107531,44,Two year,Standard,49.52,8,2,0,Card,0,0.2,0
C107532,54,Month-to-month,Basic,24.31,12,0,0,Card,0,0.45,0
C107533,32,One year,Standard,45.95,10,1,0,Cash,0,0.2,0
C107534,33,One year,Basic,26.82,9,1,2,Card,1,0.38,0
C107535,52,Month-to-month,Standard,33.96,10,2,0,Wallet,1,0.27,0
C107536,52,Month-to-month,Basic,30.78,10,0,0,Bank transfer,1,0.45,0
C107537,69,One year,Basic,36.22,11,0,1,Card,0,0.15,0
C107538,38,Month-to-month,Premium,80.25,8,0,0,Card,0,0.06,1
C107539,13,Month-to-month,Premium,76.77,14,1,1,Bank transfer,0,0.29,1
C107540,39,One year,Basic,23.16,13,0,1,Cash,1,0.6,0
C107541,18,One year,Standard,47.54,13,1,0,Bank transfer,1,0.49,0
C107542,36,Month-to-month,Basic,37.07,12,1,0,Card,0,0.47,0
C107543,44,Month-to-month,Premium,84.26,15,0,2,Card,1,0.51,0
C107544,15,Two year,Standard,41.24,20,1,0,Cash,0,0.46,0
C107545,30,Month-to-month,Standard,54.48,7,2,0,Wallet,0,0.36,0
C107546,2,Month-to-month,Basic,21.24,8,2,1,Card,0,0.24,1
C107547,23,One year,Standard,41.56,12,2,0,Bank transfer,1,0.85,0
C107548,69,Month-to-month,Standard,44.55,12,2,0,Card,0,0.3,0
C107549,37,Month-to-month,Premium,79.16,7,3,2,Cash,0,0.28,0
C107550,39,Month-to-month,Basic,24.08,4,0,0,Wallet,1,0.4,1
C107551,51,One year,Premium,81.37,3,1,0,Card,0,0.39,1
C107552,64,Month-to-month,Standard,47.26,12,0,0,Wallet,0,0.29,1
C107553,66,One year,Premium,84.82,11,1,0,Cash,0,0.44,1
C107554,1,One year,Basic,17.19,11,1,0,Cash,0,0.5,0
C107555,68,Two year,Premium,76.13,9,1,0,Card,0,0.54,0
C107556,20,Month-to-month,Standard,49.41,11,1,0,Card,0,0.25,0
C107557,60,Month-to-month,Basic,34.62,6,0,1,Wallet,0,0.6,0
C107558,7,Two year,Basic,15.0,15,1,0,Card,0,0.22,0
C107559,25,Month-to-month,Basic,24.07,12,1,0,Wallet,0,0.55,0
C107560,24,One year,Premium,63.68,13,0,2,Card,1,0.15,0
C107561,64,Month-to-month,Standard,48.06,9,3,0,Bank transfer,1,0.23,0
C107562,27,One year,Basic,22.15,16,4,0,Card,1,0.13,0
C107563,52,One year,Basic,27.43,21,4,1,Bank transfer,0,0.22,0
C107564,29,One year,Standard,51.49,19,2,0,Bank transfer,0,0.86,0
C107565,13,Two year,Standard,50.66,18,2,1,Wallet,1,0.75,0
C107566,54,One year,Basic,24.26,13,1,0,Bank transfer,0,0.67,0
C107567,69,One year,Standard,49.16,19,3,0,Card,0,0.56,0
C107568,61,Month-to-month,Standard,63.96,16,3,0,Wallet,0,0.58,0
C107569,18,Month-to-month,Premium,72.62,10,0,1,Wallet,1,0.46,1
C107570,60,Two year,Basic,28.91,15,2,0,Cash,0,0.46,0
C107571,50,Two year,Standard,,11,2,3,Wallet,0,0.16,0
C107572,36,Month-to-month,Premium,80.53,6,1,1,Cash,0,0.33,1
C107573,51,One year,Standard,40.76,21,1,0,Wallet,0,0.73,0
C107574,43,Month-to-month,Premium,79.13,12,2,0,Card,0,0.61,1
C107575,66,Month-to-month,Premium,66.72,14,1,0,Wallet,0,0.58,0
C107576,20,Month-to-month,Standard,46.71,19,0,2,Wallet,1,0.39,1
C107577,48,Month-to-month,Basic,40.54,9,0,0,Card,0,0.27,1
C107578,12,One year,Basic,18.77,9,0,1,Cash,0,0.67,0
C107579,71,Month-to-month,Standard,42.08,10,2,2,Card,0,0.35,0
C107580,23,Month-to-month,Premium,81.05,8,0,0,Card,0,0.53,0
C107581,5,Two year,Premium,69.03,16,3,0,Card,0,0.73,0
C107582,57,Month-to-month,Standard,31.68,6,2,1,Card,1,0.27,0
C107583,3,Month-to-month,Standard,35.71,12,2,2,Bank transfer,0,0.65,0
C107584,12,Month-to-month,Basic,26.74,4,0,0,Card,0,0.67,0
C107585,15,Month-to-month,Standard,52.13,16,0,0,Cash,0,0.81,0
C107586,26,One year,Basic,26.13,13,1,0,Wallet,0,0.13,1
C107587,42,One year,Premium,75.98,17,3,1,Bank transfer,1,0.04,1
C107588,42,Month-to-month,Premium,82.03,11,1,0,Wallet,0,0.81,1
C107589,31,Two year,Standard,45.36,10,1,0,Card,1,0.34,0
C107590,64,Month-to-month,Basic,33.59,4,2,2,Card,1,0.7,1
C107591,6,Month-to-month,Basic,34.45,15,1,0,Wallet,1,0.32,0
C107592,13,Month-to-month,Premium,73.7,8,0,0,Card,1,0.49,0
C107593,15,Month-to-month,Basic,33.18,10,2,0,Bank transfer,0,0.48,1
C107594,12,Month-to-month,Premium,79.79,9,0,0,Bank transfer,0,0.54,1
C107595,42,Month-to-month,Premium,74.85,11,0,0,Card,1,0.29,0
C107596,54,Month-to-month,Standard,45.47,14,2,1,Bank transfer,0,0.76,1
C107597,29,Month-to-month,Basic,32.03,6,2,0,Bank transfer,0,0.17,0
C107598,37,Month-to-month,Standard,38.21,9,0,1,Bank transfer,1,0.58,0
C107599,55,One year,Premium,66.09,11,2,0,Bank transfer,0,0.65,0
C107600,57,Month-to-month,Standard,52.54,14,2,0,Wallet,0,0.26,0
C107601,34,One year,Premium,87.26,8,1,0,Card,0,0.48,0
C107602,53,Two year,Premium,77.25,16,3,0,Wallet,0,0.06,0
C107603,64,Month-to-month,Standard,51.76,12,0,0,Wallet,1,0.43,0
C107604,34,Month-to-month,Standard,35.81,12,1,2,Wallet,0,0.35,1
C107605,55,One year,Standard,37.64,9,1,0,Bank transfer,1,0.37,0
C107606,49,Month-to-month,Premium,72.28,4,1,0,Bank transfer,1,0.88,1
C107607,36,Two year,Basic,23.41,15,3,2,Bank transfer,1,0.46,0
C107608,36,Month-to-month,Basic,26.49,14,2,0,Card,0,0.69,0
C107609,26,Month-to-month,Premium,72.68,14,3,0,Card,0,0.13,1
C107610,63,Month-to-month,Premium,75.1,13,2,0,Card,0,0.75,0
C107611,16,One year,Standard,44.37,19,0,0,Wallet,1,0.31,0
C107612,21,Two year,Basic,29.19,14,2,1,Bank transfer,0,0.78,0
C107613,22,Two year,Basic,31.93,14,1,0,Cash,0,0.65,1
C107614,14,Month-to-month,Premium,80.78,16,2,1,Bank transfer,0,0.31,1
C107615,26,Month-to-month,Basic,33.88,9,0,2,Cash,1,0.18,0
C107616,51,Month-to-month,Basic,24.37,12,0,0,Bank transfer,0,0.31,0
C107617,27,Month-to-month,Premium,72.77,7,2,0,Card,1,0.44,1
C107618,11,Month-to-month,Standard,34.25,6,4,1,Cash,0,0.49,1
C107619,13,Month-to-month,Basic,15.44,7,1,2,Wallet,0,0.26,1
C107620,33,Month-to-month,Standard,50.3,12,0,1,Bank transfer,1,0.69,0
C107621,35,Month-to-month,Premium,78.34,13,0,1,Bank transfer,1,0.47,0
C107622,28,Month-to-month,Premium,75.7,16,2,1,Card,0,0.6,1
C107623,9,One year,Basic,23.56,15,3,0,Card,0,0.23,0
C107624,36,Month-to-month,Premium,68.04,19,0,0,Card,0,0.24,0
C107625,63,Month-to-month,Basic,15.0,7,2,0,Cash,0,0.66,1
C107626,33,One year,Basic,21.9,14,2,1,Card,0,0.49,0
C107627,40,Month-to-month,Standard,43.87,12,2,0,Bank transfer,0,0.37,0
C107628,51,Month-to-month,Standard,29.95,16,1,1,Card,0,0.26,0
C107629,7,Month-to-month,Premium,83.32,10,2,0,Card,0,0.15,1
C107630,42,One year,Premium,71.32,16,0,0,Card,0,0.11,0
C107631,24,Month-to-month,Premium,78.0,10,0,0,Bank transfer,0,0.61,1
C107632,31,One year,Premium,83.23,16,1,0,Card,1,0.66,0
C107633,19,One year,Standard,54.41,9,2,1,Bank transfer,0,0.67,0
C107634,9,Month-to-month,Basic,23.53,8,4,0,Bank transfer,0,0.62,0
C107635,12,Two year,Basic,31.2,15,1,1,Card,0,0.65,0
C107636,45,One year,Standard,50.84,20,1,0,Card,0,0.49,0
C107637,35,Month-to-month,Standard,45.73,19,3,0,Card,0,0.56,1
C107638,7,Month-to-month,Basic,27.32,19,3,0,Card,1,0.47,0
C107639,14,Month-to-month,Basic,20.07,15,2,3,Card,0,0.24,1
C107640,53,One year,Standard,46.94,16,0,1,Wallet,0,0.94,0
C107641,11,Month-to-month,Basic,21.39,13,0,0,Card,0,0.66,0
C107642,62,Month-to-month,Standard,44.04,10,2,0,Card,0,0.9,0
C107643,51,Month-to-month,Standard,45.99,9,1,2,Card,0,0.19,1
C107644,48,Two year,Basic,31.05,7,0,0,Wallet,1,0.5,0
C107645,31,One year,Premium,73.93,16,1,1,Card,0,0.81,1
C107646,13,One year,Standard,43.75,8,2,1,Card,0,0.35,0
C107647,49,One year,Basic,22.83,11,2,1,Wallet,0,0.66,0
C107648,33,Month-to-month,Premium,91.86,8,0,1,Bank transfer,0,0.85,1
C107649,34,Month-to-month,Standard,42.83,6,2,0,Card,0,0.71,0
C107650,51,Month-to-month,Basic,28.19,14,2,0,Card,0,0.72,0
C107651,37,Month-to-month,Premium,66.28,10,1,0,Card,1,0.55,1
C107652,4,Two year,Basic,25.66,16,1,0,Card,0,0.64,0
C107653,23,Month-to-month,Standard,38.11,9,0,2,Bank transfer,1,0.62,1
C107654,46,Month-to-month,Standard,41.95,8,0,0,Card,0,0.6,0
C107655,31,Month-to-month,Premium,79.85,8,0,1,Cash,0,0.8,0
C107656,14,Month-to-month,Premium,85.76,11,1,1,Bank transfer,0,0.29,1
C107657,35,Month-to-month,Premium,76.38,14,1,1,Bank transfer,0,0.44,1
C107658,26,One year,Premium,79.02,21,1,0,Bank transfer,0,0.22,0
C107659,25,Month-to-month,Basic,26.42,9,0,1,Wallet,1,0.16,0
C107660,18,Month-to-month,Basic,22.68,14,1,0,Wallet,0,0.68,0
C107661,60,Month-to-month,Basic,25.85,8,3,0,Cash,0,0.11,0
C107662,42,Month-to-month,Standard,51.24,17,1,0,Card,0,0.67,1
C107663,18,Two year,Basic,26.58,10,1,0,Cash,0,0.63,0
C107664,55,Two year,Basic,23.05,20,3,0,Bank transfer,1,0.51,0
C107665,16,One year,Basic,22.49,15,1,0,Bank transfer,0,0.36,0
C107666,20,Month-to-month,Standard,48.26,7,1,0,Wallet,0,0.66,1
C107667,25,Month-to-month,Standard,43.37,14,3,0,Card,0,0.78,0
C107668,69,One year,Basic,30.94,11,3,1,Bank transfer,0,0.41,0
C107669,57,One year,Basic,16.86,13,0,0,Bank transfer,0,0.58,0
C107670,46,Two year,Premium,79.96,14,0,0,Card,1,0.87,0
C107671,62,Month-to-month,Standard,40.43,8,1,1,Card,0,0.34,0
C107672,62,Month-to-month,Basic,24.9,12,1,1,Card,0,0.12,0
C107673,41,Month-to-month,Standard,58.15,14,1,0,Wallet,0,0.29,0
C107674,64,Month-to-month,Standard,51.65,5,2,0,Wallet,0,0.35,0
C107675,26,Two year,Standard,42.25,19,0,0,Bank transfer,0,0.73,0
C107676,28,Month-to-month,Basic,23.05,14,1,0,Card,0,0.63,0
C107677,47,Month-to-month,Basic,30.78,12,0,1,Wallet,0,0.74,0
C107678,70,Month-to-month,Premium,81.05,12,0,2,Bank transfer,0,0.57,0
C107679,60,Two year,Basic,25.21,20,3,0,Card,0,0.81,0
C107680,70,One year,Basic,,15,0,0,Card,1,0.2,0
C107681,18,Two year,Basic,22.85,17,1,0,Card,0,0.33,0
C107682,32,Month-to-month,Standard,28.75,17,1,0,Card,0,0.4,0
C107683,49,Month-to-month,Premium,81.98,13,3,0,Card,0,0.6,0
C107684,68,Two year,Premium,72.41,12,1,0,Bank transfer,0,0.74,0
C107685,52,Month-to-month,Premium,78.99,14,3,0,Card,0,0.76,1
C107686,66,Two year,Premium,74.33,5,1,0,Wallet,1,0.41,0
C107687,29,One year,Premium,73.65,14,0,0,Wallet,0,0.4,0
C107688,45,Month-to-month,Premium,69.99,18,1,2,Cash,0,0.49,0
C107689,11,One year,Standard,49.99,18,0,0,Wallet,1,0.67,0
C107690,19,One year,Basic,30.44,8,1,0,Card,1,0.39,0
C107691,44,Month-to-month,Premium,83.01,10,2,0,Bank transfer,0,0.29,1
C107692,18,Two year,Basic,29.63,8,1,1,Card,0,0.12,0
C107693,16,Two year,Basic,28.0,16,1,0,Card,0,0.11,0
C107694,8,Month-to-month,Premium,72.24,8,2,0,Card,1,0.48,0
C107695,27,Two year,Standard,45.66,14,2,1,Bank transfer,0,0.22,1
C107696,21,Month-to-month,Basic,27.99,11,0,1,Card,0,0.52,0
C107697,40,Month-to-month,Standard,30.33,12,2,1,Bank transfer,1,0.42,1
C107698,42,One year,Premium,68.36,12,1,1,Card,0,0.17,0
C107699,70,Two year,Standard,44.29,10,3,0,Card,0,0.71,1
C107700,45,Month-to-month,Premium,80.32,6,0,0,Bank transfer,0,0.4,0
C107701,11,Month-to-month,Basic,33.86,12,0,1,Cash,1,0.3,1
C107702,30,Two year,Premium,85.72,8,1,1,Wallet,1,0.69,0
C107703,6,Month-to-month,Basic,20.78,12,0,1,Bank transfer,0,0.72,1
C107704,40,One year,Standard,45.79,16,0,0,Wallet,0,0.74,0
C107705,39,Month-to-month,Standard,42.24,12,0,0,Wallet,0,0.73,1
C107706,62,Two year,Standard,40.45,25,1,0,Cash,0,0.16,0
C107707,68,One year,Standard,43.21,12,1,0,Wallet,1,0.38,0
C107708,68,One year,Standard,46.05,10,0,1,Card,0,0.37,0
C107709,4,One year,Basic,30.27,16,2,1,Card,0,0.24,0
C107710,4,Month-to-month,Premium,66.37,5,1,0,Bank transfer,0,0.96,1
C107711,47,One year,Standard,,11,3,3,Card,0,0.46,1
C107712,69,One year,Premium,69.31,14,2,1,Card,0,0.35,0
C107713,2,Month-to-month,Premium,83.84,10,1,0,Bank transfer,0,0.7,0
C107714,58,Month-to-month,Standard,55.68,9,2,0,Bank transfer,1,0.22,0
C107715,40,Month-to-month,Standard,42.47,10,1,3,Card,0,0.49,1
C107716,41,Month-to-month,Basic,21.03,13,2,1,Card,0,0.13,0
C107717,9,One year,Standard,49.06,12,1,0,Bank transfer,0,0.84,0
C107718,35,Month-to-month,Standard,51.12,12,3,0,Card,0,0.45,1
C107719,48,Two year,Premium,69.31,13,1,2,Card,0,0.14,0
C107720,51,Month-to-month,Standard,42.71,12,1,1,Wallet,1,0.16,1
C107721,26,Month-to-month,Standard,46.94,7,3,0,Card,1,0.35,0
C107722,50,Month-to-month,Premium,68.92,11,3,2,Card,1,0.7,1
C107723,48,Two year,Basic,34.37,14,0,0,Cash,0,0.3,0
C107724,53,Month-to-month,Standard,45.54,8,0,0,Bank transfer,0,0.32,0
C107725,19,Two year,Standard,45.68,18,2,1,Card,1,0.51,0
C107726,68,Month-to-month,Basic,18.23,15,1,1,Cash,0,0.3,0
C107727,6,Month-to-month,Premium,82.7,13,2,0,Card,0,0.5,1
C107728,3,Month-to-month,Premium,67.12,5,0,2,Card,0,0.45,0
C107729,14,Month-to-month,Premium,70.88,9,3,1,Bank transfer,0,0.12,1
C107730,5,One year,Basic,21.64,19,2,2,Bank transfer,0,0.08,1
C107731,20,One year,Premium,74.45,13,2,3,Bank transfer,1,0.41,1
C107732,38,Month-to-month,Standard,36.56,10,2,1,Cash,0,0.43,1
C107733,12,One year,Basic,20.53,14,2,1,Cash,0,0.25,0
C107734,22,One year,Standard,48.82,12,1,1,Card,0,0.31,0
C107735,15,One year,Premium,74.99,11,2,0,Wallet,1,0.35,0
C107736,63,One year,Premium,75.97,12,0,0,Card,1,0.58,0
C107737,40,Month-to-month,Standard,51.15,14,1,0,Cash,0,0.54,0
C107738,45,Month-to-month,Premium,77.96,9,1,0,Cash,0,0.81,0
C107739,32,Month-to-month,Premium,81.34,6,0,1,Card,0,0.88,0
C107740,41,Month-to-month,Standard,45.38,9,1,1,Bank transfer,1,0.31,1
C107741,60,Month-to-month,Premium,69.84,12,2,2,Wallet,0,0.67,0
C107742,72,One year,Standard,55.27,15,1,0,Bank transfer,0,0.44,0
C107743,36,Month-to-month,Basic,15.0,12,2,0,Bank transfer,1,0.54,0
C107744,34,One year,Standard,36.92,15,3,0,Bank transfer,0,0.62,0
C107745,39,Month-to-month,Standard,38.27,10,2,0,Wallet,0,0.29,0
C107746,38,Month-to-month,Premium,89.53,10,2,0,Card,0,0.52,0
C107747,52,Month-to-month,Premium,75.72,10,0,0,Card,0,0.43,0
C107748,16,Two year,Basic,31.77,16,2,1,Wallet,0,0.6,0
C107749,62,One year,Basic,15.79,9,0,0,Bank transfer,1,0.13,0
C107750,5,Month-to-month,Basic,18.58,6,1,0,Bank transfer,0,0.71,0
C107751,43,Month-to-month,Premium,77.15,10,1,1,Card,0,0.29,1
C107752,70,Month-to-month,Basic,22.43,10,1,1,Wallet,1,0.46,0
C107753,3,One year,Premium,75.93,21,1,0,Card,0,0.33,0
C107754,64,Two year,Basic,28.9,19,0,0,Cash,0,0.83,0
C107755,34,Month-to-month,Premium,75.8,13,1,0,Bank transfer,0,0.16,0
C107756,61,Two year,Standard,45.77,19,0,0,Card,1,0.7,0
C107757,3,Month-to-month,Premium,76.53,11,0,1,Cash,1,0.48,1
C107758,63,Month-to-month,Premium,74.0,12,0,1,Bank transfer,1,0.62,0
C107759,44,Month-to-month,Premium,77.13,6,0,0,Card,0,0.74,0
C107760,50,Month-to-month,Basic,31.12,7,0,0,Bank transfer,1,0.28,1
C107761,5,Month-to-month,Premium,69.65,11,4,0,Card,1,0.61,1
C107762,29,One year,Standard,46.93,16,2,0,Wallet,0,0.56,0
C107763,39,Month-to-month,Standard,50.63,8,1,0,Card,0,0.58,0
C107764,16,One year,Basic,24.11,9,1,0,Wallet,0,0.6,0
C107765,11,Month-to-month,Standard,44.72,15,0,1,Bank transfer,0,0.31,1
C107766,48,One year,Standard,56.43,19,2,0,Cash,0,0.25,0
C107767,62,Month-to-month,Basic,32.05,10,2,1,Wallet,0,0.39,0
C107768,14,Month-to-month,Standard,59.12,10,1,1,Bank transfer,1,0.54,1
C107769,7,Two year,Standard,56.57,10,1,1,Card,0,0.47,1
C107770,19,One year,Standard,43.28,10,1,1,Bank transfer,0,0.65,0
C107771,48,One year,Premium,71.11,11,2,1,Card,0,0.25,1
C107772,36,One year,Standard,43.56,17,0,2,Bank transfer,1,0.41,1
C107773,51,Month-to-month,Premium,80.55,7,3,0,Bank transfer,1,0.43,0
C107774,68,One year,Standard,24.66,20,1,0,Bank transfer,1,0.74,0
C107775,20,Month-to-month,Basic,25.6,7,1,1,Cash,0,0.38,1
C107776,49,One year,Standard,52.61,23,3,2,Card,0,0.51,0
C107777,43,One year,Basic,25.6,10,1,0,Card,1,0.2,0
C107778,62,Two year,Premium,77.29,12,2,1,Bank transfer,0,0.63,0
C107779,24,Two year,Standard,43.93,15,1,0,Bank transfer,1,0.21,0
C107780,9,Two year,Standard,35.23,13,1,0,Wallet,0,0.23,0
C107781,19,Month-to-month,Premium,81.05,16,2,0,Card,0,0.96,0
C107782,1,Month-to-month,Standard,43.61,5,3,0,Wallet,0,0.68,1
C107783,19,Month-to-month,Standard,48.19,9,0,1,Card,1,0.68,1
C107784,62,Two year,Standard,45.47,10,0,0,Cash,1,0.39,0
C107785,2,One year,Premium,87.12,10,2,0,Card,0,0.71,1
C107786,13,One year,Standard,48.18,21,2,1,Wallet,1,0.3,0
C107787,49,Two year,Standard,47.96,19,1,0,Bank transfer,0,0.48,0
C107788,18,One year,Basic,24.77,16,2,1,Bank transfer,0,0.44,0
C107789,6,Month-to-month,Basic,20.42,9,1,0,Card,1,0.65,1
C107790,38,Month-to-month,Premium,77.79,10,2,1,Wallet,0,0.46,1
C107791,15,Two year,Basic,31.89,14,2,3,Card,1,0.26,1
C107792,49,Two year,Premium,75.39,16,1,0,Card,0,0.49,0
C107793,7,Month-to-month,Premium,62.31,16,0,0,Bank transfer,0,0.34,1
C107794,3,Two year,Basic,20.65,20,0,0,Bank transfer,1,0.52,0
C107795,58,Month-to-month,Basic,,14,1,2,Card,0,0.86,0
C107796,45,Month-to-month,Premium,71.97,13,1,1,Bank transfer,1,0.23,1
C107797,39,Month-to-month,Standard,46.46,10,3,1,Card,0,0.28,1
C107798,43,Two year,Premium,63.87,9,1,1,Card,1,0.54,0
C107799,34,Two year,Premium,71.88,14,0,1,Bank transfer,0,0.34,0
C107800,41,Month-to-month,Basic,20.15,5,1,0,Bank transfer,0,0.33,1
C107801,42,One year,Standard,50.15,11,1,0,Card,1,0.63,0
C107802,9,Month-to-month,Basic,29.13,10,3,2,Bank transfer,1,0.26,1
C107803,59,One year,Standard,48.66,13,1,1,Card,0,0.22,1
C107804,48,Month-to-month,Basic,31.46,17,0,0,Card,0,0.57,0
C107805,45,One year,Premium,72.43,13,1,0,Card,0,0.7,0
C107806,72,Month-to-month,Standard,55.6,13,0,0,Card,0,0.43,0
C107807,37,Month-to-month,Basic,23.89,15,0,0,Card,1,0.47,0
C107808,65,Month-to-month,Basic,30.9,17,1,0,Card,1,0.39,0
C107809,23,Two year,Standard,58.09,11,2,1,Card,0,0.34,0
C107810,6,Month-to-month,Basic,22.22,8,0,0,Wallet,0,0.63,0
C107811,38,Month-to-month,Standard,47.62,8,2,2,Cash,0,0.43,0
C107812,62,Month-to-month,Basic,,8,2,0,Card,0,0.18,0
C107813,72,Month-to-month,Basic,26.13,10,2,1,Bank transfer,0,0.41,0
C107814,48,Two year,Premium,77.18,16,2,0,Card,0,0.44,0
C107815,42,Month-to-month,Basic,24.91,10,1,2,Wallet,0,0.37,0
C107816,64,One year,Basic,25.44,6,1,2,Wallet,0,0.39,0
C107817,35,Month-to-month,Basic,29.62,13,0,0,Cash,0,0.93,0
C107818,62,Month-to-month,Premium,67.37,8,3,1,Cash,0,0.27,0
C107819,64,Two year,Basic,20.9,18,1,0,Bank transfer,0,0.22,0
C107820,60,Month-to-month,Basic,22.35,6,1,0,Wallet,0,0.26,0
C107821,4,One year,Standard,37.06,15,0,0,Card,0,0.4,0
C107822,19,Two year,Standard,47.42,10,0,0,Card,0,0.43,0
C107823,5,One year,Basic,22.59,24,1,0,Card,0,0.51,0
C107824,34,Month-to-month,Standard,40.17,10,3,0,Cash,1,0.86,1
C107825,57,One year,Basic,17.14,19,2,2,Wallet,0,0.28,0
C107826,67,One year,Standard,40.0,16,3,0,Bank transfer,0,0.71,0
C107827,68,Month-to-month,Standard,47.98,10,0,0,Card,0,0.4,0
C107828,5,Two year,Standard,37.69,9,3,0,Card,0,0.08,0
C107829,4,Month-to-month,Basic,30.83,10,1,1,Wallet,1,0.71,1
C107830,39,Month-to-month,Standard,49.1,12,0,1,Bank transfer,0,0.81,0
C107831,2,Month-to-month,Basic,27.07,9,2,0,Bank transfer,1,0.18,1
C107832,58,Month-to-month,Premium,65.19,14,2,0,Card,1,0.64,0
C107833,1,Month-to-month,Standard,40.71,11,1,0,Bank transfer,0,0.51,0
C107834,38,Month-to-month,Basic,31.59,9,1,1,Bank transfer,0,0.75,0
C107835,42,Month-to-month,Premium,73.04,12,1,0,Card,1,0.44,0
C107836,31,Two year,Basic,20.72,18,0,1,Card,0,0.57,0
C107837,10,Month-to-month,Basic,20.96,7,0,0,Card,0,0.27,1
C107838,58,Month-to-month,Premium,77.59,11,1,2,Cash,0,0.53,1
C107839,41,Month-to-month,Standard,34.26,15,0,1,Bank transfer,1,0.54,0
C107840,54,Two year,Standard,51.46,15,1,0,Bank transfer,0,0.39,0
C107841,48,Month-to-month,Premium,76.68,5,0,1,Wallet,1,0.26,1
C107842,38,One year,Premium,69.08,22,3,2,Card,0,0.32,0
C107843,2,One year,Basic,28.96,13,2,0,Card,0,0.46,0
C107844,33,Month-to-month,Premium,58.98,8,0,1,Card,1,0.22,1
C107845,63,Month-to-month,Premium,67.86,11,0,0,Card,1,0.17,0
C107846,16,One year,Premium,77.13,15,1,0,Bank transfer,0,0.16,1
C107847,19,One year,Basic,34.27,17,1,0,Card,1,0.86,0
C107848,65,Month-to-month,Basic,18.11,14,2,1,Card,0,0.8,0
C107849,40,Month-to-month,Standard,36.74,10,0,1,Bank transfer,0,0.25,0
C107850,45,Month-to-month,Standard,44.86,9,0,2,Card,1,0.24,1
C107851,26,Month-to-month,Basic,25.82,6,2,1,Card,1,0.49,0
C107852,20,One year,Standard,40.66,13,2,1,Wallet,1,0.25,0
C107853,25,Two year,Basic,20.49,13,0,1,Cash,1,0.59,0
C107854,70,Month-to-month,Premium,84.6,13,3,1,Card,0,0.37,1
C107855,30,Two year,Standard,39.63,17,0,1,Card,0,0.26,0
C107856,41,Month-to-month,Basic,15.48,12,2,0,Card,1,0.21,1
C107857,1,Two year,Basic,22.74,7,1,0,Bank transfer,0,0.07,0
C107858,62,Month-to-month,Premium,83.06,15,2,0,Card,1,0.53,0
C107859,31,Month-to-month,Basic,29.37,9,2,0,Card,1,0.56,1
C107860,55,Two year,Basic,24.97,16,2,1,Card,0,0.38,0
C107861,20,Two year,Basic,17.42,10,2,0,Bank transfer,1,0.82,0
C107862,46,Two year,Standard,44.66,18,1,0,Card,1,0.75,0
C107863,26,One year,Basic,42.44,19,0,1,Bank transfer,1,0.74,0
C107864,23,Month-to-month,Basic,28.84,15,2,0,Card,0,0.31,0
C107865,12,Two year,Premium,81.51,19,1,0,Cash,0,0.61,0
C107866,51,One year,Standard,35.64,10,1,0,Wallet,0,0.66,0
C107867,25,Two year,Basic,22.71,12,1,1,Wallet,1,0.39,0
C107868,9,Month-to-month,Premium,71.82,12,0,0,Wallet,0,0.34,0
C107869,51,Two year,Basic,35.63,8,2,0,Card,1,0.35,0
C107870,50,One year,Standard,43.44,15,2,0,Bank transfer,1,0.64,0
C107871,71,One year,Standard,44.8,17,5,0,Card,0,0.75,0
C107872,64,Month-to-month,Premium,72.26,8,1,0,Cash,0,0.67,0
C107873,15,Month-to-month,Standard,28.04,12,0,1,Bank transfer,0,0.59,0
C107874,4,Month-to-month,Premium,82.05,8,3,0,Bank transfer,1,0.18,1
C107875,63,Month-to-month,Standard,33.76,10,2,0,Card,0,0.68,1
C107876,70,One year,Basic,21.69,14,1,0,Bank transfer,0,0.31,0
C107877,45,Month-to-month,Premium,65.67,9,0,0,Cash,0,0.51,0
C107878,45,Month-to-month,Standard,41.54,14,3,0,Card,0,0.41,1
C107879,8,Month-to-month,Standard,42.37,14,0,1,Bank transfer,0,0.63,0
C107880,40,One year,Basic,22.06,14,0,0,Cash,0,0.14,1
C107881,2,Month-to-month,Standard,53.87,8,2,2,Card,0,0.61,1
C107882,56,One year,Basic,17.92,12,4,1,Cash,0,0.57,0
C107883,64,Month-to-month,Standard,43.27,17,0,0,Card,0,0.41,0
C107884,2,Month-to-month,Basic,28.4,11,1,0,Bank transfer,0,0.13,0
C107885,17,Month-to-month,Standard,42.66,5,2,0,Cash,0,0.48,1
C107886,72,Month-to-month,Standard,41.99,9,1,0,Bank transfer,0,0.3,0
C107887,8,One year,Basic,36.85,16,1,0,Card,0,0.36,0
C107888,58,Month-to-month,Premium,79.82,11,0,0,Card,1,0.26,0
C107889,48,One year,Basic,20.09,19,3,0,Card,0,0.69,0
C107890,47,One year,Standard,46.7,12,2,0,Wallet,1,0.22,0
C107891,51,One year,Premium,69.71,11,2,1,Bank transfer,0,0.13,0
C107892,21,Month-to-month,Standard,47.87,12,1,0,Bank transfer,0,0.76,0
C107893,65,Month-to-month,Basic,16.52,9,4,1,Card,0,0.29,0
C107894,35,Month-to-month,Basic,29.98,16,2,1,Bank transfer,0,0.2,0
C107895,37,Month-to-month,Basic,27.41,8,1,1,Bank transfer,0,0.44,1
C107896,54,One year,Standard,47.19,16,1,0,Card,0,0.53,0
C107897,23,Two year,Standard,45.11,14,0,1,Bank transfer,0,0.86,1
C107898,4,Two year,Basic,26.48,23,2,0,Card,0,0.63,0
C107899,23,One year,Standard,39.89,20,1,0,Wallet,0,0.41,0
C107900,46,One year,Premium,75.5,16,0,1,Card,0,0.54,1
C107901,15,Month-to-month,Standard,48.72,15,1,0,Wallet,0,0.32,1
C107902,56,One year,Basic,27.75,15,1,0,Card,1,0.59,0
C107903,46,Month-to-month,Basic,19.49,7,3,1,Bank transfer,0,0.07,1
C107904,49,Two year,Basic,28.54,5,1,1,Wallet,0,0.79,0
C107905,68,Month-to-month,Premium,67.88,12,3,0,Bank transfer,0,0.89,0
C107906,18,Month-to-month,Premium,70.71,10,4,1,Cash,0,0.67,1
C107907,7,Month-to-month,Basic,19.95,12,0,0,Card,0,0.73,0
C107908,25,Month-to-month,Basic,21.44,12,2,0,Card,0,0.42,1
C107909,28,One year,Premium,74.34,19,4,2,Card,1,0.09,0
C107910,1,Month-to-month,Standard,49.18,7,0,0,Card,0,0.72,0
C107911,26,Month-to-month,Basic,31.51,13,1,0,Card,0,0.8,0
C107912,72,Month-to-month,Premium,77.8,7,3,0,Cash,1,0.74,0
C107913,6,Two year,Standard,40.63,18,0,0,Wallet,0,0.6,0
C107914,67,Two year,Standard,49.6,12,0,1,Bank transfer,0,0.18,0
C107915,43,Month-to-month,Premium,81.02,10,0,0,Bank transfer,0,0.28,0
C107916,68,Two year,Standard,40.49,17,1,1,Card,0,0.2,0
C107917,71,Month-to-month,Standard,37.9,12,4,0,Card,1,0.44,0
C107918,43,Month-to-month,Basic,24.14,11,1,0,Wallet,0,0.64,0
C107919,20,One year,Standard,56.76,11,2,0,Card,0,0.48,0
C107920,57,Month-to-month,Premium,73.24,14,3,0,Wallet,1,0.65,1
C107921,53,Two year,Standard,44.02,13,2,1,Card,0,0.16,0
C107922,41,Two year,Basic,29.32,18,0,0,Card,0,0.27,0
C107923,65,Month-to-month,Standard,37.96,12,0,0,Wallet,1,0.21,0
C107924,66,Month-to-month,Premium,68.53,9,2,0,Card,1,0.68,0
C107925,20,Month-to-month,Standard,44.35,4,2,0,Cash,0,0.74,1
C107926,11,Two year,Standard,50.14,11,0,1,Card,1,0.56,0
C107927,67,Two year,Premium,73.19,12,0,1,Wallet,0,0.55,0
C107928,2,Month-to-month,Basic,21.15,9,1,1,Wallet,0,0.26,1
C107929,54,Two year,Basic,15.0,11,1,1,Card,0,0.56,0
C107930,53,One year,Standard,54.62,18,2,0,Card,0,0.65,0
C107931,47,Month-to-month,Basic,17.46,8,2,0,Bank transfer,0,0.51,1
C107932,35,Month-to-month,Standard,52.97,10,1,1,Card,0,0.76,0
C107933,14,Two year,Premium,70.73,18,0,0,Bank transfer,0,0.8,0
C107934,40,Month-to-month,Standard,51.96,17,2,1,Wallet,0,0.58,0
C107935,20,Month-to-month,Premium,,9,0,1,Card,0,0.34,0
C107936,62,Month-to-month,Premium,69.76,8,1,1,Card,1,0.46,1
C107937,8,Month-to-month,Premium,78.56,13,3,0,Bank transfer,0,0.14,1
C107938,27,Two year,Standard,49.48,10,1,0,Card,0,0.54,1
C107939,65,Two year,Premium,82.61,9,2,0,Card,1,0.8,0
C107940,46,Month-to-month,Basic,23.18,12,2,0,Cash,1,0.37,1
C107941,59,Month-to-month,Standard,52.5,18,1,1,Card,0,0.38,1
C107942,11,One year,Standard,45.67,16,1,0,Card,1,0.31,1
C107943,7,Month-to-month,Standard,38.97,7,2,0,Wallet,1,0.68,0
C107944,36,Month-to-month,Premium,81.1,12,1,0,Card,0,0.48,0
C107945,39,Two year,Standard,,15,1,0,Cash,1,0.55,0
C107946,60,Month-to-month,Standard,44.96,7,0,0,Bank transfer,0,0.87,0
C107947,16,Two year,Basic,24.28,15,1,1,Wallet,0,0.49,1
C107948,41,One year,Premium,79.71,13,1,0,Cash,0,0.32,0
C107949,56,Month-to-month,Basic,35.22,15,1,1,Wallet,1,0.77,0
C107950,34,Month-to-month,Standard,37.57,14,2,1,Card,1,0.37,0
C107951,42,Month-to-month,Basic,31.46,8,1,0,Card,0,0.52,1
C107952,68,Two year,Standard,57.28,11,2,0,Card,0,0.56,0
C107953,69,One year,Basic,19.73,21,0,0,Card,1,0.4,0
C107954,69,Month-to-month,Standard,48.51,16,1,0,Card,0,0.09,0
C107955,53,One year,Standard,45.41,23,2,1,Bank transfer,1,0.31,0
C107956,44,Month-to-month,Standard,47.19,10,0,0,Wallet,0,0.39,0
C107957,8,Two year,Premium,82.59,17,3,0,Card,0,0.53,0
C107958,25,Month-to-month,Standard,35.41,17,0,1,Bank transfer,0,0.1,1
C107959,27,Month-to-month,Standard,41.97,12,0,1,Card,0,0.6,0
C107960,56,Month-to-month,Standard,36.71,18,2,0,Wallet,1,0.58,0
C107961,42,Month-to-month,Basic,23.13,7,1,0,Bank transfer,0,0.36,0
C107962,17,One year,Premium,86.31,18,1,0,Card,0,0.37,1
C107963,66,One year,Standard,38.71,12,0,1,Card,0,0.39,0
C107964,6,Two year,Premium,72.2,15,0,2,Bank transfer,0,0.55,0
C107965,27,Month-to-month,Basic,21.36,13,1,1,Bank transfer,0,0.55,1
C107966,43,Month-to-month,Standard,47.45,7,1,1,Card,0,0.45,1
C107967,14,Month-to-month,Basic,23.11,13,3,1,Card,0,0.67,1
C107968,9,One year,Basic,20.3,16,3,1,Card,0,0.93,0
C107969,21,Month-to-month,Premium,70.38,7,1,1,Card,0,0.82,1
C107970,17,Two year,Standard,44.06,16,0,1,Bank transfer,0,0.63,0
C107971,18,Month-to-month,Premium,67.62,6,2,1,Card,0,0.63,1
C107972,23,Month-to-month,Standard,30.48,15,1,0,Bank transfer,0,0.32,0
C107973,12,Month-to-month,Basic,32.06,9,2,0,Bank transfer,0,0.35,1
C107974,36,Month-to-month,Standard,45.8,12,4,2,Bank transfer,0,0.65,1
C107975,25,Two year,Basic,21.4,11,0,0,Cash,1,0.61,0
C107976,31,One year,Standard,44.04,22,2,1,Card,1,0.62,0
C107977,18,Month-to-month,Standard,49.43,12,1,1,Bank transfer,1,0.29,1
C107978,52,Two year,Standard,39.82,18,1,0,Bank transfer,0,0.46,0
C107979,37,Month-to-month,Premium,75.19,3,5,0,Card,0,0.47,1
C107980,41,Month-to-month,Basic,21.78,10,1,1,Card,0,0.63,0
C107981,65,Month-to-month,Premium,82.42,8,5,0,Wallet,0,0.67,0
C107982,54,Month-to-month,Standard,30.33,14,0,0,Card,0,0.63,0
C107983,69,Month-to-month,Basic,16.54,6,2,1,Card,0,0.13,0
C107984,4,Month-to-month,Standard,53.5,6,3,1,Cash,1,0.67,1
C107985,12,One year,Standard,37.81,17,0,0,Card,1,0.1,0
C107986,59,Month-to-month,Premium,70.23,17,1,2,Card,0,0.25,1
C107987,41,One year,Standard,37.62,14,1,0,Card,1,0.5,0
C107988,72,Month-to-month,Basic,15.0,4,2,3,Cash,0,0.79,1
C107989,49,One year,Basic,24.39,12,1,1,Card,1,0.24,0
C107990,61,Two year,Basic,29.09,11,0,0,Wallet,1,0.61,0
C107991,11,One year,Standard,46.85,13,1,0,Cash,1,0.62,0
C107992,6,One year,Standard,37.51,11,1,0,Cash,1,0.45,0
C107993,39,One year,Basic,21.76,18,1,0,Cash,0,0.62,0
C107994,39,Month-to-month,Basic,34.9,14,0,0,Bank transfer,1,0.42,0
C107995,15,Two year,Standard,43.83,16,2,0,Card,0,0.57,0
C107996,64,Two year,Basic,19.34,13,3,0,Card,0,0.13,0
C107997,27,Month-to-month,Basic,30.33,13,1,0,Card,0,0.29,0
C107998,31,Month-to-month,Basic,23.18,11,0,0,Bank transfer,0,0.54,1
C107999,24,Month-to-month,Standard,33.65,10,2,0,Wallet,0,0.22,0
