customer_id,tenure_months,contract,plan,monthly_charges,logins_30d,support_tickets_90d,late_payments_12m,payment_method,discount_used,feature_adoption,churned,tickets_per_month_tenure,engagement_score,friction_score,is_new_customer,charge_per_login,churn_probability,risk_tier,engagement_tier,recommended_action
C107096,9,Month-to-month,Standard,43.16,12,2,1,Card,0,0.31,1,0.6666666666666666,0.6382857142857142,4,0,3.32,0.8889,High,Medium,Retention offer / contract upgrade
C105448,3,Month-to-month,Premium,74.43,7,1,1,Card,0,0.81,1,1.0,0.6240000000000001,3,1,9.30375,0.8981,High,Low,Win-back outreach + onboarding re-engagement
C103271,10,One year,Standard,36.2,17,0,0,Card,1,0.77,0,0.0,1.0365714285714285,0,0,2.011111111111111,0.172,Low,High,Standard lifecycle communication
C106731,14,Month-to-month,Standard,55.3,11,0,0,Card,1,0.21,1,0.0,0.5554285714285714,0,0,4.608333333333333,0.7516,High,Low,Win-back outreach + onboarding re-engagement
C100409,42,Month-to-month,Basic,19.21,10,1,0,Wallet,0,0.41,0,0.07142857142857142,0.5925714285714285,1,0,1.7463636363636363,0.4542,Medium,Low,Feature-adoption nudge
C107403,21,Month-to-month,Premium,76.91,18,2,1,Bank transfer,0,0.39,1,0.2857142857142857,0.9274285714285715,4,0,4.047894736842105,0.8337,High,High,Retention offer / contract upgrade
C106470,15,One year,Premium,72.14,13,1,1,Bank transfer,0,0.84,0,0.2,0.8931428571428572,3,0,5.152857142857143,0.4467,Medium,High,Feature-adoption nudge
C102297,4,Month-to-month,Standard,47.06,9,2,0,Bank transfer,0,0.52,1,1.5,0.5937142857142857,2,1,4.706,0.8442,High,Low,Win-back outreach + onboarding re-engagement
C101157,56,Month-to-month,Standard,42.92,6,2,0,Card,0,0.63,0,0.10714285714285714,0.5091428571428571,2,0,6.131428571428572,0.4511,Medium,Low,Feature-adoption nudge
C107194,16,Month-to-month,Standard,53.42,18,0,2,Cash,0,0.16,1,0.0,0.8354285714285714,4,0,2.811578947368421,0.8941,High,High,Retention offer / contract upgrade
C104698,55,Month-to-month,Standard,50.03,13,1,1,Wallet,0,0.76,0,0.05454545454545455,0.8611428571428572,3,0,3.573571428571429,0.3552,Medium,High,Feature-adoption nudge
C103958,27,Month-to-month,Basic,27.52,8,2,1,Card,1,0.19,1,0.2222222222222222,0.4188571428571428,4,0,3.057777777777778,0.8178,High,Low,Win-back outreach + onboarding re-engagement
C100299,69,Month-to-month,Standard,44.13,14,2,0,Card,0,0.47,0,0.08695652173913043,0.788,2,0,2.942,0.2616,Medium,Medium,Feature-adoption nudge
C107911,26,Month-to-month,Basic,31.51,13,1,0,Card,0,0.8,0,0.11538461538461539,0.8771428571428572,1,0,2.250714285714286,0.5155,High,High,Retention offer / contract upgrade
C100309,46,Month-to-month,Premium,62.18,8,1,1,Bank transfer,0,0.52,0,0.06521739130434782,0.5508571428571428,3,0,6.908888888888889,0.6412,High,Low,Win-back outreach + onboarding re-engagement
C100832,17,Month-to-month,Basic,28.11,4,1,1,Card,1,0.12,0,0.1764705882352941,0.21942857142857142,3,0,5.622,0.8819,High,Low,Win-back outreach + onboarding re-engagement
C103387,72,Month-to-month,Premium,70.96,12,1,1,Bank transfer,0,0.76,0,0.041666666666666664,0.8182857142857143,3,0,5.458461538461538,0.2873,Medium,High,Feature-adoption nudge
C107275,60,Month-to-month,Basic,21.73,11,0,0,Cash,1,0.37,0,0.0,0.6194285714285714,0,0,1.8108333333333333,0.2944,Medium,Low,Feature-adoption nudge
C100426,22,Month-to-month,Standard,48.08,20,3,1,Card,0,0.52,1,0.4090909090909091,1.0651428571428572,5,0,2.2895238095238093,0.7688,High,High,Retention offer / contract upgrade
C103671,2,One year,Standard,47.84,17,0,0,Card,0,0.33,0,0.0,0.8605714285714285,0,1,2.657777777777778,0.4124,Medium,High,Feature-adoption nudge
C107461,1,One year,Basic,20.95,16,0,0,Bank transfer,1,0.47,0,0.0,0.8737142857142857,0,1,1.2323529411764707,0.2838,Medium,High,Feature-adoption nudge
C102004,5,Month-to-month,Basic,29.49,17,3,0,Wallet,1,0.23,0,1.7999999999999998,0.8205714285714285,3,1,1.6383333333333332,0.8118,High,High,Retention offer / contract upgrade
C100051,38,Month-to-month,Basic,20.05,17,2,0,Wallet,0,0.77,1,0.15789473684210528,1.0365714285714285,2,0,1.113888888888889,0.3594,Medium,High,Feature-adoption nudge
C104850,45,One year,Basic,16.22,11,1,2,Card,0,0.56,0,0.06666666666666667,0.6954285714285715,5,0,1.3516666666666666,0.2361,Low,Medium,Standard lifecycle communication
C103146,54,One year,Basic,20.3,15,2,0,Wallet,0,0.35,0,0.1111111111111111,0.7828571428571428,2,0,1.26875,0.1139,Low,Medium,Standard lifecycle communication
C104968,61,One year,Premium,72.52,14,4,0,Card,0,0.61,0,0.19672131147540986,0.844,4,0,4.834666666666666,0.2039,Low,High,Standard lifecycle communication
C101279,63,Month-to-month,Basic,29.62,11,0,0,Bank transfer,0,0.4,0,0.0,0.6314285714285715,0,0,2.4683333333333333,0.2344,Low,Low,Standard lifecycle communication
C106739,54,Month-to-month,Basic,24.57,11,2,1,Bank transfer,0,0.55,1,0.1111111111111111,0.6914285714285715,4,0,2.0475,0.4751,Medium,Medium,Feature-adoption nudge
C107963,66,One year,Standard,38.71,12,0,1,Card,0,0.39,0,0.0,0.6702857142857143,2,0,2.977692307692308,0.0829,Low,Medium,Standard lifecycle communication
C102644,18,Month-to-month,Standard,41.95,6,2,0,Bank transfer,0,0.36,0,0.3333333333333333,0.40114285714285713,2,0,5.992857142857143,0.8325,High,Low,Win-back outreach + onboarding re-engagement
C107170,44,Month-to-month,Premium,68.28,8,5,0,Card,0,0.06,1,0.34090909090909094,0.3668571428571428,5,0,7.586666666666667,0.8913,High,Low,Win-back outreach + onboarding re-engagement
C101112,63,Month-to-month,Basic,19.9,20,1,0,Bank transfer,1,0.81,0,0.047619047619047616,1.181142857142857,1,0,0.9476190476190476,0.0907,Low,High,Standard lifecycle communication
C104776,29,Month-to-month,Standard,45.41,12,1,0,Bank transfer,0,0.82,1,0.10344827586206898,0.8422857142857143,1,0,3.4930769230769227,0.4907,Medium,High,Feature-adoption nudge
C103608,41,Month-to-month,Basic,27.1,22,0,0,Cash,1,0.38,0,0.0,1.0948571428571428,0,0,1.1782608695652175,0.3406,Medium,High,Feature-adoption nudge
C104234,20,One year,Premium,76.05,21,1,0,Card,0,0.29,0,0.15,1.016,1,0,3.4568181818181816,0.3695,Medium,High,Feature-adoption nudge
C103647,59,Two year,Standard,41.65,17,2,0,Card,1,0.53,0,0.10169491525423728,0.9405714285714286,2,0,2.3138888888888887,0.0331,Low,High,Standard lifecycle communication
C102369,66,One year,Basic,29.5,20,1,1,Cash,0,0.64,0,0.045454545454545456,1.113142857142857,3,0,1.4047619047619047,0.0836,Low,High,Standard lifecycle communication
C102057,65,Two year,Standard,47.95,19,0,0,Cash,0,0.22,0,0.0,0.9022857142857142,0,0,2.3975,0.0411,Low,High,Standard lifecycle communication
C103511,3,Two year,Standard,38.86,16,0,1,Bank transfer,1,0.21,0,0.0,0.7697142857142856,2,1,2.2858823529411763,0.2809,Medium,Medium,Feature-adoption nudge
C107457,32,Month-to-month,Standard,46.57,9,1,0,Bank transfer,0,0.42,1,0.09375,0.5537142857142857,1,0,4.657,0.635,High,Low,Win-back outreach + onboarding re-engagement
C101028,43,Two year,Standard,32.87,12,2,1,Bank transfer,0,0.11,0,0.13953488372093023,0.5582857142857143,4,0,2.528461538461538,0.1887,Low,Low,Standard lifecycle communication
C102885,72,Month-to-month,Standard,39.3,12,0,1,Wallet,1,0.64,0,0.0,0.7702857142857142,2,0,3.023076923076923,0.1471,Low,Medium,Standard lifecycle communication
C105985,51,Month-to-month,Standard,53.31,13,0,1,Card,0,0.8,0,0.0,0.8771428571428572,2,0,3.807857142857143,0.3413,Medium,High,Feature-adoption nudge
C102265,43,Month-to-month,Basic,30.79,10,2,0,Bank transfer,0,0.75,0,0.13953488372093023,0.7285714285714286,2,0,2.799090909090909,0.4613,Medium,Medium,Feature-adoption nudge
C101180,57,Month-to-month,Premium,79.74,9,0,0,Bank transfer,1,0.28,0,0.0,0.4977142857142858,0,0,7.973999999999999,0.435,Medium,Low,Feature-adoption nudge
C106636,6,Month-to-month,Standard,51.0,17,1,1,Bank transfer,0,0.4,1,0.5,0.8885714285714286,3,1,2.8333333333333335,0.8225,High,High,Retention offer / contract upgrade
C104791,21,One year,Standard,37.09,18,0,1,Card,0,0.3,0,0.0,0.8914285714285715,2,0,1.952105263157895,0.3009,Medium,High,Feature-adoption nudge
C107681,18,Two year,Basic,22.85,17,1,0,Card,0,0.33,0,0.16666666666666666,0.8605714285714285,1,0,1.2694444444444446,0.1629,Low,High,Standard lifecycle communication
C105122,10,One year,Basic,23.16,11,2,1,Wallet,0,0.6,0,0.6,0.7114285714285714,4,0,1.93,0.5217,High,Medium,Retention offer / contract upgrade
C103324,31,Two year,Premium,91.3,20,1,0,Card,0,0.29,0,0.0967741935483871,0.9731428571428571,1,0,4.347619047619047,0.1912,Low,High,Standard lifecycle communication
C100214,21,Month-to-month,Basic,24.62,12,2,0,Card,0,0.18,0,0.2857142857142857,0.5862857142857142,2,0,1.893846153846154,0.7786,High,Low,Win-back outreach + onboarding re-engagement
C100918,67,One year,Premium,79.73,13,2,0,Wallet,1,0.83,0,0.08955223880597016,0.8891428571428572,2,0,5.695,0.0729,Low,High,Standard lifecycle communication
C100082,70,Month-to-month,Standard,47.17,4,1,0,Card,1,0.56,0,0.04285714285714286,0.39542857142857146,1,0,9.434000000000001,0.2852,Medium,Low,Feature-adoption nudge
C101803,43,One year,Premium,86.42,18,1,0,Card,0,0.67,0,0.06976744186046512,1.0394285714285716,1,0,4.548421052631579,0.1693,Low,High,Standard lifecycle communication
C104764,31,Two year,Basic,26.22,11,0,0,Card,0,0.26,0,0.0,0.5754285714285714,0,0,2.185,0.1247,Low,Low,Standard lifecycle communication
C107097,20,Two year,Premium,77.4,14,0,0,Wallet,0,0.65,0,0.0,0.86,0,0,5.16,0.1642,Low,High,Standard lifecycle communication
C101733,3,Month-to-month,Standard,39.9,4,1,0,Card,0,0.74,1,1.0,0.4674285714285714,1,1,7.9799999999999995,0.8203,High,Low,Win-back outreach + onboarding re-engagement
C105878,27,Month-to-month,Basic,29.35,3,1,0,Card,1,0.46,1,0.1111111111111111,0.3125714285714286,1,0,7.3375,0.7086,High,Low,Win-back outreach + onboarding re-engagement
C103617,66,Two year,Standard,47.33,16,1,0,Cash,0,0.5,0,0.045454545454545456,0.8857142857142857,1,0,2.7841176470588236,0.0438,Low,High,Standard lifecycle communication
C105901,49,One year,Standard,50.29,5,1,0,Card,0,0.2,0,0.06122448979591837,0.29428571428571426,1,0,8.381666666666666,0.288,Medium,Low,Feature-adoption nudge
C104797,51,Two year,Standard,51.99,14,0,0,Card,0,0.32,0,0.0,0.728,0,0,3.466,0.0577,Low,Medium,Standard lifecycle communication
C106060,44,Two year,Basic,19.47,18,1,0,Card,1,0.58,0,0.06818181818181819,1.0034285714285716,1,0,1.0247368421052632,0.0347,Low,High,Standard lifecycle communication
C100339,70,Month-to-month,Basic,19.45,8,1,0,Card,0,0.62,0,0.04285714285714286,0.5908571428571427,1,0,2.161111111111111,0.1978,Low,Low,Standard lifecycle communication
C101505,37,Month-to-month,Standard,52.41,9,3,0,Cash,1,0.13,0,0.24324324324324323,0.4377142857142857,3,0,5.241,0.8403,High,Low,Win-back outreach + onboarding re-engagement
C105855,34,Month-to-month,Basic,42.91,7,0,0,Wallet,0,0.07,0,0.0,0.328,0,0,5.36375,0.7088,High,Low,Win-back outreach + onboarding re-engagement
C102352,12,Month-to-month,Standard,49.93,5,1,0,Cash,1,0.61,1,0.25,0.4582857142857143,1,0,8.321666666666667,0.8547,High,Low,Win-back outreach + onboarding re-engagement
C103244,61,Month-to-month,Standard,44.64,11,1,1,Bank transfer,1,0.59,0,0.049180327868852465,0.7074285714285714,3,0,3.72,0.3103,Medium,Medium,Feature-adoption nudge
C106039,53,One year,Premium,71.47,15,1,0,Bank transfer,1,0.45,0,0.056603773584905655,0.8228571428571428,1,0,4.466875,0.1151,Low,High,Standard lifecycle communication
C105173,62,Month-to-month,Premium,,8,1,0,Wallet,0,0.39,0,0.04838709677419355,0.49885714285714283,1,0,,0.3287,Medium,Low,Feature-adoption nudge
C106941,26,Two year,Standard,41.01,18,1,0,Bank transfer,0,0.31,0,0.11538461538461539,0.8954285714285715,1,0,2.158421052631579,0.1251,Low,High,Standard lifecycle communication
C101249,51,Two year,Basic,25.78,15,0,1,Card,0,0.21,0,0.0,0.7268571428571428,2,0,1.61125,0.0741,Low,Medium,Standard lifecycle communication
C104591,25,Two year,Premium,79.26,10,0,1,Card,0,0.29,0,0.0,0.5445714285714285,2,0,7.205454545454546,0.3535,Medium,Low,Feature-adoption nudge
C100663,33,One year,Basic,29.92,14,1,0,Card,0,0.59,0,0.09090909090909091,0.836,1,0,1.9946666666666668,0.1807,Low,High,Standard lifecycle communication
C105591,2,Month-to-month,Premium,72.86,12,0,1,Wallet,1,0.37,0,0.0,0.6622857142857143,2,1,5.604615384615385,0.8679,High,Medium,Retention offer / contract upgrade
C102991,56,One year,Premium,72.44,11,1,1,Wallet,0,0.59,0,0.05357142857142857,0.7074285714285714,3,0,6.036666666666666,0.1928,Low,Medium,Standard lifecycle communication
C104092,9,One year,Basic,41.94,19,0,0,Card,0,0.57,0,0.0,1.0422857142857143,0,0,2.097,0.2908,Medium,High,Feature-adoption nudge
C107214,52,Two year,Standard,44.81,16,1,0,Card,0,0.38,0,0.057692307692307696,0.8377142857142856,1,0,2.635882352941177,0.0541,Low,High,Standard lifecycle communication
C100261,69,Month-to-month,Premium,72.41,10,1,0,Bank transfer,0,0.47,0,0.043478260869565216,0.6165714285714285,1,0,6.582727272727272,0.3359,Medium,Low,Feature-adoption nudge
C107740,41,Month-to-month,Standard,45.38,9,1,1,Bank transfer,1,0.31,1,0.07317073170731708,0.5097142857142858,3,0,4.538,0.6237,High,Low,Win-back outreach + onboarding re-engagement
C102732,48,One year,Basic,20.52,16,3,1,Card,0,0.62,0,0.1875,0.9337142857142856,5,0,1.2070588235294117,0.1919,Low,High,Standard lifecycle communication
C106997,63,One year,Premium,82.98,13,2,0,Card,0,0.65,0,0.09523809523809523,0.8171428571428572,2,0,5.927142857142857,0.1385,Low,High,Standard lifecycle communication
C102651,67,Month-to-month,Standard,,10,1,0,Bank transfer,1,0.52,0,0.04477611940298508,0.6365714285714286,1,0,,0.2052,Low,Medium,Standard lifecycle communication
C107528,1,Month-to-month,Basic,27.34,12,2,1,Wallet,0,0.41,0,2.0,0.6782857142857143,4,1,2.103076923076923,0.8795,High,Medium,Retention offer / contract upgrade
C107703,6,Month-to-month,Basic,20.78,12,0,1,Bank transfer,0,0.72,1,0.0,0.8022857142857143,2,1,1.5984615384615386,0.7092,High,High,Retention offer / contract upgrade
C103092,25,Month-to-month,Premium,87.89,7,2,2,Wallet,0,0.57,1,0.24,0.528,6,0,10.98625,0.9305,High,Low,Win-back outreach + onboarding re-engagement
C104513,8,One year,Premium,74.79,22,0,1,Bank transfer,0,0.22,0,0.0,1.030857142857143,2,0,3.2517391304347827,0.5143,High,High,Retention offer / contract upgrade
C104365,22,Month-to-month,Basic,29.2,13,0,0,Card,0,0.65,0,0.0,0.8171428571428572,0,0,2.085714285714286,0.5233,High,High,Retention offer / contract upgrade
C103339,22,Month-to-month,Basic,23.3,19,1,1,Wallet,0,0.64,0,0.13636363636363638,1.0702857142857143,3,0,1.165,0.5752,High,High,Retention offer / contract upgrade
C104894,29,Two year,Standard,44.4,19,0,0,Wallet,0,0.37,0,0.0,0.9622857142857143,0,0,2.2199999999999998,0.0804,Low,High,Standard lifecycle communication
C100805,12,One year,Premium,70.42,15,3,0,Wallet,0,0.8,0,0.75,0.9628571428571429,3,0,4.40125,0.4764,Medium,High,Proactive support follow-up
C106154,53,One year,Standard,40.84,10,1,0,Wallet,1,0.69,0,0.056603773584905655,0.7045714285714285,1,0,3.712727272727273,0.0763,Low,Medium,Standard lifecycle communication
C106089,52,Month-to-month,Standard,57.89,12,0,1,Card,1,0.08,0,0.0,0.5462857142857143,2,0,4.453076923076923,0.5295,High,Low,Win-back outreach + onboarding re-engagement
C100385,3,Two year,Basic,15.76,12,0,1,Card,0,0.36,0,0.0,0.6582857142857143,2,1,1.2123076923076923,0.3084,Medium,Medium,Feature-adoption nudge
C105056,4,One year,Premium,76.8,13,0,1,Bank transfer,0,0.33,1,0.0,0.6891428571428572,2,1,5.485714285714286,0.6485,High,Medium,Retention offer / contract upgrade
C103653,52,One year,Standard,47.79,16,0,0,Card,1,0.38,1,0.0,0.8377142857142856,0,0,2.811176470588235,0.0723,Low,High,Standard lifecycle communication
C105962,43,Month-to-month,Premium,65.89,18,1,0,Bank transfer,1,0.51,0,0.06976744186046512,0.9754285714285715,1,0,3.4678947368421054,0.3739,Medium,High,Feature-adoption nudge
C102197,70,Month-to-month,Basic,24.66,14,1,2,Card,1,0.33,0,0.04285714285714286,0.732,5,0,1.644,0.3337,Medium,Medium,Feature-adoption nudge
C100875,46,Month-to-month,Premium,78.47,8,0,2,Card,0,0.51,1,0.0,0.5468571428571428,4,0,8.71888888888889,0.7423,High,Low,Win-back outreach + onboarding re-engagement
C101544,29,Month-to-month,Standard,,14,0,1,Bank transfer,0,0.77,0,0.0,0.908,2,0,,0.5029,High,High,Retention offer / contract upgrade
C101514,62,Month-to-month,Standard,39.14,14,2,0,Wallet,1,0.49,0,0.0967741935483871,0.796,2,0,2.6093333333333333,0.2432,Low,Medium,Standard lifecycle communication
C100563,27,Two year,Standard,34.8,17,0,2,Card,0,0.77,0,0.0,1.0365714285714285,4,0,1.9333333333333331,0.1196,Low,High,Standard lifecycle communication
C107174,11,Month-to-month,Standard,48.46,12,3,1,Cash,0,0.4,1,0.8181818181818182,0.6742857142857143,5,0,3.727692307692308,0.9374,High,Medium,Retention offer / contract upgrade
C103778,42,Month-to-month,Premium,86.63,6,2,2,Card,1,0.33,1,0.14285714285714285,0.3891428571428571,6,0,12.375714285714285,0.8932,High,Low,Win-back outreach + onboarding re-engagement
C102016,25,Two year,Basic,19.04,6,3,0,Bank transfer,0,0.28,0,0.36,0.3691428571428571,3,0,2.7199999999999998,0.3211,Medium,Low,Proactive support follow-up
C107437,22,Month-to-month,Basic,23.33,12,0,0,Card,0,0.48,1,0.0,0.7062857142857142,0,0,1.7946153846153845,0.5664,High,Medium,Retention offer / contract upgrade
C106428,12,One year,Premium,71.54,22,2,0,Bank transfer,0,0.45,1,0.5,1.1228571428571428,2,0,3.1104347826086958,0.4199,Medium,High,Feature-adoption nudge
C106385,58,Month-to-month,Premium,75.48,13,5,1,Bank transfer,0,0.35,0,0.25862068965517243,0.6971428571428572,7,0,5.3914285714285715,0.7892,High,Medium,Retention offer / contract upgrade
C104961,52,One year,Premium,80.96,14,0,1,Bank transfer,0,0.32,0,0.0,0.728,2,0,5.397333333333333,0.2196,Low,Medium,Standard lifecycle communication
C101839,63,Month-to-month,Standard,58.9,10,3,1,Cash,1,0.5,1,0.14285714285714285,0.6285714285714286,5,0,5.3545454545454545,0.648,High,Low,Win-back outreach + onboarding re-engagement
C101852,17,One year,Premium,57.72,14,1,0,Card,0,0.26,0,0.1764705882352941,0.704,1,0,3.848,0.4392,Medium,Medium,Feature-adoption nudge
C100321,16,Month-to-month,Standard,42.92,9,2,0,Bank transfer,0,0.5,0,0.375,0.5857142857142857,2,0,4.292,0.7873,High,Low,Win-back outreach + onboarding re-engagement
C101282,52,One year,Basic,23.01,14,1,0,Bank transfer,0,0.75,0,0.057692307692307696,0.9,1,0,1.534,0.0666,Low,High,Standard lifecycle communication
C104813,43,Month-to-month,Basic,39.74,12,2,0,Card,1,0.07,1,0.13953488372093023,0.5422857142857143,2,0,3.056923076923077,0.6327,High,Low,Win-back outreach + onboarding re-engagement
C103996,33,Two year,Standard,53.94,16,2,2,Card,0,0.43,0,0.18181818181818182,0.8577142857142857,6,0,3.172941176470588,0.2916,Medium,High,Feature-adoption nudge
C101222,53,Month-to-month,Basic,28.25,5,2,0,Bank transfer,0,0.59,1,0.11320754716981131,0.4502857142857143,2,0,4.708333333333333,0.4828,Medium,Low,Feature-adoption nudge
C100544,2,Month-to-month,Standard,42.58,13,3,0,Cash,0,0.98,0,3.0,0.9491428571428572,3,1,3.0414285714285714,0.8221,High,High,Retention offer / contract upgrade
C102354,21,Month-to-month,Standard,46.68,6,2,0,Card,0,0.52,1,0.2857142857142857,0.46514285714285714,2,0,6.668571428571428,0.8052,High,Low,Win-back outreach + onboarding re-engagement
C106216,10,One year,Standard,48.26,9,1,0,Card,0,0.27,0,0.3,0.49371428571428577,1,0,4.826,0.5564,High,Low,Win-back outreach + onboarding re-engagement
C101458,39,Month-to-month,Basic,32.7,16,0,1,Card,0,0.4,0,0.0,0.8457142857142856,2,0,1.9235294117647062,0.5026,High,High,Retention offer / contract upgrade
C107658,26,One year,Premium,79.02,21,1,0,Bank transfer,0,0.22,0,0.11538461538461539,0.9879999999999999,1,0,3.591818181818182,0.3345,Medium,High,Feature-adoption nudge
C105596,23,One year,Premium,66.41,16,1,0,Card,0,0.35,1,0.13043478260869565,0.8257142857142856,1,0,3.906470588235294,0.3589,Medium,High,Feature-adoption nudge
C100814,32,Two year,Premium,75.73,12,1,1,Bank transfer,1,0.41,0,0.09375,0.6782857142857143,3,0,5.825384615384616,0.2281,Low,Medium,Standard lifecycle communication
C105548,46,One year,Basic,26.49,9,1,0,Cash,0,0.67,0,0.06521739130434782,0.6537142857142857,1,0,2.649,0.1918,Low,Medium,Standard lifecycle communication
C106095,56,Two year,Basic,33.6,17,2,1,Card,0,0.31,0,0.10714285714285714,0.8525714285714285,4,0,1.8666666666666667,0.0933,Low,High,Standard lifecycle communication
C107167,72,Month-to-month,Premium,80.81,15,0,0,Bank transfer,0,0.07,1,0.0,0.6708571428571428,0,0,5.050625,0.3122,Medium,Medium,Feature-adoption nudge
C106182,25,Two year,Basic,27.73,19,4,0,Card,0,0.56,0,0.48,1.0382857142857143,4,0,1.3865,0.1976,Low,High,Standard lifecycle communication
C105599,60,Month-to-month,Premium,67.73,11,1,1,Cash,0,0.34,0,0.05,0.6074285714285714,3,0,5.644166666666667,0.6492,High,Low,Win-back outreach + onboarding re-engagement
C103722,16,Month-to-month,Basic,29.45,6,1,0,Card,0,0.74,0,0.1875,0.5531428571428572,1,0,4.207142857142857,0.7209,High,Low,Win-back outreach + onboarding re-engagement
C105004,8,Two year,Basic,26.24,13,2,0,Wallet,1,0.16,0,0.75,0.6211428571428572,2,0,1.874285714285714,0.3174,Medium,Low,Feature-adoption nudge
C100270,16,Month-to-month,Standard,41.97,13,0,1,Bank transfer,0,0.19,1,0.0,0.6331428571428572,2,0,2.9978571428571428,0.7848,High,Low,Win-back outreach + onboarding re-engagement
C105647,48,One year,Standard,42.94,15,3,1,Bank transfer,0,0.52,0,0.1875,0.8508571428571428,5,0,2.68375,0.2428,Low,High,Standard lifecycle communication
C107916,68,Two year,Standard,40.49,17,1,1,Card,0,0.2,0,0.044117647058823525,0.8085714285714285,3,0,2.2494444444444444,0.0475,Low,High,Standard lifecycle communication
C103709,39,Month-to-month,Premium,73.98,8,1,1,Card,0,0.78,0,0.07692307692307693,0.6548571428571428,3,0,8.22,0.6886,High,Medium,Retention offer / contract upgrade
C106745,53,Month-to-month,Basic,25.57,17,0,0,Cash,1,0.23,0,0.0,0.8205714285714285,0,0,1.4205555555555556,0.3314,Medium,High,Feature-adoption nudge
C102473,65,One year,Standard,38.79,14,0,1,Card,0,0.45,0,0.0,0.78,2,0,2.586,0.0719,Low,Medium,Standard lifecycle communication
C105959,49,Month-to-month,Basic,24.63,14,0,1,Card,0,0.33,0,0.0,0.732,2,0,1.642,0.4198,Medium,Medium,Feature-adoption nudge
C101453,62,Two year,Basic,24.36,12,4,2,Card,0,0.78,0,0.1935483870967742,0.8262857142857143,8,0,1.8738461538461537,0.1225,Low,High,Standard lifecycle communication
C100461,24,Month-to-month,Standard,28.3,14,0,3,Bank transfer,0,0.59,0,0.0,0.836,6,0,1.8866666666666667,0.7357,High,High,Retention offer / contract upgrade
C101872,29,One year,Basic,38.96,19,0,0,Wallet,0,0.53,0,0.0,1.0262857142857142,0,0,1.948,0.1468,Low,High,Standard lifecycle communication
C106592,20,One year,Premium,73.83,13,0,0,Card,0,0.3,0,0.0,0.6771428571428572,0,0,5.273571428571429,0.41,Medium,Medium,Feature-adoption nudge
C107835,42,Month-to-month,Premium,73.04,12,1,0,Card,1,0.44,0,0.07142857142857142,0.6902857142857143,1,0,5.618461538461539,0.5379,High,Medium,Retention offer / contract upgrade
C100410,28,Month-to-month,Standard,41.87,10,1,0,Card,1,0.28,0,0.10714285714285714,0.5405714285714286,1,0,3.806363636363636,0.6388,High,Low,Win-back outreach + onboarding re-engagement
C103352,12,Month-to-month,Premium,76.85,6,1,0,Cash,0,0.85,1,0.25,0.5971428571428572,1,0,10.978571428571428,0.8866,High,Low,Win-back outreach + onboarding re-engagement
C100331,35,Month-to-month,Standard,51.9,14,0,1,Card,0,0.59,0,0.0,0.836,2,0,3.46,0.5423,High,High,Retention offer / contract upgrade
C102662,33,Month-to-month,Standard,38.82,10,0,4,Card,1,0.78,0,0.0,0.7405714285714287,8,0,3.5290909090909093,0.7475,High,Medium,Retention offer / contract upgrade
C104138,26,Month-to-month,Standard,47.34,7,3,0,Card,0,0.58,0,0.3461538461538462,0.532,3,0,5.9175,0.7957,High,Low,Win-back outreach + onboarding re-engagement
C105484,6,Two year,Standard,45.1,14,0,1,Cash,0,0.1,1,0.0,0.64,2,1,3.006666666666667,0.5034,High,Medium,Retention offer / contract upgrade
C103155,34,One year,Standard,54.72,18,1,0,Wallet,0,0.16,1,0.08823529411764705,0.8354285714285714,1,0,2.88,0.2478,Low,High,Standard lifecycle communication
C100005,56,Two year,Standard,47.76,23,3,0,Cash,1,0.51,0,0.1607142857142857,1.1897142857142857,3,0,1.99,0.0606,Low,High,Standard lifecycle communication
C100312,22,One year,Premium,80.1,12,2,0,Card,0,0.48,0,0.27272727272727276,0.7062857142857142,2,0,6.161538461538461,0.5145,High,Medium,Retention offer / contract upgrade
C105221,69,One year,Standard,38.59,12,2,0,Card,0,0.19,0,0.08695652173913043,0.5902857142857143,2,0,2.968461538461539,0.1067,Low,Low,Standard lifecycle communication
C107501,35,Month-to-month,Standard,45.91,14,1,0,Wallet,1,0.74,0,0.08571428571428572,0.8959999999999999,1,0,3.0606666666666666,0.3717,Medium,High,Feature-adoption nudge
C103967,23,Month-to-month,Basic,27.43,14,1,0,Card,1,0.34,0,0.13043478260869565,0.736,1,0,1.8286666666666667,0.6013,High,Medium,Retention offer / contract upgrade
C107768,14,Month-to-month,Standard,59.12,10,1,1,Bank transfer,1,0.54,1,0.21428571428571427,0.6445714285714286,3,0,5.374545454545454,0.8135,High,Medium,Retention offer / contract upgrade
C107305,10,Two year,Standard,49.96,13,1,0,Card,1,0.75,0,0.3,0.8571428571428572,1,0,3.5685714285714285,0.1702,Low,High,Standard lifecycle communication
C104511,71,One year,Basic,22.98,19,2,0,Bank transfer,0,0.47,0,0.08450704225352113,1.0022857142857142,2,0,1.149,0.0446,Low,High,Standard lifecycle communication
C107113,31,Two year,Standard,52.37,16,3,0,Card,0,0.24,0,0.29032258064516125,0.7817142857142856,3,0,3.0805882352941176,0.2403,Low,Medium,Standard lifecycle communication
C104373,62,Month-to-month,Basic,21.66,16,1,0,Card,0,0.35,0,0.04838709677419355,0.8257142857142856,1,0,1.2741176470588236,0.2362,Low,High,Standard lifecycle communication
C107997,27,Month-to-month,Basic,30.33,13,1,0,Card,0,0.29,0,0.1111111111111111,0.6731428571428572,1,0,2.1664285714285714,0.6539,High,Medium,Retention offer / contract upgrade
C107834,38,Month-to-month,Basic,31.59,9,1,1,Bank transfer,0,0.75,0,0.07894736842105264,0.6857142857142857,3,0,3.159,0.5643,High,Medium,Retention offer / contract upgrade
C107039,16,Month-to-month,Standard,35.21,16,2,0,Card,0,0.59,1,0.375,0.9217142857142856,2,0,2.0711764705882354,0.6644,High,High,Retention offer / contract upgrade
C104701,67,One year,Premium,81.71,11,3,0,Card,1,0.15,0,0.13432835820895522,0.5314285714285714,3,0,6.809166666666666,0.2343,Low,Low,Standard lifecycle communication
C106893,4,Two year,Basic,25.45,20,2,1,Card,0,0.16,0,1.5,0.921142857142857,4,1,1.2119047619047618,0.3896,Medium,High,Feature-adoption nudge
C106134,45,Two year,Standard,55.2,10,0,1,Card,0,0.5,0,0.0,0.6285714285714286,2,0,5.0181818181818185,0.1146,Low,Low,Standard lifecycle communication
C100867,41,One year,Standard,49.13,14,0,1,Card,0,0.5,0,0.0,0.8,2,0,3.2753333333333337,0.1863,Low,Medium,Standard lifecycle communication
C106935,72,Month-to-month,Basic,28.46,6,1,0,Card,0,0.42,0,0.041666666666666664,0.42514285714285716,1,0,4.065714285714286,0.2811,Medium,Low,Feature-adoption nudge
C101848,52,One year,Standard,45.2,13,0,0,Wallet,0,0.68,0,0.0,0.8291428571428572,0,0,3.2285714285714286,0.0676,Low,High,Standard lifecycle communication
C102747,22,Month-to-month,Standard,43.05,11,1,0,Bank transfer,0,0.38,0,0.13636363636363638,0.6234285714285714,1,0,3.5875,0.6934,High,Low,Win-back outreach + onboarding re-engagement
C103667,52,One year,Standard,42.99,10,2,0,Bank transfer,0,0.66,0,0.11538461538461539,0.6925714285714286,2,0,3.908181818181818,0.1341,Low,Medium,Standard lifecycle communication
C103574,47,Month-to-month,Premium,72.58,13,1,0,Card,1,0.34,0,0.06382978723404256,0.6931428571428572,1,0,5.184285714285714,0.4998,Medium,Medium,Feature-adoption nudge
C103848,43,Month-to-month,Standard,45.14,9,2,2,Card,1,0.2,0,0.13953488372093023,0.46571428571428575,6,0,4.514,0.7866,High,Low,Win-back outreach + onboarding re-engagement
C105540,25,Two year,Premium,81.54,10,1,0,Wallet,0,0.84,0,0.12,0.7645714285714286,1,0,7.412727272727273,0.1909,Low,Medium,Standard lifecycle communication
C100509,24,Month-to-month,Basic,31.3,11,0,0,Bank transfer,0,0.6,1,0.0,0.7114285714285714,0,0,2.6083333333333334,0.5459,High,Medium,Retention offer / contract upgrade
C106203,4,Month-to-month,Standard,45.75,11,1,0,Bank transfer,0,0.68,1,0.75,0.7434285714285714,1,1,3.8125,0.7521,High,Medium,Retention offer / contract upgrade
C105365,43,One year,Standard,45.22,14,0,1,Wallet,0,0.27,0,0.0,0.708,2,0,3.0146666666666664,0.1993,Low,Medium,Standard lifecycle communication
C104583,41,Two year,Standard,40.15,10,1,1,Cash,0,0.69,0,0.07317073170731708,0.7045714285714285,3,0,3.65,0.1631,Low,Medium,Standard lifecycle communication
C100659,13,Month-to-month,Basic,22.17,8,3,1,Card,0,0.23,1,0.6923076923076924,0.43485714285714283,5,0,2.4633333333333334,0.9165,High,Low,Win-back outreach + onboarding re-engagement
C104249,2,One year,Basic,28.3,12,0,0,Card,0,0.49,0,0.0,0.7102857142857142,0,1,2.176923076923077,0.4075,Medium,Medium,Feature-adoption nudge
C106628,29,Month-to-month,Standard,44.74,10,2,1,Bank transfer,0,0.37,1,0.20689655172413796,0.5765714285714285,4,0,4.067272727272727,0.7922,High,Low,Win-back outreach + onboarding re-engagement
C105163,41,One year,Standard,45.97,19,0,0,Card,1,0.34,0,0.0,0.9502857142857143,0,0,2.2984999999999998,0.0944,Low,High,Standard lifecycle communication
C100515,55,Month-to-month,Standard,36.1,16,1,1,Card,1,0.16,0,0.05454545454545455,0.7497142857142856,3,0,2.123529411764706,0.3968,Medium,Medium,Feature-adoption nudge
C101291,53,One year,Premium,,20,1,0,Bank transfer,0,0.91,0,0.056603773584905655,1.221142857142857,1,0,,0.0426,Low,High,Standard lifecycle communication
C104662,37,Month-to-month,Standard,42.24,7,0,1,Wallet,0,0.75,0,0.0,0.6000000000000001,2,0,5.28,0.5324,High,Low,Win-back outreach + onboarding re-engagement
C102933,14,One year,Premium,72.05,15,0,0,Bank transfer,0,0.48,0,0.0,0.8348571428571427,0,0,4.503125,0.3667,Medium,High,Feature-adoption nudge
C105555,24,Month-to-month,Basic,15.02,12,3,0,Wallet,0,0.49,1,0.375,0.7102857142857142,3,0,1.1553846153846155,0.6935,High,Medium,Retention offer / contract upgrade
C103952,31,One year,Basic,36.0,23,2,0,Wallet,0,0.52,0,0.1935483870967742,1.1937142857142857,2,0,1.5,0.1762,Low,High,Standard lifecycle communication
C100673,56,Month-to-month,Premium,77.44,2,2,1,Cash,0,0.46,1,0.10714285714285714,0.26971428571428574,4,0,25.813333333333333,0.8919,High,Low,Win-back outreach + onboarding re-engagement
C101375,34,Month-to-month,Standard,34.8,5,0,0,Cash,0,0.31,0,0.0,0.3382857142857143,0,0,5.8,0.713,High,Low,Win-back outreach + onboarding re-engagement
C107207,61,One year,Standard,42.57,9,1,0,Bank transfer,0,0.23,0,0.049180327868852465,0.47771428571428576,1,0,4.257,0.1276,Low,Low,Standard lifecycle communication
C106270,36,Month-to-month,Basic,15.0,9,0,0,Bank transfer,1,0.42,0,0.0,0.5537142857142857,0,0,1.5,0.3882,Medium,Low,Feature-adoption nudge
C101580,4,Month-to-month,Basic,29.24,12,0,1,Card,0,0.55,0,0.0,0.7342857142857142,2,1,2.249230769230769,0.7974,High,Medium,Retention offer / contract upgrade
C100878,55,Month-to-month,Standard,55.24,13,1,1,Card,0,0.36,1,0.05454545454545455,0.7011428571428572,3,0,3.9457142857142857,0.5109,High,Medium,Retention offer / contract upgrade
C106606,17,Month-to-month,Premium,,9,0,1,Wallet,0,0.75,1,0.0,0.6857142857142857,2,0,,0.6786,High,Medium,Retention offer / contract upgrade
C102037,31,Month-to-month,Standard,46.04,16,1,0,Card,1,0.2,0,0.0967741935483871,0.7657142857142856,1,0,2.708235294117647,0.5614,High,Medium,Retention offer / contract upgrade
C104261,32,Month-to-month,Premium,75.37,6,0,2,Wallet,1,0.45,1,0.0,0.43714285714285717,4,0,10.767142857142858,0.8249,High,Low,Win-back outreach + onboarding re-engagement
C106345,16,Month-to-month,Basic,,10,2,0,Bank transfer,1,0.17,0,0.375,0.49657142857142855,2,0,,0.8344,High,Low,Win-back outreach + onboarding re-engagement
C102085,7,Two year,Standard,37.35,11,0,0,Bank transfer,0,0.65,1,0.0,0.7314285714285714,0,0,3.1125000000000003,0.1804,Low,Medium,Standard lifecycle communication
C105015,14,Two year,Basic,25.32,8,1,0,Bank transfer,0,0.79,0,0.21428571428571427,0.6588571428571428,1,0,2.8133333333333335,0.1796,Low,Medium,Standard lifecycle communication
C101562,60,Month-to-month,Basic,15.0,9,0,1,Bank transfer,0,0.86,0,0.0,0.7297142857142858,2,0,1.5,0.2071,Low,Medium,Standard lifecycle communication
C107072,39,Month-to-month,Premium,73.7,11,5,0,Card,0,0.28,0,0.38461538461538464,0.5834285714285714,5,0,6.141666666666667,0.8703,High,Low,Win-back outreach + onboarding re-engagement
C104002,66,Two year,Basic,22.47,9,2,1,Bank transfer,1,0.41,0,0.09090909090909091,0.5497142857142857,4,0,2.247,0.0586,Low,Low,Standard lifecycle communication
C106084,3,One year,Basic,26.14,12,0,0,Card,1,0.38,1,0.0,0.6662857142857143,0,1,2.0107692307692306,0.37,Medium,Medium,Feature-adoption nudge
C107390,28,One year,Basic,28.84,11,1,1,Wallet,0,0.31,0,0.10714285714285714,0.5954285714285714,3,0,2.4033333333333333,0.3921,Medium,Low,Feature-adoption nudge
C100964,18,Month-to-month,Standard,40.89,5,0,1,Card,0,0.78,0,0.0,0.5262857142857144,2,0,6.815,0.742,High,Low,Win-back outreach + onboarding re-engagement
C107518,41,Month-to-month,Basic,15.48,7,1,1,Bank transfer,0,0.55,0,0.07317073170731708,0.52,3,0,1.935,0.5571,High,Low,Win-back outreach + onboarding re-engagement
C101695,12,Month-to-month,Premium,74.24,19,0,0,Bank transfer,0,0.52,1,0.0,1.0222857142857142,0,0,3.7119999999999997,0.6771,High,High,Retention offer / contract upgrade
C102458,57,One year,Basic,25.56,12,2,1,Card,1,0.76,0,0.10526315789473684,0.8182857142857143,4,0,1.9661538461538461,0.103,Low,High,Standard lifecycle communication
C102296,40,Two year,Premium,73.97,22,0,0,Wallet,0,0.36,1,0.0,1.0868571428571427,0,0,3.216086956521739,0.0675,Low,High,Standard lifecycle communication
C101827,33,Month-to-month,Standard,54.57,12,1,0,Card,0,0.4,0,0.09090909090909091,0.6742857142857143,1,0,4.197692307692308,0.6273,High,Medium,Retention offer / contract upgrade
C102565,32,Two year,Basic,15.78,15,0,0,Bank transfer,0,0.19,0,0.0,0.7188571428571429,0,0,0.98625,0.0868,Low,Medium,Standard lifecycle communication
C105043,52,One year,Standard,41.23,15,3,1,Bank transfer,1,0.78,0,0.1730769230769231,0.9548571428571428,5,0,2.576875,0.1338,Low,High,Standard lifecycle communication
C105299,3,Month-to-month,Premium,77.67,10,0,0,Card,0,0.75,1,0.0,0.7285714285714286,0,1,7.0609090909090915,0.8095,High,Medium,Retention offer / contract upgrade
C101606,27,Month-to-month,Basic,28.13,6,2,0,Card,0,0.56,1,0.2222222222222222,0.48114285714285715,2,0,4.018571428571429,0.7286,High,Low,Win-back outreach + onboarding re-engagement
C104423,66,Month-to-month,Standard,50.47,7,2,1,Wallet,0,0.26,1,0.09090909090909091,0.404,4,0,6.30875,0.569,High,Low,Win-back outreach + onboarding re-engagement
C100096,53,Month-to-month,Standard,41.86,17,1,0,Card,0,0.45,1,0.056603773584905655,0.9085714285714286,1,0,2.3255555555555554,0.2964,Medium,High,Feature-adoption nudge
C107790,38,Month-to-month,Premium,77.79,10,2,1,Wallet,0,0.46,1,0.15789473684210528,0.6125714285714285,4,0,7.071818181818182,0.7976,High,Low,Win-back outreach + onboarding re-engagement
C105152,69,One year,Basic,23.09,18,0,1,Card,0,0.6,0,0.0,1.0114285714285716,2,0,1.2152631578947368,0.0394,Low,High,Standard lifecycle communication
C100811,70,Two year,Standard,41.41,8,2,0,Card,0,0.05,0,0.08571428571428572,0.3628571428571428,2,0,4.601111111111111,0.0795,Low,Low,Standard lifecycle communication
C107018,51,Month-to-month,Standard,42.29,21,0,0,Cash,0,0.28,0,0.0,1.012,0,0,1.9222727272727271,0.348,Medium,High,Feature-adoption nudge
C107057,12,One year,Standard,55.04,16,2,0,Bank transfer,0,0.75,0,0.5,0.9857142857142857,2,0,3.2376470588235295,0.3642,Medium,High,Feature-adoption nudge
C106768,18,One year,Premium,66.76,19,1,3,Card,0,0.35,0,0.16666666666666666,0.9542857142857143,7,0,3.338,0.6678,High,High,Retention offer / contract upgrade
C102476,27,Month-to-month,Standard,49.24,4,1,0,Bank transfer,0,0.28,0,0.1111111111111111,0.2834285714285714,1,0,9.848,0.8003,High,Low,Win-back outreach + onboarding re-engagement
C104904,8,One year,Standard,41.16,15,4,0,Cash,1,0.55,1,1.5,0.8628571428571428,4,0,2.5725,0.6149,High,High,Retention offer / contract upgrade
C105201,49,Month-to-month,Standard,46.96,8,0,2,Cash,0,0.65,1,0.0,0.6028571428571428,4,0,5.217777777777778,0.6697,High,Low,Win-back outreach + onboarding re-engagement
C102025,1,One year,Basic,23.25,10,2,1,Wallet,0,0.13,1,2.0,0.48057142857142854,4,1,2.1136363636363638,0.7153,High,Low,Win-back outreach + onboarding re-engagement
C102155,51,Month-to-month,Basic,26.87,11,1,0,Wallet,1,0.24,0,0.058823529411764705,0.5674285714285714,1,0,2.2391666666666667,0.3807,Medium,Low,Feature-adoption nudge
C102852,29,One year,Basic,22.63,20,0,1,Card,0,0.67,0,0.0,1.125142857142857,2,0,1.0776190476190475,0.145,Low,High,Standard lifecycle communication
C106297,44,Two year,Basic,23.84,10,1,1,Bank transfer,0,0.28,0,0.06818181818181819,0.5405714285714286,3,0,2.1672727272727275,0.1387,Low,Low,Standard lifecycle communication
C105336,32,One year,Premium,87.88,6,2,0,Card,1,0.78,0,0.1875,0.5691428571428572,2,0,12.554285714285713,0.4226,Medium,Low,Feature-adoption nudge
C100124,40,Month-to-month,Premium,74.99,16,0,0,Card,0,0.8,0,0.0,1.0057142857142858,0,0,4.411176470588235,0.3761,Medium,High,Feature-adoption nudge
C100553,7,One year,Premium,69.36,14,1,0,Wallet,0,0.77,0,0.42857142857142855,0.908,1,0,4.624,0.4109,Medium,High,Feature-adoption nudge
C100527,10,One year,Premium,78.6,14,2,1,Cash,1,0.9,0,0.6,0.96,4,0,5.239999999999999,0.621,High,High,Retention offer / contract upgrade
C102547,29,Two year,Standard,49.49,13,1,1,Bank transfer,0,0.73,0,0.10344827586206898,0.8491428571428572,3,0,3.535,0.1502,Low,High,Standard lifecycle communication
C103628,23,Month-to-month,Basic,19.28,15,3,0,Card,0,0.75,0,0.3913043478260869,0.9428571428571428,3,0,1.205,0.6193,High,High,Retention offer / contract upgrade
C103863,18,Two year,Standard,43.57,16,1,0,Card,0,0.61,0,0.16666666666666666,0.9297142857142856,1,0,2.5629411764705883,0.1428,Low,High,Standard lifecycle communication
C106951,56,One year,Standard,47.23,11,1,3,Cash,0,0.82,0,0.05357142857142857,0.7994285714285714,7,0,3.935833333333333,0.3208,Medium,Medium,Feature-adoption nudge
C106126,42,Two year,Premium,72.58,14,1,0,Card,0,0.67,0,0.07142857142857142,0.868,1,0,4.838666666666667,0.0923,Low,High,Standard lifecycle communication
C107021,48,Month-to-month,Premium,79.28,12,0,0,Card,1,0.71,1,0.0,0.7982857142857143,0,0,6.098461538461539,0.3524,Medium,Medium,Feature-adoption nudge
C101115,2,Month-to-month,Standard,45.39,10,0,0,Wallet,0,0.64,0,0.0,0.6845714285714286,0,1,4.126363636363636,0.7431,High,Medium,Retention offer / contract upgrade
C103710,2,Month-to-month,Standard,43.22,7,2,0,Bank transfer,0,0.33,0,2.0,0.432,2,1,5.4025,0.8848,High,Low,Win-back outreach + onboarding re-engagement
C102109,63,Month-to-month,Standard,40.85,14,4,2,Card,0,0.6,0,0.19047619047619047,0.84,8,0,2.7233333333333336,0.5983,High,High,Retention offer / contract upgrade
C101330,33,Month-to-month,Basic,21.19,21,2,0,Wallet,0,0.37,0,0.18181818181818182,1.0479999999999998,2,0,0.9631818181818183,0.4781,Medium,High,Feature-adoption nudge
C100018,9,Two year,Premium,74.83,10,1,1,Card,0,0.49,0,0.3333333333333333,0.6245714285714286,3,0,6.802727272727273,0.4964,Medium,Low,Feature-adoption nudge
C103501,64,One year,Premium,88.41,20,1,0,Card,0,0.76,0,0.046875,1.161142857142857,1,0,4.21,0.0662,Low,High,Standard lifecycle communication
C100492,61,Month-to-month,Standard,43.44,14,3,0,Card,1,0.36,0,0.14754098360655737,0.744,3,0,2.896,0.3728,Medium,Medium,Proactive support follow-up
C103479,15,Month-to-month,Basic,22.95,3,2,0,Wallet,0,0.35,1,0.4,0.26857142857142857,2,0,5.7375,0.8586,High,Low,Win-back outreach + onboarding re-engagement
C101366,41,Month-to-month,Standard,51.76,3,0,0,Bank transfer,0,0.65,0,0.0,0.38857142857142857,0,0,12.94,0.5634,High,Low,Win-back outreach + onboarding re-engagement
C107588,42,Month-to-month,Premium,82.03,11,1,0,Wallet,0,0.81,1,0.07142857142857142,0.7954285714285715,1,0,6.835833333333333,0.518,High,Medium,Retention offer / contract upgrade
C102211,65,One year,Premium,67.92,11,3,0,Card,1,0.67,0,0.13846153846153844,0.7394285714285714,3,0,5.66,0.1213,Low,Medium,Standard lifecycle communication
C103326,51,Month-to-month,Basic,28.8,5,1,1,Card,1,0.4,1,0.058823529411764705,0.37428571428571433,3,0,4.8,0.5547,High,Low,Win-back outreach + onboarding re-engagement
C105104,66,One year,Basic,29.69,15,0,0,Cash,0,0.17,0,0.0,0.7108571428571429,0,0,1.855625,0.0977,Low,Medium,Standard lifecycle communication
C103161,70,One year,Premium,79.9,14,3,2,Cash,0,0.34,0,0.1285714285714286,0.736,7,0,5.326666666666667,0.434,Medium,Medium,Proactive support follow-up
C106240,3,Month-to-month,Basic,25.56,13,3,0,Card,0,0.91,0,3.0,0.9211428571428573,3,1,1.8257142857142856,0.7389,High,High,Retention offer / contract upgrade
C102253,63,Two year,Premium,75.8,11,1,0,Card,0,0.78,0,0.047619047619047616,0.7834285714285715,1,0,6.316666666666666,0.0464,Low,Medium,Standard lifecycle communication
C106176,6,One year,Basic,25.94,8,1,0,Cash,0,0.21,1,0.5,0.4268571428571428,1,1,2.8822222222222225,0.6726,High,Low,Win-back outreach + onboarding re-engagement
C107467,66,One year,Basic,27.67,7,1,2,Card,0,0.71,0,0.045454545454545456,0.584,5,0,3.45875,0.1456,Low,Low,Standard lifecycle communication
C100190,33,Two year,Premium,80.23,8,1,0,Card,1,0.93,0,0.09090909090909091,0.7148571428571429,1,0,8.914444444444445,0.1293,Low,Medium,Standard lifecycle communication
C102415,1,One year,Standard,35.0,23,2,0,Card,0,0.02,1,2.0,0.9937142857142857,2,1,1.4583333333333333,0.4831,Medium,High,Feature-adoption nudge
C102315,64,One year,Premium,72.99,10,3,0,Wallet,0,0.32,0,0.140625,0.5565714285714285,3,0,6.635454545454545,0.2336,Low,Low,Standard lifecycle communication
C100010,21,One year,Premium,63.47,18,0,1,Card,0,0.38,0,0.0,0.9234285714285715,2,0,3.340526315789474,0.3623,Medium,High,Feature-adoption nudge
C101578,60,One year,Basic,18.41,6,3,0,Card,0,0.58,0,0.15,0.4891428571428571,3,0,2.63,0.1505,Low,Low,Standard lifecycle communication
C107611,16,One year,Standard,44.37,19,0,0,Wallet,1,0.31,0,0.0,0.9382857142857143,0,0,2.2184999999999997,0.2162,Low,High,Standard lifecycle communication
C102854,11,Two year,Basic,23.43,13,1,0,Wallet,0,0.64,0,0.27272727272727276,0.8131428571428572,1,0,1.6735714285714285,0.1733,Low,High,Standard lifecycle communication
C100250,17,Two year,Standard,48.71,19,4,0,Card,0,0.67,0,0.7058823529411764,1.0822857142857143,4,0,2.4355,0.2503,Medium,High,Proactive support follow-up
C104992,37,Month-to-month,Premium,65.4,11,0,0,Card,0,0.55,0,0.0,0.6914285714285715,0,0,5.45,0.5233,High,Medium,Retention offer / contract upgrade
C104589,50,Month-to-month,Basic,26.45,14,1,1,Cash,0,0.43,1,0.06,0.772,3,0,1.7633333333333332,0.5697,High,Medium,Retention offer / contract upgrade
C101475,54,Month-to-month,Premium,76.51,9,1,0,Bank transfer,1,0.17,1,0.05555555555555555,0.45371428571428574,1,0,7.651000000000001,0.5565,High,Low,Win-back outreach + onboarding re-engagement
C106233,64,Month-to-month,Premium,78.11,8,2,3,Card,0,0.45,1,0.09375,0.5228571428571428,8,0,8.678888888888888,0.7995,High,Low,Win-back outreach + onboarding re-engagement
C107108,43,Month-to-month,Standard,60.0,9,2,1,Bank transfer,0,0.34,1,0.13953488372093023,0.5217142857142858,4,0,6.0,0.7578,High,Low,Win-back outreach + onboarding re-engagement
C106548,52,One year,Standard,37.22,14,0,0,Wallet,1,0.76,0,0.0,0.904,0,0,2.481333333333333,0.0418,Low,High,Standard lifecycle communication
C101290,36,Two year,Basic,17.75,16,0,0,Card,0,0.44,0,0.0,0.8617142857142857,0,0,1.0441176470588236,0.057,Low,High,Standard lifecycle communication
C107344,42,Month-to-month,Basic,15.95,16,1,1,Bank transfer,1,0.35,0,0.07142857142857142,0.8257142857142856,3,0,0.9382352941176471,0.4259,Medium,High,Feature-adoption nudge
C106419,60,Month-to-month,Standard,45.43,4,0,2,Card,0,0.55,0,0.0,0.39142857142857146,4,0,9.086,0.5583,High,Low,Win-back outreach + onboarding re-engagement
C105605,57,Month-to-month,Basic,17.44,13,0,0,Card,0,0.46,0,0.0,0.7411428571428572,0,0,1.2457142857142858,0.2161,Low,Medium,Standard lifecycle communication
C107662,42,Month-to-month,Standard,51.24,17,1,0,Card,0,0.67,1,0.07142857142857142,0.9965714285714286,1,0,2.8466666666666667,0.3678,Medium,High,Feature-adoption nudge
C100782,22,Month-to-month,Standard,43.0,12,3,1,Bank transfer,0,0.53,0,0.4090909090909091,0.7262857142857142,5,0,3.3076923076923075,0.8235,High,Medium,Retention offer / contract upgrade
C107443,33,One year,Standard,46.18,16,0,0,Card,0,0.67,0,0.0,0.9537142857142856,0,0,2.716470588235294,0.1249,Low,High,Standard lifecycle communication
C104422,42,Two year,Standard,43.53,19,0,0,Card,1,0.09,0,0.0,0.8502857142857143,0,0,2.1765,0.0577,Low,High,Standard lifecycle communication
C102734,22,Month-to-month,Basic,,10,0,0,Bank transfer,0,0.65,0,0.0,0.6885714285714286,0,0,,0.6098,High,Medium,Retention offer / contract upgrade
C103296,58,Two year,Standard,41.94,21,1,1,Card,0,0.57,0,0.05172413793103449,1.128,3,0,1.9063636363636363,0.0369,Low,High,Standard lifecycle communication
C100576,16,One year,Premium,83.32,15,0,1,Cash,1,0.76,1,0.0,0.9468571428571428,2,0,5.2075,0.4767,Medium,High,Feature-adoption nudge
C102619,48,Two year,Standard,49.01,15,2,0,Cash,1,0.6,0,0.125,0.8828571428571428,2,0,3.063125,0.0892,Low,High,Standard lifecycle communication
C107071,68,Month-to-month,Premium,73.65,8,2,0,Card,1,0.77,0,0.08823529411764705,0.6508571428571428,2,0,8.183333333333334,0.3257,Medium,Medium,Feature-adoption nudge
C106632,22,One year,Basic,29.61,10,0,1,Card,0,0.36,1,0.0,0.5725714285714285,2,0,2.691818181818182,0.3999,Medium,Low,Feature-adoption nudge
C105703,33,Month-to-month,Basic,26.1,15,1,0,Card,1,0.69,0,0.09090909090909091,0.9188571428571428,1,0,1.63125,0.3757,Medium,High,Feature-adoption nudge
C106209,28,Two year,Basic,23.1,17,0,1,Bank transfer,0,0.28,0,0.0,0.8405714285714285,2,0,1.2833333333333334,0.1323,Low,High,Standard lifecycle communication
C106989,25,Two year,Standard,31.41,13,0,0,Bank transfer,0,0.83,0,0.0,0.8891428571428572,0,0,2.2435714285714288,0.0635,Low,High,Standard lifecycle communication
C102698,67,One year,Standard,47.27,9,2,0,Card,1,0.46,0,0.08955223880597016,0.5697142857142857,2,0,4.727,0.0947,Low,Low,Standard lifecycle communication
C106933,5,Month-to-month,Standard,43.39,13,0,0,Card,1,0.66,0,0.0,0.8211428571428572,0,1,3.099285714285714,0.6297,High,High,Retention offer / contract upgrade
C103466,60,One year,Basic,29.98,15,0,0,Card,0,0.27,0,0.0,0.7508571428571428,0,0,1.87375,0.0722,Low,Medium,Standard lifecycle communication
C107887,8,One year,Basic,36.85,16,1,0,Card,0,0.36,0,0.375,0.8297142857142856,1,0,2.1676470588235297,0.4409,Medium,High,Feature-adoption nudge
C104923,13,Month-to-month,Basic,19.22,19,1,1,Card,1,0.23,0,0.23076923076923078,0.9062857142857143,3,0,0.961,0.7202,High,High,Retention offer / contract upgrade
C105223,34,Month-to-month,Basic,19.74,12,5,0,Bank transfer,0,0.31,1,0.4411764705882353,0.6382857142857142,5,0,1.5184615384615383,0.7853,High,Medium,Retention offer / contract upgrade
C106698,44,One year,Standard,41.22,13,0,0,Bank transfer,0,0.51,0,0.0,0.7611428571428571,0,0,2.9442857142857144,0.1052,Low,Medium,Standard lifecycle communication
C102733,11,One year,Standard,43.48,8,1,0,Card,0,0.3,0,0.27272727272727276,0.4628571428571428,1,0,4.8311111111111105,0.5343,High,Low,Win-back outreach + onboarding re-engagement
C105501,68,Month-to-month,Basic,15.72,8,1,1,Cash,0,0.22,0,0.044117647058823525,0.4308571428571428,3,0,1.7466666666666668,0.4966,Medium,Low,Feature-adoption nudge
C104838,20,Month-to-month,Premium,76.84,10,1,0,Wallet,0,0.52,1,0.15,0.6365714285714286,1,0,6.985454545454545,0.7868,High,Medium,Retention offer / contract upgrade
C107578,12,One year,Basic,18.77,9,0,1,Cash,0,0.67,0,0.0,0.6537142857142857,2,0,1.877,0.4867,Medium,Medium,Feature-adoption nudge
C100148,39,One year,Standard,47.03,20,3,0,Card,1,0.42,0,0.23076923076923078,1.0251428571428571,3,0,2.2395238095238095,0.1869,Low,High,Standard lifecycle communication
C100532,54,Month-to-month,Standard,55.5,16,1,0,Card,0,0.3,0,0.05555555555555555,0.8057142857142856,1,0,3.264705882352941,0.3917,Medium,High,Feature-adoption nudge
C107164,37,Month-to-month,Basic,36.19,16,2,1,Card,0,0.31,0,0.16216216216216214,0.8097142857142856,4,0,2.128823529411765,0.6955,High,High,Retention offer / contract upgrade
C107391,40,Two year,Standard,41.32,20,1,0,Card,0,0.42,0,0.075,1.0251428571428571,1,0,1.9676190476190476,0.0622,Low,High,Standard lifecycle communication
C100115,28,Month-to-month,Premium,66.56,9,1,0,Bank transfer,0,0.28,1,0.10714285714285714,0.4977142857142858,1,0,6.656000000000001,0.767,High,Low,Win-back outreach + onboarding re-engagement
C103640,16,Month-to-month,Standard,43.99,10,2,0,Cash,0,0.44,1,0.375,0.6045714285714285,2,0,3.9990909090909095,0.8625,High,Low,Win-back outreach + onboarding re-engagement
C101610,51,One year,Standard,48.38,17,1,0,Card,0,0.65,0,0.058823529411764705,0.9885714285714285,1,0,2.687777777777778,0.0836,Low,High,Standard lifecycle communication
C101805,69,One year,Standard,53.23,19,1,0,Card,0,0.31,0,0.043478260869565216,0.9382857142857143,1,0,2.6614999999999998,0.0604,Low,High,Standard lifecycle communication
C104792,26,Month-to-month,Basic,32.55,11,0,0,Wallet,0,0.66,0,0.0,0.7354285714285714,0,0,2.7125,0.5094,High,Medium,Retention offer / contract upgrade
C105506,54,Month-to-month,Premium,81.24,15,0,1,Card,1,0.79,0,0.0,0.9588571428571429,2,0,5.0775,0.3319,Medium,High,Feature-adoption nudge
C102490,8,One year,Basic,17.29,11,1,0,Bank transfer,0,0.66,0,0.375,0.7354285714285714,1,0,1.4408333333333332,0.3357,Medium,Medium,Feature-adoption nudge
C104947,25,Month-to-month,Basic,23.6,9,0,0,Card,0,0.44,0,0.0,0.5617142857142857,0,0,2.3600000000000003,0.5939,High,Low,Win-back outreach + onboarding re-engagement
C104211,25,One year,Premium,71.26,14,0,1,Wallet,1,0.37,0,0.0,0.748,2,0,4.750666666666667,0.3502,Medium,Medium,Feature-adoption nudge
C105513,50,Two year,Basic,20.78,21,1,0,Card,0,0.69,0,0.06,1.176,1,0,0.9445454545454546,0.0256,Low,High,Standard lifecycle communication
C105207,68,Month-to-month,Basic,27.87,16,0,1,Card,0,0.41,0,0.0,0.8497142857142856,2,0,1.6394117647058823,0.2209,Low,High,Standard lifecycle communication
C100521,6,Month-to-month,Standard,42.33,20,3,0,Card,0,0.47,0,1.5,1.0451428571428572,3,1,2.0157142857142856,0.7782,High,High,Retention offer / contract upgrade
C106904,29,Month-to-month,Standard,33.34,11,3,1,Card,0,0.5,1,0.3103448275862069,0.6714285714285715,5,0,2.7783333333333338,0.7769,High,Medium,Retention offer / contract upgrade
C103485,21,Month-to-month,Standard,35.22,8,0,0,Card,0,0.66,0,0.0,0.6068571428571428,0,0,3.913333333333333,0.5836,High,Low,Win-back outreach + onboarding re-engagement
C104483,16,Two year,Standard,48.16,14,0,0,Wallet,1,0.45,0,0.0,0.78,0,0,3.2106666666666666,0.1338,Low,Medium,Standard lifecycle communication
C105531,25,One year,Basic,22.64,13,2,0,Card,0,0.59,0,0.24,0.7931428571428571,2,0,1.6171428571428572,0.2751,Medium,Medium,Feature-adoption nudge
C101577,7,One year,Standard,49.62,21,1,2,Card,1,0.63,0,0.42857142857142855,1.152,5,0,2.2554545454545454,0.4487,Medium,High,Feature-adoption nudge
C102938,22,Month-to-month,Premium,80.64,7,1,0,Card,0,0.32,0,0.13636363636363638,0.428,1,0,10.08,0.8627,High,Low,Win-back outreach + onboarding re-engagement
C105329,23,Month-to-month,Standard,50.97,11,1,1,Card,0,0.47,1,0.13043478260869565,0.6594285714285715,3,0,4.2475,0.7791,High,Medium,Retention offer / contract upgrade
C105993,39,Two year,Standard,42.79,20,0,0,Wallet,0,0.08,0,0.0,0.8891428571428571,0,0,2.0376190476190477,0.0712,Low,High,Standard lifecycle communication
C107148,21,Month-to-month,Standard,50.13,5,1,1,Bank transfer,0,0.23,1,0.14285714285714285,0.3062857142857143,3,0,8.355,0.8836,High,Low,Win-back outreach + onboarding re-engagement
C107470,10,Month-to-month,Standard,,12,0,0,Card,1,0.56,0,0.0,0.7382857142857142,0,0,,0.6378,High,Medium,Retention offer / contract upgrade
C101556,58,Two year,Basic,32.22,12,1,0,Wallet,0,0.13,0,0.05172413793103449,0.5662857142857143,1,0,2.4784615384615383,0.068,Low,Low,Standard lifecycle communication
C104478,9,Month-to-month,Premium,72.23,6,0,1,Bank transfer,0,0.62,1,0.0,0.5051428571428571,2,0,10.31857142857143,0.8838,High,Low,Win-back outreach + onboarding re-engagement
C100004,42,Month-to-month,Standard,48.97,15,2,1,Wallet,1,0.38,0,0.14285714285714285,0.7948571428571428,4,0,3.060625,0.5817,High,Medium,Retention offer / contract upgrade
C106098,9,Month-to-month,Standard,42.71,13,0,1,Card,0,0.49,1,0.0,0.7531428571428571,2,0,3.0507142857142857,0.7797,High,Medium,Retention offer / contract upgrade
C107351,44,Month-to-month,Premium,84.32,5,0,0,Cash,1,0.13,1,0.0,0.2662857142857143,0,0,14.053333333333333,0.8038,High,Low,Win-back outreach + onboarding re-engagement
C101039,47,Two year,Basic,17.66,16,2,0,Card,0,0.69,0,0.12765957446808512,0.9617142857142855,2,0,1.0388235294117647,0.0475,Low,High,Standard lifecycle communication
C105823,29,Two year,Standard,37.04,12,1,0,Card,0,0.38,0,0.10344827586206898,0.6662857142857143,1,0,2.8492307692307692,0.1401,Low,Medium,Standard lifecycle communication
C106524,21,Two year,Standard,38.24,14,2,1,Card,0,0.57,0,0.2857142857142857,0.828,4,0,2.5493333333333337,0.2435,Low,High,Standard lifecycle communication
C101837,18,Month-to-month,Standard,37.5,10,2,0,Cash,0,0.52,1,0.3333333333333333,0.6365714285714286,2,0,3.409090909090909,0.8247,High,Medium,Retention offer / contract upgrade
C104370,23,One year,Basic,15.0,17,2,0,Card,0,0.35,0,0.2608695652173913,0.8685714285714285,2,0,0.8333333333333334,0.2801,Medium,High,Feature-adoption nudge
C101650,27,Month-to-month,Premium,77.06,14,1,1,Card,0,0.41,0,0.1111111111111111,0.764,3,0,5.137333333333333,0.7969,High,Medium,Retention offer / contract upgrade
C103257,19,One year,Premium,80.32,18,1,1,Card,0,0.69,1,0.15789473684210528,1.0474285714285714,3,0,4.227368421052631,0.4195,Medium,High,Feature-adoption nudge
C104380,44,Two year,Premium,67.18,11,2,0,Bank transfer,0,0.18,0,0.13636363636363638,0.5434285714285714,2,0,5.598333333333334,0.1962,Low,Low,Standard lifecycle communication
C105482,66,One year,Standard,38.88,17,4,0,Card,0,0.52,0,0.18181818181818182,0.9365714285714286,4,0,2.16,0.1056,Low,High,Standard lifecycle communication
C104392,49,Month-to-month,Standard,43.68,10,0,0,Wallet,1,0.69,0,0.0,0.7045714285714285,0,0,3.9709090909090907,0.2495,Low,Medium,Standard lifecycle communication
C101338,6,One year,Basic,23.74,16,1,0,Card,0,0.52,0,0.5,0.8937142857142857,1,1,1.3964705882352941,0.3463,Medium,High,Feature-adoption nudge
C102469,14,One year,Basic,24.23,13,1,0,Cash,1,0.26,0,0.21428571428571427,0.6611428571428571,1,0,1.7307142857142856,0.4661,Medium,Medium,Feature-adoption nudge
C104505,47,Month-to-month,Basic,30.83,10,0,1,Bank transfer,1,0.64,0,0.0,0.6845714285714286,2,0,2.8027272727272727,0.3663,Medium,Medium,Feature-adoption nudge
C104460,65,Month-to-month,Standard,42.41,13,1,1,Card,0,0.59,0,0.04615384615384615,0.7931428571428571,3,0,3.029285714285714,0.2974,Medium,Medium,Feature-adoption nudge
C105553,14,Two year,Basic,34.51,20,1,2,Wallet,1,0.36,0,0.21428571428571427,1.0011428571428571,5,0,1.6433333333333333,0.2808,Medium,High,Feature-adoption nudge
C104430,17,Two year,Basic,19.32,15,0,0,Card,0,0.79,0,0.0,0.9588571428571429,0,0,1.2075,0.0843,Low,High,Standard lifecycle communication
C107218,19,One year,Basic,30.32,15,0,0,Card,0,0.72,0,0.0,0.9308571428571428,0,0,1.895,0.1919,Low,High,Standard lifecycle communication
C101288,13,One year,Basic,21.08,18,1,0,Wallet,0,0.51,0,0.23076923076923078,0.9754285714285715,1,0,1.1094736842105262,0.2612,Medium,High,Feature-adoption nudge
C107495,20,Two year,Basic,27.56,17,1,0,Card,0,0.47,0,0.15,0.9165714285714286,1,0,1.531111111111111,0.14,Low,High,Standard lifecycle communication
C105382,32,Month-to-month,Standard,40.85,10,1,0,Card,0,0.15,1,0.09375,0.48857142857142855,1,0,3.713636363636364,0.6837,High,Low,Win-back outreach + onboarding re-engagement
C106413,66,Month-to-month,Basic,25.91,11,1,0,Bank transfer,0,0.46,0,0.045454545454545456,0.6554285714285715,1,0,2.1591666666666667,0.2393,Low,Medium,Standard lifecycle communication
C107046,69,Month-to-month,Premium,79.17,20,0,0,Card,0,0.1,0,0.0,0.8971428571428571,0,0,3.77,0.2699,Medium,High,Feature-adoption nudge
C105595,30,Month-to-month,Standard,43.97,8,2,1,Card,0,0.35,0,0.2,0.48285714285714276,4,0,4.885555555555555,0.8162,High,Low,Win-back outreach + onboarding re-engagement
C102482,69,Month-to-month,Basic,31.81,11,2,1,Card,1,0.39,0,0.08695652173913043,0.6274285714285714,4,0,2.6508333333333334,0.3634,Medium,Low,Feature-adoption nudge
C103637,69,One year,Basic,19.31,10,1,0,Card,1,0.85,0,0.043478260869565216,0.7685714285714286,1,0,1.7554545454545454,0.0307,Low,Medium,Standard lifecycle communication
C101685,42,Month-to-month,Premium,82.75,12,2,0,Bank transfer,0,0.12,0,0.14285714285714285,0.5622857142857143,2,0,6.365384615384615,0.7626,High,Low,Win-back outreach + onboarding re-engagement
C101443,59,One year,Basic,21.1,11,1,0,Wallet,1,0.15,0,0.05084745762711864,0.5314285714285714,1,0,1.7583333333333335,0.0942,Low,Low,Standard lifecycle communication
C102567,22,One year,Standard,53.74,12,0,0,Wallet,0,0.19,0,0.0,0.5902857142857143,0,0,4.133846153846154,0.3567,Medium,Low,Feature-adoption nudge
C103760,40,Two year,Basic,17.55,17,0,0,Wallet,0,0.49,0,0.0,0.9245714285714286,0,0,0.9750000000000001,0.0412,Low,High,Standard lifecycle communication
C101370,28,Two year,Standard,43.42,8,1,1,Bank transfer,0,0.43,0,0.10714285714285714,0.5148571428571428,3,0,4.8244444444444445,0.2506,Medium,Low,Feature-adoption nudge
C101732,28,Month-to-month,Standard,46.06,16,2,0,Card,0,0.17,0,0.21428571428571427,0.7537142857142856,2,0,2.7094117647058824,0.7119,High,Medium,Retention offer / contract upgrade
C106615,33,Two year,Standard,46.47,15,0,1,Bank transfer,0,0.06,0,0.0,0.6668571428571428,2,0,2.904375,0.1801,Low,Medium,Standard lifecycle communication
C103388,67,Two year,Standard,50.02,20,1,1,Card,0,0.15,0,0.04477611940298508,0.917142857142857,3,0,2.381904761904762,0.0512,Low,High,Standard lifecycle communication
C104075,16,Month-to-month,Standard,39.07,9,0,0,Wallet,1,0.59,0,0.0,0.6217142857142857,0,0,3.907,0.5874,High,Low,Win-back outreach + onboarding re-engagement
C100911,30,Two year,Standard,40.33,15,2,0,Bank transfer,0,0.41,0,0.2,0.8068571428571428,2,0,2.520625,0.1439,Low,High,Standard lifecycle communication
C101974,68,One year,Premium,64.9,13,1,0,Card,0,0.46,0,0.044117647058823525,0.7411428571428572,1,0,4.635714285714286,0.0849,Low,Medium,Standard lifecycle communication
C101017,15,One year,Premium,,12,0,1,Card,0,0.45,1,0.0,0.6942857142857143,2,0,,0.4077,Medium,Medium,Feature-adoption nudge
C106317,24,Two year,Standard,53.23,12,0,1,Card,0,0.66,0,0.0,0.7782857142857142,2,0,4.094615384615384,0.1746,Low,Medium,Standard lifecycle communication
C106486,21,Two year,Basic,20.79,15,1,0,Card,1,0.56,0,0.14285714285714285,0.8668571428571428,1,0,1.299375,0.1016,Low,High,Standard lifecycle communication
C101059,23,Month-to-month,Standard,33.34,14,3,1,Cash,1,0.6,0,0.3913043478260869,0.84,5,0,2.222666666666667,0.8048,High,High,Retention offer / contract upgrade
C105998,34,Month-to-month,Basic,32.34,7,0,1,Card,0,0.39,0,0.0,0.456,2,0,4.0425,0.6851,High,Low,Win-back outreach + onboarding re-engagement
C100727,38,Month-to-month,Standard,43.58,6,3,1,Bank transfer,1,0.51,0,0.2368421052631579,0.46114285714285713,5,0,6.225714285714285,0.756,High,Low,Win-back outreach + onboarding re-engagement
C107445,23,Month-to-month,Standard,39.3,15,1,2,Bank transfer,0,0.42,1,0.13043478260869565,0.8108571428571428,5,0,2.45625,0.7783,High,High,Retention offer / contract upgrade
C105950,6,Month-to-month,Premium,76.67,10,1,1,Bank transfer,0,0.35,1,0.5,0.5685714285714285,3,1,6.97,0.9187,High,Low,Win-back outreach + onboarding re-engagement
C107452,28,Two year,Basic,15.0,11,1,1,Card,1,0.68,0,0.10714285714285714,0.7434285714285714,3,0,1.25,0.1134,Low,Medium,Standard lifecycle communication
C103662,27,One year,Basic,35.59,11,4,0,Card,0,0.62,1,0.4444444444444444,0.7194285714285714,4,0,2.9658333333333338,0.4525,Medium,Medium,Proactive support follow-up
C100973,27,Two year,Premium,76.42,16,3,0,Card,0,0.39,0,0.3333333333333333,0.8417142857142856,3,0,4.495294117647059,0.3029,Medium,High,Proactive support follow-up
C104038,31,Month-to-month,Standard,41.48,6,1,3,Card,0,0.61,0,0.0967741935483871,0.5011428571428571,7,0,5.925714285714285,0.8564,High,Low,Win-back outreach + onboarding re-engagement
C106566,52,Month-to-month,Basic,27.33,8,1,0,Card,0,0.57,0,0.057692307692307696,0.5708571428571427,1,0,3.0366666666666666,0.3851,Medium,Low,Feature-adoption nudge
C103945,64,Two year,Standard,41.82,18,2,1,Card,1,0.03,0,0.09375,0.7834285714285715,4,0,2.2010526315789476,0.0695,Low,Medium,Standard lifecycle communication
C102583,32,One year,Premium,68.66,21,1,1,Wallet,0,0.77,0,0.09375,1.208,3,0,3.1209090909090906,0.2026,Low,High,Standard lifecycle communication
C105045,58,Two year,Standard,41.54,19,0,1,Card,0,0.87,0,0.0,1.1622857142857144,2,0,2.077,0.0217,Low,High,Standard lifecycle communication
C103458,62,One year,Standard,41.55,16,3,0,Wallet,0,0.31,0,0.14516129032258063,0.8097142857142856,3,0,2.4441176470588233,0.1241,Low,High,Standard lifecycle communication
C107430,9,Two year,Basic,28.43,13,0,0,Wallet,1,0.6,0,0.0,0.7971428571428572,0,0,2.0307142857142857,0.1378,Low,Medium,Standard lifecycle communication
C106296,69,One year,Basic,15.0,12,1,0,Bank transfer,0,0.58,0,0.043478260869565216,0.7462857142857142,1,0,1.1538461538461537,0.0417,Low,Medium,Standard lifecycle communication
C101987,70,Two year,Standard,39.65,15,2,1,Bank transfer,1,0.32,0,0.08571428571428572,0.7708571428571428,4,0,2.478125,0.0431,Low,Medium,Standard lifecycle communication
C103337,71,Month-to-month,Basic,23.26,9,0,1,Card,1,0.41,0,0.0,0.5497142857142857,2,0,2.326,0.2207,Low,Low,Standard lifecycle communication
C100555,53,One year,Premium,76.98,13,2,1,Card,0,0.28,1,0.11320754716981131,0.6691428571428572,4,0,5.498571428571429,0.3447,Medium,Medium,Feature-adoption nudge
C100680,8,One year,Standard,62.48,22,0,0,Wallet,1,0.59,1,0.0,1.1788571428571428,0,0,2.716521739130435,0.2314,Low,High,Standard lifecycle communication
C105685,41,Month-to-month,Basic,22.1,8,1,0,Wallet,0,0.44,0,0.07317073170731708,0.5188571428571428,1,0,2.4555555555555557,0.4979,Medium,Low,Feature-adoption nudge
C106055,38,Month-to-month,Standard,43.36,19,0,1,Card,1,0.64,1,0.0,1.0702857142857143,2,0,2.168,0.3389,Medium,High,Feature-adoption nudge
C100481,28,Month-to-month,Premium,82.03,3,1,0,Card,0,0.54,1,0.10714285714285714,0.3445714285714286,1,0,20.5075,0.8644,High,Low,Win-back outreach + onboarding re-engagement
C100194,52,Month-to-month,Standard,43.48,7,2,0,Bank transfer,1,0.23,1,0.11538461538461539,0.392,2,0,5.435,0.5332,High,Low,Win-back outreach + onboarding re-engagement
C102115,9,Two year,Basic,22.15,15,0,0,Bank transfer,0,0.09,0,0.0,0.6788571428571428,0,0,1.384375,0.2334,Low,Medium,Standard lifecycle communication
C104607,21,Two year,Basic,25.59,23,0,0,Card,0,0.5,0,0.0,1.1857142857142857,0,0,1.06625,0.0729,Low,High,Standard lifecycle communication
C105740,54,Month-to-month,Standard,49.32,14,2,1,Card,0,0.43,1,0.1111111111111111,0.772,4,0,3.288,0.5308,High,Medium,Retention offer / contract upgrade
C104132,56,Month-to-month,Premium,87.28,8,4,1,Wallet,0,0.58,1,0.21428571428571427,0.5748571428571427,6,0,9.697777777777778,0.7997,High,Low,Win-back outreach + onboarding re-engagement
C105751,46,Month-to-month,Basic,37.78,12,0,0,Bank transfer,0,0.16,0,0.0,0.5782857142857143,0,0,2.9061538461538463,0.4705,Medium,Low,Feature-adoption nudge
C100936,70,Month-to-month,Basic,29.41,6,1,0,Card,0,0.21,0,0.04285714285714286,0.34114285714285714,1,0,4.201428571428571,0.3591,Medium,Low,Feature-adoption nudge
C102464,55,Two year,Standard,53.49,19,1,1,Cash,0,0.5,0,0.05454545454545455,1.0142857142857142,3,0,2.6745,0.0912,Low,High,Standard lifecycle communication
C107008,51,One year,Standard,52.06,10,2,1,Card,0,0.49,1,0.11764705882352941,0.6245714285714286,4,0,4.732727272727273,0.2698,Medium,Low,Feature-adoption nudge
C102810,59,One year,Basic,21.99,12,2,0,Cash,0,0.52,1,0.10169491525423728,0.7222857142857142,2,0,1.6915384615384614,0.1478,Low,Medium,Standard lifecycle communication
C103954,12,Month-to-month,Premium,81.8,15,0,1,Bank transfer,0,0.2,0,0.0,0.7228571428571429,2,0,5.1125,0.8727,High,Medium,Retention offer / contract upgrade
C103773,21,One year,Basic,16.59,11,1,0,Card,1,0.19,1,0.14285714285714285,0.5474285714285714,1,0,1.3825,0.3117,Medium,Low,Feature-adoption nudge
C100760,58,One year,Basic,28.21,14,0,1,Bank transfer,0,0.82,0,0.0,0.9279999999999999,2,0,1.8806666666666667,0.0599,Low,High,Standard lifecycle communication
C100412,18,Month-to-month,Standard,49.23,10,0,0,Bank transfer,0,0.25,1,0.0,0.5285714285714286,0,0,4.475454545454546,0.7372,High,Low,Win-back outreach + onboarding re-engagement
C107796,45,Month-to-month,Premium,71.97,13,1,1,Bank transfer,1,0.23,1,0.06666666666666667,0.6491428571428571,3,0,5.140714285714286,0.641,High,Medium,Retention offer / contract upgrade
C102872,43,One year,Standard,46.59,20,2,0,Bank transfer,0,0.58,0,0.13953488372093023,1.089142857142857,2,0,2.218571428571429,0.1247,Low,High,Standard lifecycle communication
C105127,15,One year,Standard,46.96,20,3,2,Bank transfer,1,0.39,1,0.6,1.0131428571428571,7,0,2.236190476190476,0.575,High,High,Retention offer / contract upgrade
C102257,52,One year,Standard,44.11,17,2,0,Cash,1,0.26,0,0.11538461538461539,0.8325714285714285,2,0,2.4505555555555554,0.1829,Low,High,Standard lifecycle communication
C103669,57,Month-to-month,Standard,44.07,13,3,0,Card,1,0.22,0,0.15789473684210525,0.6451428571428571,3,0,3.1478571428571427,0.4718,Medium,Medium,Proactive support follow-up
C102112,59,One year,Basic,30.89,22,1,0,Bank transfer,0,0.8,0,0.05084745762711864,1.262857142857143,1,0,1.3430434782608696,0.0349,Low,High,Standard lifecycle communication
C102444,49,Month-to-month,Basic,19.91,3,1,0,Cash,1,0.6,1,0.06122448979591837,0.36857142857142855,1,0,4.9775,0.519,High,Low,Win-back outreach + onboarding re-engagement
C100098,45,Month-to-month,Standard,40.59,6,0,1,Card,0,0.35,0,0.0,0.39714285714285713,2,0,5.798571428571429,0.5997,High,Low,Win-back outreach + onboarding re-engagement
C103767,56,Month-to-month,Premium,76.14,8,1,0,Bank transfer,0,0.58,0,0.05357142857142857,0.5748571428571427,1,0,8.46,0.4816,Medium,Low,Feature-adoption nudge
C104917,59,Two year,Premium,69.23,15,0,0,Card,0,0.64,0,0.0,0.8988571428571428,0,0,4.326875,0.0342,Low,High,Standard lifecycle communication
C104282,59,Two year,Premium,71.68,12,2,1,Bank transfer,0,0.59,0,0.10169491525423728,0.7502857142857142,4,0,5.5138461538461545,0.1089,Low,Medium,Standard lifecycle communication
C106708,62,Month-to-month,Standard,40.97,12,0,1,Bank transfer,1,0.3,0,0.0,0.6342857142857142,2,0,3.1515384615384616,0.2914,Medium,Medium,Feature-adoption nudge
C104368,38,Month-to-month,Premium,77.65,19,0,1,Card,1,0.32,0,0.0,0.9422857142857143,2,0,3.8825000000000003,0.5573,High,High,Retention offer / contract upgrade
C107118,41,Month-to-month,Basic,40.71,10,2,0,Bank transfer,1,0.35,0,0.14634146341463417,0.5685714285714285,2,0,3.700909090909091,0.5922,High,Low,Win-back outreach + onboarding re-engagement
C100433,63,One year,Standard,46.01,9,5,0,Bank transfer,0,0.12,0,0.23809523809523808,0.4337142857142857,5,0,4.601,0.3397,Medium,Low,Proactive support follow-up
C102504,72,One year,Premium,70.18,11,2,1,Cash,1,0.46,0,0.08333333333333333,0.6554285714285715,4,0,5.848333333333334,0.2012,Low,Medium,Standard lifecycle communication
C105475,30,One year,Basic,15.23,14,1,1,Wallet,0,0.55,0,0.1,0.8200000000000001,3,0,1.0153333333333334,0.2282,Low,High,Standard lifecycle communication
C105909,50,Month-to-month,Premium,75.1,13,1,1,Card,1,0.43,0,0.06,0.7291428571428572,3,0,5.364285714285714,0.5561,High,Medium,Retention offer / contract upgrade
C101722,64,Month-to-month,Basic,20.07,9,1,1,Card,0,0.6,0,0.046875,0.6257142857142857,3,0,2.007,0.3179,Medium,Low,Feature-adoption nudge
C104189,8,Two year,Standard,54.38,10,1,1,Card,0,0.39,0,0.375,0.5845714285714285,3,0,4.943636363636364,0.4607,Medium,Low,Feature-adoption nudge
C104326,19,One year,Standard,46.44,16,3,1,Bank transfer,1,0.56,0,0.4736842105263158,0.9097142857142857,5,0,2.7317647058823527,0.4373,Medium,High,Proactive support follow-up
C102006,28,Two year,Premium,75.42,5,3,1,Card,1,0.12,0,0.3214285714285714,0.2622857142857143,5,0,12.57,0.6175,High,Low,Win-back outreach + onboarding re-engagement
C104150,37,One year,Standard,48.89,16,0,1,Card,0,0.28,0,0.0,0.7977142857142856,2,0,2.8758823529411766,0.2381,Low,Medium,Standard lifecycle communication
C100427,46,Month-to-month,Premium,76.5,5,1,0,Card,1,0.52,1,0.06521739130434782,0.42228571428571426,1,0,12.75,0.6281,High,Low,Win-back outreach + onboarding re-engagement
C104251,7,One year,Premium,81.93,18,2,0,Card,1,0.86,0,0.8571428571428571,1.1154285714285714,2,0,4.312105263157895,0.3947,Medium,High,Feature-adoption nudge
C101312,31,Month-to-month,Standard,47.13,14,4,1,Card,0,0.27,1,0.3870967741935484,0.708,6,0,3.1420000000000003,0.8556,High,Medium,Retention offer / contract upgrade
C104102,20,Month-to-month,Basic,30.95,19,2,1,Bank transfer,1,0.36,0,0.3,0.9582857142857143,4,0,1.5474999999999999,0.7156,High,High,Retention offer / contract upgrade
C106642,64,Month-to-month,Basic,17.51,13,1,0,Cash,0,0.5,0,0.046875,0.7571428571428571,1,0,1.250714285714286,0.2929,Medium,Medium,Feature-adoption nudge
C105000,50,Month-to-month,Premium,76.21,13,0,0,Card,0,0.51,0,0.0,0.7611428571428571,0,0,5.4435714285714285,0.4156,Medium,Medium,Feature-adoption nudge
C105659,39,Month-to-month,Premium,72.96,12,1,2,Card,0,0.32,1,0.07692307692307693,0.6422857142857142,5,0,5.6123076923076916,0.814,High,Medium,Retention offer / contract upgrade
C107256,37,Month-to-month,Standard,45.97,18,1,0,Card,1,0.38,0,0.08108108108108107,0.9234285714285715,1,0,2.4194736842105264,0.4159,Medium,High,Feature-adoption nudge
C102202,54,One year,Premium,69.48,12,0,1,Card,1,0.46,0,0.0,0.6982857142857143,2,0,5.344615384615385,0.1477,Low,Medium,Standard lifecycle communication
C105937,59,Month-to-month,Standard,49.22,6,2,0,Bank transfer,0,0.61,0,0.10169491525423728,0.5011428571428571,2,0,7.031428571428571,0.4445,Medium,Low,Feature-adoption nudge
C105115,11,Month-to-month,Standard,44.45,6,0,0,Cash,0,0.56,0,0.0,0.48114285714285715,0,0,6.3500000000000005,0.8369,High,Low,Win-back outreach + onboarding re-engagement
C103012,64,Month-to-month,Standard,44.26,14,1,0,Wallet,1,0.4,0,0.046875,0.76,1,0,2.9506666666666663,0.213,Low,Medium,Standard lifecycle communication
C104349,27,Month-to-month,Premium,79.4,12,0,0,Bank transfer,1,0.47,0,0.0,0.7022857142857142,0,0,6.107692307692308,0.6228,High,Medium,Retention offer / contract upgrade
C106796,51,Month-to-month,Standard,43.74,8,2,0,Bank transfer,1,0.16,1,0.11764705882352941,0.4068571428571428,2,0,4.86,0.5481,High,Low,Win-back outreach + onboarding re-engagement
C105412,18,Month-to-month,Basic,29.58,14,2,0,Bank transfer,1,0.74,0,0.3333333333333333,0.8959999999999999,2,0,1.972,0.5937,High,High,Retention offer / contract upgrade
C102721,23,One year,Standard,40.67,15,1,1,Bank transfer,0,0.5,0,0.13043478260869565,0.8428571428571427,3,0,2.541875,0.3305,Medium,High,Feature-adoption nudge
C107940,46,Month-to-month,Basic,23.18,12,2,0,Cash,1,0.37,1,0.13043478260869565,0.6622857142857143,2,0,1.783076923076923,0.5571,High,Medium,Retention offer / contract upgrade
C106896,55,One year,Premium,79.88,23,1,0,Bank transfer,1,0.43,0,0.05454545454545455,1.1577142857142857,1,0,3.328333333333333,0.0796,Low,High,Standard lifecycle communication
C104765,15,Month-to-month,Premium,74.64,16,1,1,Bank transfer,0,0.58,1,0.2,0.9177142857142856,3,0,4.390588235294118,0.8061,High,High,Retention offer / contract upgrade
C107048,18,Two year,Premium,81.09,10,2,0,Bank transfer,0,0.59,0,0.3333333333333333,0.6645714285714286,2,0,7.371818181818182,0.3606,Medium,Medium,Feature-adoption nudge
C101434,51,Month-to-month,Basic,23.89,16,3,0,Bank transfer,0,0.56,0,0.17647058823529413,0.9097142857142857,3,0,1.4052941176470588,0.3947,Medium,High,Proactive support follow-up
C101413,42,Two year,Premium,82.34,13,0,2,Wallet,0,0.5,0,0.0,0.7571428571428571,4,0,5.881428571428572,0.2053,Low,Medium,Standard lifecycle communication
C106021,43,Month-to-month,Basic,33.51,12,2,2,Bank transfer,1,0.21,1,0.13953488372093023,0.5982857142857142,6,0,2.5776923076923075,0.7421,High,Low,Win-back outreach + onboarding re-engagement
C102822,34,Month-to-month,Standard,50.23,12,0,0,Card,0,0.35,1,0.0,0.6542857142857142,0,0,3.8638461538461537,0.5469,High,Medium,Retention offer / contract upgrade
C106641,35,Two year,Standard,37.56,16,0,0,Wallet,0,0.61,0,0.0,0.9297142857142856,0,0,2.2094117647058824,0.0515,Low,High,Standard lifecycle communication
C106710,7,One year,Basic,21.82,13,2,2,Cash,0,0.27,1,0.8571428571428571,0.6651428571428571,6,0,1.5585714285714285,0.8001,High,Medium,Retention offer / contract upgrade
C107990,61,Two year,Basic,29.09,11,0,0,Wallet,1,0.61,0,0.0,0.7154285714285714,0,0,2.424166666666667,0.0212,Low,Medium,Standard lifecycle communication
C105307,53,Month-to-month,Basic,19.18,13,0,0,Bank transfer,0,0.64,0,0.0,0.8131428571428572,0,0,1.3699999999999999,0.2032,Low,High,Standard lifecycle communication
C106625,29,One year,Standard,44.8,13,0,3,Bank transfer,0,0.76,0,0.0,0.8611428571428572,6,0,3.1999999999999997,0.3711,Medium,High,Feature-adoption nudge
C106333,64,One year,Premium,77.23,14,0,1,Bank transfer,0,0.22,0,0.0,0.688,2,0,5.148666666666667,0.1554,Low,Medium,Standard lifecycle communication
C100039,72,Two year,Basic,33.98,16,0,2,Wallet,0,0.09,0,0.0,0.7217142857142856,4,0,1.9988235294117644,0.0575,Low,Medium,Standard lifecycle communication
C102491,54,Month-to-month,Premium,72.64,16,1,0,Card,1,0.44,0,0.05555555555555555,0.8617142857142857,1,0,4.272941176470589,0.3545,Medium,High,Feature-adoption nudge
C102742,27,Month-to-month,Premium,73.5,11,0,2,Wallet,1,0.57,0,0.0,0.6994285714285714,4,0,6.125,0.7636,High,Medium,Retention offer / contract upgrade
C100628,56,Month-to-month,Standard,46.69,9,1,1,Bank transfer,1,0.72,0,0.05357142857142857,0.6737142857142857,3,0,4.669,0.3564,Medium,Medium,Feature-adoption nudge
C107438,59,One year,Basic,30.25,12,2,1,Bank transfer,1,0.42,0,0.10169491525423728,0.6822857142857143,4,0,2.326923076923077,0.143,Low,Medium,Standard lifecycle communication
C105538,9,Month-to-month,Premium,75.67,11,3,0,Bank transfer,0,0.28,1,1.0,0.5834285714285714,3,0,6.305833333333333,0.9227,High,Low,Win-back outreach + onboarding re-engagement
C105712,37,Month-to-month,Premium,75.15,14,2,0,Card,0,0.54,1,0.16216216216216214,0.8160000000000001,2,0,5.010000000000001,0.6535,High,High,Retention offer / contract upgrade
C103525,1,Month-to-month,Premium,74.64,16,2,0,Cash,0,0.36,0,2.0,0.8297142857142856,2,1,4.390588235294118,0.919,High,High,Retention offer / contract upgrade
C103645,53,Month-to-month,Premium,72.24,9,1,0,Card,0,0.5,0,0.056603773584905655,0.5857142857142857,1,0,7.223999999999999,0.5119,High,Low,Win-back outreach + onboarding re-engagement
C100755,37,Month-to-month,Standard,42.92,5,3,0,Card,1,0.24,0,0.24324324324324323,0.3102857142857143,3,0,7.153333333333333,0.7695,High,Low,Win-back outreach + onboarding re-engagement
C104196,50,One year,Standard,34.98,14,2,0,Bank transfer,1,0.43,0,0.12,0.772,2,0,2.332,0.1094,Low,Medium,Standard lifecycle communication
C102922,66,Month-to-month,Standard,36.78,13,2,1,Wallet,0,0.38,0,0.09090909090909091,0.7091428571428572,4,0,2.6271428571428572,0.3769,Medium,Medium,Feature-adoption nudge
C106895,67,Month-to-month,Premium,85.27,13,2,0,Card,1,0.31,1,0.08955223880597016,0.6811428571428572,2,0,6.090714285714285,0.4301,Medium,Medium,Feature-adoption nudge
C106734,16,One year,Basic,26.31,8,1,0,Card,0,0.35,1,0.1875,0.48285714285714276,1,0,2.9233333333333333,0.4442,Medium,Low,Feature-adoption nudge
C102212,71,One year,Basic,26.71,19,1,1,Bank transfer,0,0.19,0,0.04225352112676056,0.8902857142857143,3,0,1.3355000000000001,0.0741,Low,High,Standard lifecycle communication
C101876,53,Month-to-month,Basic,23.21,14,1,1,Bank transfer,1,0.5,0,0.056603773584905655,0.8,3,0,1.5473333333333334,0.3319,Medium,Medium,Feature-adoption nudge
C104167,68,Month-to-month,Basic,34.92,18,0,0,Cash,0,0.31,0,0.0,0.8954285714285715,0,0,1.8378947368421052,0.2493,Low,High,Standard lifecycle communication
C105452,10,Two year,Basic,33.81,12,0,0,Wallet,0,0.65,0,0.0,0.7742857142857142,0,0,2.600769230769231,0.1723,Low,Medium,Standard lifecycle communication
C102174,9,One year,Premium,75.86,13,3,0,Card,0,0.65,1,1.0,0.8171428571428572,3,0,5.418571428571428,0.6147,High,High,Retention offer / contract upgrade
C105443,71,One year,Standard,56.13,15,0,1,Bank transfer,1,0.56,0,0.0,0.8668571428571428,2,0,3.508125,0.0483,Low,High,Standard lifecycle communication
C107080,60,Two year,Standard,35.58,8,1,0,Bank transfer,0,0.32,0,0.05,0.4708571428571428,1,0,3.953333333333333,0.0567,Low,Low,Standard lifecycle communication
C105120,25,Month-to-month,Basic,32.83,22,4,1,Card,0,0.59,0,0.48,1.1788571428571428,6,0,1.427391304347826,0.7539,High,High,Retention offer / contract upgrade
C103529,6,Month-to-month,Basic,28.56,9,1,1,Cash,0,0.16,1,0.5,0.44971428571428573,3,1,2.856,0.9339,High,Low,Win-back outreach + onboarding re-engagement
C104568,60,Month-to-month,Standard,43.19,11,3,0,Card,1,0.44,0,0.15,0.6474285714285715,3,0,3.5991666666666666,0.4019,Medium,Medium,Proactive support follow-up
C102096,39,Month-to-month,Standard,45.7,16,5,1,Card,1,0.13,1,0.38461538461538464,0.7377142857142857,7,0,2.6882352941176473,0.8257,High,Medium,Retention offer / contract upgrade
C107574,43,Month-to-month,Premium,79.13,12,2,0,Card,0,0.61,1,0.13953488372093023,0.7582857142857142,2,0,6.086923076923076,0.6232,High,Medium,Retention offer / contract upgrade
C100610,15,Two year,Basic,30.9,12,1,0,Wallet,0,0.12,0,0.2,0.5622857142857143,1,0,2.376923076923077,0.2912,Medium,Low,Feature-adoption nudge
C107744,34,One year,Standard,36.92,15,3,0,Bank transfer,0,0.62,0,0.2647058823529412,0.8908571428571428,3,0,2.3075,0.2291,Low,High,Standard lifecycle communication
C105661,7,One year,Premium,76.47,14,3,0,Wallet,0,0.44,0,1.2857142857142856,0.776,3,0,5.098,0.6622,High,Medium,Retention offer / contract upgrade
C106478,67,Month-to-month,Premium,75.96,12,0,1,Bank transfer,0,0.46,0,0.0,0.6982857142857143,2,0,5.843076923076922,0.3692,Medium,Medium,Feature-adoption nudge
C103045,62,One year,Premium,79.42,19,0,0,Card,0,0.48,0,0.0,1.0062857142857142,0,0,3.971,0.0701,Low,High,Standard lifecycle communication
C100674,11,Month-to-month,Basic,15.0,5,0,0,Bank transfer,0,0.8,0,0.0,0.5342857142857144,0,0,2.5,0.6359,High,Low,Win-back outreach + onboarding re-engagement
C106830,64,Month-to-month,Standard,47.93,12,0,1,Bank transfer,0,0.5,0,0.0,0.7142857142857142,2,0,3.686923076923077,0.2921,Medium,Medium,Feature-adoption nudge
C103943,71,Two year,Premium,67.98,18,3,0,Bank transfer,0,0.34,0,0.1267605633802817,0.9074285714285715,3,0,3.5778947368421057,0.0547,Low,High,Standard lifecycle communication
C103866,49,Two year,Basic,24.37,11,2,0,Wallet,0,0.49,0,0.12244897959183675,0.6674285714285715,2,0,2.0308333333333333,0.0768,Low,Medium,Standard lifecycle communication
C107958,25,Month-to-month,Standard,35.41,17,0,1,Bank transfer,0,0.1,1,0.0,0.7685714285714286,2,0,1.967222222222222,0.6671,High,Medium,Retention offer / contract upgrade
C104581,57,One year,Standard,48.53,15,3,0,Card,0,0.81,0,0.15789473684210525,0.9668571428571429,3,0,3.033125,0.1049,Low,High,Standard lifecycle communication
C104864,22,Month-to-month,Premium,76.32,7,0,2,Wallet,0,0.18,1,0.0,0.372,4,0,9.54,0.9195,High,Low,Win-back outreach + onboarding re-engagement
C107028,22,Month-to-month,Basic,25.8,13,1,1,Card,0,0.87,0,0.13636363636363638,0.9051428571428572,3,0,1.842857142857143,0.6131,High,High,Retention offer / contract upgrade
C103145,56,Two year,Standard,40.85,18,1,1,Card,0,0.72,0,0.05357142857142857,1.0594285714285714,3,0,2.15,0.0388,Low,High,Standard lifecycle communication
C102931,25,Month-to-month,Premium,,17,2,0,Wallet,0,0.5,0,0.24,0.9285714285714286,2,0,,0.6063,High,High,Retention offer / contract upgrade
C104078,47,Month-to-month,Premium,68.83,13,0,0,Card,1,0.12,0,0.0,0.6051428571428572,0,0,4.916428571428571,0.4817,Medium,Low,Feature-adoption nudge
C100904,3,Month-to-month,Basic,35.49,13,3,1,Bank transfer,0,0.6,0,3.0,0.7971428571428572,5,1,2.535,0.8767,High,Medium,Retention offer / contract upgrade
C103717,72,Month-to-month,Standard,41.34,12,0,0,Bank transfer,1,0.38,1,0.0,0.6662857142857143,0,0,3.18,0.141,Low,Medium,Standard lifecycle communication
C101612,6,Month-to-month,Basic,21.22,9,2,0,Wallet,1,0.25,1,1.0,0.48571428571428577,2,1,2.122,0.819,High,Low,Win-back outreach + onboarding re-engagement
C102654,1,Two year,Standard,51.37,15,0,0,Wallet,0,0.62,0,0.0,0.8908571428571428,0,1,3.210625,0.2111,Low,High,Standard lifecycle communication
C104149,9,One year,Premium,72.45,8,1,2,Bank transfer,0,0.21,1,0.3333333333333333,0.4268571428571428,5,0,8.05,0.8294,High,Low,Win-back outreach + onboarding re-engagement
C106067,12,Month-to-month,Premium,79.02,11,1,0,Wallet,1,0.05,1,0.25,0.49142857142857144,1,0,6.585,0.8759,High,Low,Win-back outreach + onboarding re-engagement
C102055,23,Month-to-month,Premium,69.55,11,0,1,Card,0,0.53,0,0.0,0.6834285714285715,2,0,5.795833333333333,0.7642,High,Medium,Retention offer / contract upgrade
C106630,30,Month-to-month,Standard,51.33,17,2,2,Card,0,0.44,0,0.2,0.9045714285714286,6,0,2.8516666666666666,0.7941,High,High,Retention offer / contract upgrade
C104393,56,Month-to-month,Basic,24.91,8,2,0,Wallet,0,0.27,1,0.10714285714285714,0.45085714285714285,2,0,2.767777777777778,0.4821,Medium,Low,Feature-adoption nudge
C107764,16,One year,Basic,24.11,9,1,0,Wallet,0,0.6,0,0.1875,0.6257142857142857,1,0,2.411,0.3334,Medium,Low,Feature-adoption nudge
C103837,5,Two year,Basic,28.98,12,3,0,Bank transfer,1,0.23,0,1.7999999999999998,0.6062857142857142,3,1,2.229230769230769,0.3839,Medium,Low,Proactive support follow-up
C102089,43,One year,Basic,23.51,10,2,0,Card,0,0.19,0,0.13953488372093023,0.5045714285714286,2,0,2.137272727272727,0.2683,Medium,Low,Feature-adoption nudge
C100599,29,Month-to-month,Standard,49.98,8,3,0,Bank transfer,0,0.59,1,0.3103448275862069,0.5788571428571427,3,0,5.553333333333333,0.7605,High,Low,Win-back outreach + onboarding re-engagement
C107713,2,Month-to-month,Premium,83.84,10,1,0,Bank transfer,0,0.7,0,1.0,0.7085714285714285,1,1,7.621818181818182,0.8599,High,Medium,Retention offer / contract upgrade
C101342,38,Month-to-month,Premium,74.15,11,1,2,Bank transfer,1,0.65,1,0.07894736842105264,0.7314285714285714,5,0,6.179166666666667,0.7172,High,Medium,Retention offer / contract upgrade
C105344,34,Month-to-month,Standard,34.04,9,0,1,Bank transfer,1,0.4,0,0.0,0.5457142857142858,2,0,3.404,0.5497,High,Low,Win-back outreach + onboarding re-engagement
C102052,32,Month-to-month,Premium,73.36,5,1,1,Card,1,0.46,1,0.09375,0.3982857142857143,3,0,12.226666666666667,0.8212,High,Low,Win-back outreach + onboarding re-engagement
C106763,72,Two year,Basic,32.81,16,0,1,Card,1,0.69,0,0.0,0.9617142857142855,2,0,1.9300000000000002,0.0157,Low,High,Standard lifecycle communication
C101086,58,Two year,Standard,56.05,19,2,1,Card,0,0.64,0,0.10344827586206898,1.0702857142857143,4,0,2.8024999999999998,0.0616,Low,High,Standard lifecycle communication
C100424,12,Month-to-month,Standard,56.28,14,2,1,Card,0,0.81,1,0.5,0.924,4,0,3.7520000000000002,0.8087,High,High,Retention offer / contract upgrade
C104162,38,Month-to-month,Basic,17.76,13,0,0,Card,0,0.57,0,0.0,0.7851428571428571,0,0,1.2685714285714287,0.3438,Medium,Medium,Feature-adoption nudge
C107281,9,Month-to-month,Premium,69.67,14,4,0,Card,0,0.7,1,1.3333333333333333,0.8799999999999999,4,0,4.644666666666667,0.8773,High,High,Retention offer / contract upgrade
C101182,28,Month-to-month,Standard,52.35,12,0,0,Card,1,0.71,1,0.0,0.7982857142857143,0,0,4.026923076923077,0.4506,Medium,Medium,Feature-adoption nudge
C103920,31,Two year,Basic,23.44,17,1,0,Card,0,0.9,0,0.0967741935483871,1.0885714285714285,1,0,1.3022222222222224,0.0542,Low,High,Standard lifecycle communication
C103618,43,One year,Standard,42.16,14,2,0,Cash,0,0.38,0,0.13953488372093023,0.752,2,0,2.8106666666666666,0.2858,Medium,Medium,Feature-adoption nudge
C102658,27,Month-to-month,Basic,31.6,14,0,0,Card,1,0.15,0,0.0,0.6599999999999999,0,0,2.106666666666667,0.5679,High,Medium,Retention offer / contract upgrade
C104872,71,Month-to-month,Premium,82.26,16,1,0,Cash,0,0.68,1,0.04225352112676056,0.9577142857142856,1,0,4.838823529411765,0.3184,Medium,High,Feature-adoption nudge
C104983,36,Two year,Basic,18.01,7,0,1,Bank transfer,0,0.49,0,0.0,0.496,2,0,2.25125,0.1233,Low,Low,Standard lifecycle communication
C103552,53,Month-to-month,Standard,59.02,16,3,0,Card,0,0.34,1,0.16981132075471697,0.8217142857142856,3,0,3.4717647058823533,0.5442,High,High,Retention offer / contract upgrade
C107129,57,Month-to-month,Basic,17.21,12,1,1,Wallet,1,0.61,0,0.05263157894736842,0.7582857142857142,3,0,1.323846153846154,0.2704,Medium,Medium,Feature-adoption nudge
C107739,32,Month-to-month,Premium,81.34,6,0,1,Card,0,0.88,0,0.0,0.6091428571428572,2,0,11.620000000000001,0.7275,High,Low,Win-back outreach + onboarding re-engagement
C103568,9,Month-to-month,Premium,80.62,5,0,1,Bank transfer,1,0.72,1,0.0,0.5022857142857142,2,0,13.436666666666667,0.8753,High,Low,Win-back outreach + onboarding re-engagement
C102674,23,Month-to-month,Standard,46.71,5,0,1,Card,0,0.43,0,0.0,0.3862857142857143,2,0,7.785,0.802,High,Low,Win-back outreach + onboarding re-engagement
C101467,6,One year,Premium,,8,2,0,Cash,1,0.66,1,1.0,0.6068571428571428,2,1,,0.5516,High,Low,Win-back outreach + onboarding re-engagement
C100187,40,One year,Premium,72.51,11,4,0,Wallet,0,0.32,1,0.3,0.5994285714285714,4,0,6.0425,0.4967,Medium,Low,Proactive support follow-up
C103545,67,Two year,Premium,73.44,16,3,2,Cash,1,0.69,0,0.13432835820895522,0.9617142857142855,7,0,4.32,0.1427,Low,High,Standard lifecycle communication
C101337,20,Month-to-month,Standard,49.13,9,0,0,Card,0,0.17,1,0.0,0.45371428571428574,0,0,4.913,0.7615,High,Low,Win-back outreach + onboarding re-engagement
C104313,65,Month-to-month,Premium,78.49,13,2,0,Card,0,0.51,1,0.0923076923076923,0.7611428571428571,2,0,5.606428571428571,0.4153,Medium,Medium,Feature-adoption nudge
C104896,44,One year,Standard,46.22,18,3,0,Wallet,1,0.57,0,0.20454545454545456,0.9994285714285714,3,0,2.4326315789473685,0.1405,Low,High,Standard lifecycle communication
C103621,26,Month-to-month,Premium,78.08,10,1,0,Bank transfer,0,0.47,0,0.11538461538461539,0.6165714285714285,1,0,7.098181818181818,0.7612,High,Low,Win-back outreach + onboarding re-engagement
C107000,8,Two year,Basic,39.44,16,1,1,Wallet,0,0.36,0,0.375,0.8297142857142856,3,0,2.32,0.3546,Medium,High,Feature-adoption nudge
C103018,63,One year,Standard,42.21,8,0,0,Bank transfer,0,0.38,0,0.0,0.49485714285714283,0,0,4.69,0.0821,Low,Low,Standard lifecycle communication
C107175,33,One year,Basic,27.11,17,1,1,Card,0,0.19,0,0.09090909090909091,0.8045714285714285,3,0,1.5061111111111112,0.3066,Medium,High,Feature-adoption nudge
C103036,20,Two year,Premium,75.14,15,1,0,Wallet,0,0.4,1,0.15,0.8028571428571428,1,0,4.69625,0.2423,Low,High,Standard lifecycle communication
C104679,45,Month-to-month,Premium,77.9,4,1,1,Card,1,0.84,0,0.06666666666666667,0.5074285714285715,3,0,15.580000000000002,0.6768,High,Low,Win-back outreach + onboarding re-engagement
C105717,6,Month-to-month,Basic,28.71,18,1,2,Card,0,0.19,1,0.5,0.8474285714285714,5,1,1.5110526315789474,0.8852,High,High,Retention offer / contract upgrade
C105981,42,Month-to-month,Basic,31.92,13,2,1,Card,0,0.14,0,0.14285714285714285,0.6131428571428572,4,0,2.2800000000000002,0.7198,High,Low,Win-back outreach + onboarding re-engagement
C100206,6,Month-to-month,Standard,36.84,12,1,0,Card,0,0.6,0,0.5,0.7542857142857142,1,1,2.833846153846154,0.7278,High,Medium,Retention offer / contract upgrade
C102185,60,Two year,Standard,40.21,18,1,0,Wallet,0,0.43,0,0.05,0.9434285714285715,1,0,2.1163157894736844,0.0294,Low,High,Standard lifecycle communication
C101698,14,Month-to-month,Standard,58.58,21,3,0,Card,0,0.13,0,0.6428571428571428,0.952,3,0,2.6627272727272726,0.843,High,High,Retention offer / contract upgrade
C106644,31,One year,Standard,38.37,12,1,1,Card,0,0.14,0,0.0967741935483871,0.5702857142857143,3,0,2.9515384615384614,0.4032,Medium,Low,Feature-adoption nudge
C103569,67,Month-to-month,Premium,71.0,8,0,0,Cash,0,0.18,1,0.0,0.4148571428571428,0,0,7.888888888888889,0.5252,High,Low,Win-back outreach + onboarding re-engagement
C105275,72,Two year,Basic,25.82,10,2,0,Bank transfer,0,0.75,0,0.08333333333333333,0.7285714285714286,2,0,2.347272727272727,0.0254,Low,Medium,Standard lifecycle communication
C102782,9,Month-to-month,Standard,42.57,14,3,0,Cash,0,0.67,1,1.0,0.868,3,0,2.838,0.8579,High,High,Retention offer / contract upgrade
C107128,39,One year,Standard,45.29,9,3,0,Card,1,0.54,0,0.23076923076923078,0.6017142857142858,3,0,4.529,0.2742,Medium,Low,Proactive support follow-up
C106911,59,Month-to-month,Basic,18.99,9,0,1,Card,0,0.24,1,0.0,0.48171428571428576,2,0,1.8989999999999998,0.3973,Medium,Low,Feature-adoption nudge
C104759,65,Month-to-month,Premium,83.72,13,0,0,Wallet,0,0.5,0,0.0,0.7571428571428571,0,0,5.9799999999999995,0.2947,Medium,Medium,Feature-adoption nudge
C106770,3,Month-to-month,Premium,75.72,11,1,0,Wallet,0,0.74,1,1.0,0.7674285714285713,1,1,6.31,0.8181,High,Medium,Retention offer / contract upgrade
C106403,47,One year,Standard,37.06,9,0,0,Bank transfer,0,0.45,0,0.0,0.5657142857142857,0,0,3.7060000000000004,0.1185,Low,Low,Standard lifecycle communication
C105351,10,Month-to-month,Premium,63.53,10,0,1,Wallet,0,0.81,0,0.0,0.7525714285714287,2,0,5.775454545454545,0.7804,High,Medium,Retention offer / contract upgrade
C101287,54,Two year,Standard,52.99,10,0,0,Card,1,0.31,0,0.0,0.5525714285714285,0,0,4.817272727272727,0.0547,Low,Low,Standard lifecycle communication
C106502,6,Two year,Standard,42.07,13,1,0,Card,0,0.28,0,0.5,0.6691428571428572,1,1,3.005,0.3049,Medium,Medium,Feature-adoption nudge
C105379,38,Month-to-month,Standard,42.02,7,0,1,Wallet,0,0.59,0,0.0,0.536,2,0,5.2525,0.5706,High,Low,Win-back outreach + onboarding re-engagement
C107634,9,Month-to-month,Basic,23.53,8,4,0,Bank transfer,0,0.62,0,1.3333333333333333,0.5908571428571427,4,0,2.6144444444444446,0.8664,High,Low,Win-back outreach + onboarding re-engagement
C105549,36,Two year,Basic,29.43,15,2,1,Bank transfer,0,0.45,0,0.16666666666666666,0.8228571428571428,4,0,1.839375,0.1632,Low,High,Standard lifecycle communication
C104438,1,Two year,Standard,50.27,14,0,1,Card,1,0.47,0,0.0,0.788,2,1,3.3513333333333337,0.3033,Medium,Medium,Feature-adoption nudge
C104128,13,Month-to-month,Standard,41.31,6,0,1,Card,1,0.24,1,0.0,0.3531428571428571,2,0,5.901428571428572,0.8374,High,Low,Win-back outreach + onboarding re-engagement
C104549,54,Month-to-month,Basic,31.73,17,1,1,Wallet,0,0.24,0,0.05555555555555555,0.8245714285714285,3,0,1.7627777777777778,0.4386,Medium,High,Feature-adoption nudge
C102710,19,Month-to-month,Standard,44.6,11,0,1,Card,0,0.22,0,0.0,0.5594285714285714,2,0,3.716666666666667,0.7939,High,Low,Win-back outreach + onboarding re-engagement
C103901,36,One year,Standard,44.15,14,0,0,Bank transfer,0,0.32,0,0.0,0.728,0,0,2.9433333333333334,0.1691,Low,Medium,Standard lifecycle communication
C101221,65,Two year,Basic,22.44,16,1,0,Card,0,0.19,0,0.04615384615384615,0.7617142857142856,1,0,1.32,0.0351,Low,Medium,Standard lifecycle communication
C101246,55,Month-to-month,Basic,32.24,9,1,1,Bank transfer,0,0.28,0,0.05454545454545455,0.4977142857142858,3,0,3.224,0.5409,High,Low,Win-back outreach + onboarding re-engagement
C100218,66,Two year,Basic,34.16,15,1,2,Bank transfer,1,0.55,0,0.045454545454545456,0.8628571428571428,5,0,2.135,0.0482,Low,High,Standard lifecycle communication
C103100,46,Month-to-month,Basic,31.77,18,1,0,Card,0,0.55,0,0.06521739130434782,0.9914285714285715,1,0,1.6721052631578948,0.3261,Medium,High,Feature-adoption nudge
C107499,30,Two year,Standard,53.26,11,3,0,Bank transfer,1,0.47,0,0.3,0.6594285714285715,3,0,4.4383333333333335,0.2085,Low,Medium,Standard lifecycle communication
C106517,32,Month-to-month,Standard,45.42,7,2,0,Card,0,0.8,0,0.1875,0.6200000000000001,2,0,5.6775,0.6297,High,Low,Win-back outreach + onboarding re-engagement
C107001,30,One year,Standard,38.67,15,2,1,Bank transfer,0,0.73,0,0.2,0.9348571428571428,4,0,2.416875,0.264,Medium,High,Feature-adoption nudge
C107007,66,Month-to-month,Standard,42.65,11,1,1,Card,1,0.25,0,0.045454545454545456,0.5714285714285714,3,0,3.5541666666666667,0.3619,Medium,Low,Feature-adoption nudge
C107614,14,Month-to-month,Premium,80.78,16,2,1,Bank transfer,0,0.31,1,0.42857142857142855,0.8097142857142856,4,0,4.751764705882353,0.8976,High,High,Retention offer / contract upgrade
C100562,25,Month-to-month,Premium,72.23,10,2,0,Cash,1,0.25,1,0.24,0.5285714285714286,2,0,6.566363636363636,0.8739,High,Low,Win-back outreach + onboarding re-engagement
C100268,7,Month-to-month,Premium,80.53,13,0,2,Bank transfer,0,0.37,1,0.0,0.7051428571428572,4,0,5.752142857142857,0.9202,High,Medium,Retention offer / contract upgrade
C104686,22,Month-to-month,Standard,35.05,8,1,0,Wallet,0,0.22,1,0.13636363636363638,0.4308571428571428,1,0,3.894444444444444,0.7431,High,Low,Win-back outreach + onboarding re-engagement
C105606,34,Month-to-month,Standard,40.87,6,0,2,Cash,1,0.46,1,0.0,0.44114285714285717,4,0,5.838571428571428,0.7982,High,Low,Win-back outreach + onboarding re-engagement
C102147,34,Month-to-month,Basic,37.27,7,2,1,Card,1,0.73,1,0.1764705882352941,0.592,4,0,4.65875,0.6877,High,Low,Win-back outreach + onboarding re-engagement
C106404,20,Month-to-month,Basic,25.76,10,0,0,Card,0,0.36,0,0.0,0.5725714285714285,0,0,2.341818181818182,0.6589,High,Low,Win-back outreach + onboarding re-engagement
C100927,25,Month-to-month,Premium,77.17,10,2,0,Card,0,0.31,1,0.24,0.5525714285714285,2,0,7.015454545454546,0.8466,High,Low,Win-back outreach + onboarding re-engagement
C101769,3,One year,Standard,39.66,15,3,1,Bank transfer,1,0.42,0,3.0,0.8108571428571428,5,1,2.47875,0.5624,High,High,Retention offer / contract upgrade
C106351,17,Month-to-month,Standard,38.32,15,1,1,Card,0,0.5,0,0.1764705882352941,0.8428571428571427,3,0,2.395,0.7327,High,High,Retention offer / contract upgrade
C100296,12,Month-to-month,Standard,35.29,11,1,0,Wallet,0,0.19,0,0.25,0.5474285714285714,1,0,2.9408333333333334,0.7872,High,Low,Win-back outreach + onboarding re-engagement
C101048,14,Month-to-month,Premium,66.84,6,0,0,Cash,0,0.39,1,0.0,0.41314285714285715,0,0,9.54857142857143,0.8903,High,Low,Win-back outreach + onboarding re-engagement
C104624,57,Month-to-month,Standard,50.97,6,0,0,Bank transfer,0,0.73,0,0.0,0.5491428571428572,0,0,7.281428571428571,0.3038,Medium,Low,Feature-adoption nudge
C102554,55,Two year,Basic,19.98,19,2,1,Wallet,0,0.28,0,0.1090909090909091,0.9262857142857143,4,0,0.999,0.0702,Low,High,Standard lifecycle communication
C106339,60,Month-to-month,Standard,56.54,14,0,0,Wallet,0,0.57,0,0.0,0.828,0,0,3.7693333333333334,0.2274,Low,High,Standard lifecycle communication
C103988,23,Two year,Basic,15.0,11,0,1,Card,0,0.47,0,0.0,0.6594285714285715,2,0,1.25,0.1606,Low,Medium,Standard lifecycle communication
C104510,6,Month-to-month,Standard,51.64,12,0,1,Card,0,0.82,1,0.0,0.8422857142857143,2,1,3.9723076923076923,0.7551,High,High,Retention offer / contract upgrade
C103880,30,Two year,Standard,40.69,17,0,1,Card,1,0.69,0,0.0,1.0045714285714284,2,0,2.2605555555555554,0.0717,Low,High,Standard lifecycle communication
C105426,24,One year,Standard,46.62,16,1,0,Bank transfer,0,0.36,0,0.125,0.8297142857142856,1,0,2.7423529411764704,0.278,Medium,High,Feature-adoption nudge
C100165,40,One year,Standard,39.89,11,0,0,Bank transfer,0,0.88,0,0.0,0.8234285714285714,0,0,3.3241666666666667,0.0882,Low,High,Standard lifecycle communication
C100949,41,Month-to-month,Standard,44.59,9,0,0,Card,0,0.72,0,0.0,0.6737142857142857,0,0,4.4590000000000005,0.3879,Medium,Medium,Feature-adoption nudge
C104086,65,Month-to-month,Basic,22.33,4,0,0,Card,0,0.22,0,0.0,0.2594285714285714,0,0,4.465999999999999,0.341,Medium,Low,Feature-adoption nudge
C107806,72,Month-to-month,Standard,55.6,13,0,0,Card,0,0.43,0,0.0,0.7291428571428572,0,0,3.9714285714285715,0.1926,Low,Medium,Standard lifecycle communication
C106613,24,Month-to-month,Standard,48.67,10,2,1,Cash,1,0.62,1,0.25,0.6765714285714286,4,0,4.424545454545455,0.8287,High,Medium,Retention offer / contract upgrade
C105455,7,Month-to-month,Basic,20.78,12,2,1,Card,0,0.21,1,0.8571428571428571,0.5982857142857142,4,0,1.5984615384615386,0.8906,High,Low,Win-back outreach + onboarding re-engagement
C103180,33,Two year,Basic,23.71,20,0,0,Bank transfer,0,0.75,0,0.0,1.157142857142857,0,0,1.129047619047619,0.0374,Low,High,Standard lifecycle communication
C105649,58,Two year,Basic,20.61,13,2,0,Bank transfer,1,0.63,0,0.10344827586206898,0.8091428571428572,2,0,1.4721428571428572,0.0319,Low,High,Standard lifecycle communication
C105728,70,Month-to-month,Premium,75.09,12,0,0,Bank transfer,0,0.68,0,0.0,0.7862857142857143,0,0,5.776153846153846,0.2036,Low,Medium,Standard lifecycle communication
C102321,59,Month-to-month,Premium,80.12,13,0,0,Wallet,0,0.51,0,0.0,0.7611428571428571,0,0,5.722857142857143,0.3318,Medium,Medium,Feature-adoption nudge
C104190,45,Month-to-month,Basic,24.45,13,0,1,Wallet,0,0.75,1,0.0,0.8571428571428572,2,0,1.7464285714285714,0.3354,Medium,High,Feature-adoption nudge
C105806,53,Month-to-month,Standard,44.19,6,1,1,Bank transfer,0,0.65,1,0.056603773584905655,0.5171428571428571,3,0,6.312857142857142,0.5028,High,Low,Win-back outreach + onboarding re-engagement
C105695,69,Two year,Basic,32.58,11,1,0,Wallet,1,0.19,0,0.043478260869565216,0.5474285714285714,1,0,2.715,0.0359,Low,Low,Standard lifecycle communication
C104390,4,One year,Premium,71.43,12,2,0,Wallet,0,0.05,1,1.5,0.5342857142857143,2,1,5.494615384615385,0.7235,High,Low,Win-back outreach + onboarding re-engagement
C103106,64,Month-to-month,Standard,32.86,3,0,0,Card,0,0.62,0,0.0,0.37657142857142856,0,0,8.215,0.2685,Medium,Low,Feature-adoption nudge
C101693,43,Month-to-month,Basic,25.69,15,1,0,Card,0,0.15,0,0.06976744186046512,0.7028571428571428,1,0,1.605625,0.4924,Medium,Medium,Feature-adoption nudge
C103055,58,Month-to-month,Basic,30.98,5,1,0,Card,0,0.23,0,0.05172413793103449,0.3062857142857143,1,0,5.163333333333333,0.4971,Medium,Low,Feature-adoption nudge
C101789,7,One year,Standard,49.4,13,2,0,Bank transfer,0,0.65,1,0.8571428571428571,0.8171428571428572,2,0,3.5285714285714285,0.4583,Medium,High,Feature-adoption nudge
C103699,65,Month-to-month,Standard,43.39,8,1,0,Card,0,0.43,0,0.04615384615384615,0.5148571428571428,1,0,4.821111111111112,0.3233,Medium,Low,Feature-adoption nudge
C106842,40,Month-to-month,Premium,73.42,11,2,0,Bank transfer,0,0.58,0,0.15,0.7034285714285714,2,0,6.118333333333333,0.6433,High,Medium,Retention offer / contract upgrade
C105795,40,One year,Premium,71.77,13,0,0,Bank transfer,0,0.42,1,0.0,0.7251428571428572,0,0,5.126428571428571,0.1968,Low,Medium,Standard lifecycle communication
C103462,50,Month-to-month,Basic,25.8,17,0,3,Bank transfer,1,0.48,0,0.0,0.9205714285714286,6,0,1.4333333333333333,0.4669,Medium,High,Feature-adoption nudge
C104571,25,Month-to-month,Standard,49.29,10,1,2,Wallet,1,0.12,1,0.12,0.47657142857142853,5,0,4.4809090909090905,0.8576,High,Low,Win-back outreach + onboarding re-engagement
C107685,52,Month-to-month,Premium,78.99,14,3,0,Card,0,0.76,1,0.1730769230769231,0.904,3,0,5.266,0.5254,High,High,Retention offer / contract upgrade
C102128,56,Month-to-month,Standard,41.48,5,2,2,Bank transfer,0,0.29,0,0.10714285714285714,0.3302857142857143,6,0,6.913333333333333,0.7452,High,Low,Win-back outreach + onboarding re-engagement
C107945,39,Two year,Standard,,15,1,0,Cash,1,0.55,0,0.07692307692307693,0.8628571428571428,1,0,,0.0944,Low,High,Standard lifecycle communication
C100320,34,Two year,Standard,52.69,14,0,0,Cash,0,0.55,0,0.0,0.8200000000000001,0,0,3.5126666666666666,0.1277,Low,High,Standard lifecycle communication
C105729,58,Month-to-month,Basic,37.94,18,1,1,Card,0,0.59,1,0.05172413793103449,1.0074285714285716,3,0,1.9968421052631578,0.3216,Medium,High,Feature-adoption nudge
C100069,50,Month-to-month,Basic,15.0,10,1,1,Card,0,0.3,0,0.06,0.5485714285714285,3,0,1.3636363636363635,0.508,High,Low,Win-back outreach + onboarding re-engagement
C103781,43,Month-to-month,Standard,35.54,11,1,0,Bank transfer,0,0.43,0,0.06976744186046512,0.6434285714285715,1,0,2.9616666666666664,0.4449,Medium,Medium,Feature-adoption nudge
C105311,51,Month-to-month,Basic,23.44,12,1,0,Bank transfer,1,0.43,0,0.058823529411764705,0.6862857142857143,1,0,1.8030769230769232,0.304,Medium,Medium,Feature-adoption nudge
C104170,24,Month-to-month,Basic,33.18,10,0,0,Card,0,0.27,0,0.0,0.5365714285714286,0,0,3.016363636363636,0.6756,High,Low,Win-back outreach + onboarding re-engagement
C101004,34,One year,Standard,45.26,14,1,0,Card,0,0.62,0,0.08823529411764705,0.848,1,0,3.017333333333333,0.1769,Low,High,Standard lifecycle communication
C104611,46,Month-to-month,Basic,35.37,7,2,0,Bank transfer,1,0.29,0,0.13043478260869565,0.416,2,0,4.42125,0.5876,High,Low,Win-back outreach + onboarding re-engagement
C103415,19,Two year,Premium,71.3,21,0,0,Bank transfer,1,0.25,0,0.0,0.9999999999999999,0,0,3.2409090909090907,0.139,Low,High,Standard lifecycle communication
C107271,13,Month-to-month,Premium,80.12,12,1,0,Bank transfer,0,0.68,0,0.23076923076923078,0.7862857142857143,1,0,6.163076923076924,0.7876,High,Medium,Retention offer / contract upgrade
C101967,4,Month-to-month,Basic,24.67,9,0,1,Card,0,0.57,1,0.0,0.6137142857142857,2,1,2.467,0.8101,High,Low,Win-back outreach + onboarding re-engagement
C103826,16,One year,Basic,39.21,16,1,1,Cash,0,0.39,0,0.1875,0.8417142857142856,3,0,2.3064705882352943,0.5809,High,High,Retention offer / contract upgrade
C103788,72,Month-to-month,Basic,31.94,6,1,1,Bank transfer,1,0.57,0,0.041666666666666664,0.4851428571428571,3,0,4.562857142857143,0.2876,Medium,Low,Feature-adoption nudge
C102903,15,Month-to-month,Basic,21.07,12,1,0,Card,1,0.69,0,0.2,0.7902857142857143,1,0,1.6207692307692307,0.5765,High,Medium,Retention offer / contract upgrade
C105791,65,Month-to-month,Standard,37.56,11,1,0,Card,0,0.47,1,0.04615384615384615,0.6594285714285715,1,0,3.1300000000000003,0.2525,Medium,Medium,Feature-adoption nudge
C104077,29,One year,Standard,48.23,13,2,0,Bank transfer,1,0.33,0,0.20689655172413796,0.6891428571428572,2,0,3.445,0.3,Medium,Medium,Feature-adoption nudge
C102309,25,Two year,Standard,56.48,9,0,0,Bank transfer,1,0.24,0,0.0,0.48171428571428576,0,0,5.648,0.1827,Low,Low,Standard lifecycle communication
C105577,35,Two year,Premium,72.04,18,1,0,Bank transfer,0,0.22,0,0.08571428571428572,0.8594285714285714,1,0,3.7915789473684214,0.1486,Low,High,Standard lifecycle communication
C106648,37,Month-to-month,Standard,49.83,13,1,1,Bank transfer,0,0.76,0,0.08108108108108107,0.8611428571428572,3,0,3.559285714285714,0.5355,High,High,Retention offer / contract upgrade
C104891,12,Month-to-month,Standard,41.21,8,1,1,Bank transfer,1,0.51,0,0.25,0.5468571428571428,3,0,4.578888888888889,0.8051,High,Low,Win-back outreach + onboarding re-engagement
C106857,56,Month-to-month,Standard,55.2,9,2,1,Card,0,0.18,1,0.10714285714285714,0.45771428571428574,4,0,5.5200000000000005,0.6848,High,Low,Win-back outreach + onboarding re-engagement
C102452,61,Month-to-month,Premium,64.08,12,2,0,Wallet,1,0.53,0,0.09836065573770493,0.7262857142857142,2,0,4.929230769230769,0.3427,Medium,Medium,Feature-adoption nudge
C105913,72,Month-to-month,Basic,21.29,13,1,0,Card,0,0.52,0,0.041666666666666664,0.7651428571428571,1,0,1.5207142857142857,0.1646,Low,Medium,Standard lifecycle communication
C102248,40,Month-to-month,Basic,31.24,9,2,0,Card,0,0.31,0,0.15,0.5097142857142858,2,0,3.1239999999999997,0.6524,High,Low,Win-back outreach + onboarding re-engagement
C107766,48,One year,Standard,56.43,19,2,0,Cash,0,0.25,0,0.125,0.9142857142857143,2,0,2.8215,0.2638,Medium,High,Feature-adoption nudge
C104667,67,Month-to-month,Premium,72.5,8,0,0,Card,0,0.63,0,0.0,0.5948571428571428,0,0,8.055555555555555,0.2917,Medium,Low,Feature-adoption nudge
C103082,48,Month-to-month,Standard,38.48,13,1,0,Cash,0,0.26,1,0.0625,0.6611428571428571,1,0,2.748571428571428,0.5531,High,Medium,Retention offer / contract upgrade
C104521,56,One year,Premium,68.16,13,2,0,Card,1,0.24,0,0.10714285714285714,0.6531428571428571,2,0,4.868571428571428,0.1831,Low,Medium,Standard lifecycle communication
C104978,61,Month-to-month,Basic,33.82,8,2,1,Cash,0,0.53,0,0.09836065573770493,0.5548571428571428,4,0,3.7577777777777777,0.6197,High,Low,Win-back outreach + onboarding re-engagement
C103839,56,Two year,Basic,28.2,18,0,0,Wallet,0,0.51,0,0.0,0.9754285714285715,0,0,1.4842105263157894,0.0238,Low,High,Standard lifecycle communication
C100709,9,Two year,Premium,73.0,18,1,0,Card,1,0.14,0,0.3333333333333333,0.8274285714285715,1,0,3.8421052631578947,0.3174,Medium,High,Feature-adoption nudge
C104227,54,One year,Basic,17.89,18,1,0,Card,1,0.09,0,0.05555555555555555,0.8074285714285715,1,0,0.9415789473684211,0.0844,Low,High,Standard lifecycle communication
C103771,41,Month-to-month,Basic,33.79,7,1,0,Card,0,0.28,1,0.07317073170731708,0.41200000000000003,1,0,4.22375,0.6273,High,Low,Win-back outreach + onboarding re-engagement
C106286,24,Month-to-month,Standard,46.89,8,0,0,Card,0,0.6,0,0.0,0.5828571428571427,0,0,5.21,0.6212,High,Low,Win-back outreach + onboarding re-engagement
C107621,35,Month-to-month,Premium,78.34,13,0,1,Bank transfer,1,0.47,0,0.0,0.7451428571428571,2,0,5.595714285714286,0.6246,High,Medium,Retention offer / contract upgrade
C105245,18,One year,Standard,40.71,10,0,1,Card,0,0.61,0,0.0,0.6725714285714286,2,0,3.700909090909091,0.3627,Medium,Medium,Feature-adoption nudge
C105603,70,Two year,Standard,44.0,16,0,0,Card,0,0.13,1,0.0,0.7377142857142857,0,0,2.588235294117647,0.0271,Low,Medium,Standard lifecycle communication
C107211,13,Month-to-month,Premium,66.44,9,1,0,Card,1,0.27,0,0.23076923076923078,0.49371428571428577,1,0,6.644,0.8361,High,Low,Win-back outreach + onboarding re-engagement
C103789,20,Two year,Basic,31.47,15,1,0,Card,0,0.32,0,0.15,0.7708571428571428,1,0,1.966875,0.1901,Low,Medium,Standard lifecycle communication
C100451,7,One year,Basic,23.65,13,1,0,Bank transfer,0,0.72,0,0.42857142857142855,0.8451428571428572,1,0,1.6892857142857143,0.3246,Medium,High,Feature-adoption nudge
C103874,48,Month-to-month,Premium,71.05,12,0,0,Wallet,0,0.66,0,0.0,0.7782857142857142,0,0,5.4653846153846155,0.3725,Medium,Medium,Feature-adoption nudge
C101189,25,Two year,Standard,39.72,11,2,2,Bank transfer,1,0.45,0,0.24,0.6514285714285715,6,0,3.31,0.3142,Medium,Medium,Feature-adoption nudge
C105298,44,Two year,Standard,44.78,11,3,1,Bank transfer,0,0.48,0,0.20454545454545456,0.6634285714285715,5,0,3.731666666666667,0.1956,Low,Medium,Standard lifecycle communication
C107379,71,One year,Premium,67.56,7,1,0,Card,1,0.24,0,0.04225352112676056,0.396,1,0,8.445,0.1225,Low,Low,Standard lifecycle communication
C105714,36,Month-to-month,Premium,72.48,12,0,1,Wallet,1,0.24,0,0.0,0.6102857142857142,2,0,5.575384615384616,0.6711,High,Low,Win-back outreach + onboarding re-engagement
C101018,39,Month-to-month,Premium,68.63,13,2,0,Cash,1,0.17,1,0.15384615384615385,0.6251428571428572,2,0,4.902142857142857,0.77,High,Low,Win-back outreach + onboarding re-engagement
C106434,25,Two year,Standard,47.63,25,0,1,Bank transfer,0,0.29,0,0.0,1.1874285714285713,2,0,1.831923076923077,0.1149,Low,High,Standard lifecycle communication
C102267,46,Month-to-month,Standard,44.41,10,0,1,Card,1,0.67,0,0.0,0.6965714285714286,2,0,4.037272727272727,0.3853,Medium,Medium,Feature-adoption nudge
C106453,53,Month-to-month,Standard,49.16,7,2,1,Wallet,0,0.61,0,0.11320754716981131,0.544,4,0,6.145,0.5858,High,Low,Win-back outreach + onboarding re-engagement
C104266,12,Two year,Basic,33.12,14,1,0,Card,0,0.44,0,0.25,0.776,1,0,2.2079999999999997,0.2322,Low,Medium,Standard lifecycle communication
C106792,71,Month-to-month,Premium,78.01,13,1,0,Bank transfer,1,0.48,0,0.04225352112676056,0.7491428571428571,1,0,5.5721428571428575,0.2486,Low,Medium,Standard lifecycle communication
C100713,62,One year,Basic,24.27,7,2,0,Card,0,0.13,0,0.0967741935483871,0.352,2,0,3.03375,0.1829,Low,Low,Standard lifecycle communication
C101655,17,Month-to-month,Basic,26.16,11,2,1,Bank transfer,0,0.83,1,0.3529411764705882,0.8034285714285714,4,0,2.18,0.7436,High,High,Retention offer / contract upgrade
C104775,56,One year,Standard,48.79,11,0,0,Bank transfer,0,0.39,0,0.0,0.6274285714285714,0,0,4.065833333333333,0.0971,Low,Low,Standard lifecycle communication
C107332,65,Month-to-month,Basic,30.73,10,1,1,Wallet,0,0.59,0,0.04615384615384615,0.6645714285714286,3,0,2.7936363636363635,0.3256,Medium,Medium,Feature-adoption nudge
C100100,50,Month-to-month,Standard,43.46,20,3,1,Card,0,0.43,1,0.18,1.0291428571428571,5,0,2.0695238095238095,0.53,High,High,Retention offer / contract upgrade
C106999,18,Two year,Basic,29.85,12,0,0,Bank transfer,1,0.7,0,0.0,0.7942857142857143,0,0,2.2961538461538464,0.0971,Low,Medium,Standard lifecycle communication
C104587,70,Month-to-month,Standard,45.4,13,2,0,Card,0,0.36,1,0.08571428571428572,0.7011428571428572,2,0,3.242857142857143,0.2974,Medium,Medium,Feature-adoption nudge
C103687,34,One year,Standard,57.14,13,0,1,Cash,1,0.69,0,0.0,0.8331428571428572,2,0,4.081428571428572,0.2698,Medium,High,Feature-adoption nudge
C102724,26,Month-to-month,Standard,41.29,2,1,0,Bank transfer,0,0.76,0,0.11538461538461539,0.38971428571428574,1,0,13.763333333333334,0.7183,High,Low,Win-back outreach + onboarding re-engagement
C103857,62,Month-to-month,Premium,69.73,9,0,0,Card,1,0.31,1,0.0,0.5097142857142858,0,0,6.973000000000001,0.3477,Medium,Low,Feature-adoption nudge
C103129,58,One year,Premium,70.13,10,1,0,Wallet,0,0.7,0,0.05172413793103449,0.7085714285714285,1,0,6.375454545454545,0.1154,Low,Medium,Standard lifecycle communication
C103323,27,Month-to-month,Premium,70.33,7,1,0,Card,1,0.67,0,0.1111111111111111,0.5680000000000001,1,0,8.79125,0.6896,High,Low,Win-back outreach + onboarding re-engagement
C104225,62,Month-to-month,Standard,48.45,6,1,2,Bank transfer,0,0.31,0,0.04838709677419355,0.3811428571428571,5,0,6.921428571428572,0.6376,High,Low,Win-back outreach + onboarding re-engagement
C107431,6,One year,Standard,42.37,17,3,2,Bank transfer,1,0.42,1,1.5,0.8965714285714286,7,1,2.3538888888888887,0.6454,High,High,Retention offer / contract upgrade
C107447,25,Two year,Premium,78.51,11,2,1,Card,0,0.14,0,0.24,0.5274285714285715,4,0,6.5425,0.5145,High,Low,Win-back outreach + onboarding re-engagement
C105572,49,One year,Basic,29.07,12,2,0,Bank transfer,0,0.79,0,0.12244897959183675,0.8302857142857143,2,0,2.2361538461538464,0.1125,Low,High,Standard lifecycle communication
C102122,60,Two year,Basic,30.9,11,2,0,Wallet,0,0.86,0,0.1,0.8154285714285714,2,0,2.5749999999999997,0.0362,Low,High,Standard lifecycle communication
C104713,13,One year,Standard,49.0,10,4,0,Bank transfer,0,0.46,1,0.9230769230769231,0.6125714285714285,4,0,4.454545454545454,0.6421,High,Low,Win-back outreach + onboarding re-engagement
C100172,43,Month-to-month,Premium,76.01,5,0,1,Card,1,0.34,0,0.0,0.3502857142857143,2,0,12.668333333333335,0.73,High,Low,Win-back outreach + onboarding re-engagement
C106670,22,Month-to-month,Premium,66.55,9,1,0,Card,0,0.7,0,0.13636363636363638,0.6657142857142857,1,0,6.654999999999999,0.7224,High,Medium,Retention offer / contract upgrade
C105533,34,Two year,Basic,37.19,18,1,1,Wallet,0,0.82,0,0.08823529411764705,1.0994285714285714,3,0,1.9573684210526314,0.0864,Low,High,Standard lifecycle communication
C101573,66,Month-to-month,Standard,45.94,4,6,0,Card,0,0.41,1,0.2727272727272727,0.3354285714285714,6,0,9.187999999999999,0.7415,High,Low,Win-back outreach + onboarding re-engagement
C105138,20,One year,Premium,71.94,20,0,0,Bank transfer,0,0.55,0,0.0,1.0771428571428572,0,0,3.4257142857142857,0.2341,Low,High,Standard lifecycle communication
C107352,21,Month-to-month,Standard,40.46,10,2,1,Card,0,0.32,1,0.2857142857142857,0.5565714285714285,4,0,3.678181818181818,0.8446,High,Low,Win-back outreach + onboarding re-engagement
C105628,9,One year,Basic,25.43,15,0,1,Card,0,0.54,0,0.0,0.8588571428571428,2,0,1.589375,0.3852,Medium,High,Feature-adoption nudge
C101122,62,Month-to-month,Basic,24.87,8,2,0,Bank transfer,0,0.47,0,0.0967741935483871,0.5308571428571428,2,0,2.7633333333333336,0.3652,Medium,Low,Feature-adoption nudge
C102874,42,Month-to-month,Premium,83.12,10,1,0,Bank transfer,0,0.64,0,0.07142857142857142,0.6845714285714286,1,0,7.556363636363637,0.5952,High,Medium,Retention offer / contract upgrade
C100001,46,Month-to-month,Basic,27.92,9,2,0,Card,0,0.55,1,0.13043478260869565,0.6057142857142858,2,0,2.7920000000000003,0.5078,High,Low,Win-back outreach + onboarding re-engagement
C102531,2,One year,Basic,31.25,16,4,0,Card,1,0.6,1,4.0,0.9257142857142856,4,1,1.838235294117647,0.476,Medium,High,Proactive support follow-up
C104977,44,Month-to-month,Premium,80.46,11,0,1,Bank transfer,0,0.44,0,0.0,0.6474285714285715,2,0,6.704999999999999,0.6388,High,Medium,Retention offer / contract upgrade
C101052,12,One year,Basic,19.33,19,0,1,Bank transfer,0,0.81,1,0.0,1.1382857142857143,2,0,0.9664999999999999,0.2146,Low,High,Standard lifecycle communication
C103349,68,Month-to-month,Standard,39.39,6,1,1,Wallet,1,0.16,0,0.044117647058823525,0.3211428571428571,3,0,5.627142857142857,0.4238,Medium,Low,Feature-adoption nudge
C100193,2,Month-to-month,Basic,26.92,8,1,0,Bank transfer,0,0.47,0,1.0,0.5308571428571428,1,1,2.9911111111111115,0.8176,High,Low,Win-back outreach + onboarding re-engagement
C104974,38,Month-to-month,Basic,15.31,4,2,0,Card,0,0.13,1,0.15789473684210528,0.22342857142857142,2,0,3.0620000000000003,0.7268,High,Low,Win-back outreach + onboarding re-engagement
C101983,8,One year,Premium,78.63,15,0,0,Bank transfer,0,0.6,0,0.0,0.8828571428571428,0,0,4.914375,0.4146,Medium,High,Feature-adoption nudge
C102508,64,One year,Basic,30.98,16,2,0,Card,0,0.44,0,0.09375,0.8617142857142857,2,0,1.8223529411764705,0.0834,Low,High,Standard lifecycle communication
C104719,14,One year,Basic,20.94,13,2,0,Bank transfer,0,0.21,0,0.42857142857142855,0.6411428571428571,2,0,1.4957142857142858,0.4655,Medium,Medium,Feature-adoption nudge
C104297,35,Month-to-month,Premium,67.19,15,1,0,Cash,0,0.62,0,0.08571428571428572,0.8908571428571428,1,0,4.199375,0.6446,High,High,Retention offer / contract upgrade
C106088,4,Two year,Basic,25.73,14,0,0,Bank transfer,0,0.44,0,0.0,0.776,0,1,1.7153333333333334,0.2036,Low,Medium,Standard lifecycle communication
C101552,70,One year,Standard,56.23,12,1,0,Card,0,0.57,0,0.04285714285714286,0.7422857142857142,1,0,4.325384615384615,0.0671,Low,Medium,Standard lifecycle communication
C104447,65,One year,Basic,21.59,18,1,0,Cash,0,0.54,0,0.04615384615384615,0.9874285714285715,1,0,1.1363157894736842,0.0654,Low,High,Standard lifecycle communication
C107667,25,Month-to-month,Standard,43.37,14,3,0,Card,0,0.78,0,0.36,0.912,3,0,2.8913333333333333,0.6508,High,High,Retention offer / contract upgrade
C104247,16,Month-to-month,Standard,61.23,11,3,0,Bank transfer,0,0.35,1,0.5625,0.6114285714285714,3,0,5.1025,0.875,High,Low,Win-back outreach + onboarding re-engagement
C107628,51,Month-to-month,Standard,29.95,16,1,1,Card,0,0.26,0,0.058823529411764705,0.7897142857142856,3,0,1.761764705882353,0.435,Medium,Medium,Feature-adoption nudge
C101756,43,Month-to-month,Premium,70.63,9,1,0,Bank transfer,0,0.34,0,0.06976744186046512,0.5217142857142858,1,0,7.063,0.6409,High,Low,Win-back outreach + onboarding re-engagement
C100756,32,Month-to-month,Standard,40.38,11,3,0,Card,0,0.67,1,0.28125,0.7394285714285714,3,0,3.365,0.6494,High,Medium,Retention offer / contract upgrade
C100531,6,Month-to-month,Standard,39.92,10,1,0,Card,1,0.69,1,0.5,0.7045714285714285,1,1,3.6290909090909094,0.6965,High,Medium,Retention offer / contract upgrade
C104670,32,Two year,Standard,34.42,12,2,0,Bank transfer,0,0.22,0,0.1875,0.6022857142857142,2,0,2.647692307692308,0.176,Low,Low,Standard lifecycle communication
C103838,11,Two year,Standard,49.27,14,1,1,Card,0,0.72,0,0.27272727272727276,0.8879999999999999,3,0,3.284666666666667,0.2647,Medium,High,Feature-adoption nudge
C104642,59,Month-to-month,Basic,30.09,12,3,0,Card,0,0.61,0,0.15254237288135591,0.7582857142857142,3,0,2.3146153846153847,0.3936,Medium,Medium,Proactive support follow-up
C103906,20,Two year,Premium,62.65,16,1,0,Card,1,0.46,0,0.15,0.8697142857142857,1,0,3.6852941176470586,0.1625,Low,High,Standard lifecycle communication
C105845,65,Month-to-month,Standard,44.89,10,2,0,Cash,0,0.25,0,0.0923076923076923,0.5285714285714286,2,0,4.080909090909091,0.529,High,Low,Win-back outreach + onboarding re-engagement
C101409,40,Month-to-month,Basic,,3,1,0,Card,0,0.5,1,0.075,0.32857142857142857,1,0,,0.6493,High,Low,Win-back outreach + onboarding re-engagement
C101166,20,Two year,Standard,51.25,18,2,1,Bank transfer,0,0.59,0,0.3,1.0074285714285716,4,0,2.6973684210526314,0.2327,Low,High,Standard lifecycle communication
C106081,29,Month-to-month,Standard,47.68,11,1,3,Card,0,0.13,1,0.10344827586206898,0.5234285714285715,7,0,3.973333333333333,0.9022,High,Low,Win-back outreach + onboarding re-engagement
C106046,69,Month-to-month,Basic,18.15,8,2,1,Wallet,1,0.5,1,0.08695652173913043,0.5428571428571428,4,0,2.0166666666666666,0.3093,Medium,Low,Feature-adoption nudge
C107892,21,Month-to-month,Standard,47.87,12,1,0,Bank transfer,0,0.76,0,0.14285714285714285,0.8182857142857143,1,0,3.6823076923076923,0.5989,High,High,Retention offer / contract upgrade
C104308,38,Two year,Premium,81.82,11,1,0,Card,0,0.7,0,0.07894736842105264,0.7514285714285713,1,0,6.8183333333333325,0.1411,Low,Medium,Standard lifecycle communication
C102749,60,Two year,Premium,75.64,13,0,2,Bank transfer,0,0.56,0,0.0,0.7811428571428571,4,0,5.402857142857143,0.0945,Low,Medium,Standard lifecycle communication
C100164,18,Month-to-month,Premium,83.65,20,0,2,Bank transfer,1,0.36,0,0.0,1.0011428571428571,4,0,3.9833333333333334,0.8024,High,High,Retention offer / contract upgrade
C101038,27,Month-to-month,Standard,56.72,15,0,0,Card,1,0.31,0,0.0,0.7668571428571428,0,0,3.545,0.5557,High,Medium,Retention offer / contract upgrade
C103742,60,Month-to-month,Basic,19.05,15,4,1,Card,1,0.84,0,0.2,0.9788571428571429,6,0,1.190625,0.3476,Medium,High,Proactive support follow-up
C102962,32,Two year,Standard,31.57,13,1,0,Card,1,0.45,0,0.09375,0.7371428571428572,1,0,2.255,0.0838,Low,Medium,Standard lifecycle communication
C106326,11,Two year,Standard,46.73,14,2,1,Wallet,1,0.52,0,0.5454545454545455,0.808,4,0,3.115333333333333,0.3051,Medium,High,Feature-adoption nudge
C103119,2,One year,Premium,80.23,11,0,1,Card,1,0.42,1,0.0,0.6394285714285715,2,1,6.685833333333334,0.6463,High,Medium,Retention offer / contract upgrade
C101035,50,Two year,Premium,68.72,15,1,1,Wallet,0,0.72,0,0.06,0.9308571428571428,3,0,4.295,0.0804,Low,High,Standard lifecycle communication
C105631,40,Two year,Basic,21.73,16,3,2,Card,0,0.77,0,0.22499999999999998,0.9937142857142857,7,0,1.2782352941176471,0.164,Low,High,Standard lifecycle communication
C107388,31,Month-to-month,Premium,71.01,11,1,0,Bank transfer,0,0.58,1,0.0967741935483871,0.7034285714285714,1,0,5.9175,0.6526,High,Medium,Retention offer / contract upgrade
C107649,34,Month-to-month,Standard,42.83,6,2,0,Card,0,0.71,0,0.1764705882352941,0.5411428571428571,2,0,6.118571428571428,0.6439,High,Low,Win-back outreach + onboarding re-engagement
C102896,60,Month-to-month,Basic,20.94,8,3,0,Bank transfer,0,0.36,1,0.15,0.48685714285714277,3,0,2.3266666666666667,0.4705,Medium,Low,Proactive support follow-up
C100828,17,Month-to-month,Standard,50.02,6,0,1,Card,0,0.42,1,0.0,0.42514285714285716,2,0,7.145714285714286,0.8363,High,Low,Win-back outreach + onboarding re-engagement
C105405,48,Two year,Basic,18.94,12,0,0,Bank transfer,0,0.67,0,0.0,0.7822857142857143,0,0,1.456923076923077,0.033,Low,Medium,Standard lifecycle communication
C106435,64,One year,Standard,53.24,14,4,1,Card,0,0.61,0,0.1875,0.844,6,0,3.5493333333333337,0.208,Low,High,Standard lifecycle communication
C102488,13,Month-to-month,Basic,24.98,15,3,0,Cash,0,0.3,0,0.6923076923076924,0.7628571428571428,3,0,1.56125,0.8781,High,Medium,Retention offer / contract upgrade
C107782,1,Month-to-month,Standard,43.61,5,3,0,Wallet,0,0.68,1,3.0,0.4862857142857143,3,1,7.2683333333333335,0.8815,High,Low,Win-back outreach + onboarding re-engagement
C100353,56,One year,Standard,51.19,10,2,0,Card,0,0.39,0,0.10714285714285714,0.5845714285714285,2,0,4.653636363636363,0.1814,Low,Low,Standard lifecycle communication
C101821,50,One year,Basic,25.28,16,1,1,Card,0,0.25,0,0.06,0.7857142857142856,3,0,1.4870588235294118,0.1748,Low,Medium,Standard lifecycle communication
C100987,36,One year,Standard,41.29,15,0,0,Card,1,0.41,0,0.0,0.8068571428571428,0,0,2.580625,0.121,Low,High,Standard lifecycle communication
C101078,28,Two year,Basic,34.98,9,0,1,Wallet,0,0.24,0,0.0,0.48171428571428576,2,0,3.4979999999999998,0.2374,Low,Low,Standard lifecycle communication
C105602,28,One year,Standard,42.18,21,3,1,Cash,0,0.78,1,0.3214285714285714,1.212,5,0,1.9172727272727272,0.3726,Medium,High,Proactive support follow-up
C105488,12,Month-to-month,Standard,38.52,10,1,1,Cash,1,0.36,0,0.25,0.5725714285714285,3,0,3.501818181818182,0.8728,High,Low,Win-back outreach + onboarding re-engagement
C100319,4,Month-to-month,Basic,19.23,14,3,0,Bank transfer,0,0.27,1,2.25,0.708,3,1,1.282,0.8391,High,Medium,Retention offer / contract upgrade
C107884,2,Month-to-month,Basic,28.4,11,1,0,Bank transfer,0,0.13,0,1.0,0.5234285714285715,1,1,2.3666666666666667,0.8534,High,Low,Win-back outreach + onboarding re-engagement
C106922,62,One year,Premium,82.37,14,3,0,Cash,0,0.42,0,0.14516129032258063,0.768,3,0,5.491333333333333,0.3022,Medium,Medium,Proactive support follow-up
C107964,6,Two year,Premium,72.2,15,0,2,Bank transfer,0,0.55,0,0.0,0.8628571428571428,4,1,4.5125,0.4274,Medium,High,Feature-adoption nudge
C100467,65,Two year,Standard,52.42,11,2,1,Card,1,0.25,0,0.0923076923076923,0.5714285714285714,4,0,4.368333333333333,0.0905,Low,Low,Standard lifecycle communication
C100378,51,Two year,Basic,30.46,12,2,0,Bank transfer,1,0.35,0,0.11764705882352941,0.6542857142857142,2,0,2.3430769230769233,0.0719,Low,Medium,Standard lifecycle communication
C100627,52,One year,Premium,79.88,15,1,2,Card,1,0.79,0,0.057692307692307696,0.9588571428571429,5,0,4.9925,0.1972,Low,High,Standard lifecycle communication
C102456,28,Month-to-month,Basic,26.79,7,3,0,Card,0,0.47,0,0.3214285714285714,0.488,3,0,3.34875,0.7768,High,Low,Win-back outreach + onboarding re-engagement
C103824,32,Month-to-month,Premium,87.75,20,5,0,Bank transfer,1,0.59,1,0.46875,1.093142857142857,5,0,4.178571428571429,0.7656,High,High,Retention offer / contract upgrade
C103923,33,Two year,Standard,39.61,15,2,0,Card,0,0.19,0,0.18181818181818182,0.7188571428571429,2,0,2.475625,0.1685,Low,Medium,Standard lifecycle communication
C100128,41,Month-to-month,Premium,68.24,12,2,0,Card,1,0.43,0,0.14634146341463417,0.6862857142857143,2,0,5.249230769230769,0.6008,High,Medium,Retention offer / contract upgrade
C102763,16,One year,Premium,67.18,12,0,0,Card,0,0.81,0,0.0,0.8382857142857143,0,0,5.167692307692308,0.2934,Medium,High,Feature-adoption nudge
C104089,26,Two year,Basic,27.49,17,3,0,Wallet,1,0.38,0,0.3461538461538462,0.8805714285714286,3,0,1.527222222222222,0.1597,Low,High,Standard lifecycle communication
C105400,50,Month-to-month,Premium,81.36,13,2,0,Wallet,1,0.68,1,0.12,0.8291428571428572,2,0,5.811428571428571,0.4568,Medium,High,Feature-adoption nudge
C104007,53,Month-to-month,Premium,71.11,10,2,0,Card,0,0.18,0,0.11320754716981131,0.5005714285714286,2,0,6.464545454545455,0.6542,High,Low,Win-back outreach + onboarding re-engagement
C104768,70,One year,Basic,24.71,21,0,0,Wallet,1,0.35,0,0.0,1.0399999999999998,0,0,1.1231818181818183,0.0227,Low,High,Standard lifecycle communication
C102608,20,One year,Standard,50.65,10,1,0,Bank transfer,1,0.49,0,0.15,0.6245714285714286,1,0,4.6045454545454545,0.3248,Medium,Low,Feature-adoption nudge
C104113,23,One year,Standard,50.55,15,1,0,Cash,0,0.5,0,0.13043478260869565,0.8428571428571427,1,0,3.159375,0.386,Medium,High,Feature-adoption nudge
C105774,47,Two year,Standard,50.82,17,0,0,Card,0,0.18,0,0.0,0.8005714285714285,0,0,2.8233333333333333,0.0655,Low,High,Standard lifecycle communication
C102559,21,Month-to-month,Basic,18.63,13,2,2,Bank transfer,0,0.37,1,0.2857142857142857,0.7051428571428572,6,0,1.3307142857142857,0.8395,High,Medium,Retention offer / contract upgrade
C103266,36,Two year,Basic,23.07,11,0,0,Wallet,0,0.53,0,0.0,0.6834285714285715,0,0,1.9225,0.0693,Low,Medium,Standard lifecycle communication
C105499,1,Month-to-month,Basic,38.03,14,3,0,Card,1,0.17,0,3.0,0.6679999999999999,3,1,2.5353333333333334,0.8774,High,Medium,Retention offer / contract upgrade
C106576,1,One year,Standard,39.66,23,0,1,Card,0,0.53,0,0.0,1.1977142857142857,2,1,1.6524999999999999,0.3495,Medium,High,Feature-adoption nudge
C102771,22,Month-to-month,Basic,27.76,10,3,0,Wallet,0,0.63,0,0.4090909090909091,0.6805714285714286,3,0,2.523636363636364,0.7414,High,Medium,Retention offer / contract upgrade
C103655,71,One year,Standard,49.49,17,3,0,Wallet,0,0.25,0,0.1267605633802817,0.8285714285714285,3,0,2.7494444444444444,0.1019,Low,High,Standard lifecycle communication
C104666,39,One year,Basic,26.43,14,1,1,Bank transfer,0,0.37,0,0.07692307692307693,0.748,3,0,1.762,0.2377,Low,Medium,Standard lifecycle communication
C106113,20,One year,Basic,24.24,10,4,0,Card,0,0.19,1,0.6,0.5045714285714286,4,0,2.2036363636363636,0.6192,High,Low,Win-back outreach + onboarding re-engagement
C104288,23,One year,Standard,49.0,11,0,0,Card,1,0.48,0,0.0,0.6634285714285715,0,0,4.083333333333333,0.2375,Low,Medium,Standard lifecycle communication
C103487,68,Two year,Basic,,16,2,1,Card,0,0.1,0,0.08823529411764705,0.7257142857142856,4,0,,0.0937,Low,Medium,Standard lifecycle communication
C106503,46,Month-to-month,Standard,43.65,14,3,2,Card,0,0.69,1,0.19565217391304346,0.8759999999999999,7,0,2.9099999999999997,0.6757,High,High,Retention offer / contract upgrade
C105017,1,Two year,Premium,67.08,8,0,0,Card,0,0.27,0,0.0,0.45085714285714285,0,1,7.453333333333333,0.4657,Medium,Low,Feature-adoption nudge
C105893,29,Month-to-month,Standard,50.48,5,3,2,Card,1,0.77,0,0.3103448275862069,0.5222857142857144,7,0,8.413333333333332,0.8638,High,Low,Win-back outreach + onboarding re-engagement
C100696,48,Two year,Basic,33.9,12,0,0,Card,0,0.2,0,0.0,0.5942857142857143,0,0,2.6076923076923078,0.0759,Low,Low,Standard lifecycle communication
C100975,42,Month-to-month,Standard,46.83,10,1,1,Card,0,0.53,0,0.07142857142857142,0.6405714285714286,3,0,4.257272727272727,0.6018,High,Medium,Retention offer / contract upgrade
C107384,29,One year,Standard,48.72,13,1,0,Wallet,0,0.51,0,0.10344827586206898,0.7611428571428571,1,0,3.48,0.2428,Low,Medium,Standard lifecycle communication
C103255,19,Month-to-month,Basic,26.19,8,1,1,Bank transfer,0,0.65,1,0.15789473684210528,0.6028571428571428,3,0,2.91,0.754,High,Low,Win-back outreach + onboarding re-engagement
C102835,24,One year,Premium,73.79,10,4,1,Card,1,0.52,0,0.5,0.6365714285714286,6,0,6.708181818181819,0.673,High,Medium,Retention offer / contract upgrade
C107765,11,Month-to-month,Standard,44.72,15,0,1,Bank transfer,0,0.31,1,0.0,0.7668571428571428,2,0,2.795,0.7811,High,Medium,Retention offer / contract upgrade
C105290,18,Month-to-month,Standard,48.74,7,1,1,Card,0,0.32,0,0.16666666666666666,0.428,3,0,6.0925,0.8684,High,Low,Win-back outreach + onboarding re-engagement
C107798,43,Two year,Premium,63.87,9,1,1,Card,1,0.54,0,0.06976744186046512,0.6017142857142858,3,0,6.387,0.1454,Low,Low,Standard lifecycle communication
C101672,72,Month-to-month,Premium,84.62,9,2,0,Card,1,0.75,1,0.08333333333333333,0.6857142857142857,2,0,8.462,0.3199,Medium,Medium,Feature-adoption nudge
C105199,4,Two year,Standard,56.84,11,1,0,Card,1,0.09,1,0.75,0.5074285714285715,1,1,4.736666666666667,0.4075,Medium,Low,Feature-adoption nudge
C107035,12,One year,Premium,75.86,11,4,0,Bank transfer,1,0.6,0,1.0,0.7114285714285714,4,0,6.321666666666666,0.6385,High,Medium,Retention offer / contract upgrade
C104941,20,One year,Premium,84.12,12,1,2,Cash,0,0.14,0,0.15,0.5702857142857143,5,0,6.470769230769231,0.8376,High,Low,Win-back outreach + onboarding re-engagement
C102956,8,Two year,Standard,51.44,16,1,1,Bank transfer,0,0.3,0,0.375,0.8057142857142856,3,0,3.0258823529411765,0.3733,Medium,High,Feature-adoption nudge
C106578,30,Two year,Basic,29.94,17,3,0,Bank transfer,1,0.57,0,0.3,0.9565714285714285,3,0,1.6633333333333333,0.1186,Low,High,Standard lifecycle communication
C107063,50,Month-to-month,Basic,22.47,15,2,1,Wallet,0,0.06,0,0.12,0.6668571428571428,4,0,1.404375,0.5965,High,Medium,Retention offer / contract upgrade
C102154,58,One year,Standard,34.68,14,1,0,Card,0,0.52,0,0.05172413793103449,0.808,1,0,2.312,0.0718,Low,High,Standard lifecycle communication
C104164,19,One year,Standard,46.54,17,3,1,Bank transfer,0,0.34,0,0.4736842105263158,0.8645714285714285,5,0,2.5855555555555556,0.5453,High,High,Retention offer / contract upgrade
C107149,48,One year,Standard,41.7,19,1,1,Card,1,0.51,0,0.0625,1.0182857142857142,3,0,2.085,0.107,Low,High,Standard lifecycle communication
C100682,29,Month-to-month,Basic,23.0,16,4,0,Wallet,0,0.69,0,0.4137931034482759,0.9617142857142855,4,0,1.3529411764705883,0.6342,High,High,Retention offer / contract upgrade
C104263,8,Month-to-month,Standard,40.89,13,2,0,Bank transfer,1,0.41,0,0.75,0.7211428571428572,2,0,2.920714285714286,0.77,High,Medium,Retention offer / contract upgrade
C100950,60,Two year,Standard,42.68,11,0,0,Card,0,0.15,0,0.0,0.5314285714285714,0,0,3.5566666666666666,0.0514,Low,Low,Standard lifecycle communication
C107639,14,Month-to-month,Basic,20.07,15,2,3,Card,0,0.24,1,0.42857142857142855,0.7388571428571428,8,0,1.254375,0.9214,High,Medium,Retention offer / contract upgrade
C103309,42,Two year,Standard,41.56,15,0,2,Bank transfer,0,0.86,0,0.0,0.9868571428571429,4,0,2.5975,0.0732,Low,High,Standard lifecycle communication
C104852,25,Two year,Standard,39.65,16,4,1,Card,0,0.39,0,0.48,0.8417142857142856,6,0,2.3323529411764703,0.3531,Medium,High,Proactive support follow-up
C107668,69,One year,Basic,30.94,11,3,1,Bank transfer,0,0.41,0,0.13043478260869565,0.6354285714285715,5,0,2.5783333333333336,0.1669,Low,Medium,Standard lifecycle communication
C102594,19,One year,Basic,20.25,17,2,0,Bank transfer,0,0.19,0,0.31578947368421056,0.8045714285714285,2,0,1.125,0.3662,Medium,High,Feature-adoption nudge
C107793,7,Month-to-month,Premium,62.31,16,0,0,Bank transfer,0,0.34,1,0.0,0.8217142857142856,0,0,3.665294117647059,0.7613,High,High,Retention offer / contract upgrade
C106874,28,One year,Basic,21.57,19,2,1,Wallet,0,0.41,0,0.21428571428571427,0.9782857142857143,4,0,1.0785,0.2961,Medium,High,Feature-adoption nudge
C106547,15,One year,Basic,15.99,22,3,1,Bank transfer,1,0.45,0,0.6,1.1228571428571428,5,0,0.6952173913043478,0.356,Medium,High,Proactive support follow-up
C104981,26,One year,Basic,34.31,18,2,0,Wallet,0,0.57,0,0.23076923076923078,0.9994285714285714,2,0,1.8057894736842106,0.2417,Low,High,Standard lifecycle communication
C101020,38,Two year,Standard,51.3,18,1,0,Wallet,0,0.77,0,0.07894736842105264,1.0794285714285716,1,0,2.6999999999999997,0.0547,Low,High,Standard lifecycle communication
C104657,55,Month-to-month,Basic,25.97,9,1,0,Cash,0,0.89,1,0.05454545454545455,0.7417142857142858,1,0,2.597,0.3498,Medium,Medium,Feature-adoption nudge
C103573,15,One year,Basic,,10,1,0,Card,1,0.08,1,0.2,0.4605714285714285,1,0,,0.5185,High,Low,Win-back outreach + onboarding re-engagement
C103464,33,Month-to-month,Basic,15.87,14,1,0,Bank transfer,1,0.33,0,0.09090909090909091,0.732,1,0,1.058,0.4466,Medium,Medium,Feature-adoption nudge
C102923,40,Month-to-month,Basic,26.81,12,0,1,Bank transfer,1,0.6,0,0.0,0.7542857142857142,2,0,2.062307692307692,0.4007,Medium,Medium,Feature-adoption nudge
C106602,45,One year,Basic,,18,2,0,Card,1,0.81,0,0.13333333333333333,1.0954285714285716,2,0,,0.0996,Low,High,Standard lifecycle communication
C107091,21,Two year,Standard,48.61,17,2,0,Bank transfer,1,0.32,0,0.2857142857142857,0.8565714285714285,2,0,2.7005555555555554,0.18,Low,High,Standard lifecycle communication
C102493,48,One year,Basic,21.57,14,3,0,Card,1,0.08,0,0.1875,0.632,3,0,1.438,0.2191,Low,Low,Standard lifecycle communication
C107210,5,Month-to-month,Standard,46.07,14,0,1,Wallet,0,0.37,0,0.0,0.748,2,1,3.0713333333333335,0.8105,High,Medium,Retention offer / contract upgrade
C102770,71,Month-to-month,Basic,34.51,10,1,0,Bank transfer,0,0.63,0,0.04225352112676056,0.6805714285714286,1,0,3.137272727272727,0.2035,Low,Medium,Standard lifecycle communication
C101145,67,Month-to-month,Basic,19.17,18,1,0,Card,1,0.45,0,0.04477611940298508,0.9514285714285715,1,0,1.0089473684210528,0.1332,Low,High,Standard lifecycle communication
C101764,67,Month-to-month,Basic,17.8,9,0,0,Wallet,0,0.27,0,0.0,0.49371428571428577,0,0,1.78,0.2183,Low,Low,Standard lifecycle communication
C102669,39,One year,Basic,24.29,13,1,0,Card,0,0.34,0,0.07692307692307693,0.6931428571428572,1,0,1.7349999999999999,0.1859,Low,Medium,Standard lifecycle communication
C107592,13,Month-to-month,Premium,73.7,8,0,0,Card,1,0.49,0,0.0,0.5388571428571428,0,0,8.18888888888889,0.7839,High,Low,Win-back outreach + onboarding re-engagement
C105438,13,Month-to-month,Standard,41.23,14,7,0,Wallet,1,0.63,1,1.6153846153846154,0.852,7,0,2.7486666666666664,0.885,High,High,Retention offer / contract upgrade
C107825,57,One year,Basic,17.14,19,2,2,Wallet,0,0.28,0,0.10526315789473684,0.9262857142857143,6,0,0.857,0.1783,Low,High,Standard lifecycle communication
C103852,48,Month-to-month,Premium,80.68,14,0,2,Wallet,0,0.17,1,0.0,0.6679999999999999,4,0,5.378666666666667,0.7212,High,Medium,Retention offer / contract upgrade
C102191,42,One year,Premium,70.07,18,0,1,Cash,0,0.17,0,0.0,0.8394285714285714,2,0,3.687894736842105,0.3545,Medium,High,Feature-adoption nudge
C103892,50,Two year,Basic,20.51,8,2,1,Bank transfer,0,0.26,0,0.12,0.44685714285714284,4,0,2.278888888888889,0.1552,Low,Low,Standard lifecycle communication
C106097,38,Month-to-month,Basic,21.55,9,2,0,Card,1,0.45,0,0.15789473684210528,0.5657142857142857,2,0,2.1550000000000002,0.5377,High,Low,Win-back outreach + onboarding re-engagement
C102053,52,One year,Basic,24.97,11,1,1,Wallet,0,0.37,0,0.057692307692307696,0.6194285714285714,3,0,2.080833333333333,0.175,Low,Low,Standard lifecycle communication
C105315,27,Month-to-month,Standard,43.69,14,1,0,Bank transfer,0,0.43,1,0.1111111111111111,0.772,1,0,2.9126666666666665,0.5932,High,Medium,Retention offer / contract upgrade
C102847,50,Month-to-month,Standard,47.91,9,2,1,Wallet,1,0.79,0,0.12,0.7017142857142857,4,0,4.7909999999999995,0.4651,Medium,Medium,Feature-adoption nudge
C105466,61,Month-to-month,Standard,50.75,6,0,1,Wallet,0,0.74,0,0.0,0.5531428571428572,2,0,7.25,0.3539,Medium,Low,Feature-adoption nudge
C103672,55,Month-to-month,Standard,48.82,10,2,0,Bank transfer,0,0.22,1,0.1090909090909091,0.5165714285714286,2,0,4.4381818181818184,0.5314,High,Low,Win-back outreach + onboarding re-engagement
C106184,58,One year,Standard,49.3,10,0,0,Card,0,0.34,0,0.0,0.5645714285714285,0,0,4.4818181818181815,0.1063,Low,Low,Standard lifecycle communication
C102828,48,One year,Basic,30.36,9,0,0,Card,0,0.69,0,0.0,0.6617142857142857,0,0,3.036,0.0982,Low,Medium,Standard lifecycle communication
C107594,12,Month-to-month,Premium,79.79,9,0,0,Bank transfer,0,0.54,1,0.0,0.6017142857142858,0,0,7.979000000000001,0.8125,High,Low,Win-back outreach + onboarding re-engagement
C100761,3,One year,Standard,49.26,10,0,1,Wallet,0,0.45,0,0.0,0.6085714285714285,2,1,4.478181818181818,0.5684,High,Low,Win-back outreach + onboarding re-engagement
C107383,9,Two year,Standard,42.15,13,1,1,Cash,0,0.31,0,0.3333333333333333,0.6811428571428572,3,0,3.0107142857142857,0.4909,Medium,Medium,Feature-adoption nudge
C103096,27,Month-to-month,Standard,41.48,11,0,2,Wallet,0,0.11,1,0.0,0.5154285714285715,4,0,3.4566666666666666,0.8128,High,Low,Win-back outreach + onboarding re-engagement
C106057,32,Two year,Basic,26.6,13,0,0,Wallet,0,0.6,0,0.0,0.7971428571428572,0,0,1.9000000000000001,0.0703,Low,Medium,Standard lifecycle communication
C100730,35,Month-to-month,Standard,55.92,12,0,0,Bank transfer,0,0.21,0,0.0,0.5982857142857142,0,0,4.3015384615384615,0.5915,High,Low,Win-back outreach + onboarding re-engagement
C101817,5,Month-to-month,Basic,32.65,8,0,0,Card,0,0.71,1,0.0,0.6268571428571428,0,1,3.6277777777777778,0.7351,High,Low,Win-back outreach + onboarding re-engagement
C101240,58,Two year,Basic,24.25,15,0,0,Card,0,0.27,0,0.0,0.7508571428571428,0,0,1.515625,0.0346,Low,Medium,Standard lifecycle communication
C101369,6,One year,Standard,48.27,17,0,1,Bank transfer,0,0.75,0,0.0,1.0285714285714285,2,1,2.6816666666666666,0.3409,Medium,High,Feature-adoption nudge
C103099,8,One year,Premium,62.49,12,0,1,Card,1,0.63,0,0.0,0.7662857142857142,2,0,4.806923076923077,0.4484,Medium,Medium,Feature-adoption nudge
C104656,51,Month-to-month,Standard,51.33,9,1,0,Bank transfer,0,0.61,0,0.058823529411764705,0.6297142857142857,1,0,5.133,0.4083,Medium,Low,Feature-adoption nudge
C101882,48,Month-to-month,Standard,51.9,10,2,0,Card,0,0.48,1,0.125,0.6205714285714286,2,0,4.718181818181818,0.5458,High,Low,Win-back outreach + onboarding re-engagement
C102050,69,One year,Premium,86.59,14,1,0,Card,1,0.23,0,0.043478260869565216,0.692,1,0,5.772666666666667,0.113,Low,Medium,Standard lifecycle communication
C104391,12,Two year,Basic,20.01,14,1,0,Bank transfer,0,0.14,0,0.25,0.656,1,0,1.334,0.2531,Medium,Medium,Feature-adoption nudge
C106344,1,Month-to-month,Premium,74.18,9,3,0,Card,0,0.52,1,3.0,0.5937142857142857,3,1,7.418000000000001,0.9202,High,Low,Win-back outreach + onboarding re-engagement
C106851,68,Month-to-month,Standard,41.1,11,2,1,Card,1,0.26,0,0.08823529411764705,0.5754285714285714,4,0,3.4250000000000003,0.4011,Medium,Low,Feature-adoption nudge
C100636,58,One year,Premium,67.48,15,2,0,Cash,0,0.07,0,0.10344827586206898,0.6708571428571428,2,0,4.2175,0.3035,Medium,Medium,Feature-adoption nudge
C107418,50,One year,Premium,75.27,18,0,0,Wallet,0,0.31,0,0.0,0.8954285714285715,0,0,3.961578947368421,0.1249,Low,High,Standard lifecycle communication
C107489,35,Month-to-month,Premium,75.19,11,2,0,Wallet,1,0.16,1,0.17142857142857143,0.5354285714285714,2,0,6.265833333333333,0.7528,High,Low,Win-back outreach + onboarding re-engagement
C106831,9,Month-to-month,Standard,37.53,14,2,0,Card,0,0.14,1,0.6666666666666666,0.656,2,0,2.5020000000000002,0.84,High,Medium,Retention offer / contract upgrade
C105794,47,One year,Premium,72.38,11,1,2,Card,1,0.29,0,0.06382978723404256,0.5874285714285714,5,0,6.031666666666666,0.3923,Medium,Low,Feature-adoption nudge
C101261,40,One year,Premium,69.72,16,1,2,Wallet,0,0.27,0,0.075,0.7937142857142856,5,0,4.101176470588236,0.4169,Medium,Medium,Feature-adoption nudge
C101651,58,Month-to-month,Premium,74.61,9,0,0,Wallet,1,0.7,0,0.0,0.6657142857142857,0,0,7.461,0.2841,Medium,Medium,Feature-adoption nudge
C106976,66,Month-to-month,Basic,27.26,15,1,0,Card,1,0.13,0,0.045454545454545456,0.6948571428571428,1,0,1.70375,0.2436,Low,Medium,Standard lifecycle communication
C101777,46,Month-to-month,Basic,29.83,13,1,0,Card,0,0.85,0,0.06521739130434782,0.8971428571428572,1,0,2.130714285714286,0.302,Medium,High,Feature-adoption nudge
C102333,22,One year,Standard,46.68,16,2,1,Wallet,0,0.07,0,0.27272727272727276,0.7137142857142856,4,0,2.7458823529411767,0.5431,High,Medium,Retention offer / contract upgrade
C101224,28,Month-to-month,Standard,54.82,11,2,0,Card,0,0.27,0,0.21428571428571427,0.5794285714285714,2,0,4.568333333333333,0.7746,High,Low,Win-back outreach + onboarding re-engagement
C103723,68,Two year,Standard,42.22,21,1,0,Card,0,0.18,0,0.044117647058823525,0.9719999999999999,1,0,1.919090909090909,0.0267,Low,High,Standard lifecycle communication
C107557,60,Month-to-month,Basic,34.62,6,0,1,Wallet,0,0.6,0,0.0,0.4971428571428571,2,0,4.945714285714286,0.3808,Medium,Low,Feature-adoption nudge
C101321,16,One year,Standard,48.79,14,1,0,Card,0,0.18,1,0.1875,0.6719999999999999,1,0,3.252666666666667,0.4481,Medium,Medium,Feature-adoption nudge
C104072,55,Month-to-month,Basic,19.73,6,1,0,Card,0,0.31,0,0.05454545454545455,0.3811428571428571,1,0,2.8185714285714285,0.4324,Medium,Low,Feature-adoption nudge
C107425,47,Month-to-month,Standard,34.85,8,1,0,Card,0,0.12,0,0.06382978723404256,0.3908571428571428,1,0,3.8722222222222222,0.5568,High,Low,Win-back outreach + onboarding re-engagement
C102865,55,Month-to-month,Premium,84.02,13,0,0,Bank transfer,0,0.41,0,0.0,0.7211428571428572,0,0,6.001428571428571,0.4165,Medium,Medium,Feature-adoption nudge
C104093,14,One year,Standard,53.33,12,2,1,Cash,0,0.56,1,0.42857142857142855,0.7382857142857142,4,0,4.102307692307692,0.6775,High,Medium,Retention offer / contract upgrade
C102673,46,Two year,Premium,66.61,14,0,0,Card,0,0.59,0,0.0,0.836,0,0,4.440666666666667,0.0612,Low,High,Standard lifecycle communication
C104652,71,Month-to-month,Basic,29.65,18,0,0,Wallet,0,0.55,0,0.0,0.9914285714285715,0,0,1.5605263157894735,0.1073,Low,High,Standard lifecycle communication
C100259,25,Month-to-month,Standard,54.78,7,0,0,Wallet,0,0.75,1,0.0,0.6000000000000001,0,0,6.8475,0.6047,High,Low,Win-back outreach + onboarding re-engagement
C103247,49,Month-to-month,Premium,69.32,7,2,0,Wallet,0,0.72,0,0.12244897959183675,0.588,2,0,8.665,0.5677,High,Low,Win-back outreach + onboarding re-engagement
C107283,46,Month-to-month,Basic,31.51,11,1,0,Bank transfer,1,0.67,0,0.06521739130434782,0.7394285714285714,1,0,2.6258333333333335,0.3254,Medium,Medium,Feature-adoption nudge
C104160,18,Month-to-month,Basic,19.97,20,0,0,Card,1,0.65,0,0.0,1.117142857142857,0,0,0.9509523809523809,0.3744,Medium,High,Feature-adoption nudge
C103417,7,One year,Standard,44.74,13,2,0,Bank transfer,0,0.75,0,0.8571428571428571,0.8571428571428572,2,0,3.1957142857142857,0.409,Medium,High,Feature-adoption nudge
C101319,6,Two year,Basic,19.09,12,2,0,Card,0,0.75,0,1.0,0.8142857142857143,2,1,1.4684615384615385,0.2171,Low,High,Standard lifecycle communication
C106635,7,One year,Basic,24.13,13,3,0,Wallet,0,0.56,0,1.2857142857142856,0.7811428571428571,3,0,1.7235714285714285,0.4925,Medium,Medium,Proactive support follow-up
C101806,54,Month-to-month,Basic,20.51,13,1,1,Bank transfer,0,0.24,0,0.05555555555555555,0.6531428571428571,3,0,1.465,0.454,Medium,Medium,Feature-adoption nudge
C105730,30,Month-to-month,Premium,74.56,8,2,1,Wallet,0,0.53,0,0.2,0.5548571428571428,4,0,8.284444444444444,0.846,High,Low,Win-back outreach + onboarding re-engagement
C106715,54,Two year,Premium,68.73,16,1,1,Card,1,0.33,0,0.05555555555555555,0.8177142857142856,3,0,4.042941176470588,0.088,Low,High,Standard lifecycle communication
C102425,51,Month-to-month,Premium,68.74,15,0,0,Card,1,0.2,0,0.0,0.7228571428571429,0,0,4.29625,0.3859,Medium,Medium,Feature-adoption nudge
C105273,18,Month-to-month,Basic,29.2,11,0,1,Cash,1,0.48,1,0.0,0.6634285714285715,2,0,2.433333333333333,0.776,High,Medium,Retention offer / contract upgrade
C104454,65,Month-to-month,Standard,41.23,8,1,0,Card,0,0.8,0,0.04615384615384615,0.6628571428571428,1,0,4.5811111111111105,0.225,Low,Medium,Standard lifecycle communication
C107208,47,Month-to-month,Standard,53.07,8,2,1,Card,0,0.72,0,0.12765957446808512,0.6308571428571428,4,0,5.8966666666666665,0.6234,High,Low,Win-back outreach + onboarding re-engagement
C103178,29,Month-to-month,Premium,76.3,18,1,0,Card,0,0.29,0,0.10344827586206898,0.8874285714285715,1,0,4.015789473684211,0.6801,High,High,Retention offer / contract upgrade
C104389,65,Two year,Basic,32.01,11,2,1,Card,1,0.17,0,0.0923076923076923,0.5394285714285714,4,0,2.6675,0.0869,Low,Low,Standard lifecycle communication
C101714,4,One year,Standard,43.56,14,0,0,Bank transfer,0,0.75,0,0.0,0.9,0,1,2.9040000000000004,0.2906,Medium,High,Feature-adoption nudge
C107402,55,Two year,Standard,48.69,14,0,1,Card,0,0.6,0,0.0,0.84,2,0,3.246,0.0502,Low,High,Standard lifecycle communication
C102335,62,Two year,Premium,74.83,12,2,1,Card,1,0.76,0,0.0967741935483871,0.8182857142857143,4,0,5.756153846153846,0.0721,Low,High,Standard lifecycle communication
C100905,59,One year,Premium,93.65,13,2,0,Card,1,0.38,0,0.10169491525423728,0.7091428571428572,2,0,6.689285714285715,0.2022,Low,Medium,Standard lifecycle communication
C107672,62,Month-to-month,Basic,24.9,12,1,1,Card,0,0.12,0,0.04838709677419355,0.5622857142857143,3,0,1.9153846153846152,0.4541,Medium,Low,Feature-adoption nudge
C104066,64,Month-to-month,Basic,,13,3,0,Wallet,1,0.72,0,0.140625,0.8451428571428572,3,0,,0.2915,Medium,High,Proactive support follow-up
C106586,21,Two year,Premium,76.04,19,1,0,Card,0,0.26,1,0.14285714285714285,0.9182857142857143,1,0,3.8020000000000005,0.2347,Low,High,Standard lifecycle communication
C102877,37,Month-to-month,Basic,24.43,9,4,1,Wallet,0,0.49,0,0.3243243243243243,0.5817142857142857,6,0,2.443,0.792,High,Low,Win-back outreach + onboarding re-engagement
C106858,5,Month-to-month,Basic,29.25,13,3,0,Wallet,1,0.63,1,1.7999999999999998,0.8091428571428572,3,1,2.0892857142857144,0.7675,High,High,Retention offer / contract upgrade
C101856,44,Month-to-month,Premium,75.23,13,1,0,Wallet,0,0.55,1,0.06818181818181819,0.7771428571428571,1,0,5.373571428571429,0.5162,High,Medium,Retention offer / contract upgrade
C102294,60,One year,Premium,72.6,10,1,0,Wallet,1,0.31,0,0.05,0.5525714285714285,1,0,6.6,0.1407,Low,Low,Standard lifecycle communication
C106909,26,One year,Premium,82.5,14,0,1,Wallet,0,0.18,0,0.0,0.6719999999999999,2,0,5.5,0.4947,Medium,Medium,Feature-adoption nudge
C104617,8,Month-to-month,Basic,18.6,10,1,1,Bank transfer,0,0.41,1,0.375,0.5925714285714285,3,0,1.6909090909090911,0.8312,High,Low,Win-back outreach + onboarding re-engagement
C101628,54,Month-to-month,Premium,75.93,15,1,0,Wallet,1,0.32,0,0.05555555555555555,0.7708571428571428,1,0,4.745625,0.4034,Medium,Medium,Feature-adoption nudge
C104088,32,Month-to-month,Premium,76.83,15,1,0,Wallet,0,0.3,1,0.09375,0.7628571428571428,1,0,4.801875,0.6811,High,Medium,Retention offer / contract upgrade
C105185,20,Month-to-month,Standard,47.47,4,1,1,Bank transfer,0,0.21,1,0.15,0.2554285714285714,3,0,9.494,0.8947,High,Low,Win-back outreach + onboarding re-engagement
C101178,55,One year,Basic,23.83,16,0,0,Card,1,0.54,0,0.0,0.9017142857142857,0,0,1.4017647058823528,0.0448,Low,High,Standard lifecycle communication
C107679,60,Two year,Basic,25.21,20,3,0,Card,0,0.81,0,0.15,1.181142857142857,3,0,1.2004761904761905,0.0294,Low,High,Standard lifecycle communication
C103728,62,Month-to-month,Premium,84.31,7,1,1,Card,0,0.26,0,0.04838709677419355,0.404,3,0,10.53875,0.6846,High,Low,Win-back outreach + onboarding re-engagement
C104844,24,One year,Standard,36.29,7,0,0,Bank transfer,0,0.28,0,0.0,0.41200000000000003,0,0,4.53625,0.3238,Medium,Low,Feature-adoption nudge
C101750,66,Month-to-month,Standard,47.19,15,0,0,Cash,0,0.17,0,0.0,0.7108571428571429,0,0,2.949375,0.3382,Medium,Medium,Feature-adoption nudge
C101454,14,One year,Basic,20.48,12,2,1,Card,1,0.26,0,0.42857142857142855,0.6182857142857142,4,0,1.5753846153846154,0.524,High,Low,Win-back outreach + onboarding re-engagement
C107077,2,Month-to-month,Standard,37.77,8,3,0,Wallet,0,0.7,1,3.0,0.6228571428571428,3,1,4.196666666666667,0.8328,High,Low,Win-back outreach + onboarding re-engagement
C105107,62,Month-to-month,Basic,31.85,12,0,0,Card,0,0.43,1,0.0,0.6862857142857143,0,0,2.45,0.239,Low,Medium,Standard lifecycle communication
C103732,40,Two year,Premium,69.81,20,0,1,Wallet,0,0.62,0,0.0,1.105142857142857,2,0,3.3242857142857143,0.0774,Low,High,Standard lifecycle communication
C100869,68,Month-to-month,Standard,40.2,19,0,0,Cash,1,0.17,0,0.0,0.8822857142857143,0,0,2.0100000000000002,0.211,Low,High,Standard lifecycle communication
C101432,56,Month-to-month,Premium,74.79,9,1,1,Cash,0,0.73,0,0.05357142857142857,0.6777142857142857,3,0,7.479000000000001,0.6356,High,Medium,Retention offer / contract upgrade
C105988,46,Month-to-month,Standard,44.83,18,1,2,Card,0,0.65,0,0.06521739130434782,1.0314285714285716,5,0,2.3594736842105264,0.499,Medium,High,Feature-adoption nudge
C103196,38,One year,Premium,62.37,17,0,0,Bank transfer,0,0.15,0,0.0,0.7885714285714285,0,0,3.465,0.199,Low,Medium,Standard lifecycle communication
C101638,9,Month-to-month,Standard,41.46,11,1,0,Wallet,0,0.47,1,0.3333333333333333,0.6594285714285715,1,0,3.455,0.7647,High,Medium,Retention offer / contract upgrade
C107894,35,Month-to-month,Basic,29.98,16,2,1,Bank transfer,0,0.2,0,0.17142857142857143,0.7657142857142856,4,0,1.763529411764706,0.7105,High,Medium,Retention offer / contract upgrade
C106637,31,Month-to-month,Basic,20.28,8,1,2,Wallet,1,0.39,0,0.0967741935483871,0.49885714285714283,5,0,2.2533333333333334,0.7399,High,Low,Win-back outreach + onboarding re-engagement
C102708,48,One year,Standard,40.49,13,0,2,Card,1,0.85,0,0.0,0.8971428571428572,4,0,2.8921428571428573,0.1116,Low,High,Standard lifecycle communication
C102446,58,Two year,Premium,70.91,13,0,0,Wallet,0,0.81,0,0.0,0.8811428571428572,0,0,5.0649999999999995,0.0319,Low,High,Standard lifecycle communication
C100897,40,Month-to-month,Premium,69.36,12,2,1,Cash,0,0.24,1,0.15,0.6102857142857142,4,0,5.335384615384616,0.8576,High,Low,Win-back outreach + onboarding re-engagement
C104744,14,One year,Basic,34.55,18,1,1,Bank transfer,0,0.46,0,0.21428571428571427,0.9554285714285715,3,0,1.8184210526315787,0.4078,Medium,High,Feature-adoption nudge
C104606,31,One year,Premium,78.5,11,1,1,Wallet,0,0.67,0,0.0967741935483871,0.7394285714285714,3,0,6.541666666666667,0.3975,Medium,Medium,Feature-adoption nudge
C102106,24,Month-to-month,Standard,50.72,10,6,0,Cash,0,0.23,1,0.75,0.5205714285714286,6,0,4.61090909090909,0.9532,High,Low,Win-back outreach + onboarding re-engagement
C104287,23,Month-to-month,Basic,25.97,5,3,2,Wallet,0,0.72,1,0.3913043478260869,0.5022857142857142,7,0,4.328333333333333,0.8848,High,Low,Win-back outreach + onboarding re-engagement
C102398,6,Month-to-month,Basic,26.96,11,2,0,Bank transfer,1,0.27,1,1.0,0.5794285714285714,2,1,2.2466666666666666,0.8134,High,Low,Win-back outreach + onboarding re-engagement
C102371,58,Month-to-month,Standard,44.84,15,2,1,Card,0,0.88,0,0.10344827586206898,0.9948571428571429,4,0,2.8025,0.3248,Medium,High,Feature-adoption nudge
C100937,33,Month-to-month,Premium,66.53,6,0,0,Wallet,1,0.26,1,0.0,0.3611428571428571,0,0,9.504285714285714,0.6784,High,Low,Win-back outreach + onboarding re-engagement
C106228,70,Month-to-month,Standard,43.1,18,2,2,Card,1,0.28,1,0.08571428571428572,0.8834285714285715,6,0,2.268421052631579,0.3826,Medium,High,Feature-adoption nudge
C100818,43,Two year,Basic,21.84,19,3,1,Bank transfer,1,0.59,0,0.20930232558139533,1.0502857142857143,5,0,1.092,0.0849,Low,High,Standard lifecycle communication
C104399,15,Month-to-month,Premium,75.95,9,4,1,Cash,0,0.55,1,0.8,0.6057142857142858,6,0,7.595000000000001,0.9636,High,Low,Win-back outreach + onboarding re-engagement
C100163,67,Month-to-month,Standard,49.21,9,0,0,Card,1,0.32,0,0.0,0.5137142857142858,0,0,4.921,0.2394,Low,Low,Standard lifecycle communication
C106312,70,Month-to-month,Standard,39.29,7,1,1,Cash,1,0.16,1,0.04285714285714286,0.364,3,0,4.91125,0.5117,High,Low,Win-back outreach + onboarding re-engagement
C104851,16,Two year,Standard,64.4,13,2,1,Bank transfer,0,0.18,0,0.375,0.6291428571428571,4,0,4.6000000000000005,0.4979,Medium,Low,Feature-adoption nudge
C100440,55,Month-to-month,Standard,50.42,10,1,0,Card,1,0.88,0,0.05454545454545455,0.7805714285714286,1,0,4.583636363636364,0.245,Low,Medium,Standard lifecycle communication
C106116,71,Month-to-month,Premium,74.66,21,2,0,Card,1,0.34,0,0.08450704225352113,1.036,2,0,3.3936363636363636,0.2403,Low,High,Standard lifecycle communication
C106316,72,Month-to-month,Standard,55.25,12,0,1,Card,0,0.72,0,0.0,0.8022857142857143,2,0,4.25,0.2112,Low,High,Standard lifecycle communication
C103423,35,Month-to-month,Standard,43.03,10,1,1,Card,0,0.39,0,0.08571428571428572,0.5845714285714285,3,0,3.911818181818182,0.6913,High,Low,Win-back outreach + onboarding re-engagement
C103168,12,One year,Premium,85.27,19,1,1,Cash,0,0.13,0,0.25,0.8662857142857143,3,0,4.2635,0.7541,High,High,Retention offer / contract upgrade
C102625,7,Month-to-month,Standard,50.82,7,0,1,Bank transfer,1,0.42,0,0.0,0.46799999999999997,2,0,6.3525,0.8466,High,Low,Win-back outreach + onboarding re-engagement
C100560,62,Two year,Basic,17.92,16,2,0,Cash,1,0.76,0,0.0967741935483871,0.9897142857142857,2,0,1.0541176470588236,0.0307,Low,High,Standard lifecycle communication
C100386,23,Month-to-month,Premium,71.36,12,0,0,Card,0,0.52,1,0.0,0.7222857142857142,0,0,5.489230769230769,0.6754,High,Medium,Retention offer / contract upgrade
C103563,17,Month-to-month,Basic,21.15,16,0,1,Wallet,0,0.16,0,0.0,0.7497142857142856,2,0,1.2441176470588236,0.7235,High,Medium,Retention offer / contract upgrade
C102636,59,Month-to-month,Basic,23.14,14,3,0,Wallet,1,0.66,0,0.15254237288135591,0.864,3,0,1.5426666666666666,0.2686,Medium,High,Proactive support follow-up
C105991,1,Two year,Standard,41.65,12,3,0,Cash,1,0.8,0,3.0,0.8342857142857143,3,1,3.2038461538461536,0.3525,Medium,High,Proactive support follow-up
C100887,64,Month-to-month,Premium,60.81,9,3,0,Bank transfer,0,0.31,1,0.140625,0.5097142857142858,3,0,6.081,0.5414,High,Low,Win-back outreach + onboarding re-engagement
C102918,2,Month-to-month,Premium,76.63,12,1,0,Card,1,0.44,0,1.0,0.6902857142857143,1,1,5.894615384615384,0.8458,High,Medium,Retention offer / contract upgrade
C106949,18,Month-to-month,Standard,43.07,9,1,1,Card,0,0.27,0,0.16666666666666666,0.49371428571428577,3,0,4.307,0.8465,High,Low,Win-back outreach + onboarding re-engagement
C102255,5,Month-to-month,Basic,17.08,13,0,0,Cash,0,0.76,0,0.0,0.8611428571428572,0,1,1.22,0.6996,High,High,Retention offer / contract upgrade
C102200,32,Month-to-month,Basic,20.81,14,0,2,Card,0,0.23,1,0.0,0.692,4,0,1.3873333333333333,0.7003,High,Medium,Retention offer / contract upgrade
C102408,36,Two year,Standard,38.28,7,2,0,Card,0,0.41,0,0.16666666666666666,0.46399999999999997,2,0,4.785,0.1818,Low,Low,Standard lifecycle communication
C106070,60,One year,Premium,77.08,15,1,0,Card,1,0.71,0,0.05,0.9268571428571428,1,0,4.8175,0.0751,Low,High,Standard lifecycle communication
C104933,50,Month-to-month,Basic,31.35,14,1,1,Card,0,0.41,0,0.06,0.764,3,0,2.0900000000000003,0.4827,Medium,Medium,Feature-adoption nudge
C102494,60,Two year,Premium,71.46,10,0,0,Card,0,0.26,0,0.0,0.5325714285714286,0,0,6.496363636363636,0.073,Low,Low,Standard lifecycle communication
C102868,51,Two year,Basic,22.0,17,0,0,Bank transfer,0,0.68,0,0.0,1.0005714285714284,0,0,1.2222222222222223,0.023,Low,High,Standard lifecycle communication
C106417,65,Month-to-month,Basic,30.74,8,0,1,Card,0,0.48,0,0.0,0.5348571428571428,2,0,3.4155555555555552,0.3335,Medium,Low,Feature-adoption nudge
C106702,49,One year,Premium,90.54,12,5,0,Card,1,0.47,1,0.30612244897959184,0.7022857142857142,5,0,6.964615384615385,0.4484,Medium,Medium,Proactive support follow-up
C103968,11,Month-to-month,Basic,26.22,2,1,0,Cash,0,0.07,0,0.27272727272727276,0.11371428571428571,1,0,8.74,0.9389,High,Low,Win-back outreach + onboarding re-engagement
C100993,63,One year,Standard,35.41,15,1,1,Bank transfer,1,0.46,0,0.047619047619047616,0.8268571428571428,3,0,2.213125,0.0704,Low,High,Standard lifecycle communication
C105905,54,Month-to-month,Premium,69.08,11,1,1,Card,0,0.14,0,0.05555555555555555,0.5274285714285715,3,0,5.756666666666667,0.6628,High,Low,Win-back outreach + onboarding re-engagement
C104599,22,Month-to-month,Standard,52.55,9,1,1,Card,0,0.23,0,0.13636363636363638,0.47771428571428576,3,0,5.255,0.8532,High,Low,Win-back outreach + onboarding re-engagement
C100341,34,Two year,Basic,25.08,17,2,0,Wallet,1,0.63,0,0.1764705882352941,0.9805714285714285,2,0,1.3933333333333333,0.0684,Low,High,Standard lifecycle communication
C104576,5,One year,Premium,75.13,11,2,1,Wallet,0,0.66,0,1.2,0.7354285714285714,4,1,6.260833333333333,0.6762,High,Medium,Retention offer / contract upgrade
C104241,36,One year,Basic,,12,2,1,Card,0,0.55,0,0.16666666666666666,0.7342857142857142,4,0,,0.3666,Medium,Medium,Feature-adoption nudge
C100820,34,One year,Premium,74.04,8,1,0,Wallet,0,0.61,0,0.08823529411764705,0.5868571428571427,1,0,8.226666666666667,0.3246,Medium,Low,Feature-adoption nudge
C101170,62,Two year,Standard,46.16,14,1,1,Cash,1,0.39,0,0.04838709677419355,0.756,3,0,3.0773333333333333,0.0771,Low,Medium,Standard lifecycle communication
C107577,48,Month-to-month,Basic,40.54,9,0,0,Card,0,0.27,1,0.0,0.49371428571428577,0,0,4.054,0.4867,Medium,Low,Feature-adoption nudge
C103606,26,Month-to-month,Standard,42.4,9,1,0,Cash,0,0.59,1,0.11538461538461539,0.6217142857142857,1,0,4.24,0.7337,High,Low,Win-back outreach + onboarding re-engagement
C106349,60,Two year,Premium,71.6,12,0,0,Bank transfer,0,0.33,0,0.0,0.6462857142857142,0,0,5.507692307692308,0.0568,Low,Medium,Standard lifecycle communication
C105036,72,Month-to-month,Standard,49.0,1,2,0,Cash,0,0.67,0,0.08333333333333333,0.3108571428571429,2,0,24.5,0.6063,High,Low,Win-back outreach + onboarding re-engagement
C101647,41,Month-to-month,Basic,22.64,9,2,0,Bank transfer,0,0.25,1,0.14634146341463417,0.48571428571428577,2,0,2.2640000000000002,0.6154,High,Low,Win-back outreach + onboarding re-engagement
C101793,49,Month-to-month,Standard,47.77,8,1,1,Cash,0,0.34,0,0.06122448979591837,0.4788571428571428,3,0,5.307777777777778,0.7257,High,Low,Win-back outreach + onboarding re-engagement
C107854,70,Month-to-month,Premium,84.6,13,3,1,Card,0,0.37,1,0.1285714285714286,0.7051428571428572,5,0,6.042857142857143,0.6067,High,Medium,Retention offer / contract upgrade
C104671,39,Month-to-month,Standard,47.51,2,0,1,Card,0,0.14,1,0.0,0.1417142857142857,2,0,15.836666666666666,0.8188,High,Low,Win-back outreach + onboarding re-engagement
C102984,38,Two year,Basic,29.43,19,0,1,Wallet,0,0.39,0,0.0,0.9702857142857143,2,0,1.4715,0.0795,Low,High,Standard lifecycle communication
C100266,10,Month-to-month,Standard,42.55,14,3,0,Bank transfer,0,0.58,0,0.8999999999999999,0.832,3,0,2.8366666666666664,0.7985,High,High,Retention offer / contract upgrade
C107253,42,Month-to-month,Premium,79.01,10,4,1,Card,0,0.83,1,0.2857142857142857,0.7605714285714286,6,0,7.1827272727272735,0.8014,High,Medium,Retention offer / contract upgrade
C101783,66,Two year,Standard,44.72,11,0,0,Card,0,0.48,0,0.0,0.6634285714285715,0,0,3.7266666666666666,0.0283,Low,Medium,Standard lifecycle communication
C104493,70,Month-to-month,Standard,42.32,11,2,0,Bank transfer,0,0.38,0,0.08571428571428572,0.6234285714285714,2,0,3.526666666666667,0.2981,Medium,Low,Feature-adoption nudge
C106032,55,Month-to-month,Premium,72.39,11,1,0,Card,0,0.24,0,0.05454545454545455,0.5674285714285714,1,0,6.0325,0.537,High,Low,Win-back outreach + onboarding re-engagement
C101774,8,One year,Standard,45.2,17,0,1,Wallet,1,0.47,0,0.0,0.9165714285714286,2,0,2.511111111111111,0.3515,Medium,High,Feature-adoption nudge
C107531,44,Two year,Standard,49.52,8,2,0,Card,0,0.2,0,0.13636363636363638,0.4228571428571428,2,0,5.502222222222223,0.1917,Low,Low,Standard lifecycle communication
C103651,71,Month-to-month,Standard,53.02,8,1,2,Wallet,0,0.56,0,0.04225352112676056,0.5668571428571428,5,0,5.891111111111112,0.4511,Medium,Low,Feature-adoption nudge
C106258,2,Month-to-month,Basic,34.4,10,1,0,Card,1,0.51,1,1.0,0.6325714285714286,1,1,3.127272727272727,0.7824,High,Low,Win-back outreach + onboarding re-engagement
C102876,30,One year,Standard,47.35,12,1,0,Card,0,0.68,0,0.1,0.7862857142857143,1,0,3.6423076923076922,0.2155,Low,Medium,Standard lifecycle communication
C105515,2,Month-to-month,Standard,46.68,10,0,1,Cash,0,0.58,1,0.0,0.6605714285714286,2,1,4.243636363636363,0.8898,High,Medium,Retention offer / contract upgrade
C104039,40,Month-to-month,Basic,25.74,9,0,0,Bank transfer,0,0.82,0,0.0,0.7137142857142857,0,0,2.574,0.3292,Medium,Medium,Feature-adoption nudge
C107067,20,Month-to-month,Premium,76.8,4,1,1,Bank transfer,1,0.41,0,0.15,0.3354285714285714,3,0,15.36,0.9017,High,Low,Win-back outreach + onboarding re-engagement
C103121,64,Month-to-month,Standard,31.13,15,1,0,Wallet,0,0.71,0,0.046875,0.9268571428571428,1,0,1.945625,0.1485,Low,High,Standard lifecycle communication
C101549,19,Month-to-month,Premium,87.8,7,0,0,Cash,0,0.62,0,0.0,0.548,0,0,10.975,0.8689,High,Low,Win-back outreach + onboarding re-engagement
C105224,53,Two year,Basic,21.33,15,1,1,Wallet,0,0.29,0,0.056603773584905655,0.7588571428571428,3,0,1.333125,0.0724,Low,Medium,Standard lifecycle communication
C102758,57,Month-to-month,Standard,52.04,7,1,2,Bank transfer,1,0.37,0,0.05263157894736842,0.44799999999999995,5,0,6.505,0.6131,High,Low,Win-back outreach + onboarding re-engagement
C104871,10,Month-to-month,Standard,53.97,14,2,0,Card,0,0.33,1,0.6,0.732,2,0,3.598,0.8396,High,Medium,Retention offer / contract upgrade
C103889,66,One year,Standard,39.93,15,0,0,Card,0,0.61,0,0.0,0.8868571428571428,0,0,2.495625,0.0371,Low,High,Standard lifecycle communication
C107019,8,One year,Premium,86.47,9,4,1,Wallet,1,0.18,0,1.5,0.45771428571428574,6,0,8.647,0.8751,High,Low,Win-back outreach + onboarding re-engagement
C101901,42,Month-to-month,Premium,71.98,12,2,0,Card,0,0.51,1,0.14285714285714285,0.7182857142857142,2,0,5.5369230769230775,0.634,High,Medium,Retention offer / contract upgrade
C107041,72,Two year,Premium,79.47,19,1,0,Wallet,0,0.64,0,0.041666666666666664,1.0702857142857143,1,0,3.9735,0.0236,Low,High,Standard lifecycle communication
C104203,50,One year,Standard,45.06,12,0,0,Card,1,0.45,0,0.0,0.6942857142857143,0,0,3.4661538461538464,0.0864,Low,Medium,Standard lifecycle communication
C105568,21,Two year,Premium,73.84,9,1,0,Wallet,1,0.42,0,0.14285714285714285,0.5537142857142857,1,0,7.384,0.2619,Medium,Low,Feature-adoption nudge
C106728,1,Two year,Basic,28.98,14,1,0,Wallet,0,0.87,0,1.0,0.948,1,1,1.932,0.1781,Low,High,Standard lifecycle communication
C102410,64,Month-to-month,Standard,,8,1,0,Wallet,0,0.3,0,0.046875,0.4628571428571428,1,0,,0.345,Medium,Low,Feature-adoption nudge
C103695,57,Month-to-month,Standard,53.02,11,1,0,Cash,1,0.54,0,0.05263157894736842,0.6874285714285715,1,0,4.418333333333334,0.413,Medium,Medium,Feature-adoption nudge
C105822,41,One year,Standard,47.78,9,1,0,Wallet,1,0.09,1,0.07317073170731708,0.4217142857142857,1,0,4.7780000000000005,0.2543,Medium,Low,Feature-adoption nudge
C102910,72,Month-to-month,Standard,46.99,18,2,0,Wallet,0,0.15,1,0.08333333333333333,0.8314285714285714,2,0,2.473157894736842,0.2667,Medium,High,Feature-adoption nudge
C107747,52,Month-to-month,Premium,75.72,10,0,0,Card,0,0.43,0,0.0,0.6005714285714285,0,0,6.883636363636364,0.469,Medium,Low,Feature-adoption nudge
C106315,54,Two year,Premium,79.01,15,1,1,Card,0,0.35,0,0.05555555555555555,0.7828571428571428,3,0,4.938125,0.1283,Low,Medium,Standard lifecycle communication
C102832,48,Month-to-month,Standard,28.48,8,2,0,Card,0,0.49,1,0.125,0.5388571428571428,2,0,3.1644444444444444,0.4752,Medium,Low,Feature-adoption nudge
C100856,4,One year,Basic,39.27,12,2,0,Wallet,1,0.53,0,1.5,0.7262857142857142,2,1,3.020769230769231,0.4636,Medium,Medium,Feature-adoption nudge
C106854,3,Two year,Standard,46.08,10,0,1,Wallet,0,0.35,0,0.0,0.5685714285714285,2,1,4.1890909090909085,0.3968,Medium,Low,Feature-adoption nudge
C102260,22,Month-to-month,Premium,83.81,11,0,1,Card,0,0.4,0,0.0,0.6314285714285715,2,0,6.984166666666667,0.8344,High,Low,Win-back outreach + onboarding re-engagement
C104114,50,Two year,Premium,76.46,13,1,0,Wallet,0,0.16,0,0.06,0.6211428571428572,1,0,5.461428571428571,0.1296,Low,Low,Standard lifecycle communication
C105638,41,Month-to-month,Standard,41.76,16,1,0,Bank transfer,0,0.58,0,0.07317073170731708,0.9177142857142856,1,0,2.456470588235294,0.3712,Medium,High,Feature-adoption nudge
C103965,57,Month-to-month,Basic,15.8,9,2,0,Cash,1,0.34,1,0.10526315789473684,0.5217142857142858,2,0,1.58,0.4687,Medium,Low,Feature-adoption nudge
C104965,5,Month-to-month,Basic,16.69,16,0,1,Card,0,0.41,1,0.0,0.8497142857142856,2,1,0.981764705882353,0.7438,High,High,Retention offer / contract upgrade
C103933,28,Two year,Basic,25.57,11,2,2,Card,1,0.6,0,0.21428571428571427,0.7114285714285714,6,0,2.1308333333333334,0.2534,Medium,Medium,Feature-adoption nudge
C104343,72,One year,Standard,45.65,12,1,2,Bank transfer,0,0.47,0,0.041666666666666664,0.7022857142857142,5,0,3.5115384615384615,0.122,Low,Medium,Standard lifecycle communication
C100694,19,Month-to-month,Basic,25.09,6,1,0,Cash,0,0.77,0,0.15789473684210528,0.5651428571428572,1,0,3.584285714285714,0.7625,High,Low,Win-back outreach + onboarding re-engagement
C103646,62,Month-to-month,Basic,16.94,14,1,1,Card,1,0.5,0,0.04838709677419355,0.8,3,0,1.1293333333333335,0.2457,Low,Medium,Standard lifecycle communication
C102319,34,Month-to-month,Basic,26.83,9,2,0,Wallet,1,0.72,0,0.1764705882352941,0.6737142857142857,2,0,2.683,0.5027,High,Medium,Retention offer / contract upgrade
C102216,26,Month-to-month,Standard,43.31,8,2,2,Card,0,0.45,0,0.23076923076923078,0.5228571428571428,6,0,4.812222222222222,0.8736,High,Low,Win-back outreach + onboarding re-engagement
C107924,66,Month-to-month,Premium,68.53,9,2,0,Card,1,0.68,0,0.09090909090909091,0.6577142857142857,2,0,6.853,0.3317,Medium,Medium,Feature-adoption nudge
C101165,9,Month-to-month,Basic,33.47,7,1,0,Card,0,0.59,1,0.3333333333333333,0.536,1,0,4.18375,0.8038,High,Low,Win-back outreach + onboarding re-engagement
C106043,22,Month-to-month,Premium,79.97,6,1,0,Cash,0,0.78,1,0.13636363636363638,0.5691428571428572,1,0,11.424285714285714,0.8585,High,Low,Win-back outreach + onboarding re-engagement
C105912,2,Month-to-month,Premium,76.5,4,2,0,Bank transfer,0,0.25,0,2.0,0.2714285714285714,2,1,15.3,0.9533,High,Low,Win-back outreach + onboarding re-engagement
C101992,47,One year,Standard,46.12,9,0,0,Bank transfer,0,0.96,1,0.0,0.7697142857142858,0,0,4.612,0.077,Low,Medium,Standard lifecycle communication
C104046,7,Month-to-month,Basic,18.17,10,1,0,Card,1,0.26,0,0.42857142857142855,0.5325714285714286,1,0,1.651818181818182,0.7719,High,Low,Win-back outreach + onboarding re-engagement
C105070,29,Two year,Basic,29.24,12,1,1,Bank transfer,0,0.89,0,0.10344827586206898,0.8702857142857143,3,0,2.249230769230769,0.1185,Low,High,Standard lifecycle communication
C107156,25,Month-to-month,Standard,40.19,13,1,0,Wallet,1,0.54,0,0.12,0.7731428571428571,1,0,2.8707142857142856,0.5238,High,Medium,Retention offer / contract upgrade
C105954,42,One year,Premium,66.29,12,0,3,Wallet,1,0.43,1,0.0,0.6862857142857143,6,0,5.09923076923077,0.3775,Medium,Medium,Feature-adoption nudge
C104739,57,Month-to-month,Standard,41.08,15,2,0,Card,0,0.27,1,0.10526315789473684,0.7508571428571428,2,0,2.5675,0.3984,Medium,Medium,Feature-adoption nudge
C102750,1,Month-to-month,Standard,45.13,12,0,1,Bank transfer,0,0.35,0,0.0,0.6542857142857142,2,1,3.471538461538462,0.8533,High,Medium,Retention offer / contract upgrade
C104022,26,Two year,Basic,26.41,12,1,2,Card,0,0.63,0,0.11538461538461539,0.7662857142857142,5,0,2.0315384615384615,0.2413,Low,Medium,Standard lifecycle communication
C105732,67,One year,Basic,25.41,19,2,2,Bank transfer,1,0.09,0,0.08955223880597016,0.8502857142857143,6,0,1.2705,0.1452,Low,High,Standard lifecycle communication
C102431,52,One year,Premium,78.33,16,3,0,Card,0,0.23,1,0.1730769230769231,0.7777142857142856,3,0,4.607647058823529,0.3007,Medium,Medium,Proactive support follow-up
C102156,65,Month-to-month,Basic,25.3,12,2,0,Card,1,0.42,0,0.0923076923076923,0.6822857142857143,2,0,1.9461538461538461,0.2645,Medium,Medium,Feature-adoption nudge
C100264,72,One year,Basic,25.95,12,0,0,Bank transfer,0,0.78,0,0.0,0.8262857142857143,0,0,1.9961538461538462,0.0263,Low,High,Standard lifecycle communication
C107478,56,One year,Basic,25.0,19,1,1,Bank transfer,1,0.29,0,0.05357142857142857,0.9302857142857143,3,0,1.25,0.0923,Low,High,Standard lifecycle communication
C102068,62,One year,Standard,51.14,14,0,0,Bank transfer,1,0.33,0,0.0,0.732,0,0,3.4093333333333335,0.0591,Low,Medium,Standard lifecycle communication
C105860,27,Month-to-month,Standard,46.18,9,2,1,Wallet,1,0.84,1,0.2222222222222222,0.7217142857142858,4,0,4.618,0.6673,High,Medium,Retention offer / contract upgrade
C104482,5,Month-to-month,Standard,40.7,8,0,0,Card,0,0.93,0,0.0,0.7148571428571429,0,1,4.522222222222222,0.666,High,Medium,Retention offer / contract upgrade
C104673,22,One year,Standard,26.43,8,0,0,Card,1,0.74,0,0.0,0.6388571428571428,0,0,2.9366666666666665,0.1623,Low,Medium,Standard lifecycle communication
C104590,30,Month-to-month,Standard,42.82,8,1,0,Card,0,0.86,0,0.1,0.6868571428571428,1,0,4.757777777777778,0.5342,High,Medium,Retention offer / contract upgrade
C107102,10,One year,Basic,22.46,16,1,0,Card,0,0.8,0,0.3,1.0057142857142858,1,0,1.3211764705882354,0.2515,Medium,High,Feature-adoption nudge
C104737,71,Month-to-month,Premium,75.15,11,1,0,Card,0,0.2,0,0.04225352112676056,0.5514285714285714,1,0,6.2625,0.3998,Medium,Low,Feature-adoption nudge
C105126,28,Month-to-month,Standard,47.44,11,3,1,Card,0,0.57,0,0.3214285714285714,0.6994285714285714,5,0,3.953333333333333,0.808,High,Medium,Retention offer / contract upgrade
C107358,6,Month-to-month,Standard,47.02,4,1,2,Card,0,0.61,1,0.5,0.41542857142857137,5,1,9.404,0.9295,High,Low,Win-back outreach + onboarding re-engagement
C102593,48,One year,Standard,38.01,20,2,0,Bank transfer,0,0.19,0,0.125,0.933142857142857,2,0,1.8099999999999998,0.1417,Low,High,Standard lifecycle communication
C104543,2,Two year,Premium,77.61,13,1,0,Card,1,0.54,0,1.0,0.7731428571428571,1,1,5.543571428571428,0.331,Medium,Medium,Feature-adoption nudge
C102453,69,Month-to-month,Basic,26.51,15,2,0,Card,0,0.41,0,0.08695652173913043,0.8068571428571428,2,0,1.656875,0.2477,Low,High,Standard lifecycle communication
C107386,72,Two year,Basic,25.87,13,1,1,Card,1,0.16,0,0.041666666666666664,0.6211428571428572,3,0,1.8478571428571429,0.0418,Low,Low,Standard lifecycle communication
C105940,13,Two year,Standard,51.93,12,3,0,Card,1,0.65,0,0.6923076923076924,0.7742857142857142,3,0,3.9946153846153845,0.2809,Medium,Medium,Proactive support follow-up
C105837,15,One year,Standard,53.6,13,1,2,Wallet,0,0.5,1,0.2,0.7571428571428571,5,0,3.8285714285714287,0.5875,High,Medium,Retention offer / contract upgrade
C103872,23,One year,Premium,77.08,18,0,0,Card,0,0.63,0,0.0,1.0234285714285716,0,0,4.056842105263158,0.2388,Low,High,Standard lifecycle communication
C100153,69,Month-to-month,Standard,45.62,12,0,0,Card,0,0.78,0,0.0,0.8262857142857143,0,0,3.509230769230769,0.1361,Low,High,Standard lifecycle communication
C102907,8,One year,Premium,69.16,13,0,0,Card,0,0.83,1,0.0,0.8891428571428572,0,0,4.9399999999999995,0.3519,Medium,High,Feature-adoption nudge
C105061,68,Month-to-month,Standard,47.72,10,0,0,Cash,0,0.62,0,0.0,0.6765714285714286,0,0,4.338181818181818,0.271,Medium,Medium,Feature-adoption nudge
C105792,32,Month-to-month,Basic,21.01,13,0,1,Card,0,0.31,1,0.0,0.6811428571428572,2,0,1.500714285714286,0.5969,High,Medium,Retention offer / contract upgrade
C100769,18,Two year,Basic,32.8,17,2,0,Card,1,0.87,0,0.3333333333333333,1.0765714285714285,2,0,1.822222222222222,0.11,Low,High,Standard lifecycle communication
C103399,61,Month-to-month,Premium,75.36,12,3,0,Card,1,0.21,0,0.14754098360655737,0.5982857142857142,3,0,5.796923076923077,0.5686,High,Low,Win-back outreach + onboarding re-engagement
C107190,23,Month-to-month,Standard,42.77,17,1,1,Card,1,0.28,0,0.13043478260869565,0.8405714285714285,3,0,2.3761111111111113,0.6849,High,High,Retention offer / contract upgrade
C100456,66,Two year,Premium,,18,1,1,Wallet,0,0.75,0,0.045454545454545456,1.0714285714285716,3,0,,0.0244,Low,High,Standard lifecycle communication
C107692,18,Two year,Basic,29.63,8,1,1,Card,0,0.12,0,0.16666666666666666,0.3908571428571428,3,0,3.292222222222222,0.4241,Medium,Low,Feature-adoption nudge
C100178,16,Month-to-month,Basic,17.17,12,1,1,Bank transfer,0,0.88,0,0.1875,0.8662857142857143,3,0,1.320769230769231,0.6361,High,High,Retention offer / contract upgrade
C106295,64,One year,Basic,15.0,18,1,1,Card,0,0.22,0,0.046875,0.8594285714285714,3,0,0.7894736842105263,0.0861,Low,High,Standard lifecycle communication
C102920,33,Month-to-month,Premium,69.7,10,0,0,Cash,1,0.41,0,0.0,0.5925714285714285,0,0,6.336363636363637,0.6918,High,Low,Win-back outreach + onboarding re-engagement
C105284,39,Two year,Premium,72.47,12,4,0,Bank transfer,1,0.37,0,0.3076923076923077,0.6622857142857143,4,0,5.5746153846153845,0.2544,Medium,Medium,Proactive support follow-up
C105660,17,Month-to-month,Standard,34.95,9,1,0,Card,0,0.37,1,0.1764705882352941,0.5337142857142857,1,0,3.495,0.7437,High,Low,Win-back outreach + onboarding re-engagement
C100062,28,Month-to-month,Basic,20.82,18,1,1,Bank transfer,0,0.22,1,0.10714285714285714,0.8594285714285714,3,0,1.0957894736842106,0.6485,High,High,Retention offer / contract upgrade
C107907,7,Month-to-month,Basic,19.95,12,0,0,Card,0,0.73,0,0.0,0.8062857142857143,0,0,1.5346153846153845,0.6251,High,High,Retention offer / contract upgrade
C106301,31,Two year,Standard,40.22,14,3,0,Wallet,0,0.48,0,0.29032258064516125,0.792,3,0,2.6813333333333333,0.1705,Low,Medium,Standard lifecycle communication
C100337,23,Two year,Premium,82.9,16,2,0,Cash,0,0.75,1,0.2608695652173913,0.9857142857142857,2,0,4.876470588235295,0.3009,Medium,High,Feature-adoption nudge
C107098,38,Month-to-month,Standard,43.74,8,0,1,Card,1,0.57,0,0.0,0.5708571428571427,2,0,4.86,0.5266,High,Low,Win-back outreach + onboarding re-engagement
C101132,37,Month-to-month,Standard,46.88,12,1,0,Card,0,0.75,1,0.08108108108108107,0.8142857142857143,1,0,3.6061538461538465,0.4492,Medium,High,Feature-adoption nudge
C103718,19,Month-to-month,Basic,21.8,15,0,1,Card,0,0.3,0,0.0,0.7628571428571428,2,0,1.3625,0.6967,High,Medium,Retention offer / contract upgrade
C106375,68,One year,Basic,29.21,15,2,0,Card,0,0.67,0,0.08823529411764705,0.9108571428571428,2,0,1.825625,0.0565,Low,High,Standard lifecycle communication
C100520,12,Month-to-month,Basic,15.0,8,0,0,Wallet,1,0.85,0,0.0,0.6828571428571428,0,0,1.6666666666666667,0.5091,High,Medium,Retention offer / contract upgrade
C105557,63,Month-to-month,Standard,59.74,11,1,1,Card,0,0.49,0,0.047619047619047616,0.6674285714285715,3,0,4.9783333333333335,0.4405,Medium,Medium,Feature-adoption nudge
C102236,18,Two year,Premium,,9,2,0,Bank transfer,0,0.76,0,0.3333333333333333,0.6897142857142857,2,0,,0.1991,Low,Medium,Standard lifecycle communication
C106829,15,Month-to-month,Basic,29.8,11,1,1,Wallet,0,0.21,0,0.2,0.5554285714285714,3,0,2.4833333333333334,0.8442,High,Low,Win-back outreach + onboarding re-engagement
C100980,62,One year,Standard,45.68,17,1,1,Bank transfer,1,0.09,0,0.04838709677419355,0.7645714285714286,3,0,2.537777777777778,0.1157,Low,Medium,Standard lifecycle communication
C107280,59,Two year,Basic,27.9,14,0,1,Bank transfer,0,0.4,0,0.0,0.76,2,0,1.8599999999999999,0.0456,Low,Medium,Standard lifecycle communication
C107613,22,Two year,Basic,31.93,14,1,0,Cash,0,0.65,1,0.13636363636363638,0.86,1,0,2.1286666666666667,0.1948,Low,High,Standard lifecycle communication
C102825,60,Two year,Standard,42.44,12,0,0,Bank transfer,0,0.72,0,0.0,0.8022857142857143,0,0,3.2646153846153845,0.0233,Low,High,Standard lifecycle communication
C100981,28,Month-to-month,Standard,53.4,9,1,0,Bank transfer,0,0.64,0,0.10714285714285714,0.6417142857142857,1,0,5.34,0.6363,High,Medium,Retention offer / contract upgrade
C103256,41,Month-to-month,Premium,67.21,17,2,1,Bank transfer,1,0.14,0,0.14634146341463417,0.7845714285714286,4,0,3.7338888888888886,0.6919,High,Medium,Retention offer / contract upgrade
C105955,64,One year,Standard,44.51,14,0,2,Card,1,0.05,0,0.0,0.62,4,0,2.9673333333333334,0.151,Low,Low,Standard lifecycle communication
C107203,22,Month-to-month,Basic,21.98,7,2,1,Card,0,0.57,0,0.27272727272727276,0.528,4,0,2.7475,0.8043,High,Low,Win-back outreach + onboarding re-engagement
C107095,36,Month-to-month,Premium,74.23,8,2,0,Wallet,0,0.46,0,0.16666666666666666,0.5268571428571428,2,0,8.247777777777777,0.755,High,Low,Win-back outreach + onboarding re-engagement
C102652,47,Month-to-month,Premium,77.49,11,1,0,Bank transfer,0,0.43,0,0.06382978723404256,0.6434285714285715,1,0,6.4575,0.5688,High,Medium,Retention offer / contract upgrade
C103604,15,Two year,Basic,25.5,16,0,0,Card,0,0.45,0,0.0,0.8657142857142857,0,0,1.5,0.1371,Low,High,Standard lifecycle communication
C105183,8,Two year,Standard,45.22,7,2,0,Wallet,1,0.39,0,0.75,0.456,2,0,5.6525,0.3683,Medium,Low,Feature-adoption nudge
C102028,54,Month-to-month,Premium,79.27,12,1,2,Bank transfer,1,0.4,1,0.05555555555555555,0.6742857142857143,5,0,6.0976923076923075,0.6476,High,Medium,Retention offer / contract upgrade
C100969,26,Month-to-month,Standard,49.8,13,1,0,Bank transfer,0,0.18,0,0.11538461538461539,0.6291428571428571,1,0,3.557142857142857,0.7088,High,Low,Win-back outreach + onboarding re-engagement
C102815,14,Month-to-month,Premium,76.31,13,0,0,Wallet,1,0.2,0,0.0,0.6371428571428572,0,0,5.450714285714286,0.775,High,Medium,Retention offer / contract upgrade
C101113,70,Month-to-month,Premium,74.93,8,1,0,Card,0,0.35,0,0.04285714285714286,0.48285714285714276,1,0,8.325555555555557,0.4177,Medium,Low,Feature-adoption nudge
C103001,47,Month-to-month,Basic,15.0,10,1,1,Bank transfer,0,0.25,1,0.06382978723404256,0.5285714285714286,3,0,1.3636363636363635,0.5425,High,Low,Win-back outreach + onboarding re-engagement
C100566,17,One year,Standard,48.91,13,1,1,Card,1,0.19,1,0.1764705882352941,0.6331428571428572,3,0,3.4935714285714283,0.5008,High,Low,Win-back outreach + onboarding re-engagement
C102866,53,One year,Standard,48.95,18,1,1,Wallet,0,0.45,0,0.056603773584905655,0.9514285714285715,3,0,2.5763157894736843,0.1284,Low,High,Standard lifecycle communication
C100658,13,Month-to-month,Basic,19.66,4,0,0,Wallet,0,0.55,0,0.0,0.39142857142857146,0,0,3.932,0.7187,High,Low,Win-back outreach + onboarding re-engagement
C101438,13,Month-to-month,Premium,74.59,14,3,0,Card,1,0.57,0,0.6923076923076924,0.828,3,0,4.972666666666667,0.8309,High,High,Retention offer / contract upgrade
C106526,62,Two year,Premium,64.82,17,0,0,Bank transfer,1,0.51,0,0.0,0.9325714285714286,0,0,3.601111111111111,0.0227,Low,High,Standard lifecycle communication
C106473,70,Month-to-month,Standard,52.17,10,2,0,Card,0,0.42,0,0.08571428571428572,0.5965714285714285,2,0,4.742727272727273,0.3477,Medium,Low,Feature-adoption nudge
C104396,19,Month-to-month,Premium,85.78,14,1,1,Card,0,0.33,1,0.15789473684210528,0.732,3,0,5.718666666666667,0.8733,High,Medium,Retention offer / contract upgrade
C100524,66,Two year,Standard,44.43,14,2,0,Wallet,1,0.48,0,0.09090909090909091,0.792,2,0,2.962,0.0314,Low,Medium,Standard lifecycle communication
C106540,4,Month-to-month,Basic,16.89,6,2,2,Bank transfer,1,0.54,1,1.5,0.47314285714285714,6,1,2.412857142857143,0.8954,High,Low,Win-back outreach + onboarding re-engagement
C101155,44,One year,Premium,74.84,16,2,0,Bank transfer,1,0.92,0,0.13636363636363638,1.0537142857142856,2,0,4.402352941176471,0.121,Low,High,Standard lifecycle communication
C103600,56,Month-to-month,Premium,83.48,8,2,1,Wallet,0,0.26,1,0.10714285714285714,0.44685714285714284,4,0,9.275555555555556,0.7586,High,Low,Win-back outreach + onboarding re-engagement
C104547,54,Two year,Basic,24.62,14,0,0,Card,0,0.48,0,0.0,0.792,0,0,1.6413333333333333,0.0335,Low,Medium,Standard lifecycle communication
C102242,56,Month-to-month,Standard,48.47,8,1,0,Card,0,0.24,0,0.05357142857142857,0.43885714285714283,1,0,5.385555555555555,0.488,Medium,Low,Feature-adoption nudge
C103916,61,Month-to-month,Standard,36.2,9,1,1,Wallet,1,0.79,0,0.049180327868852465,0.7017142857142857,3,0,3.62,0.2548,Medium,Medium,Feature-adoption nudge
C101339,42,Two year,Premium,72.37,9,2,0,Card,0,0.45,0,0.14285714285714285,0.5657142857142857,2,0,7.237,0.1996,Low,Low,Standard lifecycle communication
C105408,11,Two year,Standard,49.17,14,4,1,Wallet,0,0.66,0,1.090909090909091,0.864,6,0,3.278,0.4488,Medium,High,Proactive support follow-up
C102519,68,Month-to-month,Standard,46.17,5,0,0,Bank transfer,0,0.3,1,0.0,0.3342857142857143,0,0,7.695,0.3218,Medium,Low,Feature-adoption nudge
C104340,24,Two year,Basic,18.97,12,2,0,Bank transfer,0,0.87,1,0.25,0.8622857142857143,2,0,1.459230769230769,0.1101,Low,High,Standard lifecycle communication
C107215,34,Month-to-month,Basic,20.76,12,0,0,Bank transfer,0,0.23,1,0.0,0.6062857142857142,0,0,1.5969230769230771,0.5003,High,Low,Win-back outreach + onboarding re-engagement
C105859,18,Month-to-month,Standard,42.69,11,0,1,Cash,0,0.49,1,0.0,0.6674285714285715,2,0,3.5574999999999997,0.814,High,Medium,Retention offer / contract upgrade
C102741,60,One year,Basic,33.44,15,1,0,Card,0,0.68,0,0.05,0.9148571428571428,1,0,2.09,0.0617,Low,High,Standard lifecycle communication
C102548,47,Month-to-month,Premium,73.69,14,1,1,Wallet,1,0.47,1,0.06382978723404256,0.788,3,0,4.9126666666666665,0.538,High,Medium,Retention offer / contract upgrade
C105938,19,Two year,Premium,64.73,16,0,0,Bank transfer,0,0.08,1,0.0,0.7177142857142856,0,0,3.80764705882353,0.2319,Low,Medium,Standard lifecycle communication
C104094,71,Month-to-month,Basic,25.9,5,3,1,Wallet,0,0.51,0,0.1267605633802817,0.41828571428571426,5,0,4.316666666666666,0.4872,Medium,Low,Proactive support follow-up
C101242,17,Month-to-month,Premium,65.52,13,1,0,Card,1,0.56,1,0.1764705882352941,0.7811428571428571,1,0,4.68,0.6946,High,Medium,Retention offer / contract upgrade
C104675,47,Month-to-month,Basic,24.94,9,2,1,Cash,0,0.84,0,0.12765957446808512,0.7217142857142858,4,0,2.494,0.6111,High,Medium,Retention offer / contract upgrade
C106189,46,One year,Premium,71.34,16,2,0,Card,1,0.69,0,0.13043478260869565,0.9617142857142855,2,0,4.196470588235294,0.1433,Low,High,Standard lifecycle communication
C107123,69,Month-to-month,Standard,44.81,13,1,0,Card,1,0.17,0,0.043478260869565216,0.6251428571428572,1,0,3.200714285714286,0.2503,Medium,Low,Feature-adoption nudge
C104627,18,Month-to-month,Standard,38.72,13,0,0,Card,0,0.69,0,0.0,0.8331428571428572,0,0,2.7657142857142856,0.5411,High,High,Retention offer / contract upgrade
C105889,38,One year,Premium,58.48,14,3,0,Card,0,0.79,1,0.2368421052631579,0.916,3,0,3.8986666666666663,0.2366,Low,High,Standard lifecycle communication
C107360,55,Month-to-month,Standard,51.3,13,2,0,Wallet,1,0.13,0,0.1090909090909091,0.6091428571428572,2,0,3.664285714285714,0.4642,Medium,Low,Feature-adoption nudge
C102280,29,Month-to-month,Standard,48.04,12,1,2,Bank transfer,0,0.6,0,0.10344827586206898,0.7542857142857142,5,0,3.6953846153846155,0.7533,High,Medium,Retention offer / contract upgrade
C100213,43,Month-to-month,Standard,45.59,12,2,0,Cash,0,0.52,0,0.13953488372093023,0.7222857142857142,2,0,3.5069230769230773,0.6355,High,Medium,Retention offer / contract upgrade
C106986,61,One year,Standard,40.24,11,0,0,Wallet,0,0.25,0,0.0,0.5714285714285714,0,0,3.3533333333333335,0.0822,Low,Low,Standard lifecycle communication
C107985,12,One year,Standard,37.81,17,0,0,Card,1,0.1,0,0.0,0.7685714285714286,0,0,2.1005555555555557,0.3112,Medium,Medium,Feature-adoption nudge
C100692,21,One year,Standard,49.04,10,2,0,Wallet,0,0.51,0,0.2857142857142857,0.6325714285714286,2,0,4.458181818181818,0.4159,Medium,Low,Feature-adoption nudge
C105767,51,One year,Basic,22.37,9,0,0,Bank transfer,0,0.84,0,0.0,0.7217142857142858,0,0,2.237,0.0624,Low,Medium,Standard lifecycle communication
C104907,49,Two year,Basic,29.3,11,1,2,Bank transfer,0,0.29,0,0.06122448979591837,0.5874285714285714,5,0,2.441666666666667,0.1691,Low,Low,Standard lifecycle communication
C101645,55,Month-to-month,Basic,24.5,9,1,0,Card,0,0.73,0,0.05454545454545455,0.6777142857142857,1,0,2.45,0.2888,Medium,Medium,Feature-adoption nudge
C103712,44,Month-to-month,Basic,24.16,13,4,1,Cash,0,0.12,1,0.27272727272727276,0.6051428571428572,6,0,1.7257142857142858,0.8561,High,Low,Win-back outreach + onboarding re-engagement
C106045,64,One year,Standard,46.3,17,0,0,Bank transfer,1,0.44,0,0.0,0.9045714285714286,0,0,2.572222222222222,0.0375,Low,High,Standard lifecycle communication
C101436,30,One year,Basic,20.33,15,1,1,Card,0,0.64,0,0.1,0.8988571428571428,3,0,1.270625,0.223,Low,High,Standard lifecycle communication
C103496,54,Two year,Premium,77.29,21,2,0,Cash,0,0.35,0,0.1111111111111111,1.0399999999999998,2,0,3.5131818181818186,0.1202,Low,High,Standard lifecycle communication
C107284,31,Two year,Basic,28.84,20,3,0,Wallet,0,0.72,0,0.29032258064516125,1.145142857142857,3,0,1.3733333333333333,0.0984,Low,High,Standard lifecycle communication
C100080,39,Month-to-month,Premium,81.01,9,2,1,Bank transfer,1,0.55,0,0.15384615384615385,0.6057142857142858,4,0,8.101,0.7581,High,Low,Win-back outreach + onboarding re-engagement
C104843,63,Month-to-month,Standard,,12,0,0,Bank transfer,0,0.37,0,0.0,0.6622857142857143,0,0,,0.2345,Low,Medium,Standard lifecycle communication
C100152,35,Two year,Standard,38.07,11,1,0,Card,0,0.2,0,0.08571428571428572,0.5514285714285714,1,0,3.1725,0.1475,Low,Low,Standard lifecycle communication
C101541,64,Month-to-month,Standard,43.02,7,4,0,Card,0,0.54,0,0.1875,0.516,4,0,5.3775,0.522,High,Low,Win-back outreach + onboarding re-engagement
C103623,50,One year,Basic,25.46,14,0,2,Card,1,0.39,0,0.0,0.756,4,0,1.6973333333333334,0.1556,Low,Medium,Standard lifecycle communication
C107197,30,One year,Premium,72.1,7,2,0,Card,1,0.41,1,0.2,0.46399999999999997,2,0,9.0125,0.4618,Medium,Low,Feature-adoption nudge
C104306,2,Month-to-month,Basic,20.92,14,0,1,Cash,0,0.86,0,0.0,0.944,2,1,1.3946666666666667,0.7801,High,High,Retention offer / contract upgrade
C104337,11,Two year,Basic,27.09,14,0,0,Card,0,0.11,0,0.0,0.644,0,0,1.806,0.2475,Low,Medium,Standard lifecycle communication
C104687,25,One year,Basic,16.93,13,0,0,Card,0,0.46,0,0.0,0.7411428571428572,0,0,1.2092857142857143,0.1884,Low,Medium,Standard lifecycle communication
C101508,36,One year,Standard,63.04,13,1,0,Wallet,0,0.27,0,0.08333333333333333,0.6651428571428571,1,0,4.502857142857143,0.2917,Medium,Medium,Feature-adoption nudge
C107401,25,Month-to-month,Premium,75.05,14,1,1,Card,0,0.83,0,0.12,0.9319999999999999,3,0,5.003333333333333,0.7095,High,High,Retention offer / contract upgrade
C104697,61,Two year,Basic,37.24,10,1,0,Card,1,0.61,0,0.049180327868852465,0.6725714285714286,1,0,3.3854545454545457,0.0359,Low,Medium,Standard lifecycle communication
C103366,9,One year,Premium,77.59,4,1,0,Wallet,1,0.71,0,0.3333333333333333,0.4554285714285714,1,0,15.518,0.5977,High,Low,Win-back outreach + onboarding re-engagement
C102150,70,Month-to-month,Premium,75.92,6,0,1,Cash,0,0.38,1,0.0,0.40914285714285714,2,0,10.845714285714285,0.6015,High,Low,Win-back outreach + onboarding re-engagement
C104331,18,One year,Standard,47.83,12,1,2,Card,0,0.81,0,0.16666666666666666,0.8382857142857143,5,0,3.6792307692307693,0.4684,Medium,High,Feature-adoption nudge
C107982,54,Month-to-month,Standard,30.33,14,0,0,Card,0,0.63,0,0.0,0.852,0,0,2.022,0.1941,Low,High,Standard lifecycle communication
C101186,65,Month-to-month,Standard,44.83,9,1,1,Card,1,0.52,1,0.04615384615384615,0.5937142857142857,3,0,4.483,0.333,Medium,Low,Feature-adoption nudge
C103593,7,One year,Basic,17.01,18,0,3,Card,1,0.39,0,0.0,0.9274285714285715,6,0,0.8952631578947369,0.5279,High,High,Retention offer / contract upgrade
C105968,47,Month-to-month,Premium,71.81,8,0,1,Card,0,0.33,0,0.0,0.4748571428571428,2,0,7.978888888888889,0.6696,High,Low,Win-back outreach + onboarding re-engagement
C100240,70,Month-to-month,Standard,48.38,6,0,1,Bank transfer,0,0.41,1,0.0,0.42114285714285715,2,0,6.911428571428572,0.3565,Medium,Low,Feature-adoption nudge
C106298,51,Month-to-month,Standard,41.09,16,0,1,Card,0,0.58,0,0.0,0.9177142857142856,2,0,2.417058823529412,0.3176,Medium,High,Feature-adoption nudge
C103591,60,Month-to-month,Premium,78.23,17,1,0,Cash,1,0.62,0,0.05,0.9765714285714285,1,0,4.346111111111111,0.3579,Medium,High,Feature-adoption nudge
C105884,16,One year,Standard,48.59,7,1,1,Wallet,1,0.59,0,0.1875,0.536,3,0,6.07375,0.4718,Medium,Low,Feature-adoption nudge
C107031,10,Month-to-month,Standard,45.41,9,2,0,Card,1,0.28,1,0.6,0.4977142857142858,2,0,4.5409999999999995,0.8426,High,Low,Win-back outreach + onboarding re-engagement
C100484,64,Month-to-month,Premium,76.24,12,1,1,Bank transfer,1,0.66,0,0.046875,0.7782857142857142,3,0,5.864615384615385,0.3567,Medium,Medium,Feature-adoption nudge
C102276,63,Month-to-month,Premium,75.43,18,0,0,Card,0,0.21,0,0.0,0.8554285714285714,0,0,3.97,0.3046,Medium,High,Feature-adoption nudge
C105385,9,Month-to-month,Basic,17.31,9,1,0,Card,1,0.68,0,0.3333333333333333,0.6577142857142857,1,0,1.7309999999999999,0.6611,High,Medium,Retention offer / contract upgrade
C107107,19,Two year,Premium,69.85,19,3,0,Bank transfer,0,0.47,0,0.4736842105263158,1.0022857142857142,3,0,3.4924999999999997,0.2782,Medium,High,Proactive support follow-up
C103386,61,Month-to-month,Basic,24.77,11,1,0,Wallet,0,0.72,0,0.049180327868852465,0.7594285714285713,1,0,2.0641666666666665,0.213,Low,Medium,Standard lifecycle communication
C102237,71,Month-to-month,Premium,89.57,20,1,0,Card,0,0.48,0,0.04225352112676056,1.0491428571428572,1,0,4.265238095238095,0.25,Low,High,Standard lifecycle communication
C102578,64,Month-to-month,Basic,24.77,9,1,2,Card,0,0.54,1,0.046875,0.6017142857142858,5,0,2.477,0.4527,Medium,Low,Feature-adoption nudge
C103490,64,One year,Standard,44.59,16,2,0,Bank transfer,0,0.46,0,0.09375,0.8697142857142857,2,0,2.6229411764705883,0.0796,Low,High,Standard lifecycle communication
C107154,38,One year,Basic,20.67,8,1,0,Card,0,0.12,0,0.07894736842105264,0.3908571428571428,1,0,2.296666666666667,0.2842,Medium,Low,Feature-adoption nudge
C103877,54,Month-to-month,Standard,41.07,11,1,1,Bank transfer,0,0.43,0,0.05555555555555555,0.6434285714285715,3,0,3.4225,0.4608,Medium,Medium,Feature-adoption nudge
C101439,41,Month-to-month,Premium,81.13,8,0,0,Card,0,0.46,1,0.0,0.5268571428571428,0,0,9.014444444444443,0.6304,High,Low,Win-back outreach + onboarding re-engagement
C106598,53,Two year,Standard,53.47,13,1,1,Wallet,0,0.58,0,0.056603773584905655,0.7891428571428571,3,0,3.8192857142857144,0.0783,Low,Medium,Standard lifecycle communication
C105512,13,Two year,Basic,23.32,10,1,0,Card,1,0.38,0,0.23076923076923078,0.5805714285714285,1,0,2.12,0.2139,Low,Low,Standard lifecycle communication
C102767,45,Month-to-month,Basic,23.77,12,0,0,Card,0,0.37,0,0.0,0.6622857142857143,0,0,1.8284615384615384,0.3716,Medium,Medium,Feature-adoption nudge
C101245,68,Month-to-month,Premium,71.55,10,5,1,Cash,0,0.77,0,0.22058823529411764,0.7365714285714287,7,0,6.504545454545454,0.7378,High,Medium,Retention offer / contract upgrade
C103809,66,Month-to-month,Basic,29.04,10,3,0,Card,1,0.39,0,0.13636363636363635,0.5845714285714285,3,0,2.64,0.3644,Medium,Low,Proactive support follow-up
C106551,3,Month-to-month,Premium,76.39,22,1,0,Cash,0,0.19,1,1.0,1.018857142857143,1,1,3.321304347826087,0.8827,High,High,Retention offer / contract upgrade
C103414,48,Month-to-month,Basic,23.25,3,2,0,Card,0,0.73,0,0.125,0.42057142857142854,2,0,5.8125,0.5186,High,Low,Win-back outreach + onboarding re-engagement
C106945,41,Month-to-month,Standard,60.22,8,1,1,Bank transfer,0,0.28,1,0.07317073170731708,0.45485714285714285,3,0,6.691111111111111,0.7484,High,Low,Win-back outreach + onboarding re-engagement
C106217,53,Month-to-month,Basic,23.12,13,0,0,Card,1,0.56,0,0.0,0.7811428571428571,0,0,1.6514285714285715,0.2018,Low,Medium,Standard lifecycle communication
C107317,49,Two year,Premium,72.9,15,0,1,Bank transfer,0,0.29,0,0.0,0.7588571428571428,2,0,4.55625,0.1123,Low,Medium,Standard lifecycle communication
C104967,64,Month-to-month,Basic,37.66,9,5,0,Wallet,1,0.21,0,0.234375,0.46971428571428575,5,0,3.7659999999999996,0.6165,High,Low,Win-back outreach + onboarding re-engagement
C103421,36,Month-to-month,Basic,24.37,9,3,1,Card,0,0.45,0,0.25,0.5657142857142857,5,0,2.4370000000000003,0.7684,High,Low,Win-back outreach + onboarding re-engagement
C101191,37,Month-to-month,Premium,78.58,13,1,1,Bank transfer,0,0.49,0,0.08108108108108107,0.7531428571428571,3,0,5.612857142857143,0.7126,High,Medium,Retention offer / contract upgrade
C105694,8,One year,Basic,19.33,22,2,0,Card,0,0.32,0,0.75,1.0708571428571427,2,0,0.8404347826086955,0.3656,Medium,High,Feature-adoption nudge
C103357,13,Month-to-month,Basic,24.47,20,3,0,Wallet,0,0.49,1,0.6923076923076924,1.0531428571428572,3,0,1.1652380952380952,0.7175,High,High,Retention offer / contract upgrade
C101262,11,One year,Standard,50.07,14,1,0,Wallet,1,0.68,1,0.27272727272727276,0.872,1,0,3.338,0.2915,Medium,High,Feature-adoption nudge
C101691,44,Month-to-month,Basic,28.33,14,1,0,Card,0,0.31,0,0.06818181818181819,0.724,1,0,1.8886666666666665,0.4579,Medium,Medium,Feature-adoption nudge
C100854,35,Month-to-month,Premium,72.85,9,1,0,Card,0,0.35,1,0.08571428571428572,0.5257142857142857,1,0,7.284999999999999,0.7261,High,Low,Win-back outreach + onboarding re-engagement
C106910,20,One year,Standard,36.68,16,2,2,Wallet,0,0.59,0,0.3,0.9217142857142856,6,0,2.1576470588235295,0.4658,Medium,High,Feature-adoption nudge
C106651,12,Month-to-month,Basic,26.23,15,1,1,Bank transfer,0,0.39,1,0.25,0.7988571428571428,3,0,1.639375,0.7857,High,Medium,Retention offer / contract upgrade
C104646,72,Month-to-month,Premium,72.35,7,3,0,Bank transfer,0,0.62,0,0.125,0.548,3,0,9.04375,0.454,Medium,Low,Proactive support follow-up
C106694,16,Month-to-month,Premium,71.79,14,0,1,Wallet,0,0.55,1,0.0,0.8200000000000001,2,0,4.7860000000000005,0.7717,High,High,Retention offer / contract upgrade
C106153,23,Month-to-month,Standard,39.93,8,1,1,Card,0,0.5,1,0.13043478260869565,0.5428571428571428,3,0,4.4366666666666665,0.7746,High,Low,Win-back outreach + onboarding re-engagement
C100958,9,Month-to-month,Basic,28.77,7,2,0,Card,0,0.25,1,0.6666666666666666,0.4,2,0,3.59625,0.8819,High,Low,Win-back outreach + onboarding re-engagement
C104629,68,Month-to-month,Standard,50.0,9,0,1,Wallet,0,0.5,0,0.0,0.5857142857142857,2,0,5.0,0.3042,Medium,Low,Feature-adoption nudge
C101131,58,Month-to-month,Basic,23.8,10,0,0,Bank transfer,0,0.41,1,0.0,0.5925714285714285,0,0,2.1636363636363636,0.2632,Medium,Low,Feature-adoption nudge
C104463,18,Month-to-month,Basic,31.0,5,2,0,Card,0,0.74,1,0.3333333333333333,0.5102857142857142,2,0,5.166666666666667,0.7772,High,Low,Win-back outreach + onboarding re-engagement
C102196,5,Two year,Premium,79.9,12,0,0,Bank transfer,1,0.67,0,0.0,0.7822857142857143,0,1,6.1461538461538465,0.2436,Low,Medium,Standard lifecycle communication
C106926,63,One year,Standard,35.22,14,0,0,Card,0,0.44,0,0.0,0.776,0,0,2.348,0.0502,Low,Medium,Standard lifecycle communication
C101045,19,Two year,Premium,80.67,10,2,0,Card,0,0.29,0,0.31578947368421056,0.5445714285714285,2,0,7.333636363636364,0.45,Medium,Low,Feature-adoption nudge
C100631,60,Two year,Standard,43.29,15,3,0,Bank transfer,0,0.47,0,0.15,0.8308571428571427,3,0,2.705625,0.0608,Low,High,Standard lifecycle communication
C106093,28,Month-to-month,Standard,43.89,12,2,0,Card,0,0.64,1,0.21428571428571427,0.7702857142857142,2,0,3.376153846153846,0.6291,High,Medium,Retention offer / contract upgrade
C101431,20,One year,Standard,42.17,19,0,0,Wallet,0,0.35,0,0.0,0.9542857142857143,0,0,2.1085000000000003,0.2113,Low,High,Standard lifecycle communication
C105302,42,Month-to-month,Standard,39.03,11,1,1,Card,1,0.36,0,0.07142857142857142,0.6154285714285714,3,0,3.2525,0.5524,High,Low,Win-back outreach + onboarding re-engagement
C106889,52,Month-to-month,Premium,72.19,10,1,0,Bank transfer,1,0.64,0,0.057692307692307696,0.6845714285714286,1,0,6.5627272727272725,0.3956,Medium,Medium,Feature-adoption nudge
C104661,13,Month-to-month,Basic,28.17,13,0,0,Bank transfer,0,0.47,1,0.0,0.7451428571428571,0,0,2.0121428571428575,0.6505,High,Medium,Retention offer / contract upgrade
C104232,26,One year,Premium,79.45,16,0,2,Wallet,0,0.5,0,0.0,0.8857142857142857,4,0,4.673529411764706,0.4555,Medium,High,Feature-adoption nudge
C105326,33,One year,Basic,32.96,16,0,0,Wallet,1,0.29,0,0.0,0.8017142857142856,0,0,1.9388235294117648,0.1463,Low,High,Standard lifecycle communication
C100886,21,Month-to-month,Standard,42.79,17,0,1,Card,1,0.22,1,0.0,0.8165714285714285,2,0,2.377222222222222,0.6579,High,High,Retention offer / contract upgrade
C107992,6,One year,Standard,37.51,11,1,0,Cash,1,0.45,0,0.5,0.6514285714285715,1,1,3.125833333333333,0.5033,High,Medium,Retention offer / contract upgrade
C105828,31,One year,Standard,41.84,12,0,1,Card,0,0.67,0,0.0,0.7822857142857143,2,0,3.218461538461539,0.2184,Low,Medium,Standard lifecycle communication
C102177,14,One year,Premium,79.99,12,0,2,Wallet,1,0.76,0,0.0,0.8182857142857143,4,0,6.153076923076923,0.5096,High,High,Retention offer / contract upgrade
C107003,66,Month-to-month,Standard,40.39,13,2,2,Card,0,0.45,0,0.09090909090909091,0.7371428571428572,6,0,2.8850000000000002,0.4862,Medium,Medium,Feature-adoption nudge
C107988,72,Month-to-month,Basic,15.0,4,2,3,Cash,0,0.79,1,0.08333333333333333,0.48742857142857143,8,0,3.0,0.6184,High,Low,Win-back outreach + onboarding re-engagement
C107444,24,Two year,Premium,73.65,16,2,0,Cash,0,0.49,0,0.25,0.8817142857142857,2,0,4.332352941176471,0.3299,Medium,High,Feature-adoption nudge
C102753,45,Month-to-month,Basic,30.45,7,1,0,Bank transfer,1,0.6,0,0.06666666666666667,0.54,1,0,3.80625,0.4102,Medium,Low,Feature-adoption nudge
C103756,59,Month-to-month,Standard,43.82,13,3,0,Bank transfer,0,0.42,0,0.15254237288135591,0.7251428571428572,3,0,3.13,0.4319,Medium,Medium,Proactive support follow-up
C103064,22,One year,Standard,38.68,13,0,0,Card,0,0.66,0,0.0,0.8211428571428572,0,0,2.762857142857143,0.1934,Low,High,Standard lifecycle communication
C100684,33,Month-to-month,Premium,79.68,5,3,0,Cash,0,0.43,0,0.2727272727272727,0.3862857142857143,3,0,13.280000000000001,0.9214,High,Low,Win-back outreach + onboarding re-engagement
C106372,50,Month-to-month,Premium,71.38,8,0,1,Card,0,0.78,0,0.0,0.6548571428571428,2,0,7.931111111111111,0.5043,High,Medium,Retention offer / contract upgrade
C107498,48,One year,Standard,45.65,10,2,0,Wallet,1,0.42,1,0.125,0.5965714285714285,2,0,4.1499999999999995,0.1695,Low,Low,Standard lifecycle communication
C107364,54,One year,Premium,66.37,16,0,1,Card,0,0.14,0,0.0,0.7417142857142857,2,0,3.9041176470588237,0.1912,Low,Medium,Standard lifecycle communication
C100490,43,Month-to-month,Premium,75.3,9,2,1,Bank transfer,0,0.55,0,0.13953488372093023,0.6057142857142858,4,0,7.529999999999999,0.7504,High,Low,Win-back outreach + onboarding re-engagement
C106963,22,One year,Basic,,16,1,1,Wallet,0,0.7,0,0.13636363636363638,0.9657142857142855,3,0,,0.3255,Medium,High,Feature-adoption nudge
C103754,24,One year,Basic,24.65,15,2,1,Wallet,0,0.43,0,0.25,0.8148571428571428,4,0,1.540625,0.3888,Medium,High,Feature-adoption nudge
C103351,14,One year,Standard,40.68,14,3,0,Card,1,0.53,1,0.6428571428571428,0.812,3,0,2.712,0.4082,Medium,High,Proactive support follow-up
C106750,64,Two year,Premium,91.23,15,2,1,Cash,1,0.21,0,0.09375,0.7268571428571428,4,0,5.701875,0.1933,Low,Medium,Standard lifecycle communication
C106990,39,One year,Premium,68.49,14,4,0,Bank transfer,1,0.48,0,0.3076923076923077,0.792,4,0,4.566,0.3444,Medium,Medium,Proactive support follow-up
C103235,37,Two year,Basic,25.59,10,2,0,Wallet,1,0.32,0,0.16216216216216214,0.5565714285714285,2,0,2.326363636363636,0.1271,Low,Low,Standard lifecycle communication
C100265,25,Two year,Basic,25.05,15,1,0,Card,1,0.62,0,0.12,0.8908571428571428,1,0,1.565625,0.0874,Low,High,Standard lifecycle communication
C100466,34,Month-to-month,Premium,71.09,14,2,0,Cash,0,0.52,1,0.1764705882352941,0.808,2,0,4.739333333333334,0.763,High,High,Retention offer / contract upgrade
C106522,52,One year,Standard,40.03,17,3,1,Wallet,1,0.34,0,0.1730769230769231,0.8645714285714285,5,0,2.223888888888889,0.187,Low,High,Standard lifecycle communication
C100726,60,Month-to-month,Basic,30.87,8,0,1,Bank transfer,0,0.24,0,0.0,0.43885714285714283,2,0,3.43,0.4418,Medium,Low,Feature-adoption nudge
C101962,41,Two year,Standard,45.19,11,3,1,Card,0,0.65,0,0.21951219512195122,0.7314285714285714,5,0,3.765833333333333,0.1897,Low,Medium,Standard lifecycle communication
C100155,66,One year,Standard,37.94,14,1,1,Wallet,1,0.43,0,0.045454545454545456,0.772,3,0,2.529333333333333,0.0707,Low,Medium,Standard lifecycle communication
C104489,53,Two year,Standard,42.13,16,2,1,Bank transfer,1,0.44,0,0.11320754716981131,0.8617142857142857,4,0,2.4782352941176473,0.0704,Low,High,Standard lifecycle communication
C101445,67,One year,Basic,23.64,10,3,0,Cash,0,0.51,1,0.13432835820895522,0.6325714285714286,3,0,2.149090909090909,0.1637,Low,Low,Standard lifecycle communication
C103946,37,Two year,Premium,83.07,8,2,1,Bank transfer,1,0.65,0,0.16216216216216214,0.6028571428571428,4,0,9.229999999999999,0.2658,Medium,Low,Feature-adoption nudge
C102430,33,Two year,Standard,30.2,16,2,0,Wallet,0,0.59,0,0.18181818181818182,0.9217142857142856,2,0,1.776470588235294,0.0862,Low,High,Standard lifecycle communication
C106845,54,Two year,Premium,81.88,10,0,0,Card,0,0.48,0,0.0,0.6205714285714286,0,0,7.443636363636363,0.0836,Low,Low,Standard lifecycle communication
C104012,32,Month-to-month,Basic,21.63,8,4,1,Bank transfer,0,0.28,1,0.375,0.45485714285714285,6,0,2.4033333333333333,0.8608,High,Low,Win-back outreach + onboarding re-engagement
C100600,23,Month-to-month,Premium,77.52,9,1,0,Card,0,0.42,1,0.13043478260869565,0.5537142857142857,1,0,7.752,0.8105,High,Low,Win-back outreach + onboarding re-engagement
C102114,54,Month-to-month,Standard,41.72,10,1,1,Card,1,0.59,0,0.05555555555555555,0.6645714285714286,3,0,3.7927272727272725,0.3885,Medium,Medium,Feature-adoption nudge
C104446,29,One year,Premium,64.74,10,0,0,Card,0,0.57,0,0.0,0.6565714285714286,0,0,5.885454545454545,0.2661,Medium,Medium,Feature-adoption nudge
C107110,17,One year,Premium,60.21,16,0,0,Wallet,0,0.32,0,0.0,0.8137142857142856,0,0,3.541764705882353,0.3243,Medium,High,Feature-adoption nudge
C104562,18,One year,Basic,22.54,14,1,1,Card,0,0.8,0,0.16666666666666666,0.92,3,0,1.5026666666666666,0.2952,Medium,High,Feature-adoption nudge
C102300,31,Month-to-month,Basic,33.4,10,2,3,Card,0,0.52,1,0.1935483870967742,0.6365714285714286,8,0,3.036363636363636,0.8764,High,Medium,Retention offer / contract upgrade
C106165,66,Two year,Premium,80.38,9,2,1,Card,0,0.21,0,0.09090909090909091,0.46971428571428575,4,0,8.038,0.1814,Low,Low,Standard lifecycle communication
C103650,1,One year,Basic,21.77,16,0,2,Bank transfer,0,0.85,0,0.0,1.0257142857142856,4,1,1.2805882352941176,0.4181,Medium,High,Feature-adoption nudge
C103190,7,Month-to-month,Basic,28.87,7,3,0,Wallet,0,0.81,0,1.2857142857142856,0.6240000000000001,3,0,3.60875,0.8289,High,Low,Win-back outreach + onboarding re-engagement
C106536,21,One year,Standard,45.06,12,3,2,Bank transfer,1,0.34,1,0.42857142857142855,0.6502857142857142,7,0,3.4661538461538464,0.6419,High,Medium,Retention offer / contract upgrade
C105827,31,Month-to-month,Premium,70.96,17,0,0,Card,0,0.39,1,0.0,0.8845714285714286,0,0,3.942222222222222,0.5606,High,High,Retention offer / contract upgrade
C107772,36,One year,Standard,43.56,17,0,2,Bank transfer,1,0.41,1,0.0,0.8925714285714286,4,0,2.42,0.2185,Low,High,Standard lifecycle communication
C106970,47,One year,Basic,15.0,14,1,1,Wallet,0,0.3,0,0.06382978723404256,0.72,3,0,1.0,0.1679,Low,Medium,Standard lifecycle communication
C101124,10,Month-to-month,Basic,28.24,7,0,0,Card,1,0.49,0,0.0,0.496,0,0,3.53,0.7151,High,Low,Win-back outreach + onboarding re-engagement
C102146,14,One year,Basic,31.66,13,0,0,Bank transfer,0,0.33,0,0.0,0.6891428571428572,0,0,2.2614285714285716,0.3419,Medium,Medium,Feature-adoption nudge
C102419,70,One year,Basic,35.77,9,2,1,Card,0,0.26,0,0.08571428571428572,0.48971428571428577,4,0,3.5770000000000004,0.1832,Low,Low,Standard lifecycle communication
C106171,71,Month-to-month,Basic,15.0,12,0,0,Card,0,0.63,0,0.0,0.7662857142857142,0,0,1.1538461538461537,0.1138,Low,Medium,Standard lifecycle communication
C104793,2,Month-to-month,Standard,40.91,5,1,1,Card,0,0.21,1,1.0,0.29828571428571427,3,1,6.8183333333333325,0.9285,High,Low,Win-back outreach + onboarding re-engagement
C104593,62,Two year,Premium,68.66,14,1,0,Bank transfer,0,0.39,0,0.04838709677419355,0.756,1,0,4.577333333333333,0.0542,Low,Medium,Standard lifecycle communication
C104404,53,One year,Standard,46.72,11,1,1,Wallet,0,0.69,0,0.056603773584905655,0.7474285714285713,3,0,3.893333333333333,0.1391,Low,Medium,Standard lifecycle communication
C103981,2,Two year,Basic,29.6,10,3,1,Card,0,0.57,1,3.0,0.6565714285714286,5,1,2.690909090909091,0.4848,Medium,Medium,Proactive support follow-up
C106152,43,Month-to-month,Standard,35.37,16,1,0,Bank transfer,0,0.73,0,0.06976744186046512,0.9777142857142855,1,0,2.0805882352941176,0.2896,Medium,High,Feature-adoption nudge
C101254,38,Two year,Basic,22.75,14,0,0,Bank transfer,0,0.53,0,0.0,0.812,0,0,1.5166666666666666,0.0547,Low,High,Standard lifecycle communication
C104353,7,Month-to-month,Standard,48.69,5,2,0,Bank transfer,1,0.52,1,0.8571428571428571,0.42228571428571426,2,0,8.115,0.8583,High,Low,Win-back outreach + onboarding re-engagement
C104800,14,Month-to-month,Basic,23.44,9,1,1,Card,0,0.81,0,0.21428571428571427,0.7097142857142857,3,0,2.3440000000000003,0.7417,High,Medium,Retention offer / contract upgrade
C100006,61,Month-to-month,Basic,25.87,11,2,0,Wallet,1,0.24,0,0.09836065573770493,0.5674285714285714,2,0,2.1558333333333333,0.3489,Medium,Low,Feature-adoption nudge
C106747,41,Month-to-month,Premium,78.24,3,0,0,Card,0,0.69,0,0.0,0.4045714285714285,0,0,19.56,0.6845,High,Low,Win-back outreach + onboarding re-engagement
C101040,28,One year,Standard,40.07,16,3,1,Card,0,0.39,0,0.3214285714285714,0.8417142857142856,5,0,2.3570588235294117,0.442,Medium,High,Proactive support follow-up
C104830,7,Month-to-month,Standard,36.98,11,1,1,Bank transfer,0,0.12,0,0.42857142857142855,0.5194285714285715,3,0,3.0816666666666666,0.8851,High,Low,Win-back outreach + onboarding re-engagement
C101593,34,Month-to-month,Standard,34.58,13,3,0,Card,0,0.2,1,0.2647058823529412,0.6371428571428572,3,0,2.4699999999999998,0.7113,High,Medium,Retention offer / contract upgrade
C101153,48,Two year,Premium,87.18,15,1,1,Wallet,0,0.56,0,0.0625,0.8668571428571428,3,0,5.44875,0.1349,Low,High,Standard lifecycle communication
C105366,7,Month-to-month,Basic,29.19,8,0,0,Card,0,0.54,1,0.0,0.5588571428571428,0,0,3.2433333333333336,0.7593,High,Low,Win-back outreach + onboarding re-engagement
C101019,23,Month-to-month,Premium,79.04,15,2,0,Card,0,0.16,1,0.2608695652173913,0.7068571428571429,2,0,4.94,0.8413,High,Medium,Retention offer / contract upgrade
C101561,52,Month-to-month,Standard,48.51,12,1,1,Card,0,0.39,0,0.057692307692307696,0.6702857142857143,3,0,3.7315384615384612,0.52,High,Medium,Retention offer / contract upgrade
C102579,26,Month-to-month,Premium,69.14,10,1,0,Wallet,1,0.39,0,0.11538461538461539,0.5845714285714285,1,0,6.285454545454545,0.7063,High,Low,Win-back outreach + onboarding re-engagement
C107853,25,Two year,Basic,20.49,13,0,1,Cash,1,0.59,0,0.0,0.7931428571428571,2,0,1.4635714285714285,0.158,Low,Medium,Standard lifecycle communication
C102635,17,Two year,Standard,40.7,12,1,1,Card,1,0.59,0,0.1764705882352941,0.7502857142857142,3,0,3.130769230769231,0.2088,Low,Medium,Standard lifecycle communication
C101103,47,Two year,Basic,24.8,16,3,2,Card,1,0.06,0,0.19148936170212766,0.7097142857142856,7,0,1.4588235294117649,0.232,Low,Medium,Standard lifecycle communication
C103937,34,Month-to-month,Basic,37.0,8,1,0,Card,0,0.41,0,0.08823529411764705,0.5068571428571428,1,0,4.111111111111111,0.6526,High,Low,Win-back outreach + onboarding re-engagement
C100841,40,Two year,Standard,38.41,17,0,1,Bank transfer,0,0.7,0,0.0,1.0085714285714285,2,0,2.1338888888888885,0.055,Low,High,Standard lifecycle communication
C107359,59,One year,Standard,38.7,14,1,0,Wallet,0,0.52,0,0.05084745762711864,0.808,1,0,2.58,0.0697,Low,High,Standard lifecycle communication
C103588,64,Month-to-month,Basic,32.35,8,1,1,Cash,1,0.44,0,0.046875,0.5188571428571428,3,0,3.5944444444444446,0.4872,Medium,Low,Feature-adoption nudge
C107822,19,Two year,Standard,47.42,10,0,0,Card,0,0.43,0,0.0,0.6005714285714285,0,0,4.3109090909090915,0.1901,Low,Low,Standard lifecycle communication
C105586,26,Two year,Premium,71.54,15,1,1,Bank transfer,0,0.27,0,0.11538461538461539,0.7508571428571428,3,0,4.47125,0.2998,Medium,Medium,Feature-adoption nudge
C102316,13,Month-to-month,Premium,72.94,15,1,1,Wallet,0,0.39,1,0.23076923076923078,0.7988571428571428,3,0,4.55875,0.8537,High,Medium,Retention offer / contract upgrade
C101832,17,Two year,Standard,46.58,12,1,0,Wallet,0,0.26,0,0.1764705882352941,0.6182857142857142,1,0,3.583076923076923,0.2533,Medium,Low,Feature-adoption nudge
C106530,42,Two year,Standard,49.29,4,1,0,Cash,0,0.74,0,0.07142857142857142,0.4674285714285714,1,0,9.858,0.1794,Low,Low,Standard lifecycle communication
C107448,37,One year,Premium,76.97,12,3,0,Card,0,0.64,0,0.24324324324324323,0.7702857142857142,3,0,5.92076923076923,0.3749,Medium,Medium,Proactive support follow-up
C107777,43,One year,Basic,25.6,10,1,0,Card,1,0.2,0,0.06976744186046512,0.5085714285714286,1,0,2.3272727272727276,0.1851,Low,Low,Standard lifecycle communication
C107564,29,One year,Standard,51.49,19,2,0,Bank transfer,0,0.86,0,0.20689655172413796,1.1582857142857144,2,0,2.5745,0.1685,Low,High,Standard lifecycle communication
C104070,46,Month-to-month,Basic,26.92,12,3,0,Bank transfer,0,0.32,0,0.19565217391304346,0.6422857142857142,3,0,2.0707692307692307,0.588,High,Medium,Retention offer / contract upgrade
C102111,29,Month-to-month,Basic,25.42,15,2,0,Card,0,0.84,0,0.20689655172413796,0.9788571428571429,2,0,1.58875,0.4889,Medium,High,Feature-adoption nudge
C107931,47,Month-to-month,Basic,17.46,8,2,0,Bank transfer,0,0.51,1,0.12765957446808512,0.5468571428571428,2,0,1.9400000000000002,0.4689,Medium,Low,Feature-adoption nudge
C105523,16,Month-to-month,Standard,37.87,15,2,0,Bank transfer,0,0.18,0,0.375,0.7148571428571427,2,0,2.366875,0.7771,High,Medium,Retention offer / contract upgrade
C102671,51,Two year,Standard,40.95,14,2,0,Cash,0,0.52,0,0.11764705882352941,0.808,2,0,2.73,0.0999,Low,High,Standard lifecycle communication
C103272,7,One year,Basic,35.04,16,0,0,Bank transfer,0,0.45,0,0.0,0.8657142857142857,0,0,2.061176470588235,0.345,Medium,High,Feature-adoption nudge
C107330,27,Month-to-month,Standard,44.49,9,0,0,Wallet,1,0.45,0,0.0,0.5657142857142857,0,0,4.449,0.5431,High,Low,Win-back outreach + onboarding re-engagement
C101118,29,Month-to-month,Standard,47.89,5,0,1,Bank transfer,1,0.77,0,0.0,0.5222857142857144,2,0,7.9816666666666665,0.6203,High,Low,Win-back outreach + onboarding re-engagement
C103974,64,Month-to-month,Basic,20.7,12,0,0,Bank transfer,0,0.82,0,0.0,0.8422857142857143,0,0,1.5923076923076922,0.124,Low,High,Standard lifecycle communication
C101567,71,Two year,Basic,26.54,13,0,0,Card,0,0.57,0,0.0,0.7851428571428571,0,0,1.8957142857142857,0.0167,Low,Medium,Standard lifecycle communication
C100855,30,Month-to-month,Basic,22.92,12,0,0,Wallet,1,0.3,1,0.0,0.6342857142857142,0,0,1.7630769230769232,0.4709,Medium,Medium,Feature-adoption nudge
C101459,24,Two year,Standard,51.09,16,1,0,Card,0,0.68,0,0.125,0.9577142857142856,1,0,3.005294117647059,0.1193,Low,High,Standard lifecycle communication
C107311,19,Month-to-month,Basic,16.94,3,1,0,Bank transfer,1,0.13,0,0.15789473684210528,0.18057142857142855,1,0,4.235,0.7875,High,Low,Win-back outreach + onboarding re-engagement
C102798,42,Two year,Basic,19.44,17,1,1,Bank transfer,0,0.43,0,0.07142857142857142,0.9005714285714286,3,0,1.08,0.0823,Low,High,Standard lifecycle communication
C107233,59,Month-to-month,Standard,48.31,14,1,0,Card,0,0.42,0,0.05084745762711864,0.768,1,0,3.220666666666667,0.3128,Medium,Medium,Feature-adoption nudge
C101306,36,One year,Premium,76.01,7,1,0,Card,0,0.18,0,0.08333333333333333,0.372,1,0,9.50125,0.4742,Medium,Low,Feature-adoption nudge
C103797,70,Month-to-month,Premium,79.72,14,2,0,Card,0,0.8,0,0.08571428571428572,0.92,2,0,5.314666666666667,0.2786,Medium,High,Feature-adoption nudge
C106299,45,Month-to-month,Basic,26.35,18,2,0,Wallet,0,0.05,1,0.13333333333333333,0.7914285714285715,2,0,1.3868421052631579,0.5194,High,Medium,Retention offer / contract upgrade
C103948,14,Two year,Standard,50.43,12,0,0,Card,1,0.15,0,0.0,0.5742857142857143,0,0,3.879230769230769,0.2324,Low,Low,Standard lifecycle communication
C100068,70,Month-to-month,Premium,72.73,9,2,0,Card,0,0.47,0,0.08571428571428572,0.5737142857142857,2,0,7.273000000000001,0.4227,Medium,Low,Feature-adoption nudge
C101696,17,One year,Standard,37.09,16,2,2,Bank transfer,0,0.33,0,0.3529411764705882,0.8177142857142856,6,0,2.1817647058823533,0.5797,High,High,Retention offer / contract upgrade
C103714,61,One year,Standard,49.33,10,0,0,Card,1,0.61,0,0.0,0.6725714285714286,0,0,4.484545454545454,0.0571,Low,Medium,Standard lifecycle communication
C105677,32,One year,Standard,49.38,13,0,0,Card,0,0.62,0,0.0,0.8051428571428572,0,0,3.527142857142857,0.1667,Low,High,Standard lifecycle communication
C107722,50,Month-to-month,Premium,68.92,11,3,2,Card,1,0.7,1,0.18,0.7514285714285713,7,0,5.743333333333333,0.7128,High,Medium,Retention offer / contract upgrade
C104197,57,One year,Premium,79.63,12,0,0,Bank transfer,0,0.43,0,0.0,0.6862857142857143,0,0,6.125384615384615,0.1284,Low,Medium,Standard lifecycle communication
C106074,64,Month-to-month,Basic,36.89,12,2,0,Wallet,0,0.19,0,0.09375,0.5902857142857143,2,0,2.8376923076923077,0.4152,Medium,Low,Feature-adoption nudge
C103658,62,Two year,Standard,35.8,16,3,1,Card,0,0.32,0,0.14516129032258063,0.8137142857142856,5,0,2.105882352941176,0.0872,Low,High,Standard lifecycle communication
C102927,3,Month-to-month,Basic,17.68,13,1,0,Bank transfer,1,0.32,1,1.0,0.6851428571428572,1,1,1.262857142857143,0.7252,High,Medium,Retention offer / contract upgrade
C102125,72,Month-to-month,Basic,28.98,12,1,0,Card,0,0.37,1,0.041666666666666664,0.6622857142857143,1,0,2.229230769230769,0.2224,Low,Medium,Standard lifecycle communication
C102940,35,Two year,Standard,37.6,13,2,1,Bank transfer,1,0.63,0,0.17142857142857143,0.8091428571428572,4,0,2.685714285714286,0.1211,Low,High,Standard lifecycle communication
C106573,48,One year,Basic,18.98,17,0,1,Card,0,0.35,0,0.0,0.8685714285714285,2,0,1.0544444444444445,0.1153,Low,High,Standard lifecycle communication
C106969,56,Two year,Standard,52.27,16,0,0,Bank transfer,1,0.89,0,0.0,1.0417142857142856,0,0,3.074705882352941,0.0165,Low,High,Standard lifecycle communication
C107389,6,One year,Basic,21.31,14,1,0,Card,1,0.56,0,0.5,0.8240000000000001,1,1,1.4206666666666665,0.3043,Medium,High,Feature-adoption nudge
C104889,49,Month-to-month,Premium,80.57,17,4,1,Wallet,1,0.7,1,0.2448979591836735,1.0085714285714285,6,0,4.476111111111111,0.6366,High,High,Retention offer / contract upgrade
C106384,21,Month-to-month,Basic,30.91,17,1,0,Cash,0,0.45,0,0.14285714285714285,0.9085714285714286,1,0,1.7172222222222222,0.7127,High,High,Retention offer / contract upgrade
C102328,5,Month-to-month,Premium,63.8,7,0,0,Card,1,0.51,1,0.0,0.504,0,1,7.975,0.8079,High,Low,Win-back outreach + onboarding re-engagement
C107396,21,One year,Premium,80.08,16,1,0,Bank transfer,0,0.46,0,0.14285714285714285,0.8697142857142857,1,0,4.710588235294118,0.3864,Medium,High,Feature-adoption nudge
C103011,21,Two year,Standard,42.46,16,2,1,Card,1,0.26,0,0.2857142857142857,0.7897142857142856,4,0,2.4976470588235293,0.2656,Medium,Medium,Feature-adoption nudge
C101905,59,One year,Standard,45.57,12,1,0,Wallet,1,0.55,0,0.05084745762711864,0.7342857142857142,1,0,3.5053846153846155,0.0684,Low,Medium,Standard lifecycle communication
C104449,72,Month-to-month,Premium,68.02,16,2,1,Card,0,0.45,0,0.08333333333333333,0.8657142857142857,4,0,4.001176470588235,0.3787,Medium,High,Feature-adoption nudge
C100150,61,Month-to-month,Premium,72.79,14,2,0,Bank transfer,0,0.14,1,0.09836065573770493,0.656,2,0,4.852666666666667,0.519,High,Medium,Retention offer / contract upgrade
C102894,2,One year,Basic,30.28,19,3,1,Card,0,0.42,1,3.0,0.9822857142857143,5,1,1.514,0.5915,High,High,Retention offer / contract upgrade
C100894,68,One year,Basic,19.69,11,0,0,Wallet,0,0.68,0,0.0,0.7434285714285714,0,0,1.6408333333333334,0.0329,Low,Medium,Standard lifecycle communication
C107205,56,One year,Standard,52.45,12,0,0,Card,0,0.35,1,0.0,0.6542857142857142,0,0,4.0346153846153845,0.1055,Low,Medium,Standard lifecycle communication
C107549,37,Month-to-month,Premium,79.16,7,3,2,Cash,0,0.28,0,0.24324324324324323,0.41200000000000003,7,0,9.895,0.9574,High,Low,Win-back outreach + onboarding re-engagement
C103660,10,Two year,Premium,66.05,8,2,1,Bank transfer,1,0.47,0,0.6,0.5308571428571428,4,0,7.338888888888889,0.493,Medium,Low,Feature-adoption nudge
C102538,32,Two year,Standard,47.26,15,1,0,Card,1,0.05,0,0.09375,0.6628571428571428,1,0,2.95375,0.147,Low,Medium,Standard lifecycle communication
C107748,16,Two year,Basic,31.77,16,2,1,Wallet,0,0.6,0,0.375,0.9257142857142856,4,0,1.8688235294117648,0.258,Medium,High,Feature-adoption nudge
C106155,8,Two year,Standard,40.57,14,2,0,Bank transfer,0,0.77,0,0.75,0.908,2,0,2.7046666666666668,0.2112,Low,High,Standard lifecycle communication
C101127,12,Month-to-month,Premium,85.76,7,1,1,Cash,1,0.66,1,0.25,0.5640000000000001,3,0,10.72,0.9282,High,Low,Win-back outreach + onboarding re-engagement
C104122,48,One year,Premium,80.66,22,0,0,Card,1,0.46,0,0.0,1.1268571428571428,0,0,3.5069565217391303,0.0856,Low,High,Standard lifecycle communication
C103720,1,Month-to-month,Standard,38.04,8,2,1,Wallet,0,0.46,1,2.0,0.5268571428571428,4,1,4.226666666666667,0.8968,High,Low,Win-back outreach + onboarding re-engagement
C101838,67,Month-to-month,Basic,18.33,8,1,0,Card,0,0.62,0,0.04477611940298508,0.5908571428571427,1,0,2.0366666666666666,0.2146,Low,Low,Standard lifecycle communication
C107684,68,Two year,Premium,72.41,12,1,0,Bank transfer,0,0.74,0,0.044117647058823525,0.8102857142857143,1,0,5.569999999999999,0.034,Low,High,Standard lifecycle communication
C105826,46,Month-to-month,Basic,27.72,14,2,0,Card,0,0.22,0,0.13043478260869565,0.688,2,0,1.8479999999999999,0.534,High,Medium,Retention offer / contract upgrade
C107965,27,Month-to-month,Basic,21.36,13,1,1,Bank transfer,0,0.55,1,0.1111111111111111,0.7771428571428571,3,0,1.5257142857142856,0.6314,High,Medium,Retention offer / contract upgrade
C106465,26,One year,Standard,49.0,20,0,0,Bank transfer,0,0.51,0,0.0,1.0611428571428572,0,0,2.3333333333333335,0.1546,Low,High,Standard lifecycle communication
C103500,50,Month-to-month,Premium,79.87,15,2,1,Card,0,0.35,0,0.12,0.7828571428571428,4,0,4.991875,0.6848,High,Medium,Retention offer / contract upgrade
C103413,61,One year,Premium,67.02,13,2,0,Card,0,0.49,0,0.09836065573770493,0.7531428571428571,2,0,4.7871428571428565,0.1407,Low,Medium,Standard lifecycle communication
C105517,63,Month-to-month,Basic,29.54,8,1,0,Bank transfer,0,0.61,0,0.047619047619047616,0.5868571428571427,1,0,3.282222222222222,0.2746,Medium,Low,Feature-adoption nudge
C102939,34,One year,Basic,29.48,14,0,1,Bank transfer,1,0.62,0,0.0,0.848,2,0,1.9653333333333334,0.1513,Low,High,Standard lifecycle communication
C101946,70,Month-to-month,Basic,29.26,8,0,0,Wallet,0,0.83,0,0.0,0.6748571428571428,0,0,3.2511111111111113,0.138,Low,Medium,Standard lifecycle communication
C102264,47,Month-to-month,Basic,25.33,10,2,1,Wallet,0,0.59,1,0.12765957446808512,0.6645714285714286,4,0,2.3027272727272727,0.5489,High,Medium,Retention offer / contract upgrade
C105569,55,Month-to-month,Premium,82.56,15,2,0,Bank transfer,0,0.82,0,0.1090909090909091,0.9708571428571429,2,0,5.16,0.3938,Medium,High,Feature-adoption nudge
C104073,16,Month-to-month,Standard,46.4,6,3,0,Card,0,0.86,1,0.5625,0.6011428571428572,3,0,6.628571428571428,0.8118,High,Low,Win-back outreach + onboarding re-engagement
C105497,4,Month-to-month,Premium,70.18,12,1,1,Card,1,0.36,1,0.75,0.6582857142857143,3,1,5.398461538461539,0.8862,High,Medium,Retention offer / contract upgrade
C106374,10,Month-to-month,Premium,69.77,12,1,0,Bank transfer,0,0.46,0,0.3,0.6982857142857143,1,0,5.366923076923077,0.8218,High,Medium,Retention offer / contract upgrade
C104594,32,Month-to-month,Basic,21.43,10,2,1,Card,0,0.21,0,0.1875,0.5125714285714286,4,0,1.9481818181818182,0.7799,High,Low,Win-back outreach + onboarding re-engagement
C104499,50,Month-to-month,Premium,68.13,12,2,0,Wallet,0,0.55,1,0.12,0.7342857142857142,2,0,5.240769230769231,0.5137,High,Medium,Retention offer / contract upgrade
C105109,70,Month-to-month,Basic,28.26,12,2,1,Card,0,0.25,0,0.08571428571428572,0.6142857142857142,4,0,2.1738461538461538,0.4185,Medium,Low,Feature-adoption nudge
C102435,61,Month-to-month,Premium,80.15,8,1,0,Wallet,0,0.29,1,0.049180327868852465,0.4588571428571428,1,0,8.905555555555557,0.5356,High,Low,Win-back outreach + onboarding re-engagement
C102367,47,Two year,Premium,75.04,13,4,0,Card,0,0.27,0,0.25531914893617025,0.6651428571428571,4,0,5.36,0.2626,Medium,Medium,Proactive support follow-up
C107303,31,One year,Standard,38.1,21,1,0,Bank transfer,0,0.29,0,0.0967741935483871,1.016,1,0,1.731818181818182,0.1712,Low,High,Standard lifecycle communication
C107184,31,Two year,Premium,78.92,12,2,0,Card,1,0.67,1,0.1935483870967742,0.7822857142857143,2,0,6.070769230769231,0.1765,Low,Medium,Standard lifecycle communication
C106509,6,Month-to-month,Basic,19.24,12,2,0,Card,0,0.39,1,1.0,0.6702857142857143,2,1,1.48,0.802,High,Medium,Retention offer / contract upgrade
C106076,10,Two year,Standard,35.54,12,1,0,Card,0,0.19,1,0.3,0.5902857142857143,1,0,2.733846153846154,0.3003,Medium,Low,Feature-adoption nudge
C101773,2,Two year,Basic,26.22,11,1,0,Card,0,0.22,0,1.0,0.5594285714285714,1,1,2.185,0.3607,Medium,Low,Feature-adoption nudge
C103157,69,One year,Standard,42.57,12,1,0,Cash,0,0.22,0,0.043478260869565216,0.6022857142857142,1,0,3.2746153846153847,0.127,Low,Low,Standard lifecycle communication
C104316,38,Two year,Premium,71.41,13,1,1,Card,0,0.61,0,0.07894736842105264,0.8011428571428572,3,0,5.100714285714285,0.1701,Low,High,Standard lifecycle communication
C100775,55,Month-to-month,Basic,15.0,8,1,0,Bank transfer,1,0.05,0,0.05454545454545455,0.3628571428571428,1,0,1.6666666666666667,0.3958,Medium,Low,Feature-adoption nudge
C101440,11,One year,Standard,27.39,14,1,0,Card,0,0.26,0,0.27272727272727276,0.704,1,0,1.826,0.3869,Medium,Medium,Feature-adoption nudge
C103005,8,Two year,Standard,42.71,15,1,0,Bank transfer,1,0.72,0,0.375,0.9308571428571428,1,0,2.669375,0.1471,Low,High,Standard lifecycle communication
C103319,18,Month-to-month,Basic,20.13,10,0,0,Card,1,0.52,0,0.0,0.6365714285714286,0,0,1.8299999999999998,0.5566,High,Medium,Retention offer / contract upgrade
C105358,37,One year,Basic,,19,3,1,Wallet,0,0.75,0,0.24324324324324323,1.1142857142857143,5,0,,0.2696,Medium,High,Proactive support follow-up
C105556,7,Month-to-month,Standard,41.86,7,1,0,Wallet,0,0.35,0,0.42857142857142855,0.43999999999999995,1,0,5.2325,0.8425,High,Low,Win-back outreach + onboarding re-engagement
C104019,7,One year,Standard,48.29,18,0,0,Wallet,0,0.61,1,0.0,1.0154285714285716,0,0,2.541578947368421,0.2778,Medium,High,Feature-adoption nudge
C104728,58,Month-to-month,Premium,73.42,7,2,0,Cash,0,0.52,1,0.10344827586206898,0.508,2,0,9.1775,0.6773,High,Low,Win-back outreach + onboarding re-engagement
C104144,22,Month-to-month,Basic,31.86,6,2,0,Bank transfer,1,0.17,1,0.27272727272727276,0.3251428571428571,2,0,4.551428571428572,0.814,High,Low,Win-back outreach + onboarding re-engagement
C107908,25,Month-to-month,Basic,21.44,12,2,0,Card,0,0.42,1,0.24,0.6822857142857143,2,0,1.6492307692307693,0.6787,High,Medium,Retention offer / contract upgrade
C104087,41,Two year,Premium,83.51,12,1,0,Card,1,0.57,0,0.07317073170731708,0.7422857142857142,1,0,6.423846153846155,0.1165,Low,Medium,Standard lifecycle communication
C102643,27,Month-to-month,Standard,34.73,6,1,0,Bank transfer,0,0.46,0,0.1111111111111111,0.44114285714285717,1,0,4.961428571428571,0.6702,High,Low,Win-back outreach + onboarding re-engagement
C103564,51,One year,Standard,44.4,14,0,0,Wallet,0,0.48,0,0.0,0.792,0,0,2.96,0.0825,Low,Medium,Standard lifecycle communication
C100639,55,Two year,Premium,70.95,15,0,0,Card,0,0.44,0,0.0,0.8188571428571428,0,0,4.434375,0.052,Low,High,Standard lifecycle communication
C106019,69,Month-to-month,Standard,43.06,13,0,0,Bank transfer,1,0.67,0,0.0,0.8251428571428572,0,0,3.075714285714286,0.1111,Low,High,Standard lifecycle communication
C103306,7,Two year,Basic,21.27,17,0,0,Card,0,0.37,0,0.0,0.8765714285714286,0,0,1.1816666666666666,0.1766,Low,High,Standard lifecycle communication
C104395,20,Two year,Premium,,11,0,0,Card,0,0.51,0,0.0,0.6754285714285715,0,0,,0.1444,Low,Medium,Standard lifecycle communication
C106816,33,One year,Standard,49.79,16,2,0,Bank transfer,0,0.48,0,0.18181818181818182,0.8777142857142857,2,0,2.9288235294117646,0.2435,Low,High,Standard lifecycle communication
C106177,17,Two year,Premium,85.53,17,1,0,Wallet,0,0.55,0,0.1764705882352941,0.9485714285714286,1,0,4.751666666666667,0.2377,Low,High,Standard lifecycle communication
C103033,46,One year,Basic,15.75,10,0,1,Wallet,1,0.38,0,0.0,0.5805714285714285,2,0,1.4318181818181819,0.1281,Low,Low,Standard lifecycle communication
C103057,48,Month-to-month,Standard,44.21,8,0,0,Card,1,0.64,0,0.0,0.5988571428571428,0,0,4.912222222222223,0.3106,Medium,Low,Feature-adoption nudge
C106307,19,Month-to-month,Basic,,22,3,1,Card,0,0.12,0,0.4736842105263158,0.9908571428571429,5,0,,0.865,High,High,Retention offer / contract upgrade
C101303,15,One year,Standard,53.21,11,0,1,Bank transfer,1,0.16,1,0.0,0.5354285714285714,2,0,4.434166666666667,0.5,Medium,Low,Feature-adoption nudge
C103840,23,Month-to-month,Basic,21.96,12,4,0,Bank transfer,0,0.3,0,0.5217391304347826,0.6342857142857142,4,0,1.6892307692307693,0.8171,High,Medium,Retention offer / contract upgrade
C100915,29,Two year,Standard,40.34,12,0,0,Card,0,0.42,0,0.0,0.6822857142857143,0,0,3.1030769230769235,0.1101,Low,Medium,Standard lifecycle communication
C105509,15,Month-to-month,Basic,28.06,9,1,0,Card,0,0.52,1,0.2,0.5937142857142857,1,0,2.806,0.7384,High,Low,Win-back outreach + onboarding re-engagement
C103404,59,Two year,Standard,46.3,12,1,1,Cash,0,0.77,0,0.05084745762711864,0.8222857142857143,3,0,3.5615384615384613,0.0766,Low,High,Standard lifecycle communication
C106744,48,One year,Basic,36.05,24,0,0,Cash,0,0.36,0,0.0,1.1725714285714284,0,0,1.442,0.105,Low,High,Standard lifecycle communication
C102722,70,One year,Standard,53.91,16,2,1,Wallet,0,0.4,0,0.08571428571428572,0.8457142857142856,4,0,3.171176470588235,0.1131,Low,High,Standard lifecycle communication
C106788,10,Month-to-month,Premium,71.37,13,2,0,Bank transfer,0,0.96,0,0.6,0.9411428571428572,2,0,5.097857142857143,0.7562,High,High,Retention offer / contract upgrade
C107030,55,Month-to-month,Standard,33.91,15,0,2,Bank transfer,0,0.46,1,0.0,0.8268571428571428,4,0,2.119375,0.3863,Medium,High,Feature-adoption nudge
C107355,30,Two year,Standard,51.6,9,0,0,Card,0,0.42,0,0.0,0.5537142857142857,0,0,5.16,0.1486,Low,Low,Standard lifecycle communication
C101723,44,Two year,Premium,68.2,19,1,1,Bank transfer,1,0.73,0,0.06818181818181819,1.1062857142857143,3,0,3.41,0.065,Low,High,Standard lifecycle communication
C107537,69,One year,Basic,36.22,11,0,1,Card,0,0.15,0,0.0,0.5314285714285714,2,0,3.018333333333333,0.1183,Low,Low,Standard lifecycle communication
C102634,35,One year,Premium,80.83,14,2,0,Card,0,0.39,0,0.17142857142857143,0.756,2,0,5.3886666666666665,0.3841,Medium,Medium,Feature-adoption nudge
C100074,36,Month-to-month,Standard,42.04,9,3,1,Card,0,0.7,1,0.25,0.6657142857142857,5,0,4.204,0.7301,High,Medium,Retention offer / contract upgrade
C106748,59,One year,Basic,41.91,10,0,0,Wallet,0,0.13,0,0.0,0.48057142857142854,0,0,3.8099999999999996,0.1309,Low,Low,Standard lifecycle communication
C104480,15,Month-to-month,Basic,28.44,13,0,2,Card,1,0.98,1,0.0,0.9491428571428572,4,0,2.0314285714285716,0.6397,High,High,Retention offer / contract upgrade
C106667,55,Month-to-month,Premium,84.7,7,2,0,Bank transfer,0,0.48,1,0.1090909090909091,0.492,2,0,10.5875,0.6489,High,Low,Win-back outreach + onboarding re-engagement
C104344,67,One year,Standard,44.67,16,0,0,Card,1,0.39,0,0.0,0.8417142857142856,0,0,2.6276470588235297,0.0382,Low,High,Standard lifecycle communication
C104915,64,Two year,Basic,24.67,11,3,0,Bank transfer,0,0.5,0,0.140625,0.6714285714285715,3,0,2.0558333333333336,0.0571,Low,Medium,Standard lifecycle communication
C105708,20,Two year,Basic,22.37,19,1,0,Bank transfer,0,0.4,0,0.15,0.9742857142857143,1,0,1.1185,0.1223,Low,High,Standard lifecycle communication
C106234,67,Month-to-month,Basic,20.88,7,2,0,Card,0,0.26,0,0.08955223880597016,0.404,2,0,2.61,0.388,Medium,Low,Feature-adoption nudge
C105467,68,Month-to-month,Basic,22.23,5,1,1,Bank transfer,0,0.45,0,0.044117647058823525,0.3942857142857143,3,0,3.705,0.3809,Medium,Low,Feature-adoption nudge
C106639,7,One year,Standard,35.95,21,1,1,Bank transfer,1,0.66,0,0.42857142857142855,1.164,3,0,1.6340909090909093,0.2846,Medium,High,Feature-adoption nudge
C101625,68,Month-to-month,Premium,75.72,22,1,0,Bank transfer,0,0.31,0,0.044117647058823525,1.0668571428571427,1,0,3.292173913043478,0.2408,Low,High,Standard lifecycle communication
C103312,27,Month-to-month,Premium,71.38,11,2,1,Bank transfer,0,0.8,0,0.2222222222222222,0.7914285714285715,4,0,5.948333333333333,0.7726,High,Medium,Retention offer / contract upgrade
C104275,11,Month-to-month,Basic,36.95,18,4,1,Bank transfer,0,0.34,0,1.090909090909091,0.9074285714285715,6,0,1.9447368421052633,0.9001,High,High,Retention offer / contract upgrade
C106485,1,One year,Standard,,13,2,0,Card,0,0.32,0,2.0,0.6851428571428572,2,1,,0.5691,High,Medium,Retention offer / contract upgrade
C104184,56,Month-to-month,Standard,52.07,12,1,0,Card,0,0.47,0,0.05357142857142857,0.7022857142857142,1,0,4.0053846153846155,0.368,Medium,Medium,Feature-adoption nudge
C101101,32,Two year,Basic,34.28,14,4,0,Card,1,0.19,0,0.375,0.6759999999999999,4,0,2.2853333333333334,0.2612,Medium,Medium,Proactive support follow-up
C105445,48,Month-to-month,Premium,78.96,8,0,1,Wallet,0,0.39,1,0.0,0.49885714285714283,2,0,8.773333333333333,0.6591,High,Low,Win-back outreach + onboarding re-engagement
C103764,28,Two year,Standard,50.44,8,2,0,Card,1,0.26,0,0.21428571428571427,0.44685714285714284,2,0,5.604444444444444,0.2552,Medium,Low,Feature-adoption nudge
C105009,28,Two year,Premium,75.58,17,1,0,Card,1,0.41,0,0.10714285714285714,0.8925714285714286,1,0,4.198888888888889,0.1476,Low,High,Standard lifecycle communication
C106913,66,One year,Standard,44.67,17,1,1,Card,0,0.35,0,0.045454545454545456,0.8685714285714285,3,0,2.481666666666667,0.0935,Low,High,Standard lifecycle communication
C101073,10,Month-to-month,Basic,27.11,11,0,1,Cash,1,0.49,0,0.0,0.6674285714285715,2,0,2.2591666666666668,0.8207,High,Medium,Retention offer / contract upgrade
C106955,10,Month-to-month,Standard,65.67,7,0,0,Card,1,0.57,1,0.0,0.528,0,0,8.20875,0.7847,High,Low,Win-back outreach + onboarding re-engagement
C105314,52,Month-to-month,Standard,44.06,11,0,1,Cash,1,0.32,0,0.0,0.5994285714285714,2,0,3.671666666666667,0.527,High,Low,Win-back outreach + onboarding re-engagement
C102731,57,Month-to-month,Basic,20.23,8,0,0,Wallet,0,0.15,1,0.0,0.4028571428571428,0,0,2.247777777777778,0.3508,Medium,Low,Feature-adoption nudge
C102702,46,Month-to-month,Basic,25.67,8,4,0,Card,0,0.89,1,0.2608695652173913,0.6988571428571428,4,0,2.852222222222222,0.5503,High,Medium,Retention offer / contract upgrade
C105789,37,One year,Standard,46.88,9,2,0,Card,0,0.47,0,0.16216216216216214,0.5737142857142857,2,0,4.688000000000001,0.3008,Medium,Low,Feature-adoption nudge
C107285,60,One year,Premium,78.57,10,0,0,Bank transfer,0,0.58,0,0.0,0.6605714285714286,0,0,7.142727272727272,0.1091,Low,Medium,Standard lifecycle communication
C103179,23,Month-to-month,Standard,47.63,8,1,0,Bank transfer,0,0.29,1,0.13043478260869565,0.4588571428571428,1,0,5.292222222222223,0.7626,High,Low,Win-back outreach + onboarding re-engagement
C102718,8,Month-to-month,Basic,26.44,3,1,0,Bank transfer,0,0.7,0,0.375,0.40857142857142853,1,0,6.61,0.8103,High,Low,Win-back outreach + onboarding re-engagement
C107693,16,Two year,Basic,28.0,16,1,0,Card,0,0.11,0,0.1875,0.7297142857142856,1,0,1.6470588235294117,0.2417,Low,Medium,Standard lifecycle communication
C105522,12,Month-to-month,Premium,71.35,6,1,1,Card,0,0.27,1,0.25,0.3651428571428571,3,0,10.192857142857141,0.9334,High,Low,Win-back outreach + onboarding re-engagement
C107387,56,One year,Standard,33.07,11,0,0,Card,1,0.32,0,0.0,0.5994285714285714,0,0,2.7558333333333334,0.0705,Low,Low,Standard lifecycle communication
C105796,20,Month-to-month,Premium,70.23,16,0,0,Card,1,0.57,1,0.0,0.9137142857142856,0,0,4.131176470588236,0.5743,High,High,Retention offer / contract upgrade
C102450,3,Month-to-month,Premium,76.75,9,2,0,Bank transfer,1,0.63,1,2.0,0.6377142857142857,2,1,7.675,0.8584,High,Medium,Retention offer / contract upgrade
C101701,70,Two year,Standard,,12,2,1,Wallet,0,0.33,0,0.08571428571428572,0.6462857142857142,4,0,,0.0648,Low,Medium,Standard lifecycle communication
C104518,64,Two year,Basic,37.48,11,0,2,Card,1,0.65,0,0.0,0.7314285714285714,4,0,3.123333333333333,0.0488,Low,Medium,Standard lifecycle communication
C107970,17,Two year,Standard,44.06,16,0,1,Bank transfer,0,0.63,0,0.0,0.9377142857142856,2,0,2.591764705882353,0.1582,Low,High,Standard lifecycle communication
C107912,72,Month-to-month,Premium,77.8,7,3,0,Cash,1,0.74,0,0.125,0.596,3,0,9.725,0.5115,High,Low,Win-back outreach + onboarding re-engagement
C105415,54,Month-to-month,Standard,35.33,15,0,1,Card,1,0.93,0,0.0,1.014857142857143,2,0,2.208125,0.1716,Low,High,Standard lifecycle communication
C101046,21,Month-to-month,Standard,47.06,14,1,0,Card,1,0.54,0,0.14285714285714285,0.8160000000000001,1,0,3.1373333333333333,0.5901,High,High,Retention offer / contract upgrade
C107657,35,Month-to-month,Premium,76.38,14,1,1,Bank transfer,0,0.44,1,0.08571428571428572,0.776,3,0,5.092,0.721,High,Medium,Retention offer / contract upgrade
C106332,12,Two year,Premium,75.6,16,1,0,Card,0,0.3,0,0.25,0.8057142857142856,1,0,4.447058823529411,0.3325,Medium,High,Feature-adoption nudge
C103813,38,Month-to-month,Basic,25.3,12,2,0,Cash,0,0.92,0,0.15789473684210528,0.8822857142857143,2,0,1.9461538461538461,0.5306,High,High,Retention offer / contract upgrade
C105012,18,Month-to-month,Standard,52.05,15,0,0,Card,0,0.12,0,0.0,0.6908571428571428,0,0,3.253125,0.7249,High,Medium,Retention offer / contract upgrade
C104426,35,Month-to-month,Premium,79.1,15,0,1,Cash,0,0.26,0,0.0,0.7468571428571428,2,0,4.94375,0.7976,High,Medium,Retention offer / contract upgrade
C103427,34,Two year,Basic,15.49,12,2,0,Bank transfer,0,0.63,0,0.1764705882352941,0.7662857142857142,2,0,1.1915384615384617,0.0954,Low,Medium,Standard lifecycle communication
C107346,2,Month-to-month,Premium,63.18,10,2,0,Bank transfer,0,0.75,0,2.0,0.7285714285714286,2,1,5.743636363636363,0.8329,High,Medium,Retention offer / contract upgrade
C107254,68,One year,Standard,41.39,11,3,1,Bank transfer,0,0.24,0,0.1323529411764706,0.5674285714285714,5,0,3.4491666666666667,0.2012,Low,Low,Standard lifecycle communication
C105348,35,One year,Premium,79.35,11,0,2,Wallet,1,0.8,0,0.0,0.7914285714285715,4,0,6.6125,0.3084,Medium,Medium,Feature-adoption nudge
C107356,37,Two year,Basic,33.58,11,0,2,Card,0,0.35,0,0.0,0.6114285714285714,4,0,2.7983333333333333,0.2066,Low,Low,Standard lifecycle communication
C105001,45,Month-to-month,Standard,37.4,7,1,1,Bank transfer,1,0.58,0,0.06666666666666667,0.532,3,0,4.675,0.5016,High,Low,Win-back outreach + onboarding re-engagement
C107876,70,One year,Basic,21.69,14,1,0,Bank transfer,0,0.31,0,0.04285714285714286,0.724,1,0,1.4460000000000002,0.0549,Low,Medium,Standard lifecycle communication
C103390,38,Month-to-month,Standard,38.59,14,2,2,Bank transfer,1,0.27,1,0.15789473684210528,0.708,6,0,2.572666666666667,0.721,High,Medium,Retention offer / contract upgrade
C105399,49,Two year,Standard,38.16,14,0,1,Wallet,0,0.47,0,0.0,0.788,2,0,2.5439999999999996,0.0594,Low,Medium,Standard lifecycle communication
C102580,14,Month-to-month,Standard,46.88,9,0,0,Bank transfer,0,0.51,1,0.0,0.5897142857142857,0,0,4.688000000000001,0.7106,High,Low,Win-back outreach + onboarding re-engagement
C107909,28,One year,Premium,74.34,19,4,2,Card,1,0.09,0,0.42857142857142855,0.8502857142857143,8,0,3.717,0.7202,High,High,Retention offer / contract upgrade
C106205,8,One year,Basic,21.92,15,2,1,Wallet,0,0.41,1,0.75,0.8068571428571428,4,0,1.37,0.5343,High,High,Retention offer / contract upgrade
C106325,18,Month-to-month,Standard,44.81,11,0,0,Cash,0,0.5,1,0.0,0.6714285714285715,0,0,3.734166666666667,0.7467,High,Medium,Retention offer / contract upgrade
C107199,63,Month-to-month,Standard,44.39,15,2,0,Wallet,1,0.1,1,0.09523809523809523,0.6828571428571428,2,0,2.774375,0.3395,Medium,Medium,Feature-adoption nudge
C106220,30,Month-to-month,Standard,46.6,12,2,1,Card,0,0.71,0,0.2,0.7982857142857143,4,0,3.5846153846153848,0.6951,High,Medium,Retention offer / contract upgrade
C106415,58,Month-to-month,Standard,44.67,10,1,0,Bank transfer,0,0.76,0,0.05172413793103449,0.7325714285714287,1,0,4.0609090909090915,0.2644,Medium,Medium,Feature-adoption nudge
C105477,61,Two year,Premium,74.36,16,1,0,Card,0,0.37,0,0.049180327868852465,0.8337142857142856,1,0,4.374117647058823,0.0583,Low,High,Standard lifecycle communication
C103918,54,One year,Standard,50.73,10,0,0,Wallet,0,0.1,0,0.0,0.4685714285714285,0,0,4.611818181818181,0.1544,Low,Low,Standard lifecycle communication
C105617,38,Month-to-month,Standard,46.53,11,0,0,Cash,1,0.24,0,0.0,0.5674285714285714,0,0,3.8775,0.5989,High,Low,Win-back outreach + onboarding re-engagement
C104362,3,One year,Basic,15.0,20,2,1,Card,0,0.46,0,2.0,1.0411428571428571,4,1,0.7142857142857143,0.4443,Medium,High,Feature-adoption nudge
C102194,59,Month-to-month,Premium,70.03,10,0,0,Cash,0,0.21,0,0.0,0.5125714285714286,0,0,6.366363636363636,0.5554,High,Low,Win-back outreach + onboarding re-engagement
C101560,31,Month-to-month,Standard,39.44,10,1,1,Card,0,0.77,0,0.0967741935483871,0.7365714285714287,3,0,3.5854545454545454,0.607,High,Medium,Retention offer / contract upgrade
C104771,72,Month-to-month,Standard,49.74,7,1,2,Card,0,0.53,0,0.041666666666666664,0.512,5,0,6.2175,0.4686,Medium,Low,Feature-adoption nudge
C100249,53,Month-to-month,Standard,36.45,15,1,0,Bank transfer,0,0.56,0,0.056603773584905655,0.8668571428571428,1,0,2.278125,0.2658,Medium,High,Feature-adoption nudge
C102685,34,Month-to-month,Standard,54.76,6,0,0,Bank transfer,0,0.5,1,0.0,0.45714285714285713,0,0,7.822857142857143,0.6136,High,Low,Win-back outreach + onboarding re-engagement
C100859,38,Month-to-month,Standard,48.24,14,2,2,Card,0,0.42,0,0.15789473684210528,0.768,6,0,3.216,0.7656,High,Medium,Retention offer / contract upgrade
C101317,22,One year,Premium,77.08,10,1,1,Wallet,0,0.38,1,0.13636363636363638,0.5805714285714285,3,0,7.007272727272727,0.588,High,Low,Win-back outreach + onboarding re-engagement
C107956,44,Month-to-month,Standard,47.19,10,0,0,Wallet,0,0.39,0,0.0,0.5845714285714285,0,0,4.29,0.4385,Medium,Low,Feature-adoption nudge
C104133,48,Month-to-month,Premium,78.08,5,2,1,Card,1,0.15,0,0.125,0.27428571428571424,4,0,13.013333333333334,0.837,High,Low,Win-back outreach + onboarding re-engagement
C103480,51,Month-to-month,Standard,46.61,10,2,1,Wallet,0,0.29,1,0.11764705882352941,0.5445714285714285,4,0,4.237272727272727,0.6388,High,Low,Win-back outreach + onboarding re-engagement
C105989,23,One year,Basic,24.8,12,0,1,Card,1,0.62,0,0.0,0.7622857142857142,2,0,1.9076923076923078,0.2333,Low,Medium,Standard lifecycle communication
C101314,28,One year,Standard,39.47,13,0,1,Card,0,0.09,0,0.0,0.5931428571428572,2,0,2.8192857142857144,0.37,Medium,Low,Feature-adoption nudge
C100355,59,Two year,Basic,20.79,14,2,0,Card,0,0.73,0,0.10169491525423728,0.8919999999999999,2,0,1.386,0.0333,Low,High,Standard lifecycle communication
C107868,9,Month-to-month,Premium,71.82,12,0,0,Wallet,0,0.34,0,0.0,0.6502857142857142,0,0,5.524615384615384,0.8141,High,Medium,Retention offer / contract upgrade
C104491,36,Month-to-month,Standard,38.66,13,0,1,Bank transfer,0,0.71,1,0.0,0.8411428571428572,2,0,2.761428571428571,0.4449,Medium,High,Feature-adoption nudge
C100304,49,Month-to-month,Premium,84.14,9,2,0,Cash,0,0.28,1,0.12244897959183675,0.4977142857142858,2,0,8.414,0.8066,High,Low,Win-back outreach + onboarding re-engagement
C107516,3,One year,Standard,42.25,9,2,1,Card,0,0.44,1,2.0,0.5617142857142857,4,1,4.225,0.6686,High,Low,Win-back outreach + onboarding re-engagement
C105906,63,Month-to-month,Basic,28.93,10,2,1,Card,1,0.89,0,0.09523809523809523,0.7845714285714286,4,0,2.63,0.2838,Medium,Medium,Feature-adoption nudge
C106496,53,Two year,Basic,30.7,13,4,2,Bank transfer,1,0.65,0,0.22641509433962262,0.8171428571428572,8,0,2.1928571428571426,0.1595,Low,High,Standard lifecycle communication
C105995,46,Month-to-month,Premium,81.97,3,1,1,Bank transfer,0,0.48,0,0.06521739130434782,0.32057142857142856,3,0,20.4925,0.8276,High,Low,Win-back outreach + onboarding re-engagement
C107490,34,Month-to-month,Standard,44.32,18,1,0,Card,1,0.38,0,0.08823529411764705,0.9234285714285715,1,0,2.3326315789473684,0.4392,Medium,High,Feature-adoption nudge
C106111,1,Month-to-month,Standard,45.15,4,0,0,Card,0,0.78,0,0.0,0.48342857142857143,0,1,9.03,0.8099,High,Low,Win-back outreach + onboarding re-engagement
C104481,43,One year,Premium,77.43,19,1,1,Card,0,0.89,0,0.06976744186046512,1.1702857142857144,3,0,3.8715,0.1611,Low,High,Standard lifecycle communication
C101335,67,Two year,Basic,16.72,9,1,0,Card,0,0.32,0,0.04477611940298508,0.5137142857142858,1,0,1.672,0.0375,Low,Low,Standard lifecycle communication
C106757,58,Month-to-month,Standard,50.38,10,0,0,Card,0,0.23,0,0.0,0.5205714285714286,0,0,4.58,0.3758,Medium,Low,Feature-adoption nudge
C101296,9,Month-to-month,Standard,45.08,14,1,1,Wallet,0,0.31,0,0.3333333333333333,0.724,3,0,3.005333333333333,0.8416,High,Medium,Retention offer / contract upgrade
C105700,3,Month-to-month,Standard,53.31,9,1,2,Card,0,0.11,1,1.0,0.4297142857142857,5,1,5.331,0.9517,High,Low,Win-back outreach + onboarding re-engagement
C103346,64,Two year,Basic,18.49,15,1,1,Card,1,0.21,0,0.046875,0.7268571428571428,3,0,1.155625,0.0429,Low,Medium,Standard lifecycle communication
C104465,22,Month-to-month,Basic,21.07,10,2,0,Card,0,0.54,0,0.27272727272727276,0.6445714285714286,2,0,1.9154545454545455,0.6964,High,Medium,Retention offer / contract upgrade
C100274,12,Month-to-month,Standard,42.14,9,1,0,Wallet,0,0.53,0,0.25,0.5977142857142858,1,0,4.214,0.7559,High,Low,Win-back outreach + onboarding re-engagement
C102067,7,One year,Standard,43.1,9,2,1,Bank transfer,0,0.6,1,0.8571428571428571,0.6257142857142857,4,0,4.3100000000000005,0.6142,High,Low,Win-back outreach + onboarding re-engagement
C104397,14,Month-to-month,Premium,86.82,12,0,1,Wallet,1,0.6,1,0.0,0.7542857142857142,2,0,6.678461538461538,0.802,High,Medium,Retention offer / contract upgrade
C107653,23,Month-to-month,Standard,38.11,9,0,2,Bank transfer,1,0.62,1,0.0,0.6337142857142857,4,0,3.811,0.7031,High,Medium,Retention offer / contract upgrade
C106064,65,Two year,Basic,24.75,14,1,0,Cash,0,0.36,0,0.04615384615384615,0.744,1,0,1.65,0.0512,Low,Medium,Standard lifecycle communication
C107251,62,Month-to-month,Basic,28.81,17,1,2,Card,1,0.54,0,0.04838709677419355,0.9445714285714286,5,0,1.6005555555555555,0.3242,Medium,High,Feature-adoption nudge
C106026,27,One year,Standard,35.64,15,1,0,Card,1,0.27,1,0.1111111111111111,0.7508571428571428,1,0,2.2275,0.2221,Low,Medium,Standard lifecycle communication
C105943,65,One year,Standard,47.67,17,1,0,Card,0,0.4,0,0.04615384615384615,0.8885714285714286,1,0,2.6483333333333334,0.0652,Low,High,Standard lifecycle communication
C106930,10,Month-to-month,Premium,77.35,5,1,1,Bank transfer,0,0.35,0,0.3,0.35428571428571426,3,0,12.891666666666666,0.942,High,Low,Win-back outreach + onboarding re-engagement
C104953,44,One year,Basic,35.67,14,0,0,Card,0,0.25,0,0.0,0.7,0,0,2.378,0.1512,Low,Medium,Standard lifecycle communication
C106194,20,Month-to-month,Basic,,16,1,0,Card,1,0.56,0,0.15,0.9097142857142857,1,0,,0.6018,High,High,Retention offer / contract upgrade
C104410,8,Two year,Premium,73.96,11,3,1,Card,0,0.53,0,1.125,0.6834285714285715,5,0,6.163333333333333,0.5996,High,Medium,Retention offer / contract upgrade
C103187,17,Month-to-month,Standard,36.01,15,1,0,Card,1,0.65,0,0.1764705882352941,0.9028571428571428,1,0,2.250625,0.537,High,High,Retention offer / contract upgrade
C101293,51,Month-to-month,Basic,25.49,6,2,1,Card,1,0.46,0,0.11764705882352941,0.44114285714285717,4,0,3.641428571428571,0.5732,High,Low,Win-back outreach + onboarding re-engagement
C102624,43,Two year,Standard,34.75,9,1,2,Bank transfer,0,0.7,0,0.06976744186046512,0.6657142857142857,5,0,3.475,0.1372,Low,Medium,Standard lifecycle communication
C101991,65,Month-to-month,Premium,82.06,8,1,1,Card,1,0.84,0,0.04615384615384615,0.6788571428571428,3,0,9.117777777777778,0.3981,Medium,Medium,Feature-adoption nudge
C103913,58,Month-to-month,Standard,,13,1,1,Card,0,0.68,0,0.05172413793103449,0.8291428571428572,3,0,,0.3383,Medium,High,Feature-adoption nudge
C102441,53,Two year,Standard,40.06,10,3,1,Card,1,0.79,0,0.16981132075471697,0.7445714285714287,5,0,3.641818181818182,0.087,Low,Medium,Standard lifecycle communication
C107918,43,Month-to-month,Basic,24.14,11,1,0,Wallet,0,0.64,0,0.06976744186046512,0.7274285714285714,1,0,2.0116666666666667,0.3807,Medium,Medium,Feature-adoption nudge
C103715,8,One year,Standard,57.46,19,1,2,Wallet,0,0.83,1,0.375,1.1462857142857144,5,0,2.873,0.4778,Medium,High,Feature-adoption nudge
C104188,62,Month-to-month,Premium,76.7,10,0,1,Card,0,0.52,0,0.0,0.6365714285714286,2,0,6.972727272727273,0.4481,Medium,Medium,Feature-adoption nudge
C103558,15,Month-to-month,Standard,,14,1,0,Card,0,0.34,1,0.2,0.736,1,0,,0.7343,High,Medium,Retention offer / contract upgrade
C104770,60,Two year,Standard,41.16,18,1,1,Bank transfer,0,0.57,0,0.05,0.9994285714285714,3,0,2.166315789473684,0.0382,Low,High,Standard lifecycle communication
C103111,16,Month-to-month,Premium,81.55,20,0,0,Bank transfer,0,0.38,0,0.0,1.0091428571428571,0,0,3.8833333333333333,0.6914,High,High,Retention offer / contract upgrade
C103095,59,One year,Premium,70.77,17,1,0,Bank transfer,0,0.29,0,0.05084745762711864,0.8445714285714285,1,0,3.9316666666666666,0.119,Low,High,Standard lifecycle communication
C106992,43,One year,Standard,40.7,10,1,0,Card,1,0.24,0,0.06976744186046512,0.5245714285714286,1,0,3.7,0.1863,Low,Low,Standard lifecycle communication
C102676,70,Month-to-month,Premium,74.97,9,1,0,Card,0,0.86,0,0.04285714285714286,0.7297142857142858,1,0,7.497,0.2604,Medium,Medium,Feature-adoption nudge
C101388,13,One year,Standard,,19,1,1,Card,0,0.84,0,0.23076923076923078,1.1502857142857144,3,0,,0.2992,Medium,High,Feature-adoption nudge
C102070,1,One year,Standard,45.5,15,0,0,Cash,0,0.55,0,0.0,0.8628571428571428,0,1,2.84375,0.4875,Medium,High,Feature-adoption nudge
C106063,51,Month-to-month,Basic,31.73,16,1,0,Card,0,0.91,0,0.058823529411764705,1.0497142857142856,1,0,1.866470588235294,0.2208,Low,High,Standard lifecycle communication
C100714,44,Month-to-month,Basic,32.14,14,2,1,Card,0,0.47,0,0.13636363636363638,0.788,4,0,2.1426666666666665,0.5979,High,Medium,Retention offer / contract upgrade
C101326,51,Month-to-month,Standard,40.89,13,1,1,Wallet,0,0.56,0,0.058823529411764705,0.7811428571428571,3,0,2.920714285714286,0.4169,Medium,Medium,Feature-adoption nudge
C104146,36,One year,Standard,49.3,10,0,0,Card,1,0.53,0,0.0,0.6405714285714286,0,0,4.4818181818181815,0.1561,Low,Medium,Standard lifecycle communication
C103685,24,Month-to-month,Premium,76.13,6,3,2,Bank transfer,0,0.6,1,0.375,0.4971428571428571,7,0,10.875714285714285,0.9411,High,Low,Win-back outreach + onboarding re-engagement
C100468,10,Month-to-month,Standard,40.48,22,2,0,Wallet,0,0.62,1,0.6,1.1908571428571428,2,0,1.7599999999999998,0.6341,High,High,Retention offer / contract upgrade
C102268,15,Month-to-month,Standard,43.41,12,3,2,Card,0,0.14,0,0.6,0.5702857142857143,7,0,3.339230769230769,0.9407,High,Low,Win-back outreach + onboarding re-engagement
C102558,65,One year,Premium,72.55,9,0,0,Cash,1,0.55,0,0.0,0.6057142857142858,0,0,7.255,0.1179,Low,Low,Standard lifecycle communication
C105504,24,Two year,Standard,43.7,19,0,0,Card,0,0.6,0,0.0,1.0542857142857143,0,0,2.185,0.0777,Low,High,Standard lifecycle communication
C107635,12,Two year,Basic,31.2,15,1,1,Card,0,0.65,0,0.25,0.9028571428571428,3,0,1.95,0.2444,Low,High,Standard lifecycle communication
C105890,46,Month-to-month,Standard,37.23,13,1,0,Card,0,0.38,0,0.06521739130434782,0.7091428571428572,1,0,2.6592857142857143,0.4183,Medium,Medium,Feature-adoption nudge
C104424,1,Two year,Standard,44.48,13,1,2,Card,0,0.57,0,1.0,0.7851428571428571,5,1,3.177142857142857,0.4631,Medium,Medium,Feature-adoption nudge
C101742,40,Two year,Basic,21.41,19,0,0,Bank transfer,0,0.11,0,0.0,0.8582857142857143,0,0,1.0705,0.062,Low,High,Standard lifecycle communication
C101554,22,One year,Standard,48.08,15,1,0,Bank transfer,1,0.29,0,0.13636363636363638,0.7588571428571428,1,0,3.005,0.2847,Medium,Medium,Feature-adoption nudge
C103796,20,Month-to-month,Standard,49.48,13,2,0,Card,0,0.84,0,0.3,0.8931428571428572,2,0,3.5342857142857143,0.652,High,High,Retention offer / contract upgrade
C103890,13,Month-to-month,Standard,34.93,11,0,0,Card,1,0.61,0,0.0,0.7154285714285714,0,0,2.910833333333333,0.5768,High,Medium,Retention offer / contract upgrade
C107238,43,Month-to-month,Standard,49.71,15,3,0,Bank transfer,0,0.52,0,0.20930232558139533,0.8508571428571428,3,0,3.106875,0.5554,High,High,Retention offer / contract upgrade
C101096,6,Month-to-month,Basic,32.49,19,2,0,Wallet,0,0.62,1,1.0,1.0622857142857143,2,1,1.6245,0.7036,High,High,Retention offer / contract upgrade
C100899,59,Month-to-month,Standard,43.55,15,3,1,Card,0,0.74,0,0.15254237288135591,0.9388571428571428,5,0,2.721875,0.4173,Medium,High,Proactive support follow-up
C107729,14,Month-to-month,Premium,70.88,9,3,1,Bank transfer,0,0.12,1,0.6428571428571428,0.4337142857142857,5,0,7.087999999999999,0.952,High,Low,Win-back outreach + onboarding re-engagement
C101602,44,One year,Standard,49.37,15,0,2,Card,0,0.33,0,0.0,0.7748571428571428,4,0,3.085625,0.2642,Medium,Medium,Feature-adoption nudge
C104582,39,Month-to-month,Basic,25.08,7,3,1,Bank transfer,0,0.31,1,0.23076923076923078,0.424,5,0,3.135,0.7937,High,Low,Win-back outreach + onboarding re-engagement
C100929,60,Month-to-month,Basic,31.68,9,1,0,Bank transfer,0,0.02,1,0.05,0.39371428571428574,1,0,3.168,0.4642,Medium,Low,Feature-adoption nudge
C100508,16,Month-to-month,Basic,18.87,9,3,0,Bank transfer,1,0.35,0,0.5625,0.5257142857142857,3,0,1.887,0.7917,High,Low,Win-back outreach + onboarding re-engagement
C107540,39,One year,Basic,23.16,13,0,1,Cash,1,0.6,0,0.0,0.7971428571428572,2,0,1.6542857142857144,0.1904,Low,Medium,Standard lifecycle communication
C101215,33,Month-to-month,Standard,40.77,13,2,1,Bank transfer,1,0.29,0,0.18181818181818182,0.6731428571428572,4,0,2.9121428571428574,0.6908,High,Medium,Retention offer / contract upgrade
C100728,51,Month-to-month,Standard,47.87,1,1,0,Card,0,0.1,1,0.058823529411764705,0.08285714285714285,1,0,23.935,0.7722,High,Low,Win-back outreach + onboarding re-engagement
C104548,63,Month-to-month,Standard,51.4,11,0,1,Card,1,0.03,0,0.0,0.48342857142857143,2,0,4.283333333333333,0.4229,Medium,Low,Feature-adoption nudge
C105258,41,One year,Standard,37.95,18,2,0,Card,0,0.44,0,0.14634146341463417,0.9474285714285715,2,0,1.9973684210526317,0.1586,Low,High,Standard lifecycle communication
C102362,56,One year,Basic,29.61,10,0,0,Bank transfer,1,0.57,0,0.0,0.6565714285714286,0,0,2.691818181818182,0.0611,Low,Medium,Standard lifecycle communication
C107897,23,Two year,Standard,45.11,14,0,1,Bank transfer,0,0.86,1,0.0,0.944,2,0,3.0073333333333334,0.1126,Low,High,Standard lifecycle communication
C104210,16,One year,Premium,76.45,15,0,0,Card,1,0.75,0,0.0,0.9428571428571428,0,0,4.778125,0.2564,Medium,High,Feature-adoption nudge
C105134,1,Month-to-month,Premium,83.75,5,1,1,Bank transfer,1,0.63,1,1.0,0.4662857142857143,3,1,13.958333333333334,0.9304,High,Low,Win-back outreach + onboarding re-engagement
C103258,43,Month-to-month,Premium,73.51,14,1,1,Bank transfer,1,0.23,0,0.06976744186046512,0.692,3,0,4.900666666666667,0.6505,High,Medium,Retention offer / contract upgrade
C107099,53,One year,Premium,72.49,17,0,0,Card,1,0.29,0,0.0,0.8445714285714285,0,0,4.027222222222222,0.1008,Low,High,Standard lifecycle communication
C102014,41,Two year,Standard,41.34,12,1,1,Bank transfer,0,0.31,1,0.07317073170731708,0.6382857142857142,3,0,3.18,0.1456,Low,Medium,Standard lifecycle communication
C104584,45,Month-to-month,Standard,42.16,11,2,0,Cash,0,0.71,0,0.13333333333333333,0.7554285714285713,2,0,3.513333333333333,0.5609,High,Medium,Retention offer / contract upgrade
C100118,29,Month-to-month,Basic,27.48,17,1,0,Card,0,0.26,1,0.10344827586206898,0.8325714285714285,1,0,1.5266666666666666,0.5776,High,High,Retention offer / contract upgrade
C105360,55,Month-to-month,Basic,20.6,15,1,0,Card,1,0.4,0,0.05454545454545455,0.8028571428571428,1,0,1.2875,0.2443,Low,High,Standard lifecycle communication
C107620,33,Month-to-month,Standard,50.3,12,0,1,Bank transfer,1,0.69,0,0.0,0.7902857142857143,2,0,3.869230769230769,0.4904,Medium,Medium,Feature-adoption nudge
C105076,39,Month-to-month,Standard,51.15,19,1,0,Card,1,0.36,0,0.07692307692307693,0.9582857142857143,1,0,2.5575,0.408,Medium,High,Feature-adoption nudge
C101844,26,Month-to-month,Premium,70.57,11,2,2,Wallet,0,0.37,0,0.23076923076923078,0.6194285714285714,6,0,5.8808333333333325,0.8994,High,Low,Win-back outreach + onboarding re-engagement
C100169,64,One year,Premium,80.4,9,1,0,Wallet,1,0.16,0,0.046875,0.44971428571428573,1,0,8.040000000000001,0.1711,Low,Low,Standard lifecycle communication
C106555,35,Two year,Premium,81.41,22,0,1,Bank transfer,0,0.35,0,0.0,1.0828571428571427,2,0,3.539565217391304,0.1342,Low,High,Standard lifecycle communication
C101889,9,Month-to-month,Basic,17.32,8,1,3,Card,1,0.5,0,0.3333333333333333,0.5428571428571428,7,0,1.9244444444444444,0.9009,High,Low,Win-back outreach + onboarding re-engagement
C106960,52,Month-to-month,Premium,66.63,11,0,1,Card,0,0.21,0,0.0,0.5554285714285714,2,0,5.552499999999999,0.5852,High,Low,Win-back outreach + onboarding re-engagement
C101214,71,Month-to-month,Standard,45.81,9,3,0,Wallet,0,0.75,0,0.1267605633802817,0.6857142857142857,3,0,4.581,0.2907,Medium,Medium,Proactive support follow-up
C105498,14,One year,Basic,31.97,14,2,0,Bank transfer,0,0.13,0,0.42857142857142855,0.652,2,0,2.131333333333333,0.5207,High,Medium,Retention offer / contract upgrade
C100298,39,Two year,Basic,,11,0,0,Card,0,0.13,0,0.0,0.5234285714285715,0,0,,0.1371,Low,Low,Standard lifecycle communication
C107817,35,Month-to-month,Basic,29.62,13,0,0,Cash,0,0.93,0,0.0,0.9291428571428573,0,0,2.1157142857142857,0.4201,Medium,High,Feature-adoption nudge
C104488,10,Month-to-month,Premium,77.07,10,1,0,Bank transfer,1,0.52,0,0.3,0.6365714285714286,1,0,7.006363636363636,0.8172,High,Medium,Retention offer / contract upgrade
C104789,34,One year,Premium,71.53,23,4,1,Card,1,0.97,0,0.3529411764705882,1.3737142857142857,6,0,2.9804166666666667,0.2523,Medium,High,Proactive support follow-up
C104383,37,Month-to-month,Premium,77.45,10,0,0,Cash,1,0.66,0,0.0,0.6925714285714286,0,0,7.040909090909091,0.6146,High,Medium,Retention offer / contract upgrade
C101343,6,Two year,Standard,49.68,9,1,1,Bank transfer,0,0.68,0,0.5,0.6577142857142857,3,1,4.968,0.3627,Medium,Medium,Feature-adoption nudge
C106251,72,One year,Standard,42.25,14,1,0,Wallet,1,0.26,0,0.041666666666666664,0.704,1,0,2.816666666666667,0.0494,Low,Medium,Standard lifecycle communication
C107069,1,Month-to-month,Premium,72.72,10,2,0,Bank transfer,0,0.9,1,2.0,0.7885714285714286,2,1,6.61090909090909,0.8352,High,Medium,Retention offer / contract upgrade
C107460,27,Month-to-month,Premium,73.81,11,1,0,Bank transfer,0,0.56,1,0.1111111111111111,0.6954285714285715,1,0,6.150833333333334,0.7034,High,Medium,Retention offer / contract upgrade
